time_tag_seconds,record_time,full_observable,observable_int,observable_frac,receiving_station_id,transmitting_station_id,ref_freq_band_id,full_ref_freq,ref_freq_int,ref_freq_frac,data_type_id,data_validity,format_id
1812103215,2007-06-04 10:00:15,-382767.192003249,-382767,-192003249,63,0,2,2299812417.0,137079,8424936,11,0,2
1812103225,2007-06-04 10:00:25,-382755.632497786,-382755,-632497786,63,0,2,2299812417.0,137079,8424936,11,0,2
1812103235,2007-06-04 10:00:35,-382744.255388259,-382744,-255388259,63,0,2,2299812417.0,137079,8424936,11,0,2
1812103240,2007-06-04 10:00:40,-382738.6638031,-382738,-663803100,63,0,2,2299812417.0,137079,8424936,11,0,2
1812103245,2007-06-04 10:00:45,-382732.916846274,-382732,-916846274,63,0,2,2299812417.0,137079,8424936,11,0,2
1812103255,2007-06-04 10:00:55,-382721.600548743,-382721,-600548743,63,0,2,2299812417.0,137079,8424936,11,0,2
1812103265,2007-06-04 10:01:05,-382710.385535239,-382710,-385535239,63,0,2,2299812417.0,137079,8424936,11,0,2
1812103275,2007-06-04 10:01:15,-382699.167897223,-382699,-167897223,63,0,2,2299812417.0,137079,8424936,11,0,2
1812103285,2007-06-04 10:01:25,-382687.990623473,-382687,-990623473,63,0,2,2299812417.0,137079,8424936,11,0,2
1812103295,2007-06-04 10:01:35,-382676.92241001,-382676,-922410010,63,0,2,2299812417.0,137079,8424936,11,0,2
1812103300,2007-06-04 10:01:40,-382671.495413779,-382671,-495413779,63,0,2,2299812417.0,137079,8424936,11,0,2
1812103305,2007-06-04 10:01:45,-382665.921494483,-382665,-921494483,63,0,2,2299812417.0,137079,8424936,11,0,2
1812103315,2007-06-04 10:01:55,-382654.900258063,-382654,-900258063,63,0,2,2299812417.0,137079,8424936,11,0,2
1812103325,2007-06-04 10:02:05,-382644.069802283,-382644,-69802283,63,0,2,2299812417.0,137079,8424936,11,0,2
1812103335,2007-06-04 10:02:15,-382633.14335823,-382633,-143358230,63,0,2,2299812417.0,137079,8424936,11,0,2
1812103345,2007-06-04 10:02:25,-382622.266936301,-382622,-266936301,63,0,2,2299812417.0,137079,8424936,11,0,2
1812103355,2007-06-04 10:02:35,-382611.42801094,-382611,-428010940,63,0,2,2299812417.0,137079,8424936,11,0,2
1812103360,2007-06-04 10:02:40,-382606.129435538,-382606,-129435538,63,0,2,2299812417.0,137079,8424936,11,0,2
1812103365,2007-06-04 10:02:45,-382600.675416945,-382600,-675416945,63,0,2,2299812417.0,137079,8424936,11,0,2
1812103375,2007-06-04 10:02:55,-382589.982161521,-382589,-982161521,63,0,2,2299812417.0,137079,8424936,11,0,2
1812103385,2007-06-04 10:03:05,-382579.280730246,-382579,-280730246,63,0,2,2299812417.0,137079,8424936,11,0,2
1812103395,2007-06-04 10:03:15,-382568.713732718,-382568,-713732718,63,0,2,2299812417.0,137079,8424936,11,0,2
1812103405,2007-06-04 10:03:25,-382558.121145247,-382558,-121145247,63,0,2,2299812417.0,137079,8424936,11,0,2
1812103415,2007-06-04 10:03:35,-382547.604871749,-382547,-604871749,63,0,2,2299812417.0,137079,8424936,11,0,2
1812103420,2007-06-04 10:03:40,-382542.38659954,-382542,-386599540,63,0,2,2299812417.0,137079,8424936,11,0,2
1812103425,2007-06-04 10:03:45,-382537.048638343,-382537,-48638343,63,0,2,2299812417.0,137079,8424936,11,0,2
1812103435,2007-06-04 10:03:55,-382526.649223327,-382526,-649223327,63,0,2,2299812417.0,137079,8424936,11,0,2
1812103445,2007-06-04 10:04:05,-382516.181986808,-382516,-181986808,63,0,2,2299812417.0,137079,8424936,11,0,2
1812103455,2007-06-04 10:04:15,-382505.685975074,-382505,-685975074,63,0,2,2299812417.0,137079,8424936,11,0,2
1812103465,2007-06-04 10:04:25,-382495.332446097,-382495,-332446097,63,0,2,2299812417.0,137079,8424936,11,0,2
1812103475,2007-06-04 10:04:35,-382485.026935576,-382485,-26935576,63,0,2,2299812417.0,137079,8424936,11,0,2
1812103480,2007-06-04 10:04:40,-382479.869867324,-382479,-869867324,63,0,2,2299812417.0,137079,8424936,11,0,2
1812103485,2007-06-04 10:04:45,-382474.688505172,-382474,-688505172,63,0,2,2299812417.0,137079,8424936,11,0,2
1812103495,2007-06-04 10:04:55,-382464.383872985,-382464,-383872985,63,0,2,2299812417.0,137079,8424936,11,0,2
1812103505,2007-06-04 10:05:05,-382454.101468085,-382454,-101468085,63,0,2,2299812417.0,137079,8424936,11,0,2
1812103515,2007-06-04 10:05:15,-382443.90591812,-382443,-905918120,63,0,2,2299812417.0,137079,8424936,11,0,2
1812103525,2007-06-04 10:05:25,-382433.673580169,-382433,-673580169,63,0,2,2299812417.0,137079,8424936,11,0,2
1812103535,2007-06-04 10:05:35,-382423.556015967,-382423,-556015967,63,0,2,2299812417.0,137079,8424936,11,0,2
1812103540,2007-06-04 10:05:40,-382418.477725982,-382418,-477725982,63,0,2,2299812417.0,137079,8424936,11,0,2
1812103545,2007-06-04 10:05:45,-382413.361440658,-382413,-361440658,63,0,2,2299812417.0,137079,8424936,11,0,2
1812103555,2007-06-04 10:05:55,-382403.225201606,-382403,-225201606,63,0,2,2299812417.0,137079,8424936,11,0,2
1812103565,2007-06-04 10:06:05,-382393.144200324,-382393,-144200324,63,0,2,2299812417.0,137079,8424936,11,0,2
1812103575,2007-06-04 10:06:15,-382383.087448119,-382383,-87448119,63,0,2,2299812417.0,137079,8424936,11,0,2
1812103585,2007-06-04 10:06:25,-382373.092608451,-382373,-92608451,63,0,2,2299812417.0,137079,8424936,11,0,2
1812103595,2007-06-04 10:06:35,-382363.07729721,-382363,-77297210,63,0,2,2299812417.0,137079,8424936,11,0,2
1812103600,2007-06-04 10:06:40,-382358.088311194,-382358,-88311194,63,0,2,2299812417.0,137079,8424936,11,0,2
1812103605,2007-06-04 10:06:45,-382353.068417548,-382353,-68417548,63,0,2,2299812417.0,137079,8424936,11,0,2
1812103615,2007-06-04 10:06:55,-382343.100736617,-382343,-100736617,63,0,2,2299812417.0,137079,8424936,11,0,2
1812103625,2007-06-04 10:07:05,-382333.103357314,-382333,-103357314,63,0,2,2299812417.0,137079,8424936,11,0,2
1812103635,2007-06-04 10:07:15,-382323.102549552,-382323,-102549552,63,0,2,2299812417.0,137079,8424936,11,0,2
1812103645,2007-06-04 10:07:25,-382313.215943335,-382313,-215943335,63,0,2,2299812417.0,137079,8424936,11,0,2
1812103655,2007-06-04 10:07:35,-382303.294034003,-382303,-294034003,63,0,2,2299812417.0,137079,8424936,11,0,2
1812103660,2007-06-04 10:07:40,-382298.382504462,-382298,-382504462,63,0,2,2299812417.0,137079,8424936,11,0,2
1812103665,2007-06-04 10:07:45,-382293.417259215,-382293,-417259215,63,0,2,2299812417.0,137079,8424936,11,0,2
1812103675,2007-06-04 10:07:55,-382283.560593604,-382283,-560593604,63,0,2,2299812417.0,137079,8424936,11,0,2
1812103685,2007-06-04 10:08:05,-382273.704645156,-382273,-704645156,63,0,2,2299812417.0,137079,8424936,11,0,2
1812103695,2007-06-04 10:08:15,-382263.871949195,-382263,-871949195,63,0,2,2299812417.0,137079,8424936,11,0,2
1812103705,2007-06-04 10:08:25,-382254.159438132,-382254,-159438132,63,0,2,2299812417.0,137079,8424936,11,0,2
1812103715,2007-06-04 10:08:35,-382244.331527709,-382244,-331527709,63,0,2,2299812417.0,137079,8424936,11,0,2
1812103720,2007-06-04 10:08:40,-382239.446205138,-382239,-446205138,63,0,2,2299812417.0,137079,8424936,11,0,2
1812103725,2007-06-04 10:08:45,-382234.448107718,-382234,-448107718,63,0,2,2299812417.0,137079,8424936,11,0,2
1812103735,2007-06-04 10:08:55,-382224.778350829,-382224,-778350829,63,0,2,2299812417.0,137079,8424936,11,0,2
1812103745,2007-06-04 10:09:05,-382215.087857245,-382215,-87857245,63,0,2,2299812417.0,137079,8424936,11,0,2
1812103755,2007-06-04 10:09:15,-382205.335301398,-382205,-335301398,63,0,2,2299812417.0,137079,8424936,11,0,2
1812103765,2007-06-04 10:09:25,-382195.617673873,-382195,-617673873,63,0,2,2299812417.0,137079,8424936,11,0,2
1812103775,2007-06-04 10:09:35,-382185.93454647,-382185,-934546470,63,0,2,2299812417.0,137079,8424936,11,0,2
1812103780,2007-06-04 10:09:40,-382181.100452422,-382181,-100452422,63,0,2,2299812417.0,137079,8424936,11,0,2
1812103785,2007-06-04 10:09:45,-382176.237255095,-382176,-237255095,63,0,2,2299812417.0,137079,8424936,11,0,2
1812103795,2007-06-04 10:09:55,-382166.549088477,-382166,-549088477,63,0,2,2299812417.0,137079,8424936,11,0,2
1812103805,2007-06-04 10:10:05,-382156.928850173,-382156,-928850173,63,0,2,2299812417.0,137079,8424936,11,0,2
1812103815,2007-06-04 10:10:15,-382147.286413192,-382147,-286413192,63,0,2,2299812417.0,137079,8424936,11,0,2
1812103825,2007-06-04 10:10:25,-382137.748778342,-382137,-748778342,63,0,2,2299812417.0,137079,8424936,11,0,2
1812103835,2007-06-04 10:10:35,-382128.181961059,-382128,-181961059,63,0,2,2299812417.0,137079,8424936,11,0,2
1812103840,2007-06-04 10:10:40,-382123.362613677,-382123,-362613677,63,0,2,2299812417.0,137079,8424936,11,0,2
1812103845,2007-06-04 10:10:45,-382118.51685047,-382118,-516850470,63,0,2,2299812417.0,137079,8424936,11,0,2
1812103855,2007-06-04 10:10:55,-382109.012869834,-382109,-12869834,63,0,2,2299812417.0,137079,8424936,11,0,2
1812103865,2007-06-04 10:11:05,-382099.428811072,-382099,-428811072,63,0,2,2299812417.0,137079,8424936,11,0,2
1812103875,2007-06-04 10:11:15,-382089.902318,-382089,-902318000,63,0,2,2299812417.0,137079,8424936,11,0,2
1812103885,2007-06-04 10:11:25,-382080.430922507,-382080,-430922507,63,0,2,2299812417.0,137079,8424936,11,0,2
1812103895,2007-06-04 10:11:35,-382070.84960842,-382070,-849608420,63,0,2,2299812417.0,137079,8424936,11,0,2
1812103900,2007-06-04 10:11:40,-382066.124804496,-382066,-124804496,63,0,2,2299812417.0,137079,8424936,11,0,2
1812103905,2007-06-04 10:11:45,-382061.365608214,-382061,-365608214,63,0,2,2299812417.0,137079,8424936,11,0,2
1812103915,2007-06-04 10:11:55,-382051.83959484,-382051,-839594840,63,0,2,2299812417.0,137079,8424936,11,0,2
1812103925,2007-06-04 10:12:05,-382042.3607769,-382042,-360776900,63,0,2,2299812417.0,137079,8424936,11,0,2
1812103935,2007-06-04 10:12:15,-382032.893689155,-382032,-893689155,63,0,2,2299812417.0,137079,8424936,11,0,2
1812103945,2007-06-04 10:12:25,-382023.467024802,-382023,-467024802,63,0,2,2299812417.0,137079,8424936,11,0,2
1812103955,2007-06-04 10:12:35,-382013.964327811,-382013,-964327811,63,0,2,2299812417.0,137079,8424936,11,0,2
1812103960,2007-06-04 10:12:40,-382009.30708599,-382009,-307085990,63,0,2,2299812417.0,137079,8424936,11,0,2
1812103965,2007-06-04 10:12:45,-382004.57621765,-382004,-576217650,63,0,2,2299812417.0,137079,8424936,11,0,2
1812103975,2007-06-04 10:12:55,-381995.167135238,-381995,-167135238,63,0,2,2299812417.0,137079,8424936,11,0,2
1812103985,2007-06-04 10:13:05,-381985.774121283,-381985,-774121283,63,0,2,2299812417.0,137079,8424936,11,0,2
1812103995,2007-06-04 10:13:15,-381976.395054816,-381976,-395054816,63,0,2,2299812417.0,137079,8424936,11,0,2
1812104005,2007-06-04 10:13:25,-381967.006035804,-381967,-6035804,63,0,2,2299812417.0,137079,8424936,11,0,2
1812104015,2007-06-04 10:13:35,-381957.642182349,-381957,-642182349,63,0,2,2299812417.0,137079,8424936,11,0,2
1812104020,2007-06-04 10:13:40,-381952.9742527,-381952,-974252700,63,0,2,2299812417.0,137079,8424936,11,0,2
1812104025,2007-06-04 10:13:45,-381948.287463187,-381948,-287463187,63,0,2,2299812417.0,137079,8424936,11,0,2
1812104035,2007-06-04 10:13:55,-381938.902650832,-381938,-902650832,63,0,2,2299812417.0,137079,8424936,11,0,2
1812104045,2007-06-04 10:14:05,-381929.612130164,-381929,-612130164,63,0,2,2299812417.0,137079,8424936,11,0,2
1812104055,2007-06-04 10:14:15,-381920.280564307,-381920,-280564307,63,0,2,2299812417.0,137079,8424936,11,0,2
1812104065,2007-06-04 10:14:25,-381911.053046226,-381911,-53046226,63,0,2,2299812417.0,137079,8424936,11,0,2
1812104075,2007-06-04 10:14:35,-381901.796477317,-381901,-796477317,63,0,2,2299812417.0,137079,8424936,11,0,2
1812104080,2007-06-04 10:14:40,-381897.156325339,-381897,-156325339,63,0,2,2299812417.0,137079,8424936,11,0,2
1812104085,2007-06-04 10:14:45,-381892.540550231,-381892,-540550231,63,0,2,2299812417.0,137079,8424936,11,0,2
1812104095,2007-06-04 10:14:55,-381883.241708754,-381883,-241708754,63,0,2,2299812417.0,137079,8424936,11,0,2
1812104105,2007-06-04 10:15:05,-381874.025603293,-381874,-25603293,63,0,2,2299812417.0,137079,8424936,11,0,2
1812104115,2007-06-04 10:15:15,-381864.757722854,-381864,-757722854,63,0,2,2299812417.0,137079,8424936,11,0,2
1812104125,2007-06-04 10:15:25,-381855.538410186,-381855,-538410186,63,0,2,2299812417.0,137079,8424936,11,0,2
1812104135,2007-06-04 10:15:35,-381846.313186645,-381846,-313186645,63,0,2,2299812417.0,137079,8424936,11,0,2
1812104140,2007-06-04 10:15:40,-381841.667900084,-381841,-667900084,63,0,2,2299812417.0,137079,8424936,11,0,2
1812104145,2007-06-04 10:15:45,-381836.972451209,-381836,-972451209,63,0,2,2299812417.0,137079,8424936,11,0,2
1812104155,2007-06-04 10:15:55,-381827.792084693,-381827,-792084693,63,0,2,2299812417.0,137079,8424936,11,0,2
1812104165,2007-06-04 10:16:05,-381818.633544921,-381818,-633544921,63,0,2,2299812417.0,137079,8424936,11,0,2
1812104175,2007-06-04 10:16:15,-381809.492931365,-381809,-492931365,63,0,2,2299812417.0,137079,8424936,11,0,2
1812104185,2007-06-04 10:16:25,-381800.223123549,-381800,-223123549,63,0,2,2299812417.0,137079,8424936,11,0,2
1812104195,2007-06-04 10:16:35,-381791.082012176,-381791,-82012176,63,0,2,2299812417.0,137079,8424936,11,0,2
1812104200,2007-06-04 10:16:40,-381786.570721625,-381786,-570721625,63,0,2,2299812417.0,137079,8424936,11,0,2
1812104205,2007-06-04 10:16:45,-381781.94875431,-381781,-948754310,63,0,2,2299812417.0,137079,8424936,11,0,2
1812104215,2007-06-04 10:16:55,-381772.895350455,-381772,-895350455,63,0,2,2299812417.0,137079,8424936,11,0,2
1812104225,2007-06-04 10:17:05,-381763.782159804,-381763,-782159804,63,0,2,2299812417.0,137079,8424936,11,0,2
1812104235,2007-06-04 10:17:15,-381754.680693625,-381754,-680693625,63,0,2,2299812417.0,137079,8424936,11,0,2
1812104245,2007-06-04 10:17:25,-381745.557907103,-381745,-557907103,63,0,2,2299812417.0,137079,8424936,11,0,2
1812104255,2007-06-04 10:17:35,-381736.47469139,-381736,-474691390,63,0,2,2299812417.0,137079,8424936,11,0,2
1812104260,2007-06-04 10:17:40,-381731.928495406,-381731,-928495406,63,0,2,2299812417.0,137079,8424936,11,0,2
1812104265,2007-06-04 10:17:45,-381727.369327544,-381727,-369327544,63,0,2,2299812417.0,137079,8424936,11,0,2
1812104275,2007-06-04 10:17:55,-381718.297252654,-381718,-297252654,63,0,2,2299812417.0,137079,8424936,11,0,2
1812104285,2007-06-04 10:18:05,-381709.191102027,-381709,-191102027,63,0,2,2299812417.0,137079,8424936,11,0,2
1812104295,2007-06-04 10:18:15,-381700.087441443,-381700,-87441443,63,0,2,2299812417.0,137079,8424936,11,0,2
1812104305,2007-06-04 10:18:25,-381690.998938559,-381690,-998938559,63,0,2,2299812417.0,137079,8424936,11,0,2
1812104315,2007-06-04 10:18:35,-381681.996405601,-381681,-996405601,63,0,2,2299812417.0,137079,8424936,11,0,2
1812104320,2007-06-04 10:18:40,-381677.492339133,-381677,-492339133,63,0,2,2299812417.0,137079,8424936,11,0,2
1812104325,2007-06-04 10:18:45,-381672.989885329,-381672,-989885329,63,0,2,2299812417.0,137079,8424936,11,0,2
1812104335,2007-06-04 10:18:55,-381663.946236609,-381663,-946236609,63,0,2,2299812417.0,137079,8424936,11,0,2
1812104345,2007-06-04 10:19:05,-381654.935127257,-381654,-935127257,63,0,2,2299812417.0,137079,8424936,11,0,2
1812187082,2007-06-05 09:18:02,-368727.234939574,-368727,-234939574,63,0,2,2299812417.0,137079,8424936,11,0,2
1812187092,2007-06-05 09:18:12,-368721.078559874,-368721,-78559874,63,0,2,2299812417.0,137079,8424936,11,0,2
1812187102,2007-06-05 09:18:22,-368709.542272567,-368709,-542272567,63,0,2,2299812417.0,137079,8424936,11,0,2
1812187104,2007-06-05 09:18:24,-351107.31038761,-351107,-310387610,43,0,2,2299812417.0,137079,8424936,11,0,2
1812187107,2007-06-05 09:18:27,-368703.893342017,-368703,-893342017,63,0,2,2299812417.0,137079,8424936,11,0,2
1812187112,2007-06-05 09:18:32,-368698.66925907,-368698,-669259070,63,0,2,2299812417.0,137079,8424936,11,0,2
1812187114,2007-06-05 09:18:34,-351092.567049025,-351092,-567049025,43,0,2,2299812417.0,137079,8424936,11,0,2
1812187122,2007-06-05 09:18:42,-368688.301378249,-368688,-301378249,63,0,2,2299812417.0,137079,8424936,11,0,2
1812187124,2007-06-05 09:18:44,-351078.314689635,-351078,-314689635,43,0,2,2299812417.0,137079,8424936,11,0,2
1812187129,2007-06-05 09:18:49,-351072.195604323,-351072,-195604323,43,0,2,2299812417.0,137079,8424936,11,0,2
1812187132,2007-06-05 09:18:52,-368678.533644675,-368678,-533644675,63,0,2,2299812417.0,137079,8424936,11,0,2
1812187134,2007-06-05 09:18:54,-351064.699785232,-351064,-699785232,43,0,2,2299812417.0,137079,8424936,11,0,2
1812187142,2007-06-05 09:19:02,-368669.207720756,-368669,-207720756,63,0,2,2299812417.0,137079,8424936,11,0,2
1812187144,2007-06-05 09:19:04,-351051.517113685,-351051,-517113685,43,0,2,2299812417.0,137079,8424936,11,0,2
1812187152,2007-06-05 09:19:12,-368660.316239356,-368660,-316239356,63,0,2,2299812417.0,137079,8424936,11,0,2
1812187154,2007-06-05 09:19:14,-351038.764601706,-351038,-764601706,43,0,2,2299812417.0,137079,8424936,11,0,2
1812187162,2007-06-05 09:19:22,-368651.774536132,-368651,-774536132,63,0,2,2299812417.0,137079,8424936,11,0,2
1812187164,2007-06-05 09:19:24,-351026.346707343,-351026,-346707343,43,0,2,2299812417.0,137079,8424936,11,0,2
1812187167,2007-06-05 09:19:27,-368648.136458396,-368648,-136458396,63,0,2,2299812417.0,137079,8424936,11,0,2
1812187172,2007-06-05 09:19:32,-368643.618330955,-368643,-618330955,63,0,2,2299812417.0,137079,8424936,11,0,2
1812187174,2007-06-05 09:19:34,-351014.327025413,-351014,-327025413,43,0,2,2299812417.0,137079,8424936,11,0,2
1812187182,2007-06-05 09:19:42,-368635.746697425,-368635,-746697425,63,0,2,2299812417.0,137079,8424936,11,0,2
1812187184,2007-06-05 09:19:44,-351002.613287925,-351002,-613287925,43,0,2,2299812417.0,137079,8424936,11,0,2
1812187189,2007-06-05 09:19:49,-350997.313116073,-350997,-313116073,43,0,2,2299812417.0,137079,8424936,11,0,2
1812187192,2007-06-05 09:19:52,-368628.155226706,-368628,-155226706,63,0,2,2299812417.0,137079,8424936,11,0,2
1812187194,2007-06-05 09:19:54,-350991.183968543,-350991,-183968543,43,0,2,2299812417.0,137079,8424936,11,0,2
1812187202,2007-06-05 09:20:02,-368620.92896366,-368620,-928963660,63,0,2,2299812417.0,137079,8424936,11,0,2
1812187204,2007-06-05 09:20:04,-350980.124667167,-350980,-124667167,43,0,2,2299812417.0,137079,8424936,11,0,2
1812187212,2007-06-05 09:20:12,-368613.94397354,-368613,-943973540,63,0,2,2299812417.0,137079,8424936,11,0,2
1812187214,2007-06-05 09:20:14,-350969.283040999,-350969,-283040999,43,0,2,2299812417.0,137079,8424936,11,0,2
1812187222,2007-06-05 09:20:22,-368607.124666213,-368607,-124666213,63,0,2,2299812417.0,137079,8424936,11,0,2
1812279192,2007-06-06 10:53:12,-192358.103682517,-192358,-103682517,63,0,2,2299812417.0,137079,8424936,11,0,2
1812279202,2007-06-06 10:53:22,-192355.412961005,-192355,-412961005,63,0,2,2299812417.0,137079,8424936,11,0,2
1812279212,2007-06-06 10:53:32,-192352.769653319,-192352,-769653319,63,0,2,2299812417.0,137079,8424936,11,0,2
1812279217,2007-06-06 10:53:37,-192351.404480933,-192351,-404480933,63,0,2,2299812417.0,137079,8424936,11,0,2
1812279222,2007-06-06 10:53:42,-192350.081367492,-192350,-81367492,63,0,2,2299812417.0,137079,8424936,11,0,2
1812279232,2007-06-06 10:53:52,-192347.395187377,-192347,-395187377,63,0,2,2299812417.0,137079,8424936,11,0,2
1812279242,2007-06-06 10:54:02,-192344.664032935,-192344,-664032935,63,0,2,2299812417.0,137079,8424936,11,0,2
1812279252,2007-06-06 10:54:12,-192341.955984115,-192341,-955984115,63,0,2,2299812417.0,137079,8424936,11,0,2
1812279262,2007-06-06 10:54:22,-192339.190701484,-192339,-190701484,63,0,2,2299812417.0,137079,8424936,11,0,2
1812279272,2007-06-06 10:54:32,-192336.499835013,-192336,-499835013,63,0,2,2299812417.0,137079,8424936,11,0,2
1812279277,2007-06-06 10:54:37,-192335.183154105,-192335,-183154105,63,0,2,2299812417.0,137079,8424936,11,0,2
1812279282,2007-06-06 10:54:42,-192333.788138389,-192333,-788138389,63,0,2,2299812417.0,137079,8424936,11,0,2
1812279292,2007-06-06 10:54:52,-192331.142689704,-192331,-142689704,63,0,2,2299812417.0,137079,8424936,11,0,2
1812279302,2007-06-06 10:55:02,-192328.521572112,-192328,-521572112,63,0,2,2299812417.0,137079,8424936,11,0,2
1812279312,2007-06-06 10:55:12,-192325.762398719,-192325,-762398719,63,0,2,2299812417.0,137079,8424936,11,0,2
1812279322,2007-06-06 10:55:22,-192323.019155501,-192323,-19155501,63,0,2,2299812417.0,137079,8424936,11,0,2
1812279332,2007-06-06 10:55:32,-192320.267143249,-192320,-267143249,63,0,2,2299812417.0,137079,8424936,11,0,2
1812279337,2007-06-06 10:55:37,-192318.891812324,-192318,-891812324,63,0,2,2299812417.0,137079,8424936,11,0,2
1812279342,2007-06-06 10:55:42,-192317.515165328,-192317,-515165328,63,0,2,2299812417.0,137079,8424936,11,0,2
1812279352,2007-06-06 10:55:52,-192314.779301642,-192314,-779301642,63,0,2,2299812417.0,137079,8424936,11,0,2
1812279362,2007-06-06 10:56:02,-192312.007708548,-192312,-7708548,63,0,2,2299812417.0,137079,8424936,11,0,2
1812279372,2007-06-06 10:56:12,-192309.309716224,-192309,-309716224,63,0,2,2299812417.0,137079,8424936,11,0,2
1812279382,2007-06-06 10:56:22,-192306.555438994,-192306,-555438994,63,0,2,2299812417.0,137079,8424936,11,0,2
1812279392,2007-06-06 10:56:32,-192303.799459456,-192303,-799459456,63,0,2,2299812417.0,137079,8424936,11,0,2
1812279397,2007-06-06 10:56:37,-192302.430737494,-192302,-430737494,63,0,2,2299812417.0,137079,8424936,11,0,2
1812279402,2007-06-06 10:56:42,-192301.113865851,-192301,-113865851,63,0,2,2299812417.0,137079,8424936,11,0,2
1812279412,2007-06-06 10:56:52,-192298.32198429,-192298,-321984290,63,0,2,2299812417.0,137079,8424936,11,0,2
1812279422,2007-06-06 10:57:02,-192295.483963012,-192295,-483963012,63,0,2,2299812417.0,137079,8424936,11,0,2
1812279432,2007-06-06 10:57:12,-192292.765038489,-192292,-765038489,63,0,2,2299812417.0,137079,8424936,11,0,2
1812279442,2007-06-06 10:57:22,-192289.990561484,-192289,-990561484,63,0,2,2299812417.0,137079,8424936,11,0,2
1812279452,2007-06-06 10:57:32,-192287.206758498,-192287,-206758498,63,0,2,2299812417.0,137079,8424936,11,0,2
1812279457,2007-06-06 10:57:37,-192285.793512343,-192285,-793512343,63,0,2,2299812417.0,137079,8424936,11,0,2
1812279462,2007-06-06 10:57:42,-192284.397475242,-192284,-397475242,63,0,2,2299812417.0,137079,8424936,11,0,2
1812279472,2007-06-06 10:57:52,-192281.600736617,-192281,-600736617,63,0,2,2299812417.0,137079,8424936,11,0,2
1812279482,2007-06-06 10:58:02,-192278.800501822,-192278,-800501822,63,0,2,2299812417.0,137079,8424936,11,0,2
1812279492,2007-06-06 10:58:12,-192276.015848159,-192276,-15848159,63,0,2,2299812417.0,137079,8424936,11,0,2
1812279502,2007-06-06 10:58:22,-192273.163301467,-192273,-163301467,63,0,2,2299812417.0,137079,8424936,11,0,2
1812279512,2007-06-06 10:58:32,-192270.400307654,-192270,-400307654,63,0,2,2299812417.0,137079,8424936,11,0,2
1812279517,2007-06-06 10:58:37,-192268.985459327,-192268,-985459327,63,0,2,2299812417.0,137079,8424936,11,0,2
1812279522,2007-06-06 10:58:42,-192267.636101722,-192267,-636101722,63,0,2,2299812417.0,137079,8424936,11,0,2
1812279532,2007-06-06 10:58:52,-192264.721572875,-192264,-721572875,63,0,2,2299812417.0,137079,8424936,11,0,2
1812279542,2007-06-06 10:59:02,-192261.97562313,-192261,-975623130,63,0,2,2299812417.0,137079,8424936,11,0,2
1812279552,2007-06-06 10:59:12,-192259.132644652,-192259,-132644652,63,0,2,2299812417.0,137079,8424936,11,0,2
1812279562,2007-06-06 10:59:22,-192256.310612678,-192256,-310612678,63,0,2,2299812417.0,137079,8424936,11,0,2
1812279572,2007-06-06 10:59:32,-192253.477885245,-192253,-477885245,63,0,2,2299812417.0,137079,8424936,11,0,2
1812279577,2007-06-06 10:59:37,-192252.062062262,-192252,-62062262,63,0,2,2299812417.0,137079,8424936,11,0,2
1812279582,2007-06-06 10:59:42,-192250.667966842,-192250,-667966842,63,0,2,2299812417.0,137079,8424936,11,0,2
1812279592,2007-06-06 10:59:52,-192247.803468703,-192247,-803468703,63,0,2,2299812417.0,137079,8424936,11,0,2
1812279602,2007-06-06 11:00:02,-192244.979794501,-192244,-979794501,63,0,2,2299812417.0,137079,8424936,11,0,2
1812279612,2007-06-06 11:00:12,-192242.186356543,-192242,-186356543,63,0,2,2299812417.0,137079,8424936,11,0,2
1812279622,2007-06-06 11:00:22,-192239.398254394,-192239,-398254394,63,0,2,2299812417.0,137079,8424936,11,0,2
1812279632,2007-06-06 11:00:32,-192236.510617255,-192236,-510617255,63,0,2,2299812417.0,137079,8424936,11,0,2
1812279637,2007-06-06 11:00:37,-192235.094442367,-192235,-94442367,63,0,2,2299812417.0,137079,8424936,11,0,2
1812279642,2007-06-06 11:00:42,-192233.642546653,-192233,-642546653,63,0,2,2299812417.0,137079,8424936,11,0,2
1812279652,2007-06-06 11:00:52,-192230.864818572,-192230,-864818572,63,0,2,2299812417.0,137079,8424936,11,0,2
1812279662,2007-06-06 11:01:02,-192227.96406269,-192227,-964062690,63,0,2,2299812417.0,137079,8424936,11,0,2
1812279672,2007-06-06 11:01:12,-192225.069474219,-192225,-69474219,63,0,2,2299812417.0,137079,8424936,11,0,2
1812279682,2007-06-06 11:01:22,-192222.185103415,-192222,-185103415,63,0,2,2299812417.0,137079,8424936,11,0,2
1812279692,2007-06-06 11:01:32,-192219.272693633,-192219,-272693633,63,0,2,2299812417.0,137079,8424936,11,0,2
1812279697,2007-06-06 11:01:37,-192217.859560012,-192217,-859560012,63,0,2,2299812417.0,137079,8424936,11,0,2
1812279702,2007-06-06 11:01:42,-192216.408776282,-192216,-408776282,63,0,2,2299812417.0,137079,8424936,11,0,2
1812279712,2007-06-06 11:01:52,-192213.538043975,-192213,-538043975,63,0,2,2299812417.0,137079,8424936,11,0,2
1812279722,2007-06-06 11:02:02,-192210.683270453,-192210,-683270453,63,0,2,2299812417.0,137079,8424936,11,0,2
1812279732,2007-06-06 11:02:12,-192207.71505165,-192207,-715051650,63,0,2,2299812417.0,137079,8424936,11,0,2
1812279742,2007-06-06 11:02:22,-192204.874570846,-192204,-874570846,63,0,2,2299812417.0,137079,8424936,11,0,2
1812279752,2007-06-06 11:02:32,-192201.945777892,-192201,-945777892,63,0,2,2299812417.0,137079,8424936,11,0,2
1812279757,2007-06-06 11:02:37,-192200.490304946,-192200,-490304946,63,0,2,2299812417.0,137079,8424936,11,0,2
1812279762,2007-06-06 11:02:42,-192199.060980796,-192199,-60980796,63,0,2,2299812417.0,137079,8424936,11,0,2
1812279772,2007-06-06 11:02:52,-192196.140392302,-192196,-140392302,63,0,2,2299812417.0,137079,8424936,11,0,2
1812279782,2007-06-06 11:03:02,-192193.205054282,-192193,-205054282,63,0,2,2299812417.0,137079,8424936,11,0,2
1812279792,2007-06-06 11:03:12,-192190.317396163,-192190,-317396163,63,0,2,2299812417.0,137079,8424936,11,0,2
1812279802,2007-06-06 11:03:22,-192187.471169471,-192187,-471169471,63,0,2,2299812417.0,137079,8424936,11,0,2
1812279812,2007-06-06 11:03:32,-192184.508325576,-192184,-508325576,63,0,2,2299812417.0,137079,8424936,11,0,2
1812279817,2007-06-06 11:03:37,-192183.009793281,-192183,-9793281,63,0,2,2299812417.0,137079,8424936,11,0,2
1812279822,2007-06-06 11:03:42,-192181.575222014,-192181,-575222014,63,0,2,2299812417.0,137079,8424936,11,0,2
1812279832,2007-06-06 11:03:52,-192178.585164069,-192178,-585164069,63,0,2,2299812417.0,137079,8424936,11,0,2
1812279842,2007-06-06 11:04:02,-192175.601479529,-192175,-601479529,63,0,2,2299812417.0,137079,8424936,11,0,2
1812279852,2007-06-06 11:04:12,-192172.623537063,-192172,-623537063,63,0,2,2299812417.0,137079,8424936,11,0,2
1812279862,2007-06-06 11:04:22,-192169.687142371,-192169,-687142371,63,0,2,2299812417.0,137079,8424936,11,0,2
1812279872,2007-06-06 11:04:32,-192166.745836257,-192166,-745836257,63,0,2,2299812417.0,137079,8424936,11,0,2
1812279877,2007-06-06 11:04:37,-192165.229388236,-192165,-229388236,63,0,2,2299812417.0,137079,8424936,11,0,2
1812279882,2007-06-06 11:04:42,-192163.781942367,-192163,-781942367,63,0,2,2299812417.0,137079,8424936,11,0,2
1812279892,2007-06-06 11:04:52,-192160.77829647,-192160,-778296470,63,0,2,2299812417.0,137079,8424936,11,0,2
1812279902,2007-06-06 11:05:02,-192157.759575843,-192157,-759575843,63,0,2,2299812417.0,137079,8424936,11,0,2
1812279912,2007-06-06 11:05:12,-192154.792157172,-192154,-792157172,63,0,2,2299812417.0,137079,8424936,11,0,2
1812279922,2007-06-06 11:05:22,-192151.896065711,-192151,-896065711,63,0,2,2299812417.0,137079,8424936,11,0,2
1812279932,2007-06-06 11:05:32,-192148.832412719,-192148,-832412719,63,0,2,2299812417.0,137079,8424936,11,0,2
1812279937,2007-06-06 11:05:37,-192147.357370376,-192147,-357370376,63,0,2,2299812417.0,137079,8424936,11,0,2
1812279942,2007-06-06 11:05:42,-192145.834012984,-192145,-834012984,63,0,2,2299812417.0,137079,8424936,11,0,2
1812279952,2007-06-06 11:05:52,-192142.904529571,-192142,-904529571,63,0,2,2299812417.0,137079,8424936,11,0,2
1812279962,2007-06-06 11:06:02,-192139.885043143,-192139,-885043143,63,0,2,2299812417.0,137079,8424936,11,0,2
1812279972,2007-06-06 11:06:12,-192136.9557209,-192136,-955720900,63,0,2,2299812417.0,137079,8424936,11,0,2
1812279982,2007-06-06 11:06:22,-192133.9413805,-192133,-941380500,63,0,2,2299812417.0,137079,8424936,11,0,2
1812279992,2007-06-06 11:06:32,-192130.872360228,-192130,-872360228,63,0,2,2299812417.0,137079,8424936,11,0,2
1812279997,2007-06-06 11:06:37,-192129.424166678,-192129,-424166678,63,0,2,2299812417.0,137079,8424936,11,0,2
1812280002,2007-06-06 11:06:42,-192127.92292118,-192127,-922921180,63,0,2,2299812417.0,137079,8424936,11,0,2
1812280012,2007-06-06 11:06:52,-192124.932100295,-192124,-932100295,63,0,2,2299812417.0,137079,8424936,11,0,2
1812280022,2007-06-06 11:07:02,-192121.920516013,-192121,-920516013,63,0,2,2299812417.0,137079,8424936,11,0,2
1812280032,2007-06-06 11:07:12,-192118.821059226,-192118,-821059226,63,0,2,2299812417.0,137079,8424936,11,0,2
1812280042,2007-06-06 11:07:22,-192115.76409912,-192115,-764099120,63,0,2,2299812417.0,137079,8424936,11,0,2
1812280052,2007-06-06 11:07:32,-192112.702589034,-192112,-702589034,63,0,2,2299812417.0,137079,8424936,11,0,2
1812280057,2007-06-06 11:07:37,-192111.18059349,-192111,-180593490,63,0,2,2299812417.0,137079,8424936,11,0,2
1812280062,2007-06-06 11:07:42,-192109.646386146,-192109,-646386146,63,0,2,2299812417.0,137079,8424936,11,0,2
1812280072,2007-06-06 11:07:52,-192106.606016158,-192106,-606016158,63,0,2,2299812417.0,137079,8424936,11,0,2
1812280082,2007-06-06 11:08:02,-192103.543409347,-192103,-543409347,63,0,2,2299812417.0,137079,8424936,11,0,2
1812280092,2007-06-06 11:08:12,-192100.428751944,-192100,-428751944,63,0,2,2299812417.0,137079,8424936,11,0,2
1812280102,2007-06-06 11:08:22,-192097.318575858,-192097,-318575858,63,0,2,2299812417.0,137079,8424936,11,0,2
1812280112,2007-06-06 11:08:32,-192094.25188732,-192094,-251887320,63,0,2,2299812417.0,137079,8424936,11,0,2
1812280117,2007-06-06 11:08:37,-192092.743569373,-192092,-743569373,63,0,2,2299812417.0,137079,8424936,11,0,2
1812280122,2007-06-06 11:08:42,-192091.233480452,-192091,-233480452,63,0,2,2299812417.0,137079,8424936,11,0,2
1812280132,2007-06-06 11:08:52,-192088.152807235,-192088,-152807235,63,0,2,2299812417.0,137079,8424936,11,0,2
1812280142,2007-06-06 11:09:02,-192085.075912475,-192085,-75912475,63,0,2,2299812417.0,137079,8424936,11,0,2
1812280152,2007-06-06 11:09:12,-192082.010253905,-192082,-10253905,63,0,2,2299812417.0,137079,8424936,11,0,2
1812280162,2007-06-06 11:09:22,-192078.901520728,-192078,-901520728,63,0,2,2299812417.0,137079,8424936,11,0,2
1812280172,2007-06-06 11:09:32,-192075.775932311,-192075,-775932311,63,0,2,2299812417.0,137079,8424936,11,0,2
1812280177,2007-06-06 11:09:37,-192074.221791266,-192074,-221791266,63,0,2,2299812417.0,137079,8424936,11,0,2
1812280182,2007-06-06 11:09:42,-192072.660869597,-192072,-660869597,63,0,2,2299812417.0,137079,8424936,11,0,2
1812280192,2007-06-06 11:09:52,-192069.525196074,-192069,-525196074,63,0,2,2299812417.0,137079,8424936,11,0,2
1812280202,2007-06-06 11:10:02,-192066.456974982,-192066,-456974982,63,0,2,2299812417.0,137079,8424936,11,0,2
1812280212,2007-06-06 11:10:12,-192063.353204726,-192063,-353204726,63,0,2,2299812417.0,137079,8424936,11,0,2
1812280222,2007-06-06 11:10:22,-192060.270678519,-192060,-270678519,63,0,2,2299812417.0,137079,8424936,11,0,2
1812280232,2007-06-06 11:10:32,-192057.139122008,-192057,-139122008,63,0,2,2299812417.0,137079,8424936,11,0,2
1812280237,2007-06-06 11:10:37,-192055.546575545,-192055,-546575545,63,0,2,2299812417.0,137079,8424936,11,0,2
1812280242,2007-06-06 11:10:42,-192053.965660094,-192053,-965660094,63,0,2,2299812417.0,137079,8424936,11,0,2
1812280252,2007-06-06 11:10:52,-192050.845641135,-192050,-845641135,63,0,2,2299812417.0,137079,8424936,11,0,2
1812280262,2007-06-06 11:11:02,-192047.705145835,-192047,-705145835,63,0,2,2299812417.0,137079,8424936,11,0,2
1812280272,2007-06-06 11:11:12,-192044.57814598,-192044,-578145980,63,0,2,2299812417.0,137079,8424936,11,0,2
1812280282,2007-06-06 11:11:22,-192041.456657409,-192041,-456657409,63,0,2,2299812417.0,137079,8424936,11,0,2
1812280292,2007-06-06 11:11:32,-192038.314107894,-192038,-314107894,63,0,2,2299812417.0,137079,8424936,11,0,2
1812280297,2007-06-06 11:11:37,-192036.702792167,-192036,-702792167,63,0,2,2299812417.0,137079,8424936,11,0,2
1812280302,2007-06-06 11:11:42,-192035.11104679,-192035,-111046790,63,0,2,2299812417.0,137079,8424936,11,0,2
1812280312,2007-06-06 11:11:52,-192031.974828719,-192031,-974828719,63,0,2,2299812417.0,137079,8424936,11,0,2
1812280322,2007-06-06 11:12:02,-192028.781963347,-192028,-781963347,63,0,2,2299812417.0,137079,8424936,11,0,2
1812280332,2007-06-06 11:12:12,-192025.566564559,-192025,-566564559,63,0,2,2299812417.0,137079,8424936,11,0,2
1812280342,2007-06-06 11:12:22,-192022.452548026,-192022,-452548026,63,0,2,2299812417.0,137079,8424936,11,0,2
1812280352,2007-06-06 11:12:32,-192019.256105422,-192019,-256105422,63,0,2,2299812417.0,137079,8424936,11,0,2
1812280357,2007-06-06 11:12:37,-192017.647026061,-192017,-647026061,63,0,2,2299812417.0,137079,8424936,11,0,2
1812280362,2007-06-06 11:12:42,-192016.076061248,-192016,-76061248,63,0,2,2299812417.0,137079,8424936,11,0,2
1812280372,2007-06-06 11:12:52,-192012.885313987,-192012,-885313987,63,0,2,2299812417.0,137079,8424936,11,0,2
1812280382,2007-06-06 11:13:02,-192009.645565032,-192009,-645565032,63,0,2,2299812417.0,137079,8424936,11,0,2
1812280392,2007-06-06 11:13:12,-192006.494029044,-192006,-494029044,63,0,2,2299812417.0,137079,8424936,11,0,2
1812280402,2007-06-06 11:13:22,-192003.334878921,-192003,-334878921,63,0,2,2299812417.0,137079,8424936,11,0,2
1812280412,2007-06-06 11:13:32,-192000.183224677,-192000,-183224677,63,0,2,2299812417.0,137079,8424936,11,0,2
1812280417,2007-06-06 11:13:37,-191998.500512122,-191998,-500512122,63,0,2,2299812417.0,137079,8424936,11,0,2
1812280422,2007-06-06 11:13:42,-191996.905379294,-191996,-905379294,63,0,2,2299812417.0,137079,8424936,11,0,2
1812280432,2007-06-06 11:13:52,-191993.676180839,-191993,-676180839,63,0,2,2299812417.0,137079,8424936,11,0,2
1812280442,2007-06-06 11:14:02,-191990.409376143,-191990,-409376143,63,0,2,2299812417.0,137079,8424936,11,0,2
1812280452,2007-06-06 11:14:12,-191987.156625747,-191987,-156625747,63,0,2,2299812417.0,137079,8424936,11,0,2
1812280462,2007-06-06 11:14:22,-191983.960640906,-191983,-960640906,63,0,2,2299812417.0,137079,8424936,11,0,2
1812280472,2007-06-06 11:14:32,-191980.739381789,-191980,-739381789,63,0,2,2299812417.0,137079,8424936,11,0,2
1812280477,2007-06-06 11:14:37,-191979.083853721,-191979,-83853721,63,0,2,2299812417.0,137079,8424936,11,0,2
1812280482,2007-06-06 11:14:42,-191977.478725432,-191977,-478725432,63,0,2,2299812417.0,137079,8424936,11,0,2
1812280492,2007-06-06 11:14:52,-191974.2226305,-191974,-222630500,63,0,2,2299812417.0,137079,8424936,11,0,2
1812280502,2007-06-06 11:15:02,-191970.94512081,-191970,-945120810,63,0,2,2299812417.0,137079,8424936,11,0,2
1812280512,2007-06-06 11:15:12,-191967.64979267,-191967,-649792670,63,0,2,2299812417.0,137079,8424936,11,0,2
1812280522,2007-06-06 11:15:22,-191964.441184043,-191964,-441184043,63,0,2,2299812417.0,137079,8424936,11,0,2
1812280532,2007-06-06 11:15:32,-191961.207598685,-191961,-207598685,63,0,2,2299812417.0,137079,8424936,11,0,2
1812280537,2007-06-06 11:15:37,-191959.53656578,-191959,-536565780,63,0,2,2299812417.0,137079,8424936,11,0,2
1812280542,2007-06-06 11:15:42,-191957.869731902,-191957,-869731902,63,0,2,2299812417.0,137079,8424936,11,0,2
1812280552,2007-06-06 11:15:52,-191954.649232863,-191954,-649232863,63,0,2,2299812417.0,137079,8424936,11,0,2
1812280562,2007-06-06 11:16:02,-191951.401852607,-191951,-401852607,63,0,2,2299812417.0,137079,8424936,11,0,2
1812280572,2007-06-06 11:16:12,-191948.106503486,-191948,-106503486,63,0,2,2299812417.0,137079,8424936,11,0,2
1812280582,2007-06-06 11:16:22,-191944.792884826,-191944,-792884826,63,0,2,2299812417.0,137079,8424936,11,0,2
1812280592,2007-06-06 11:16:32,-191941.521774291,-191941,-521774291,63,0,2,2299812417.0,137079,8424936,11,0,2
1812280597,2007-06-06 11:16:37,-191939.86623001,-191939,-866230010,63,0,2,2299812417.0,137079,8424936,11,0,2
1812280602,2007-06-06 11:16:42,-191938.179977416,-191938,-179977416,63,0,2,2299812417.0,137079,8424936,11,0,2
1812280612,2007-06-06 11:16:52,-191934.974603652,-191934,-974603652,63,0,2,2299812417.0,137079,8424936,11,0,2
1812280622,2007-06-06 11:17:02,-191931.62163639,-191931,-621636390,63,0,2,2299812417.0,137079,8424936,11,0,2
1812280632,2007-06-06 11:17:12,-191928.321147918,-191928,-321147918,63,0,2,2299812417.0,137079,8424936,11,0,2
1812280642,2007-06-06 11:17:22,-191925.026198386,-191925,-26198386,63,0,2,2299812417.0,137079,8424936,11,0,2
1812280652,2007-06-06 11:17:32,-191921.67766857,-191921,-677668570,63,0,2,2299812417.0,137079,8424936,11,0,2
1812280657,2007-06-06 11:17:37,-191920.025111197,-191920,-25111197,63,0,2,2299812417.0,137079,8424936,11,0,2
1812280662,2007-06-06 11:17:42,-191918.373491286,-191918,-373491286,63,0,2,2299812417.0,137079,8424936,11,0,2
1812280672,2007-06-06 11:17:52,-191915.056968688,-191915,-56968688,63,0,2,2299812417.0,137079,8424936,11,0,2
1812280682,2007-06-06 11:18:02,-191911.695194243,-191911,-695194243,63,0,2,2299812417.0,137079,8424936,11,0,2
1812280692,2007-06-06 11:18:12,-191908.359785079,-191908,-359785079,63,0,2,2299812417.0,137079,8424936,11,0,2
1812280702,2007-06-06 11:18:22,-191905.03404045,-191905,-34040450,63,0,2,2299812417.0,137079,8424936,11,0,2
1812385702,2007-06-07 16:28:22,-182248.557321547,-182248,-557321547,63,0,2,2299812417.0,137079,8424936,11,0,2
1812385712,2007-06-07 16:28:32,-182229.828787803,-182229,-828787803,63,0,2,2299812417.0,137079,8424936,11,0,2
1812385722,2007-06-07 16:28:42,-182211.217489242,-182211,-217489242,63,0,2,2299812417.0,137079,8424936,11,0,2
1812385727,2007-06-07 16:28:47,-182202.167613028,-182202,-167613028,63,0,2,2299812417.0,137079,8424936,11,0,2
1812385732,2007-06-07 16:28:52,-182192.724941253,-182192,-724941253,63,0,2,2299812417.0,137079,8424936,11,0,2
1812385742,2007-06-07 16:29:02,-182174.403951644,-182174,-403951644,63,0,2,2299812417.0,137079,8424936,11,0,2
1812385752,2007-06-07 16:29:12,-182156.273187636,-182156,-273187636,63,0,2,2299812417.0,137079,8424936,11,0,2
1812385762,2007-06-07 16:29:22,-182138.326981543,-182138,-326981543,63,0,2,2299812417.0,137079,8424936,11,0,2
1812385772,2007-06-07 16:29:32,-182120.414033889,-182120,-414033889,63,0,2,2299812417.0,137079,8424936,11,0,2
1812385782,2007-06-07 16:29:42,-182102.664238929,-182102,-664238929,63,0,2,2299812417.0,137079,8424936,11,0,2
1812385787,2007-06-07 16:29:47,-182094.076298713,-182094,-76298713,63,0,2,2299812417.0,137079,8424936,11,0,2
1812385792,2007-06-07 16:29:52,-182085.097035407,-182085,-97035407,63,0,2,2299812417.0,137079,8424936,11,0,2
1812385802,2007-06-07 16:30:02,-182067.656808852,-182067,-656808852,63,0,2,2299812417.0,137079,8424936,11,0,2
1812385812,2007-06-07 16:30:12,-182050.298696517,-182050,-298696517,63,0,2,2299812417.0,137079,8424936,11,0,2
1812385822,2007-06-07 16:30:22,-182033.067587851,-182033,-67587851,63,0,2,2299812417.0,137079,8424936,11,0,2
1812385832,2007-06-07 16:30:32,-182015.868439673,-182015,-868439673,63,0,2,2299812417.0,137079,8424936,11,0,2
1812385842,2007-06-07 16:30:42,-181998.842542647,-181998,-842542647,63,0,2,2299812417.0,137079,8424936,11,0,2
1812385847,2007-06-07 16:30:47,-181990.531510352,-181990,-531510352,63,0,2,2299812417.0,137079,8424936,11,0,2
1812385852,2007-06-07 16:30:52,-181981.885704993,-181981,-885704993,63,0,2,2299812417.0,137079,8424936,11,0,2
1812385862,2007-06-07 16:31:02,-181965.116250037,-181965,-116250037,63,0,2,2299812417.0,137079,8424936,11,0,2
1812385872,2007-06-07 16:31:12,-181948.408535003,-181948,-408535003,63,0,2,2299812417.0,137079,8424936,11,0,2
1812385882,2007-06-07 16:31:22,-181931.76336193,-181931,-763361930,63,0,2,2299812417.0,137079,8424936,11,0,2
1812385892,2007-06-07 16:31:32,-181915.173450469,-181915,-173450469,63,0,2,2299812417.0,137079,8424936,11,0,2
1812385902,2007-06-07 16:31:42,-181898.724377631,-181898,-724377631,63,0,2,2299812417.0,137079,8424936,11,0,2
1812385907,2007-06-07 16:31:47,-181890.659342765,-181890,-659342765,63,0,2,2299812417.0,137079,8424936,11,0,2
1812385912,2007-06-07 16:31:52,-181882.334913253,-181882,-334913253,63,0,2,2299812417.0,137079,8424936,11,0,2
1812385922,2007-06-07 16:32:02,-181866.073610305,-181866,-73610305,63,0,2,2299812417.0,137079,8424936,11,0,2
1812385932,2007-06-07 16:32:12,-181849.886345862,-181849,-886345862,63,0,2,2299812417.0,137079,8424936,11,0,2
1812385942,2007-06-07 16:32:22,-181833.655317306,-181833,-655317306,63,0,2,2299812417.0,137079,8424936,11,0,2
1812385952,2007-06-07 16:32:32,-181817.514985084,-181817,-514985084,63,0,2,2299812417.0,137079,8424936,11,0,2
1812385962,2007-06-07 16:32:42,-181801.458635329,-181801,-458635329,63,0,2,2299812417.0,137079,8424936,11,0,2
1812385967,2007-06-07 16:32:47,-181793.594441413,-181793,-594441413,63,0,2,2299812417.0,137079,8424936,11,0,2
1812385972,2007-06-07 16:32:52,-181785.467578887,-181785,-467578887,63,0,2,2299812417.0,137079,8424936,11,0,2
1812385982,2007-06-07 16:33:02,-181769.632707595,-181769,-632707595,63,0,2,2299812417.0,137079,8424936,11,0,2
1812385992,2007-06-07 16:33:12,-181753.837426185,-181753,-837426185,63,0,2,2299812417.0,137079,8424936,11,0,2
1812386002,2007-06-07 16:33:22,-181738.038732528,-181738,-38732528,63,0,2,2299812417.0,137079,8424936,11,0,2
1812386012,2007-06-07 16:33:32,-181722.313065528,-181722,-313065528,63,0,2,2299812417.0,137079,8424936,11,0,2
1812386022,2007-06-07 16:33:42,-181706.608573913,-181706,-608573913,63,0,2,2299812417.0,137079,8424936,11,0,2
1812386027,2007-06-07 16:33:47,-181698.898763656,-181698,-898763656,63,0,2,2299812417.0,137079,8424936,11,0,2
1812386032,2007-06-07 16:33:52,-181690.97491455,-181690,-974914550,63,0,2,2299812417.0,137079,8424936,11,0,2
1812386042,2007-06-07 16:34:02,-181675.51872158,-181675,-518721580,63,0,2,2299812417.0,137079,8424936,11,0,2
1812386052,2007-06-07 16:34:12,-181659.938572883,-181659,-938572883,63,0,2,2299812417.0,137079,8424936,11,0,2
1812386062,2007-06-07 16:34:22,-181644.417221068,-181644,-417221068,63,0,2,2299812417.0,137079,8424936,11,0,2
1812386072,2007-06-07 16:34:32,-181629.040538787,-181629,-40538787,63,0,2,2299812417.0,137079,8424936,11,0,2
1812386082,2007-06-07 16:34:42,-181613.680431365,-181613,-680431365,63,0,2,2299812417.0,137079,8424936,11,0,2
1812386087,2007-06-07 16:34:47,-181606.066728591,-181606,-66728591,63,0,2,2299812417.0,137079,8424936,11,0,2
1812386092,2007-06-07 16:34:52,-181598.346070289,-181598,-346070289,63,0,2,2299812417.0,137079,8424936,11,0,2
1812386102,2007-06-07 16:35:02,-181583.044229506,-181583,-44229506,63,0,2,2299812417.0,137079,8424936,11,0,2
1812386112,2007-06-07 16:35:12,-181567.871878623,-181567,-871878623,63,0,2,2299812417.0,137079,8424936,11,0,2
1812386122,2007-06-07 16:35:22,-181552.660870551,-181552,-660870551,63,0,2,2299812417.0,137079,8424936,11,0,2
1812386132,2007-06-07 16:35:32,-181537.52597618,-181537,-525976180,63,0,2,2299812417.0,137079,8424936,11,0,2
1812386142,2007-06-07 16:35:42,-181522.405272483,-181522,-405272483,63,0,2,2299812417.0,137079,8424936,11,0,2
1812386147,2007-06-07 16:35:47,-181514.968585967,-181514,-968585967,63,0,2,2299812417.0,137079,8424936,11,0,2
1812386152,2007-06-07 16:35:52,-181507.406010627,-181507,-406010627,63,0,2,2299812417.0,137079,8424936,11,0,2
1812386162,2007-06-07 16:36:02,-181492.391386031,-181492,-391386031,63,0,2,2299812417.0,137079,8424936,11,0,2
1812386172,2007-06-07 16:36:12,-181477.422001838,-181477,-422001838,63,0,2,2299812417.0,137079,8424936,11,0,2
1812386182,2007-06-07 16:36:22,-181462.461035727,-181462,-461035727,63,0,2,2299812417.0,137079,8424936,11,0,2
1812386192,2007-06-07 16:36:32,-181447.527215003,-181447,-527215003,63,0,2,2299812417.0,137079,8424936,11,0,2
1812386202,2007-06-07 16:36:42,-181432.659214972,-181432,-659214972,63,0,2,2299812417.0,137079,8424936,11,0,2
1812386207,2007-06-07 16:36:47,-181425.323072432,-181425,-323072432,63,0,2,2299812417.0,137079,8424936,11,0,2
1812386212,2007-06-07 16:36:52,-181417.880042075,-181417,-880042075,63,0,2,2299812417.0,137079,8424936,11,0,2
1812386222,2007-06-07 16:37:02,-181403.091816901,-181403,-91816901,63,0,2,2299812417.0,137079,8424936,11,0,2
1812386232,2007-06-07 16:37:12,-181388.319108008,-181388,-319108008,63,0,2,2299812417.0,137079,8424936,11,0,2
1812386242,2007-06-07 16:37:22,-181373.571606635,-181373,-571606635,63,0,2,2299812417.0,137079,8424936,11,0,2
1812386252,2007-06-07 16:37:32,-181358.795310973,-181358,-795310973,63,0,2,2299812417.0,137079,8424936,11,0,2
1812386262,2007-06-07 16:37:42,-181344.173843383,-181344,-173843383,63,0,2,2299812417.0,137079,8424936,11,0,2
1812386267,2007-06-07 16:37:47,-181336.889042853,-181336,-889042853,63,0,2,2299812417.0,137079,8424936,11,0,2
1812386272,2007-06-07 16:37:52,-181329.483798026,-181329,-483798026,63,0,2,2299812417.0,137079,8424936,11,0,2
1812386282,2007-06-07 16:38:02,-181314.912533759,-181314,-912533759,63,0,2,2299812417.0,137079,8424936,11,0,2
1812386292,2007-06-07 16:38:12,-181300.397162436,-181300,-397162436,63,0,2,2299812417.0,137079,8424936,11,0,2
1812386302,2007-06-07 16:38:22,-181285.725452422,-181285,-725452422,63,0,2,2299812417.0,137079,8424936,11,0,2
1812386312,2007-06-07 16:38:32,-181271.226307868,-181271,-226307868,63,0,2,2299812417.0,137079,8424936,11,0,2
1812386322,2007-06-07 16:38:42,-181256.808898925,-181256,-808898925,63,0,2,2299812417.0,137079,8424936,11,0,2
1812386327,2007-06-07 16:38:47,-181249.561985015,-181249,-561985015,63,0,2,2299812417.0,137079,8424936,11,0,2
1812386332,2007-06-07 16:38:52,-181242.347107886,-181242,-347107886,63,0,2,2299812417.0,137079,8424936,11,0,2
1812386342,2007-06-07 16:39:02,-181227.900371551,-181227,-900371551,63,0,2,2299812417.0,137079,8424936,11,0,2
1812386352,2007-06-07 16:39:12,-181213.363770484,-181213,-363770484,63,0,2,2299812417.0,137079,8424936,11,0,2
1812386362,2007-06-07 16:39:22,-181199.024884223,-181199,-24884223,63,0,2,2299812417.0,137079,8424936,11,0,2
1812386372,2007-06-07 16:39:32,-181184.652498244,-181184,-652498244,63,0,2,2299812417.0,137079,8424936,11,0,2
1812386382,2007-06-07 16:39:42,-181170.34090042,-181170,-340900420,63,0,2,2299812417.0,137079,8424936,11,0,2
1812386387,2007-06-07 16:39:47,-181163.226716994,-181163,-226716994,63,0,2,2299812417.0,137079,8424936,11,0,2
1812386392,2007-06-07 16:39:52,-181156.081007003,-181156,-81007003,63,0,2,2299812417.0,137079,8424936,11,0,2
1812386402,2007-06-07 16:40:02,-181141.735901832,-181141,-735901832,63,0,2,2299812417.0,137079,8424936,11,0,2
1812386412,2007-06-07 16:40:12,-181127.525108336,-181127,-525108336,63,0,2,2299812417.0,137079,8424936,11,0,2
1812386422,2007-06-07 16:40:22,-181113.276626586,-181113,-276626586,63,0,2,2299812417.0,137079,8424936,11,0,2
1812386432,2007-06-07 16:40:32,-181099.043230056,-181099,-43230056,63,0,2,2299812417.0,137079,8424936,11,0,2
1812386442,2007-06-07 16:40:42,-181084.870256423,-181084,-870256423,63,0,2,2299812417.0,137079,8424936,11,0,2
1812386447,2007-06-07 16:40:47,-181077.844608306,-181077,-844608306,63,0,2,2299812417.0,137079,8424936,11,0,2
1812386452,2007-06-07 16:40:52,-181070.70886135,-181070,-708861350,63,0,2,2299812417.0,137079,8424936,11,0,2
1812386462,2007-06-07 16:41:02,-181056.624593734,-181056,-624593734,63,0,2,2299812417.0,137079,8424936,11,0,2
1812386472,2007-06-07 16:41:12,-181042.544078826,-181042,-544078826,63,0,2,2299812417.0,137079,8424936,11,0,2
1812386482,2007-06-07 16:41:22,-181028.439481734,-181028,-439481734,63,0,2,2299812417.0,137079,8424936,11,0,2
1812386492,2007-06-07 16:41:32,-181014.326333999,-181014,-326333999,63,0,2,2299812417.0,137079,8424936,11,0,2
1812386502,2007-06-07 16:41:42,-181000.370466231,-181000,-370466231,63,0,2,2299812417.0,137079,8424936,11,0,2
1812386507,2007-06-07 16:41:47,-180993.369999885,-180993,-369999885,63,0,2,2299812417.0,137079,8424936,11,0,2
1812386512,2007-06-07 16:41:52,-180986.379318236,-180986,-379318236,63,0,2,2299812417.0,137079,8424936,11,0,2
1812386522,2007-06-07 16:42:02,-180972.337919234,-180972,-337919234,63,0,2,2299812417.0,137079,8424936,11,0,2
1812386532,2007-06-07 16:42:12,-180958.366478919,-180958,-366478919,63,0,2,2299812417.0,137079,8424936,11,0,2
1812386542,2007-06-07 16:42:22,-180944.349362372,-180944,-349362372,63,0,2,2299812417.0,137079,8424936,11,0,2
1812386552,2007-06-07 16:42:32,-180930.492257117,-180930,-492257117,63,0,2,2299812417.0,137079,8424936,11,0,2
1812386562,2007-06-07 16:42:42,-180916.611991881,-180916,-611991881,63,0,2,2299812417.0,137079,8424936,11,0,2
1812386567,2007-06-07 16:42:47,-180909.673208236,-180909,-673208236,63,0,2,2299812417.0,137079,8424936,11,0,2
1812386572,2007-06-07 16:42:52,-180902.705837249,-180902,-705837249,63,0,2,2299812417.0,137079,8424936,11,0,2
1812386582,2007-06-07 16:43:02,-180888.825313567,-180888,-825313567,63,0,2,2299812417.0,137079,8424936,11,0,2
1812386592,2007-06-07 16:43:12,-180875.054490088,-180875,-54490088,63,0,2,2299812417.0,137079,8424936,11,0,2
1812386602,2007-06-07 16:43:22,-180861.243998527,-180861,-243998527,63,0,2,2299812417.0,137079,8424936,11,0,2
1812386612,2007-06-07 16:43:32,-180847.501187324,-180847,-501187324,63,0,2,2299812417.0,137079,8424936,11,0,2
1812386622,2007-06-07 16:43:42,-180833.694936751,-180833,-694936751,63,0,2,2299812417.0,137079,8424936,11,0,2
1812386627,2007-06-07 16:43:47,-180826.796866416,-180826,-796866416,63,0,2,2299812417.0,137079,8424936,11,0,2
1812386632,2007-06-07 16:43:52,-180819.838609694,-180819,-838609694,63,0,2,2299812417.0,137079,8424936,11,0,2
1812386642,2007-06-07 16:44:02,-180806.104421615,-180806,-104421615,63,0,2,2299812417.0,137079,8424936,11,0,2
1812386652,2007-06-07 16:44:12,-180792.398046493,-180792,-398046493,63,0,2,2299812417.0,137079,8424936,11,0,2
1812386662,2007-06-07 16:44:22,-180778.772379874,-180778,-772379874,63,0,2,2299812417.0,137079,8424936,11,0,2
1812386672,2007-06-07 16:44:32,-180765.110432624,-180765,-110432624,63,0,2,2299812417.0,137079,8424936,11,0,2
1812386682,2007-06-07 16:44:42,-180751.476092338,-180751,-476092338,63,0,2,2299812417.0,137079,8424936,11,0,2
1812386687,2007-06-07 16:44:47,-180744.669405936,-180744,-669405936,63,0,2,2299812417.0,137079,8424936,11,0,2
1812386692,2007-06-07 16:44:52,-180737.79988098,-180737,-799880980,63,0,2,2299812417.0,137079,8424936,11,0,2
1812386702,2007-06-07 16:45:02,-180724.220698356,-180724,-220698356,63,0,2,2299812417.0,137079,8424936,11,0,2
1812386712,2007-06-07 16:45:12,-180710.636951446,-180710,-636951446,63,0,2,2299812417.0,137079,8424936,11,0,2
1812386722,2007-06-07 16:45:22,-180697.10355091,-180697,-103550910,63,0,2,2299812417.0,137079,8424936,11,0,2
1812386732,2007-06-07 16:45:32,-180683.522207259,-180683,-522207259,63,0,2,2299812417.0,137079,8424936,11,0,2
1812386742,2007-06-07 16:45:42,-180669.923234939,-180669,-923234939,63,0,2,2299812417.0,137079,8424936,11,0,2
1812386747,2007-06-07 16:45:47,-180663.223717689,-180663,-223717689,63,0,2,2299812417.0,137079,8424936,11,0,2
1812386752,2007-06-07 16:45:52,-180656.443036078,-180656,-443036078,63,0,2,2299812417.0,137079,8424936,11,0,2
1812386762,2007-06-07 16:46:02,-180642.905057906,-180642,-905057906,63,0,2,2299812417.0,137079,8424936,11,0,2
1812386772,2007-06-07 16:46:12,-180629.445220946,-180629,-445220946,63,0,2,2299812417.0,137079,8424936,11,0,2
1812386782,2007-06-07 16:46:22,-180615.935094832,-180615,-935094832,63,0,2,2299812417.0,137079,8424936,11,0,2
1812386792,2007-06-07 16:46:32,-180602.479313849,-180602,-479313849,63,0,2,2299812417.0,137079,8424936,11,0,2
1812386802,2007-06-07 16:46:42,-180589.036544799,-180589,-36544799,63,0,2,2299812417.0,137079,8424936,11,0,2
1812386807,2007-06-07 16:46:47,-180582.383884429,-180582,-383884429,63,0,2,2299812417.0,137079,8424936,11,0,2
1812386812,2007-06-07 16:46:52,-180575.645604133,-180575,-645604133,63,0,2,2299812417.0,137079,8424936,11,0,2
1812386822,2007-06-07 16:47:02,-180562.319220542,-180562,-319220542,63,0,2,2299812417.0,137079,8424936,11,0,2
1812386832,2007-06-07 16:47:12,-180548.887529372,-180548,-887529372,63,0,2,2299812417.0,137079,8424936,11,0,2
1812386842,2007-06-07 16:47:22,-180535.540354728,-180535,-540354728,63,0,2,2299812417.0,137079,8424936,11,0,2
1812386852,2007-06-07 16:47:32,-180522.217593192,-180522,-217593192,63,0,2,2299812417.0,137079,8424936,11,0,2
1812386862,2007-06-07 16:47:42,-180508.898389815,-180508,-898389815,63,0,2,2299812417.0,137079,8424936,11,0,2
1812386872,2007-06-07 16:47:52,-180495.698871612,-180495,-698871612,63,0,2,2299812417.0,137079,8424936,11,0,2
1812386882,2007-06-07 16:48:02,-180482.369004249,-180482,-369004249,63,0,2,2299812417.0,137079,8424936,11,0,2
1828718809,2007-12-13 17:26:49,-371970.162683486,-371970,-162683486,15,0,2,2299812417.0,137079,8424936,11,0,2
1828718869,2007-12-13 17:27:49,-371935.231941222,-371935,-231941222,15,0,2,2299812417.0,137079,8424936,11,0,2
1828718929,2007-12-13 17:28:49,-371901.589270591,-371901,-589270591,15,0,2,2299812417.0,137079,8424936,11,0,2
1828718989,2007-12-13 17:29:49,-371868.917740821,-371868,-917740821,15,0,2,2299812417.0,137079,8424936,11,0,2
1828719049,2007-12-13 17:30:49,-371836.960511207,-371836,-960511207,15,0,2,2299812417.0,137079,8424936,11,0,2
1828719109,2007-12-13 17:31:49,-371805.521114348,-371805,-521114348,15,0,2,2299812417.0,137079,8424936,11,0,2
1828719169,2007-12-13 17:32:49,-371774.385394095,-371774,-385394095,15,0,2,2299812417.0,137079,8424936,11,0,2
1828719229,2007-12-13 17:33:49,-371743.540893554,-371743,-540893554,15,0,2,2299812417.0,137079,8424936,11,0,2
1828719289,2007-12-13 17:34:49,-371712.856121062,-371712,-856121062,15,0,2,2299812417.0,137079,8424936,11,0,2
1828719349,2007-12-13 17:35:49,-371682.194916724,-371682,-194916724,15,0,2,2299812417.0,137079,8424936,11,0,2
1828719409,2007-12-13 17:36:49,-371651.539193152,-371651,-539193152,15,0,2,2299812417.0,137079,8424936,11,0,2
1828719469,2007-12-13 17:37:49,-371620.868472098,-371620,-868472098,15,0,2,2299812417.0,137079,8424936,11,0,2
1828719529,2007-12-13 17:38:49,-371590.212384223,-371590,-212384223,15,0,2,2299812417.0,137079,8424936,11,0,2
1828719589,2007-12-13 17:39:49,-371559.62834835,-371559,-628348350,15,0,2,2299812417.0,137079,8424936,11,0,2
1828719649,2007-12-13 17:40:49,-371528.999358176,-371528,-999358176,15,0,2,2299812417.0,137079,8424936,11,0,2
1828719709,2007-12-13 17:41:49,-371498.328746795,-371498,-328746795,15,0,2,2299812417.0,137079,8424936,11,0,2
1828719769,2007-12-13 17:42:49,-371467.524918555,-371467,-524918555,15,0,2,2299812417.0,137079,8424936,11,0,2
1828719829,2007-12-13 17:43:49,-371436.762595176,-371436,-762595176,15,0,2,2299812417.0,137079,8424936,11,0,2
1828719889,2007-12-13 17:44:49,-371406.026011466,-371406,-26011466,15,0,2,2299812417.0,137079,8424936,11,0,2
1828719949,2007-12-13 17:45:49,-371375.192893027,-371375,-192893027,15,0,2,2299812417.0,137079,8424936,11,0,2
1828720009,2007-12-13 17:46:49,-371344.372098922,-371344,-372098922,15,0,2,2299812417.0,137079,8424936,11,0,2
1828720069,2007-12-13 17:47:49,-371313.595073699,-371313,-595073699,15,0,2,2299812417.0,137079,8424936,11,0,2
1828720129,2007-12-13 17:48:49,-371282.718308448,-371282,-718308448,15,0,2,2299812417.0,137079,8424936,11,0,2
1828720189,2007-12-13 17:49:49,-371251.903490066,-371251,-903490066,15,0,2,2299812417.0,137079,8424936,11,0,2
1828720249,2007-12-13 17:50:49,-371221.024444579,-371221,-24444579,15,0,2,2299812417.0,137079,8424936,11,0,2
1828720309,2007-12-13 17:51:49,-371190.23948574,-371190,-239485740,15,0,2,2299812417.0,137079,8424936,11,0,2
1828720369,2007-12-13 17:52:49,-371159.372721671,-371159,-372721671,15,0,2,2299812417.0,137079,8424936,11,0,2
1828720429,2007-12-13 17:53:49,-371128.609479903,-371128,-609479903,15,0,2,2299812417.0,137079,8424936,11,0,2
1828720489,2007-12-13 17:54:49,-371097.767918586,-371097,-767918586,15,0,2,2299812417.0,137079,8424936,11,0,2
1828720549,2007-12-13 17:55:49,-371066.96335411,-371066,-963354110,15,0,2,2299812417.0,137079,8424936,11,0,2
1828720609,2007-12-13 17:56:49,-371036.269957541,-371036,-269957541,15,0,2,2299812417.0,137079,8424936,11,0,2
1828720669,2007-12-13 17:57:49,-371005.545011519,-371005,-545011519,15,0,2,2299812417.0,137079,8424936,11,0,2
1828720729,2007-12-13 17:58:49,-370974.855978011,-370974,-855978011,15,0,2,2299812417.0,137079,8424936,11,0,2
1828720789,2007-12-13 17:59:49,-370944.242947577,-370944,-242947577,15,0,2,2299812417.0,137079,8424936,11,0,2
1828720849,2007-12-13 18:00:49,-370913.579408645,-370913,-579408645,15,0,2,2299812417.0,137079,8424936,11,0,2
1828720909,2007-12-13 18:01:49,-370882.904874801,-370882,-904874801,15,0,2,2299812417.0,137079,8424936,11,0,2
1828731356,2007-12-13 20:55:56,-366090.439231872,-366090,-439231872,15,0,2,2299812417.0,137079,8424936,11,0,2
1828731416,2007-12-13 20:56:56,-366028.298081397,-366028,-298081397,15,0,2,2299812417.0,137079,8424936,11,0,2
1828731476,2007-12-13 20:57:56,-365976.1990633,-365976,-199063300,15,0,2,2299812417.0,137079,8424936,11,0,2
1828731536,2007-12-13 20:58:56,-365929.338483809,-365929,-338483809,15,0,2,2299812417.0,137079,8424936,11,0,2
1828731596,2007-12-13 20:59:56,-365885.591992377,-365885,-591992377,15,0,2,2299812417.0,137079,8424936,11,0,2
1828731642,2007-12-13 21:00:42,-378049.748368262,-378049,-748368262,45,0,2,2299812417.0,137079,8424936,11,0,2
1828731656,2007-12-13 21:00:56,-365843.921300887,-365843,-921300887,15,0,2,2299812417.0,137079,8424936,11,0,2
1828731702,2007-12-13 21:01:42,-378040.097446441,-378040,-97446441,45,0,2,2299812417.0,137079,8424936,11,0,2
1828731716,2007-12-13 21:01:56,-365803.671848296,-365803,-671848296,15,0,2,2299812417.0,137079,8424936,11,0,2
1828732411,2007-12-13 21:13:31,-365372.941559791,-365372,-941559791,15,0,2,2299812417.0,137079,8424936,11,0,2
1828732411,2007-12-13 21:13:31,-377947.494482993,-377947,-494482993,45,0,2,2299812417.0,137079,8424936,11,0,2
1828732471,2007-12-13 21:14:31,-365337.491293906,-365337,-491293906,15,0,2,2299812417.0,137079,8424936,11,0,2
1828732471,2007-12-13 21:14:31,-377939.93065071,-377939,-930650710,45,0,2,2299812417.0,137079,8424936,11,0,2
1828732531,2007-12-13 21:15:31,-377932.273382186,-377932,-273382186,45,0,2,2299812417.0,137079,8424936,11,0,2
1828732531,2007-12-13 21:15:31,-365302.192186355,-365302,-192186355,15,0,2,2299812417.0,137079,8424936,11,0,2
1828732591,2007-12-13 21:16:31,-377924.625907897,-377924,-625907897,45,0,2,2299812417.0,137079,8424936,11,0,2
1828732591,2007-12-13 21:16:31,-365267.142505645,-365267,-142505645,15,0,2,2299812417.0,137079,8424936,11,0,2
1828732651,2007-12-13 21:17:31,-377916.930841445,-377916,-930841445,45,0,2,2299812417.0,137079,8424936,11,0,2
1828732651,2007-12-13 21:17:31,-365232.28343296,-365232,-283432960,15,0,2,2299812417.0,137079,8424936,11,0,2
1828732711,2007-12-13 21:18:31,-377909.237172126,-377909,-237172126,45,0,2,2299812417.0,137079,8424936,11,0,2
1828732711,2007-12-13 21:18:31,-365197.671500205,-365197,-671500205,15,0,2,2299812417.0,137079,8424936,11,0,2
1828732771,2007-12-13 21:19:31,-377901.49746704,-377901,-497467040,45,0,2,2299812417.0,137079,8424936,11,0,2
1828732771,2007-12-13 21:19:31,-365163.248473166,-365163,-248473166,15,0,2,2299812417.0,137079,8424936,11,0,2
1828732831,2007-12-13 21:20:31,-365129.08121395,-365129,-81213950,15,0,2,2299812417.0,137079,8424936,11,0,2
1828732831,2007-12-13 21:20:31,-377893.765668868,-377893,-765668868,45,0,2,2299812417.0,137079,8424936,11,0,2
1828732891,2007-12-13 21:21:31,-377886.005886077,-377886,-5886077,45,0,2,2299812417.0,137079,8424936,11,0,2
1828732891,2007-12-13 21:21:31,-365095.127361297,-365095,-127361297,15,0,2,2299812417.0,137079,8424936,11,0,2
1828734091,2007-12-13 21:41:31,-377713.581994056,-377713,-581994056,45,0,2,2299812417.0,137079,8424936,11,0,2
1828734091,2007-12-13 21:41:31,-364450.434407233,-364450,-434407233,15,0,2,2299812417.0,137079,8424936,11,0,2
1828734151,2007-12-13 21:42:31,-364419.666728019,-364419,-666728019,15,0,2,2299812417.0,137079,8424936,11,0,2
1828734151,2007-12-13 21:42:31,-377703.802807807,-377703,-802807807,45,0,2,2299812417.0,137079,8424936,11,0,2
1828734211,2007-12-13 21:43:31,-377693.876126288,-377693,-876126288,45,0,2,2299812417.0,137079,8424936,11,0,2
1828734211,2007-12-13 21:43:31,-364388.993565558,-364388,-993565558,15,0,2,2299812417.0,137079,8424936,11,0,2
1828734271,2007-12-13 21:44:31,-377683.780564307,-377683,-780564307,45,0,2,2299812417.0,137079,8424936,11,0,2
1828734271,2007-12-13 21:44:31,-364358.403621673,-364358,-403621673,15,0,2,2299812417.0,137079,8424936,11,0,2
1828734331,2007-12-13 21:45:31,-377673.570960998,-377673,-570960998,45,0,2,2299812417.0,137079,8424936,11,0,2
1828734331,2007-12-13 21:45:31,-364327.958536147,-364327,-958536147,15,0,2,2299812417.0,137079,8424936,11,0,2
1828734391,2007-12-13 21:46:31,-377663.178836822,-377663,-178836822,45,0,2,2299812417.0,137079,8424936,11,0,2
1828734391,2007-12-13 21:46:31,-364297.583514213,-364297,-583514213,15,0,2,2299812417.0,137079,8424936,11,0,2
1828734451,2007-12-13 21:47:31,-364267.324481963,-364267,-324481963,15,0,2,2299812417.0,137079,8424936,11,0,2
1828734451,2007-12-13 21:47:31,-377652.651659965,-377652,-651659965,45,0,2,2299812417.0,137079,8424936,11,0,2
1828734511,2007-12-13 21:48:31,-364237.146608352,-364237,-146608352,15,0,2,2299812417.0,137079,8424936,11,0,2
1828734511,2007-12-13 21:48:31,-377641.954463004,-377641,-954463004,45,0,2,2299812417.0,137079,8424936,11,0,2
1828734571,2007-12-13 21:49:31,-377631.100766181,-377631,-100766181,45,0,2,2299812417.0,137079,8424936,11,0,2
1828734571,2007-12-13 21:49:31,-364207.075694083,-364207,-75694083,15,0,2,2299812417.0,137079,8424936,11,0,2
1828735232,2007-12-13 22:00:32,-377502.654142379,-377502,-654142379,45,0,2,2299812417.0,137079,8424936,11,0,2
1828801167,2007-12-14 16:19:27,-387037.183672904,-387037,-183672904,26,0,2,2299812417.0,137079,8424936,11,0,2
1828801227,2007-12-14 16:20:27,-387004.888457297,-387004,-888457297,26,0,2,2299812417.0,137079,8424936,11,0,2
1828801287,2007-12-14 16:21:27,-386976.24955654,-386976,-249556540,26,0,2,2299812417.0,137079,8424936,11,0,2
1828801347,2007-12-14 16:22:27,-386949.557329177,-386949,-557329177,26,0,2,2299812417.0,137079,8424936,11,0,2
1828801407,2007-12-14 16:23:27,-386924.424564361,-386924,-424564361,26,0,2,2299812417.0,137079,8424936,11,0,2
1828801467,2007-12-14 16:24:27,-386900.663013457,-386900,-663013457,26,0,2,2299812417.0,137079,8424936,11,0,2
1828801527,2007-12-14 16:25:27,-386877.778769492,-386877,-778769492,26,0,2,2299812417.0,137079,8424936,11,0,2
1828801587,2007-12-14 16:26:27,-386855.712222098,-386855,-712222098,26,0,2,2299812417.0,137079,8424936,11,0,2
1828801647,2007-12-14 16:27:27,-386834.126702308,-386834,-126702308,26,0,2,2299812417.0,137079,8424936,11,0,2
1828801707,2007-12-14 16:28:27,-386813.011940001,-386813,-11940001,26,0,2,2299812417.0,137079,8424936,11,0,2
1828801767,2007-12-14 16:29:27,-386792.061889647,-386792,-61889647,26,0,2,2299812417.0,137079,8424936,11,0,2
1828801827,2007-12-14 16:30:27,-386771.298892974,-386771,-298892974,26,0,2,2299812417.0,137079,8424936,11,0,2
1828801887,2007-12-14 16:31:27,-386750.660897254,-386750,-660897254,26,0,2,2299812417.0,137079,8424936,11,0,2
1828801947,2007-12-14 16:32:27,-386730.102405547,-386730,-102405547,26,0,2,2299812417.0,137079,8424936,11,0,2
1828802007,2007-12-14 16:33:27,-386709.519136428,-386709,-519136428,26,0,2,2299812417.0,137079,8424936,11,0,2
1828802067,2007-12-14 16:34:27,-386688.89934349,-386688,-899343490,26,0,2,2299812417.0,137079,8424936,11,0,2
1828802127,2007-12-14 16:35:27,-386668.296304702,-386668,-296304702,26,0,2,2299812417.0,137079,8424936,11,0,2
1828802187,2007-12-14 16:36:27,-386647.685005187,-386647,-685005187,26,0,2,2299812417.0,137079,8424936,11,0,2
1828802247,2007-12-14 16:37:27,-386627.061777114,-386627,-61777114,26,0,2,2299812417.0,137079,8424936,11,0,2
1828802307,2007-12-14 16:38:27,-386606.453481673,-386606,-453481673,26,0,2,2299812417.0,137079,8424936,11,0,2
1828802367,2007-12-14 16:39:27,-386585.781661986,-386585,-781661986,26,0,2,2299812417.0,137079,8424936,11,0,2
1828802427,2007-12-14 16:40:27,-386564.992948531,-386564,-992948531,26,0,2,2299812417.0,137079,8424936,11,0,2
1828802487,2007-12-14 16:41:27,-386544.228066443,-386544,-228066443,26,0,2,2299812417.0,137079,8424936,11,0,2
1828802547,2007-12-14 16:42:27,-386523.279824256,-386523,-279824256,26,0,2,2299812417.0,137079,8424936,11,0,2
1828802607,2007-12-14 16:43:27,-386502.298966407,-386502,-298966407,26,0,2,2299812417.0,137079,8424936,11,0,2
1828802667,2007-12-14 16:44:27,-386481.304761886,-386481,-304761886,26,0,2,2299812417.0,137079,8424936,11,0,2
1828802727,2007-12-14 16:45:27,-386460.181735991,-386460,-181735991,26,0,2,2299812417.0,137079,8424936,11,0,2
1828802787,2007-12-14 16:46:27,-386438.992304801,-386438,-992304801,26,0,2,2299812417.0,137079,8424936,11,0,2
1828802847,2007-12-14 16:47:27,-386417.631145476,-386417,-631145476,26,0,2,2299812417.0,137079,8424936,11,0,2
1828802907,2007-12-14 16:48:27,-386396.198729514,-386396,-198729514,26,0,2,2299812417.0,137079,8424936,11,0,2
1828802967,2007-12-14 16:49:27,-386374.655825614,-386374,-655825614,26,0,2,2299812417.0,137079,8424936,11,0,2
1828803027,2007-12-14 16:50:27,-386353.085970878,-386353,-85970878,26,0,2,2299812417.0,137079,8424936,11,0,2
1828803087,2007-12-14 16:51:27,-386331.475510596,-386331,-475510596,26,0,2,2299812417.0,137079,8424936,11,0,2
1828803147,2007-12-14 16:52:27,-386309.690228461,-386309,-690228461,26,0,2,2299812417.0,137079,8424936,11,0,2
1828803207,2007-12-14 16:53:27,-386287.872966765,-386287,-872966765,26,0,2,2299812417.0,137079,8424936,11,0,2
1828803267,2007-12-14 16:54:27,-386265.869180678,-386265,-869180678,26,0,2,2299812417.0,137079,8424936,11,0,2
1828803327,2007-12-14 16:55:27,-386243.795026778,-386243,-795026778,26,0,2,2299812417.0,137079,8424936,11,0,2
1828803387,2007-12-14 16:56:27,-386221.598754882,-386221,-598754882,26,0,2,2299812417.0,137079,8424936,11,0,2
1828888109,2007-12-15 16:28:29,-400381.301068305,-400381,-301068305,25,0,2,2299812417.0,137079,8424936,11,0,2
1828888169,2007-12-15 16:29:29,-400358.685073852,-400358,-685073852,25,0,2,2299812417.0,137079,8424936,11,0,2
1828888229,2007-12-15 16:30:29,-400337.588377952,-400337,-588377952,25,0,2,2299812417.0,137079,8424936,11,0,2
1828888289,2007-12-15 16:31:29,-400316.844393729,-400316,-844393729,25,0,2,2299812417.0,137079,8424936,11,0,2
1828888349,2007-12-15 16:32:29,-400296.462835311,-400296,-462835311,25,0,2,2299812417.0,137079,8424936,11,0,2
1828888409,2007-12-15 16:33:29,-400276.246971129,-400276,-246971129,25,0,2,2299812417.0,137079,8424936,11,0,2
1828888469,2007-12-15 16:34:29,-400256.118727683,-400256,-118727683,25,0,2,2299812417.0,137079,8424936,11,0,2
1828888529,2007-12-15 16:35:29,-400236.12820053,-400236,-128200530,25,0,2,2299812417.0,137079,8424936,11,0,2
1828888589,2007-12-15 16:36:29,-400216.086318015,-400216,-86318015,25,0,2,2299812417.0,137079,8424936,11,0,2
1828888649,2007-12-15 16:37:29,-400196.04804325,-400196,-48043250,25,0,2,2299812417.0,137079,8424936,11,0,2
1828888709,2007-12-15 16:38:29,-400175.978890418,-400175,-978890418,25,0,2,2299812417.0,137079,8424936,11,0,2
1828888769,2007-12-15 16:39:29,-400155.865756034,-400155,-865756034,25,0,2,2299812417.0,137079,8424936,11,0,2
1828888829,2007-12-15 16:40:29,-400135.730898856,-400135,-730898856,25,0,2,2299812417.0,137079,8424936,11,0,2
1828888889,2007-12-15 16:41:29,-400115.455677031,-400115,-455677031,25,0,2,2299812417.0,137079,8424936,11,0,2
1828888949,2007-12-15 16:42:29,-400095.169617652,-400095,-169617652,25,0,2,2299812417.0,137079,8424936,11,0,2
1828889009,2007-12-15 16:43:29,-400074.818902968,-400074,-818902968,25,0,2,2299812417.0,137079,8424936,11,0,2
1828889069,2007-12-15 16:44:29,-400054.388517379,-400054,-388517379,25,0,2,2299812417.0,137079,8424936,11,0,2
1828889129,2007-12-15 16:45:29,-400033.81948471,-400033,-819484710,25,0,2,2299812417.0,137079,8424936,11,0,2
1828889189,2007-12-15 16:46:29,-400013.189163207,-400013,-189163207,25,0,2,2299812417.0,137079,8424936,11,0,2
1828889249,2007-12-15 16:47:29,-399992.506993293,-399992,-506993293,25,0,2,2299812417.0,137079,8424936,11,0,2
1828889309,2007-12-15 16:48:29,-399971.68774414,-399971,-687744140,25,0,2,2299812417.0,137079,8424936,11,0,2
1828889369,2007-12-15 16:49:29,-399950.777978896,-399950,-777978896,25,0,2,2299812417.0,137079,8424936,11,0,2
1828889429,2007-12-15 16:50:29,-399929.797606467,-399929,-797606467,25,0,2,2299812417.0,137079,8424936,11,0,2
1828889489,2007-12-15 16:51:29,-399908.707769393,-399908,-707769393,25,0,2,2299812417.0,137079,8424936,11,0,2
1828889549,2007-12-15 16:52:29,-399887.535182952,-399887,-535182952,25,0,2,2299812417.0,137079,8424936,11,0,2
1828889609,2007-12-15 16:53:29,-399866.249982833,-399866,-249982833,25,0,2,2299812417.0,137079,8424936,11,0,2
1828889669,2007-12-15 16:54:29,-399844.838572501,-399844,-838572501,25,0,2,2299812417.0,137079,8424936,11,0,2
1828889729,2007-12-15 16:55:29,-399823.331766128,-399823,-331766128,25,0,2,2299812417.0,137079,8424936,11,0,2
1828889789,2007-12-15 16:56:29,-399801.638974189,-399801,-638974189,25,0,2,2299812417.0,137079,8424936,11,0,2
1828889849,2007-12-15 16:57:29,-399779.899421691,-399779,-899421691,25,0,2,2299812417.0,137079,8424936,11,0,2
1828889909,2007-12-15 16:58:29,-399758.092751502,-399758,-92751502,25,0,2,2299812417.0,137079,8424936,11,0,2
1828889969,2007-12-15 16:59:29,-399736.108730315,-399736,-108730315,25,0,2,2299812417.0,137079,8424936,11,0,2
1828890029,2007-12-15 17:00:29,-399713.968642234,-399713,-968642234,25,0,2,2299812417.0,137079,8424936,11,0,2
1828890089,2007-12-15 17:01:29,-399691.814938544,-399691,-814938544,25,0,2,2299812417.0,137079,8424936,11,0,2
1828904159,2007-12-15 20:55:59,-393739.487620353,-393739,-487620353,25,0,2,2299812417.0,137079,8424936,11,0,2
1828904178,2007-12-15 20:56:18,-405661.220859527,-405661,-220859527,43,0,2,2299812417.0,137079,8424936,11,0,2
1828904219,2007-12-15 20:56:59,-393682.151635169,-393682,-151635169,25,0,2,2299812417.0,137079,8424936,11,0,2
1828904238,2007-12-15 20:57:18,-405636.450746535,-405636,-450746535,43,0,2,2299812417.0,137079,8424936,11,0,2
1828904279,2007-12-15 20:57:59,-393630.450706481,-393630,-450706481,25,0,2,2299812417.0,137079,8424936,11,0,2
1828904298,2007-12-15 20:58:18,-405619.081095694,-405619,-81095694,43,0,2,2299812417.0,137079,8424936,11,0,2
1828904339,2007-12-15 20:58:59,-393583.989898681,-393583,-989898681,25,0,2,2299812417.0,137079,8424936,11,0,2
1828904358,2007-12-15 20:59:18,-405605.987418174,-405605,-987418174,43,0,2,2299812417.0,137079,8424936,11,0,2
1828904399,2007-12-15 20:59:59,-393540.6765213,-393540,-676521300,25,0,2,2299812417.0,137079,8424936,11,0,2
1828904418,2007-12-15 21:00:18,-405595.345190047,-405595,-345190047,43,0,2,2299812417.0,137079,8424936,11,0,2
1828904459,2007-12-15 21:00:59,-393499.422523498,-393499,-422523498,25,0,2,2299812417.0,137079,8424936,11,0,2
1828904478,2007-12-15 21:01:18,-405586.304696082,-405586,-304696082,43,0,2,2299812417.0,137079,8424936,11,0,2
1828904519,2007-12-15 21:01:59,-393459.541253089,-393459,-541253089,25,0,2,2299812417.0,137079,8424936,11,0,2
1828904538,2007-12-15 21:02:18,-405578.251013755,-405578,-251013755,43,0,2,2299812417.0,137079,8424936,11,0,2
1828905211,2007-12-15 21:13:31,-393033.278870582,-393033,-278870582,25,0,2,2299812417.0,137079,8424936,11,0,2
1828905249,2007-12-15 21:14:09,-405497.197308539,-405497,-197308539,43,0,2,2299812417.0,137079,8424936,11,0,2
1828905271,2007-12-15 21:14:31,-392997.632583617,-392997,-632583617,25,0,2,2299812417.0,137079,8424936,11,0,2
1828905309,2007-12-15 21:15:09,-405490.215042113,-405490,-215042113,43,0,2,2299812417.0,137079,8424936,11,0,2
1828905331,2007-12-15 21:15:31,-392962.253986358,-392962,-253986358,25,0,2,2299812417.0,137079,8424936,11,0,2
1828905369,2007-12-15 21:16:09,-405483.152363776,-405483,-152363776,43,0,2,2299812417.0,137079,8424936,11,0,2
1828905391,2007-12-15 21:16:31,-392926.997674941,-392926,-997674941,25,0,2,2299812417.0,137079,8424936,11,0,2
1828905429,2007-12-15 21:17:09,-405475.966955184,-405475,-966955184,43,0,2,2299812417.0,137079,8424936,11,0,2
1828905451,2007-12-15 21:17:31,-392891.873635291,-392891,-873635291,25,0,2,2299812417.0,137079,8424936,11,0,2
1828905489,2007-12-15 21:18:09,-405468.741521834,-405468,-741521834,43,0,2,2299812417.0,137079,8424936,11,0,2
1828905511,2007-12-15 21:18:31,-392856.942710875,-392856,-942710875,25,0,2,2299812417.0,137079,8424936,11,0,2
1828905549,2007-12-15 21:19:09,-405461.424827575,-405461,-424827575,43,0,2,2299812417.0,137079,8424936,11,0,2
1828905571,2007-12-15 21:19:31,-392822.178204535,-392822,-178204535,25,0,2,2299812417.0,137079,8424936,11,0,2
1828905609,2007-12-15 21:20:09,-405454.092681884,-405454,-92681884,43,0,2,2299812417.0,137079,8424936,11,0,2
1828905631,2007-12-15 21:20:31,-392787.556682586,-392787,-556682586,25,0,2,2299812417.0,137079,8424936,11,0,2
1828905669,2007-12-15 21:21:09,-405446.587415694,-405446,-587415694,43,0,2,2299812417.0,137079,8424936,11,0,2
1828905691,2007-12-15 21:21:31,-392753.121986388,-392753,-121986388,25,0,2,2299812417.0,137079,8424936,11,0,2
1828906891,2007-12-15 21:41:31,-392102.05121231,-392102,-51212310,25,0,2,2299812417.0,137079,8424936,11,0,2
1828906929,2007-12-15 21:42:09,-405275.067550658,-405275,-67550658,43,0,2,2299812417.0,137079,8424936,11,0,2
1828906951,2007-12-15 21:42:31,-392071.392305373,-392071,-392305373,25,0,2,2299812417.0,137079,8424936,11,0,2
1828906989,2007-12-15 21:43:09,-405266.193929671,-405266,-193929671,43,0,2,2299812417.0,137079,8424936,11,0,2
1828907011,2007-12-15 21:43:31,-392040.936409949,-392040,-936409949,25,0,2,2299812417.0,137079,8424936,11,0,2
1828907049,2007-12-15 21:44:09,-405257.166750907,-405257,-166750907,43,0,2,2299812417.0,137079,8424936,11,0,2
1828907071,2007-12-15 21:44:31,-392010.532448768,-392010,-532448768,25,0,2,2299812417.0,137079,8424936,11,0,2
1828907109,2007-12-15 21:45:09,-405247.957108497,-405247,-957108497,43,0,2,2299812417.0,137079,8424936,11,0,2
1828907131,2007-12-15 21:45:31,-391980.287303924,-391980,-287303924,25,0,2,2299812417.0,137079,8424936,11,0,2
1828907169,2007-12-15 21:46:09,-405238.759034156,-405238,-759034156,43,0,2,2299812417.0,137079,8424936,11,0,2
1828907191,2007-12-15 21:46:31,-391950.239965438,-391950,-239965438,25,0,2,2299812417.0,137079,8424936,11,0,2
1828907229,2007-12-15 21:47:09,-405229.368432044,-405229,-368432044,43,0,2,2299812417.0,137079,8424936,11,0,2
1828907251,2007-12-15 21:47:31,-391920.289011954,-391920,-289011954,25,0,2,2299812417.0,137079,8424936,11,0,2
1828907289,2007-12-15 21:48:09,-405219.959222793,-405219,-959222793,43,0,2,2299812417.0,137079,8424936,11,0,2
1828907311,2007-12-15 21:48:31,-391890.530203818,-391890,-530203818,25,0,2,2299812417.0,137079,8424936,11,0,2
1828907349,2007-12-15 21:49:09,-405210.317447661,-405210,-317447661,43,0,2,2299812417.0,137079,8424936,11,0,2
1828907371,2007-12-15 21:49:31,-391860.780522345,-391860,-780522345,25,0,2,2299812417.0,137079,8424936,11,0,2
1828908056,2007-12-15 22:00:56,-405086.769654273,-405086,-769654273,43,0,2,2299812417.0,137079,8424936,11,0,2
1828908116,2007-12-15 22:01:56,-405075.432875632,-405075,-432875632,43,0,2,2299812417.0,137079,8424936,11,0,2
1828973979,2007-12-16 16:19:39,-414891.606544494,-414891,-606544494,26,0,2,2299812417.0,137079,8424936,11,0,2
1828974039,2007-12-16 16:20:39,-414861.168713569,-414861,-168713569,26,0,2,2299812417.0,137079,8424936,11,0,2
1828974099,2007-12-16 16:21:39,-414833.145175933,-414833,-145175933,26,0,2,2299812417.0,137079,8424936,11,0,2
1828974159,2007-12-16 16:22:39,-414806.945937156,-414806,-945937156,26,0,2,2299812417.0,137079,8424936,11,0,2
1828974219,2007-12-16 16:23:39,-414781.951488494,-414781,-951488494,26,0,2,2299812417.0,137079,8424936,11,0,2
1828974279,2007-12-16 16:24:39,-414758.057761191,-414758,-57761191,26,0,2,2299812417.0,137079,8424936,11,0,2
1828974339,2007-12-16 16:25:39,-414734.954652785,-414734,-954652785,26,0,2,2299812417.0,137079,8424936,11,0,2
1828974399,2007-12-16 16:26:39,-414712.367659568,-414712,-367659568,26,0,2,2299812417.0,137079,8424936,11,0,2
1828974459,2007-12-16 16:27:39,-414690.219961165,-414690,-219961165,26,0,2,2299812417.0,137079,8424936,11,0,2
1828974519,2007-12-16 16:28:39,-414668.282099723,-414668,-282099723,26,0,2,2299812417.0,137079,8424936,11,0,2
1828974579,2007-12-16 16:29:39,-414646.476777076,-414646,-476777076,26,0,2,2299812417.0,137079,8424936,11,0,2
1828974639,2007-12-16 16:30:39,-414624.880867003,-414624,-880867003,26,0,2,2299812417.0,137079,8424936,11,0,2
1828974699,2007-12-16 16:31:39,-414603.302004813,-414603,-302004813,26,0,2,2299812417.0,137079,8424936,11,0,2
1828974759,2007-12-16 16:32:39,-414581.853114127,-414581,-853114127,26,0,2,2299812417.0,137079,8424936,11,0,2
1828974819,2007-12-16 16:33:39,-414560.384796142,-414560,-384796142,26,0,2,2299812417.0,137079,8424936,11,0,2
1828974879,2007-12-16 16:34:39,-414538.900570868,-414538,-900570868,26,0,2,2299812417.0,137079,8424936,11,0,2
1828974939,2007-12-16 16:35:39,-414517.454120635,-414517,-454120635,26,0,2,2299812417.0,137079,8424936,11,0,2
1828974999,2007-12-16 16:36:39,-414496.06381607,-414496,-63816070,26,0,2,2299812417.0,137079,8424936,11,0,2
1828975059,2007-12-16 16:37:39,-414474.713613509,-414474,-713613509,26,0,2,2299812417.0,137079,8424936,11,0,2
1828975119,2007-12-16 16:38:39,-414453.3188982,-414453,-318898200,26,0,2,2299812417.0,137079,8424936,11,0,2
1828975179,2007-12-16 16:39:39,-414431.852698325,-414431,-852698325,26,0,2,2299812417.0,137079,8424936,11,0,2
1828975239,2007-12-16 16:40:39,-414410.340409278,-414410,-340409278,26,0,2,2299812417.0,137079,8424936,11,0,2
1828975299,2007-12-16 16:41:39,-414388.837746619,-414388,-837746619,26,0,2,2299812417.0,137079,8424936,11,0,2
1828975359,2007-12-16 16:42:39,-414367.319954871,-414367,-319954871,26,0,2,2299812417.0,137079,8424936,11,0,2
1828975419,2007-12-16 16:43:39,-414345.776536941,-414345,-776536941,26,0,2,2299812417.0,137079,8424936,11,0,2
1828975479,2007-12-16 16:44:39,-414324.326417922,-414324,-326417922,26,0,2,2299812417.0,137079,8424936,11,0,2
1828975539,2007-12-16 16:45:39,-414302.795620917,-414302,-795620917,26,0,2,2299812417.0,137079,8424936,11,0,2
1828975599,2007-12-16 16:46:39,-414281.207859992,-414281,-207859992,26,0,2,2299812417.0,137079,8424936,11,0,2
1828975659,2007-12-16 16:47:39,-414259.610713004,-414259,-610713004,26,0,2,2299812417.0,137079,8424936,11,0,2
1828975719,2007-12-16 16:48:39,-414237.989700316,-414237,-989700316,26,0,2,2299812417.0,137079,8424936,11,0,2
1828975779,2007-12-16 16:49:39,-414216.177105903,-414216,-177105903,26,0,2,2299812417.0,137079,8424936,11,0,2
1828975839,2007-12-16 16:50:39,-414194.408540725,-414194,-408540725,26,0,2,2299812417.0,137079,8424936,11,0,2
1828975899,2007-12-16 16:51:39,-414172.60607624,-414172,-606076240,26,0,2,2299812417.0,137079,8424936,11,0,2
1828975959,2007-12-16 16:52:39,-414150.622017859,-414150,-622017859,26,0,2,2299812417.0,137079,8424936,11,0,2
1828976019,2007-12-16 16:53:39,-414128.691889762,-414128,-691889762,26,0,2,2299812417.0,137079,8424936,11,0,2
1828976079,2007-12-16 16:54:39,-414106.548912047,-414106,-548912047,26,0,2,2299812417.0,137079,8424936,11,0,2
1828976139,2007-12-16 16:55:39,-414084.469253539,-414084,-469253539,26,0,2,2299812417.0,137079,8424936,11,0,2
1828990559,2007-12-16 20:55:59,-408005.399324416,-408005,-399324416,26,0,2,2299812417.0,137079,8424936,11,0,2
1828990615,2007-12-16 20:56:55,-419843.990585326,-419843,-990585326,43,0,2,2299812417.0,137079,8424936,11,0,2
1828990619,2007-12-16 20:56:59,-407943.717893599,-407943,-717893599,26,0,2,2299812417.0,137079,8424936,11,0,2
1828990675,2007-12-16 20:57:55,-419824.554284095,-419824,-554284095,43,0,2,2299812417.0,137079,8424936,11,0,2
1828990679,2007-12-16 20:57:59,-407891.882818221,-407891,-882818221,26,0,2,2299812417.0,137079,8424936,11,0,2
1828990735,2007-12-16 20:58:55,-419810.317719459,-419810,-317719459,43,0,2,2299812417.0,137079,8424936,11,0,2
1828990739,2007-12-16 20:58:59,-407845.305535315,-407845,-305535315,26,0,2,2299812417.0,137079,8424936,11,0,2
1828990795,2007-12-16 20:59:55,-419799.200006484,-419799,-200006484,43,0,2,2299812417.0,137079,8424936,11,0,2
1828990799,2007-12-16 20:59:59,-407801.96462345,-407801,-964623450,26,0,2,2299812417.0,137079,8424936,11,0,2
1828990855,2007-12-16 21:00:55,-419790.091121673,-419790,-91121673,43,0,2,2299812417.0,137079,8424936,11,0,2
1828990859,2007-12-16 21:00:59,-407760.816940307,-407760,-816940307,26,0,2,2299812417.0,137079,8424936,11,0,2
1828990915,2007-12-16 21:01:55,-419782.160768508,-419782,-160768508,43,0,2,2299812417.0,137079,8424936,11,0,2
1828990919,2007-12-16 21:01:59,-407721.025280951,-407721,-25280951,26,0,2,2299812417.0,137079,8424936,11,0,2
1828991608,2007-12-16 21:13:28,-419707.747737884,-419707,-747737884,43,0,2,2299812417.0,137079,8424936,11,0,2
1828991611,2007-12-16 21:13:31,-407295.32027912,-407295,-320279120,26,0,2,2299812417.0,137079,8424936,11,0,2
1828991668,2007-12-16 21:14:28,-419701.221742629,-419701,-221742629,43,0,2,2299812417.0,137079,8424936,11,0,2
1828991671,2007-12-16 21:14:31,-407259.792081832,-407259,-792081832,26,0,2,2299812417.0,137079,8424936,11,0,2
1828991728,2007-12-16 21:15:28,-419694.757197379,-419694,-757197379,43,0,2,2299812417.0,137079,8424936,11,0,2
1828991731,2007-12-16 21:15:31,-407224.543391227,-407224,-543391227,26,0,2,2299812417.0,137079,8424936,11,0,2
1828991788,2007-12-16 21:16:28,-419688.10225582,-419688,-102255820,43,0,2,2299812417.0,137079,8424936,11,0,2
1828991791,2007-12-16 21:16:31,-407189.355007171,-407189,-355007171,26,0,2,2299812417.0,137079,8424936,11,0,2
1828991848,2007-12-16 21:17:28,-419681.36505413,-419681,-365054130,43,0,2,2299812417.0,137079,8424936,11,0,2
1828991851,2007-12-16 21:17:31,-407154.298499106,-407154,-298499106,26,0,2,2299812417.0,137079,8424936,11,0,2
1828991908,2007-12-16 21:18:28,-419674.51422119,-419674,-514221190,43,0,2,2299812417.0,137079,8424936,11,0,2
1828991911,2007-12-16 21:18:31,-407119.393385886,-407119,-393385886,26,0,2,2299812417.0,137079,8424936,11,0,2
1828991968,2007-12-16 21:19:28,-419667.671019553,-419667,-671019553,43,0,2,2299812417.0,137079,8424936,11,0,2
1828991971,2007-12-16 21:19:31,-407084.734702109,-407084,-734702109,26,0,2,2299812417.0,137079,8424936,11,0,2
1828992028,2007-12-16 21:20:28,-419660.751130103,-419660,-751130103,43,0,2,2299812417.0,137079,8424936,11,0,2
1828992031,2007-12-16 21:20:31,-407050.218514441,-407050,-218514441,26,0,2,2299812417.0,137079,8424936,11,0,2
1828992088,2007-12-16 21:21:28,-419653.657220839,-419653,-657220839,43,0,2,2299812417.0,137079,8424936,11,0,2
1828992091,2007-12-16 21:21:31,-407015.768668174,-407015,-768668174,26,0,2,2299812417.0,137079,8424936,11,0,2
1828993288,2007-12-16 21:41:28,-419501.055429458,-419501,-55429458,43,0,2,2299812417.0,137079,8424936,11,0,2
1828993291,2007-12-16 21:41:31,-406367.28726673,-406367,-287266730,26,0,2,2299812417.0,137079,8424936,11,0,2
1828993348,2007-12-16 21:42:28,-419492.725664138,-419492,-725664138,43,0,2,2299812417.0,137079,8424936,11,0,2
1828993351,2007-12-16 21:42:31,-406336.766108512,-406336,-766108512,26,0,2,2299812417.0,137079,8424936,11,0,2
1828993408,2007-12-16 21:43:28,-419484.126637458,-419484,-126637458,43,0,2,2299812417.0,137079,8424936,11,0,2
1828993411,2007-12-16 21:43:31,-406306.201332091,-406306,-201332091,26,0,2,2299812417.0,137079,8424936,11,0,2
1828993468,2007-12-16 21:44:28,-419475.513809203,-419475,-513809203,43,0,2,2299812417.0,137079,8424936,11,0,2
1828993471,2007-12-16 21:44:31,-406275.883127212,-406275,-883127212,26,0,2,2299812417.0,137079,8424936,11,0,2
1828993528,2007-12-16 21:45:28,-419466.835964202,-419466,-835964202,43,0,2,2299812417.0,137079,8424936,11,0,2
1828993531,2007-12-16 21:45:31,-406245.755146979,-406245,-755146979,26,0,2,2299812417.0,137079,8424936,11,0,2
1828993588,2007-12-16 21:46:28,-419457.990993499,-419457,-990993499,43,0,2,2299812417.0,137079,8424936,11,0,2
1828993591,2007-12-16 21:46:31,-406215.711009025,-406215,-711009025,26,0,2,2299812417.0,137079,8424936,11,0,2
1828993648,2007-12-16 21:47:28,-419449.076582908,-419449,-76582908,43,0,2,2299812417.0,137079,8424936,11,0,2
1828993651,2007-12-16 21:47:31,-406185.834469794,-406185,-834469794,26,0,2,2299812417.0,137079,8424936,11,0,2
1828993708,2007-12-16 21:48:28,-419439.889834403,-419439,-889834403,43,0,2,2299812417.0,137079,8424936,11,0,2
1828993711,2007-12-16 21:48:31,-406155.94933319,-406155,-949333190,26,0,2,2299812417.0,137079,8424936,11,0,2
1828993768,2007-12-16 21:49:28,-419430.714938163,-419430,-714938163,43,0,2,2299812417.0,137079,8424936,11,0,2
1828993771,2007-12-16 21:49:31,-406126.312244414,-406126,-312244414,26,0,2,2299812417.0,137079,8424936,11,0,2
1828994441,2007-12-16 22:00:41,-419317.784646033,-419317,-784646033,43,0,2,2299812417.0,137079,8424936,11,0,2
1828994501,2007-12-16 22:01:41,-419306.822468757,-419306,-822468757,43,0,2,2299812417.0,137079,8424936,11,0,2
1829035471,2007-12-17 09:24:31,-423965.437071799,-423965,-437071799,65,0,2,2299812417.0,137079,8424936,11,0,2
1829035531,2007-12-17 09:25:31,-423934.192781447,-423934,-192781447,65,0,2,2299812417.0,137079,8424936,11,0,2
1829035591,2007-12-17 09:26:31,-423904.018024444,-423904,-18024444,65,0,2,2299812417.0,137079,8424936,11,0,2
1829035651,2007-12-17 09:27:31,-423875.496965407,-423875,-496965407,65,0,2,2299812417.0,137079,8424936,11,0,2
1829035711,2007-12-17 09:28:31,-423848.251023292,-423848,-251023292,65,0,2,2299812417.0,137079,8424936,11,0,2
1829035771,2007-12-17 09:29:31,-423822.230267524,-423822,-230267524,65,0,2,2299812417.0,137079,8424936,11,0,2
1829035831,2007-12-17 09:30:31,-423796.910007476,-423796,-910007476,65,0,2,2299812417.0,137079,8424936,11,0,2
1829035891,2007-12-17 09:31:31,-423772.2048254,-423772,-204825400,65,0,2,2299812417.0,137079,8424936,11,0,2
1829035951,2007-12-17 09:32:31,-423747.849741935,-423747,-849741935,65,0,2,2299812417.0,137079,8424936,11,0,2
1829036011,2007-12-17 09:33:31,-423723.736295699,-423723,-736295699,65,0,2,2299812417.0,137079,8424936,11,0,2
1829036071,2007-12-17 09:34:31,-423699.743916511,-423699,-743916511,65,0,2,2299812417.0,137079,8424936,11,0,2
1829036131,2007-12-17 09:35:31,-423675.92307186,-423675,-923071860,65,0,2,2299812417.0,137079,8424936,11,0,2
1829036191,2007-12-17 09:36:31,-423652.079216956,-423652,-79216956,65,0,2,2299812417.0,137079,8424936,11,0,2
1829036251,2007-12-17 09:37:31,-423628.348457335,-423628,-348457335,65,0,2,2299812417.0,137079,8424936,11,0,2
1829036311,2007-12-17 09:38:31,-423604.582440375,-423604,-582440375,65,0,2,2299812417.0,137079,8424936,11,0,2
1829036371,2007-12-17 09:39:31,-423580.73457241,-423580,-734572410,65,0,2,2299812417.0,137079,8424936,11,0,2
1829036431,2007-12-17 09:40:31,-423556.986426352,-423556,-986426352,65,0,2,2299812417.0,137079,8424936,11,0,2
1829036491,2007-12-17 09:41:31,-423533.178387641,-423533,-178387641,65,0,2,2299812417.0,137079,8424936,11,0,2
1829036551,2007-12-17 09:42:31,-423509.413382529,-423509,-413382529,65,0,2,2299812417.0,137079,8424936,11,0,2
1829036611,2007-12-17 09:43:31,-423485.670049666,-423485,-670049666,65,0,2,2299812417.0,137079,8424936,11,0,2
1829036671,2007-12-17 09:44:31,-423461.819501876,-423461,-819501876,65,0,2,2299812417.0,137079,8424936,11,0,2
1829036731,2007-12-17 09:45:31,-423437.967492103,-423437,-967492103,65,0,2,2299812417.0,137079,8424936,11,0,2
1829036791,2007-12-17 09:46:31,-423414.204777717,-423414,-204777717,65,0,2,2299812417.0,137079,8424936,11,0,2
1829036851,2007-12-17 09:47:31,-423390.452851294,-423390,-452851294,65,0,2,2299812417.0,137079,8424936,11,0,2
1829036911,2007-12-17 09:48:31,-423366.73228836,-423366,-732288360,65,0,2,2299812417.0,137079,8424936,11,0,2
1829036971,2007-12-17 09:49:31,-423342.904850005,-423342,-904850005,65,0,2,2299812417.0,137079,8424936,11,0,2
1829037031,2007-12-17 09:50:31,-423319.257324218,-423319,-257324218,65,0,2,2299812417.0,137079,8424936,11,0,2
1829037091,2007-12-17 09:51:31,-423295.526061057,-423295,-526061057,65,0,2,2299812417.0,137079,8424936,11,0,2
1829037151,2007-12-17 09:52:31,-423271.806041717,-423271,-806041717,65,0,2,2299812417.0,137079,8424936,11,0,2
1829037211,2007-12-17 09:53:31,-423248.160852431,-423248,-160852431,65,0,2,2299812417.0,137079,8424936,11,0,2
1829037271,2007-12-17 09:54:31,-423224.395841598,-423224,-395841598,65,0,2,2299812417.0,137079,8424936,11,0,2
1829037331,2007-12-17 09:55:31,-423200.758799552,-423200,-758799552,65,0,2,2299812417.0,137079,8424936,11,0,2
1829037391,2007-12-17 09:56:31,-423177.10857582,-423177,-108575820,65,0,2,2299812417.0,137079,8424936,11,0,2
1829037451,2007-12-17 09:57:31,-423153.432635306,-423153,-432635306,65,0,2,2299812417.0,137079,8424936,11,0,2
1829037511,2007-12-17 09:58:31,-423129.844595908,-423129,-844595908,65,0,2,2299812417.0,137079,8424936,11,0,2
1829037571,2007-12-17 09:59:31,-423106.220024108,-423106,-220024108,65,0,2,2299812417.0,137079,8424936,11,0,2
1829037631,2007-12-17 10:00:31,-423082.557224273,-423082,-557224273,65,0,2,2299812417.0,137079,8424936,11,0,2
1829059614,2007-12-17 16:06:54,-430481.766509055,-430481,-766509055,26,0,2,2299812417.0,137079,8424936,11,0,2
1829059674,2007-12-17 16:07:54,-430441.858509063,-430441,-858509063,26,0,2,2299812417.0,137079,8424936,11,0,2
1829059734,2007-12-17 16:08:54,-430409.479759215,-430409,-479759215,26,0,2,2299812417.0,137079,8424936,11,0,2
1829059794,2007-12-17 16:09:54,-430381.456626891,-430381,-456626891,26,0,2,2299812417.0,137079,8424936,11,0,2
1829059854,2007-12-17 16:10:54,-430356.066920279,-430356,-66920279,26,0,2,2299812417.0,137079,8424936,11,0,2
1829059914,2007-12-17 16:11:54,-430332.342925071,-430332,-342925071,26,0,2,2299812417.0,137079,8424936,11,0,2
1829059974,2007-12-17 16:12:54,-430309.699415206,-430309,-699415206,26,0,2,2299812417.0,137079,8424936,11,0,2
1829060034,2007-12-17 16:13:54,-430287.651869773,-430287,-651869773,26,0,2,2299812417.0,137079,8424936,11,0,2
1829060094,2007-12-17 16:14:54,-430266.099132537,-430266,-99132537,26,0,2,2299812417.0,137079,8424936,11,0,2
1829060154,2007-12-17 16:15:54,-430244.825996398,-430244,-825996398,26,0,2,2299812417.0,137079,8424936,11,0,2
1829060214,2007-12-17 16:16:54,-430223.748309134,-430223,-748309134,26,0,2,2299812417.0,137079,8424936,11,0,2
1829060274,2007-12-17 16:17:54,-430202.811590194,-430202,-811590194,26,0,2,2299812417.0,137079,8424936,11,0,2
1829060334,2007-12-17 16:18:54,-430182.009084701,-430182,-9084701,26,0,2,2299812417.0,137079,8424936,11,0,2
1829060394,2007-12-17 16:19:54,-430161.172672271,-430161,-172672271,26,0,2,2299812417.0,137079,8424936,11,0,2
1829060454,2007-12-17 16:20:54,-430140.387524604,-430140,-387524604,26,0,2,2299812417.0,137079,8424936,11,0,2
1829060514,2007-12-17 16:21:54,-430119.654109954,-430119,-654109954,26,0,2,2299812417.0,137079,8424936,11,0,2
1829060574,2007-12-17 16:22:54,-430098.948965072,-430098,-948965072,26,0,2,2299812417.0,137079,8424936,11,0,2
1829060634,2007-12-17 16:23:54,-430078.266834258,-430078,-266834258,26,0,2,2299812417.0,137079,8424936,11,0,2
1829060694,2007-12-17 16:24:54,-430057.696791648,-430057,-696791648,26,0,2,2299812417.0,137079,8424936,11,0,2
1829060754,2007-12-17 16:25:54,-430037.029250144,-430037,-29250144,26,0,2,2299812417.0,137079,8424936,11,0,2
1829060814,2007-12-17 16:26:54,-430016.401568412,-430016,-401568412,26,0,2,2299812417.0,137079,8424936,11,0,2
1829060874,2007-12-17 16:27:54,-429995.876892089,-429995,-876892089,26,0,2,2299812417.0,137079,8424936,11,0,2
1829060934,2007-12-17 16:28:54,-429975.200033187,-429975,-200033187,26,0,2,2299812417.0,137079,8424936,11,0,2
1829060994,2007-12-17 16:29:54,-429954.545559882,-429954,-545559882,26,0,2,2299812417.0,137079,8424936,11,0,2
1829061054,2007-12-17 16:30:54,-429933.871951102,-429933,-871951102,26,0,2,2299812417.0,137079,8424936,11,0,2
1829061114,2007-12-17 16:31:54,-429913.300964354,-429913,-300964354,26,0,2,2299812417.0,137079,8424936,11,0,2
1829061174,2007-12-17 16:32:54,-429892.643166541,-429892,-643166541,26,0,2,2299812417.0,137079,8424936,11,0,2
1829061234,2007-12-17 16:33:54,-429871.889245986,-429871,-889245986,26,0,2,2299812417.0,137079,8424936,11,0,2
1829061294,2007-12-17 16:34:54,-429851.246274947,-429851,-246274947,26,0,2,2299812417.0,137079,8424936,11,0,2
1829061354,2007-12-17 16:35:54,-429830.449224471,-429830,-449224471,26,0,2,2299812417.0,137079,8424936,11,0,2
1829061414,2007-12-17 16:36:54,-429809.614396094,-429809,-614396094,26,0,2,2299812417.0,137079,8424936,11,0,2
1829061474,2007-12-17 16:37:54,-429788.699956893,-429788,-699956893,26,0,2,2299812417.0,137079,8424936,11,0,2
1829061534,2007-12-17 16:38:54,-429767.816235541,-429767,-816235541,26,0,2,2299812417.0,137079,8424936,11,0,2
1829061594,2007-12-17 16:39:54,-429746.930500983,-429746,-930500983,26,0,2,2299812417.0,137079,8424936,11,0,2
1829061654,2007-12-17 16:40:54,-429725.884798049,-429725,-884798049,26,0,2,2299812417.0,137079,8424936,11,0,2
1829061714,2007-12-17 16:41:54,-429704.80862522,-429704,-808625220,26,0,2,2299812417.0,137079,8424936,11,0,2
1829061774,2007-12-17 16:42:54,-429683.630879401,-429683,-630879401,26,0,2,2299812417.0,137079,8424936,11,0,2
1829061834,2007-12-17 16:43:54,-429662.42141056,-429662,-421410560,26,0,2,2299812417.0,137079,8424936,11,0,2
1829061894,2007-12-17 16:44:54,-429641.141973494,-429641,-141973494,26,0,2,2299812417.0,137079,8424936,11,0,2
1829061954,2007-12-17 16:45:54,-429619.694355964,-429619,-694355964,26,0,2,2299812417.0,137079,8424936,11,0,2
1829062014,2007-12-17 16:46:54,-429598.2173357,-429598,-217335700,26,0,2,2299812417.0,137079,8424936,11,0,2
1829062074,2007-12-17 16:47:54,-429576.624781608,-429576,-624781608,26,0,2,2299812417.0,137079,8424936,11,0,2
1829062134,2007-12-17 16:48:54,-429554.998435019,-429554,-998435019,26,0,2,2299812417.0,137079,8424936,11,0,2
1829126376,2007-12-18 10:39:36,-437347.784204482,-437347,-784204482,63,0,2,2299812417.0,137079,8424936,11,0,2
1829126436,2007-12-18 10:40:36,-437312.609805106,-437312,-609805106,63,0,2,2299812417.0,137079,8424936,11,0,2
1829126496,2007-12-18 10:41:36,-437279.421232223,-437279,-421232223,63,0,2,2299812417.0,137079,8424936,11,0,2
1829126556,2007-12-18 10:42:36,-437247.50134468,-437247,-501344680,63,0,2,2299812417.0,137079,8424936,11,0,2
1829126616,2007-12-18 10:43:36,-437216.715326308,-437216,-715326308,63,0,2,2299812417.0,137079,8424936,11,0,2
1829126676,2007-12-18 10:44:36,-437186.895619391,-437186,-895619391,63,0,2,2299812417.0,137079,8424936,11,0,2
1829126736,2007-12-18 10:45:36,-437157.588075637,-437157,-588075637,63,0,2,2299812417.0,137079,8424936,11,0,2
1829126796,2007-12-18 10:46:36,-437128.824937819,-437128,-824937819,63,0,2,2299812417.0,137079,8424936,11,0,2
1829126856,2007-12-18 10:47:36,-437100.448623656,-437100,-448623656,63,0,2,2299812417.0,137079,8424936,11,0,2
1829126916,2007-12-18 10:48:36,-437072.171571731,-437072,-171571731,63,0,2,2299812417.0,137079,8424936,11,0,2
1829126976,2007-12-18 10:49:36,-437044.078915595,-437044,-78915595,63,0,2,2299812417.0,137079,8424936,11,0,2
1829127036,2007-12-18 10:50:36,-437016.13922882,-437016,-139228820,63,0,2,2299812417.0,137079,8424936,11,0,2
1829127096,2007-12-18 10:51:36,-436988.201812743,-436988,-201812743,63,0,2,2299812417.0,137079,8424936,11,0,2
1829127156,2007-12-18 10:52:36,-436960.344933509,-436960,-344933509,63,0,2,2299812417.0,137079,8424936,11,0,2
1829127216,2007-12-18 10:53:36,-436932.420720099,-436932,-420720099,63,0,2,2299812417.0,137079,8424936,11,0,2
1829127276,2007-12-18 10:54:36,-436904.439774512,-436904,-439774512,63,0,2,2299812417.0,137079,8424936,11,0,2
1829127336,2007-12-18 10:55:36,-436876.498367309,-436876,-498367309,63,0,2,2299812417.0,137079,8424936,11,0,2
1829127396,2007-12-18 10:56:36,-436848.554156302,-436848,-554156302,63,0,2,2299812417.0,137079,8424936,11,0,2
1829127456,2007-12-18 10:57:36,-436820.577914237,-436820,-577914237,63,0,2,2299812417.0,137079,8424936,11,0,2
1829127516,2007-12-18 10:58:36,-436792.514417647,-436792,-514417647,63,0,2,2299812417.0,137079,8424936,11,0,2
1829127576,2007-12-18 10:59:36,-436764.433794021,-436764,-433794021,63,0,2,2299812417.0,137079,8424936,11,0,2
1829127636,2007-12-18 11:00:36,-436736.292633056,-436736,-292633056,63,0,2,2299812417.0,137079,8424936,11,0,2
1829127696,2007-12-18 11:01:36,-436708.16340351,-436708,-163403510,63,0,2,2299812417.0,137079,8424936,11,0,2
1829127756,2007-12-18 11:02:36,-436679.923337935,-436679,-923337935,63,0,2,2299812417.0,137079,8424936,11,0,2
1829127816,2007-12-18 11:03:36,-436651.576661109,-436651,-576661109,63,0,2,2299812417.0,137079,8424936,11,0,2
1829127876,2007-12-18 11:04:36,-436623.349582671,-436623,-349582671,63,0,2,2299812417.0,137079,8424936,11,0,2
1829127936,2007-12-18 11:05:36,-436595.009010314,-436595,-9010314,63,0,2,2299812417.0,137079,8424936,11,0,2
1829127996,2007-12-18 11:06:36,-436566.615081786,-436566,-615081786,63,0,2,2299812417.0,137079,8424936,11,0,2
1829128056,2007-12-18 11:07:36,-436538.225286483,-436538,-225286483,63,0,2,2299812417.0,137079,8424936,11,0,2
1829128116,2007-12-18 11:08:36,-436509.764677047,-436509,-764677047,63,0,2,2299812417.0,137079,8424936,11,0,2
1829128176,2007-12-18 11:09:36,-436481.340218543,-436481,-340218543,63,0,2,2299812417.0,137079,8424936,11,0,2
1829128236,2007-12-18 11:10:36,-436452.8342247,-436452,-834224700,63,0,2,2299812417.0,137079,8424936,11,0,2
1829128296,2007-12-18 11:11:36,-436424.310581206,-436424,-310581206,63,0,2,2299812417.0,137079,8424936,11,0,2
1829128356,2007-12-18 11:12:36,-436395.789596557,-436395,-789596557,63,0,2,2299812417.0,137079,8424936,11,0,2
1829128416,2007-12-18 11:13:36,-436367.270220756,-436367,-270220756,63,0,2,2299812417.0,137079,8424936,11,0,2
1829128476,2007-12-18 11:14:36,-436338.755708693,-436338,-755708693,63,0,2,2299812417.0,137079,8424936,11,0,2
1829128536,2007-12-18 11:15:36,-436310.156183242,-436310,-156183242,63,0,2,2299812417.0,137079,8424936,11,0,2
1829150539,2007-12-18 17:22:19,-444012.694070815,-444012,-694070815,26,0,2,2299812417.0,137079,8424936,11,0,2
1829150599,2007-12-18 17:23:19,-443989.720911025,-443989,-720911025,26,0,2,2299812417.0,137079,8424936,11,0,2
1829150659,2007-12-18 17:24:19,-443966.625339507,-443966,-625339507,26,0,2,2299812417.0,137079,8424936,11,0,2
1829150719,2007-12-18 17:25:19,-443943.528254508,-443943,-528254508,26,0,2,2299812417.0,137079,8424936,11,0,2
1829150779,2007-12-18 17:26:19,-443920.276710509,-443920,-276710509,26,0,2,2299812417.0,137079,8424936,11,0,2
1829150839,2007-12-18 17:27:19,-443896.933889388,-443896,-933889388,26,0,2,2299812417.0,137079,8424936,11,0,2
1829150899,2007-12-18 17:28:19,-443873.415765761,-443873,-415765761,26,0,2,2299812417.0,137079,8424936,11,0,2
1829150959,2007-12-18 17:29:19,-443849.868714332,-443849,-868714332,26,0,2,2299812417.0,137079,8424936,11,0,2
1829151019,2007-12-18 17:30:19,-443826.157185554,-443826,-157185554,26,0,2,2299812417.0,137079,8424936,11,0,2
1829151079,2007-12-18 17:31:19,-443802.428502082,-443802,-428502082,26,0,2,2299812417.0,137079,8424936,11,0,2
1829151139,2007-12-18 17:32:19,-443778.505190848,-443778,-505190848,26,0,2,2299812417.0,137079,8424936,11,0,2
1829151199,2007-12-18 17:33:19,-443754.485999106,-443754,-485999106,26,0,2,2299812417.0,137079,8424936,11,0,2
1829151259,2007-12-18 17:34:19,-443730.376476287,-443730,-376476287,26,0,2,2299812417.0,137079,8424936,11,0,2
1829151319,2007-12-18 17:35:19,-443706.170504569,-443706,-170504569,26,0,2,2299812417.0,137079,8424936,11,0,2
1829151379,2007-12-18 17:36:19,-443681.80199623,-443681,-801996230,26,0,2,2299812417.0,137079,8424936,11,0,2
1829151439,2007-12-18 17:37:19,-443657.351399421,-443657,-351399421,26,0,2,2299812417.0,137079,8424936,11,0,2
1829151499,2007-12-18 17:38:19,-443632.703694343,-443632,-703694343,26,0,2,2299812417.0,137079,8424936,11,0,2
1829151559,2007-12-18 17:39:19,-443608.044249534,-443608,-44249534,26,0,2,2299812417.0,137079,8424936,11,0,2
1829151619,2007-12-18 17:40:19,-443583.181970595,-443583,-181970595,26,0,2,2299812417.0,137079,8424936,11,0,2
1829151679,2007-12-18 17:41:19,-443558.157629012,-443558,-157629012,26,0,2,2299812417.0,137079,8424936,11,0,2
1829151739,2007-12-18 17:42:19,-443533.085014342,-443533,-85014342,26,0,2,2299812417.0,137079,8424936,11,0,2
1829151799,2007-12-18 17:43:19,-443507.84285736,-443507,-842857360,26,0,2,2299812417.0,137079,8424936,11,0,2
1829151859,2007-12-18 17:44:19,-443482.476899146,-443482,-476899146,26,0,2,2299812417.0,137079,8424936,11,0,2
1829151919,2007-12-18 17:45:19,-443457.124418258,-443457,-124418258,26,0,2,2299812417.0,137079,8424936,11,0,2
1829151979,2007-12-18 17:46:19,-443431.536534308,-443431,-536534308,26,0,2,2299812417.0,137079,8424936,11,0,2
1829152039,2007-12-18 17:47:19,-443405.784615516,-443405,-784615516,26,0,2,2299812417.0,137079,8424936,11,0,2
1829152099,2007-12-18 17:48:19,-443380.04438877,-443380,-44388770,26,0,2,2299812417.0,137079,8424936,11,0,2
1829152159,2007-12-18 17:49:19,-443354.182562827,-443354,-182562827,26,0,2,2299812417.0,137079,8424936,11,0,2
1829152219,2007-12-18 17:50:19,-443328.259651183,-443328,-259651183,26,0,2,2299812417.0,137079,8424936,11,0,2
1829152279,2007-12-18 17:51:19,-443302.213850974,-443302,-213850974,26,0,2,2299812417.0,137079,8424936,11,0,2
1829152339,2007-12-18 17:52:19,-443276.07897663,-443276,-78976630,26,0,2,2299812417.0,137079,8424936,11,0,2
1829152399,2007-12-18 17:53:19,-443249.858969687,-443249,-858969687,26,0,2,2299812417.0,137079,8424936,11,0,2
1829152459,2007-12-18 17:54:19,-443223.607747077,-443223,-607747077,26,0,2,2299812417.0,137079,8424936,11,0,2
1829152519,2007-12-18 17:55:19,-443197.336585044,-443197,-336585044,26,0,2,2299812417.0,137079,8424936,11,0,2
1829152579,2007-12-18 17:56:19,-443170.936241149,-443170,-936241149,26,0,2,2299812417.0,137079,8424936,11,0,2
1829152639,2007-12-18 17:57:19,-443144.540820121,-443144,-540820121,26,0,2,2299812417.0,137079,8424936,11,0,2
1829152699,2007-12-18 17:58:19,-443118.116529464,-443118,-116529464,26,0,2,2299812417.0,137079,8424936,11,0,2
1829152759,2007-12-18 17:59:19,-443091.627758025,-443091,-627758025,26,0,2,2299812417.0,137079,8424936,11,0,2
1829152819,2007-12-18 18:00:19,-443065.120586394,-443065,-120586394,26,0,2,2299812417.0,137079,8424936,11,0,2
1829152879,2007-12-18 18:01:19,-443038.470142364,-443038,-470142364,26,0,2,2299812417.0,137079,8424936,11,0,2
1829152939,2007-12-18 18:02:19,-443011.76254177,-443011,-762541770,26,0,2,2299812417.0,137079,8424936,11,0,2
1829152999,2007-12-18 18:03:19,-442985.16818714,-442985,-168187140,26,0,2,2299812417.0,137079,8424936,11,0,2
1829153059,2007-12-18 18:04:19,-442958.409782409,-442958,-409782409,26,0,2,2299812417.0,137079,8424936,11,0,2
1829153119,2007-12-18 18:05:19,-442931.786142348,-442931,-786142348,26,0,2,2299812417.0,137079,8424936,11,0,2
1829153179,2007-12-18 18:06:19,-442905.040863036,-442905,-40863036,26,0,2,2299812417.0,137079,8424936,11,0,2
1829153239,2007-12-18 18:07:19,-442878.20199871,-442878,-201998710,26,0,2,2299812417.0,137079,8424936,11,0,2
1829153299,2007-12-18 18:08:19,-442851.296114921,-442851,-296114921,26,0,2,2299812417.0,137079,8424936,11,0,2
1829153359,2007-12-18 18:09:19,-442824.45566368,-442824,-455663680,26,0,2,2299812417.0,137079,8424936,11,0,2
1829153419,2007-12-18 18:10:19,-442797.475600242,-442797,-475600242,26,0,2,2299812417.0,137079,8424936,11,0,2
1829166065,2007-12-18 21:41:05,-437320.279597281,-437320,-279597281,26,0,2,2299812417.0,137079,8424936,11,0,2
1829166125,2007-12-18 21:42:05,-437252.775843619,-437252,-775843619,26,0,2,2299812417.0,137079,8424936,11,0,2
1829166185,2007-12-18 21:43:05,-437194.747107505,-437194,-747107505,26,0,2,2299812417.0,137079,8424936,11,0,2
1829166245,2007-12-18 21:44:05,-437143.184829711,-437143,-184829711,26,0,2,2299812417.0,137079,8424936,11,0,2
1829166305,2007-12-18 21:45:05,-437095.690375327,-437095,-690375327,26,0,2,2299812417.0,137079,8424936,11,0,2
1829166343,2007-12-18 21:45:43,-450203.254491805,-450203,-254491805,45,0,2,2299812417.0,137079,8424936,11,0,2
1829166365,2007-12-18 21:46:05,-437050.896255492,-437050,-896255492,26,0,2,2299812417.0,137079,8424936,11,0,2
1829166403,2007-12-18 21:46:43,-450181.716886519,-450181,-716886519,45,0,2,2299812417.0,137079,8424936,11,0,2
1829166425,2007-12-18 21:47:05,-437007.975123404,-437007,-975123404,26,0,2,2299812417.0,137079,8424936,11,0,2
1829167090,2007-12-18 21:58:10,-436581.399103164,-436581,-399103164,26,0,2,2299812417.0,137079,8424936,11,0,2
1829167112,2007-12-18 21:58:32,-449967.386648177,-449967,-386648177,45,0,2,2299812417.0,137079,8424936,11,0,2
1829167150,2007-12-18 21:59:10,-436545.283866881,-436545,-283866881,26,0,2,2299812417.0,137079,8424936,11,0,2
1829167172,2007-12-18 21:59:32,-449950.211680411,-449950,-211680411,45,0,2,2299812417.0,137079,8424936,11,0,2
1829167210,2007-12-18 22:00:10,-436509.427886008,-436509,-427886008,26,0,2,2299812417.0,137079,8424936,11,0,2
1829167232,2007-12-18 22:00:32,-449932.912444114,-449932,-912444114,45,0,2,2299812417.0,137079,8424936,11,0,2
1829167270,2007-12-18 22:01:10,-436473.790646552,-436473,-790646552,26,0,2,2299812417.0,137079,8424936,11,0,2
1829167292,2007-12-18 22:01:32,-449915.685094832,-449915,-685094832,45,0,2,2299812417.0,137079,8424936,11,0,2
1829167330,2007-12-18 22:02:10,-436438.520492553,-436438,-520492553,26,0,2,2299812417.0,137079,8424936,11,0,2
1829167352,2007-12-18 22:02:32,-449898.540968894,-449898,-540968894,45,0,2,2299812417.0,137079,8424936,11,0,2
1829167390,2007-12-18 22:03:10,-436403.492685317,-436403,-492685317,26,0,2,2299812417.0,137079,8424936,11,0,2
1829167412,2007-12-18 22:03:32,-449881.356026648,-449881,-356026648,45,0,2,2299812417.0,137079,8424936,11,0,2
1829167450,2007-12-18 22:04:10,-436368.72776699,-436368,-727766990,26,0,2,2299812417.0,137079,8424936,11,0,2
1829167472,2007-12-18 22:04:32,-449864.196136474,-449864,-196136474,45,0,2,2299812417.0,137079,8424936,11,0,2
1829167510,2007-12-18 22:05:10,-436334.241011619,-436334,-241011619,26,0,2,2299812417.0,137079,8424936,11,0,2
1829167532,2007-12-18 22:05:32,-449847.054259299,-449847,-54259299,45,0,2,2299812417.0,137079,8424936,11,0,2
1829167570,2007-12-18 22:06:10,-436300.072443007,-436300,-72443007,26,0,2,2299812417.0,137079,8424936,11,0,2
1829167592,2007-12-18 22:06:32,-449830.03359413,-449830,-33594130,45,0,2,2299812417.0,137079,8424936,11,0,2
1829168781,2007-12-18 22:26:21,-435664.864317893,-435664,-864317893,26,0,2,2299812417.0,137079,8424936,11,0,2
1829168792,2007-12-18 22:26:32,-449487.300840377,-449487,-300840377,45,0,2,2299812417.0,137079,8424936,11,0,2
1829168841,2007-12-18 22:27:21,-435635.759874343,-435635,-759874343,26,0,2,2299812417.0,137079,8424936,11,0,2
1829168852,2007-12-18 22:27:32,-449469.729400634,-449469,-729400634,45,0,2,2299812417.0,137079,8424936,11,0,2
1829168901,2007-12-18 22:28:21,-435606.831033706,-435606,-831033706,26,0,2,2299812417.0,137079,8424936,11,0,2
1829168912,2007-12-18 22:28:32,-449452.127012252,-449452,-127012252,45,0,2,2299812417.0,137079,8424936,11,0,2
1829168961,2007-12-18 22:29:21,-435578.100690841,-435578,-100690841,26,0,2,2299812417.0,137079,8424936,11,0,2
1829168972,2007-12-18 22:29:32,-449434.4312191,-449434,-431219100,45,0,2,2299812417.0,137079,8424936,11,0,2
1829169021,2007-12-18 22:30:21,-435549.534977912,-435549,-534977912,26,0,2,2299812417.0,137079,8424936,11,0,2
1829169032,2007-12-18 22:30:32,-449416.640121459,-449416,-640121459,45,0,2,2299812417.0,137079,8424936,11,0,2
1829169081,2007-12-18 22:31:21,-435521.150896071,-435521,-150896071,26,0,2,2299812417.0,137079,8424936,11,0,2
1829169092,2007-12-18 22:31:32,-449398.746214866,-449398,-746214866,45,0,2,2299812417.0,137079,8424936,11,0,2
1829169141,2007-12-18 22:32:21,-435492.933057784,-435492,-933057784,26,0,2,2299812417.0,137079,8424936,11,0,2
1829169152,2007-12-18 22:32:32,-449380.788351058,-449380,-788351058,45,0,2,2299812417.0,137079,8424936,11,0,2
1829169201,2007-12-18 22:33:21,-435464.840107917,-435464,-840107917,26,0,2,2299812417.0,137079,8424936,11,0,2
1829169212,2007-12-18 22:33:32,-449362.673065185,-449362,-673065185,45,0,2,2299812417.0,137079,8424936,11,0,2
1829169261,2007-12-18 22:34:21,-435436.942269324,-435436,-942269324,26,0,2,2299812417.0,137079,8424936,11,0,2
1829169272,2007-12-18 22:34:32,-449344.490080832,-449344,-490080832,45,0,2,2299812417.0,137079,8424936,11,0,2
1829169931,2007-12-18 22:45:31,-449137.858763694,-449137,-858763694,45,0,2,2299812417.0,137079,8424936,11,0,2
1829208245,2007-12-19 09:24:05,-140996023.26116276,-140996023,-261162757,55,0,2,2299812417.0,137079,8424936,11,0,2
1829208305,2007-12-19 09:25:05,-454327.945134162,-454327,-945134162,55,0,2,2299812417.0,137079,8424936,11,0,2
1829208365,2007-12-19 09:26:05,-454301.774303435,-454301,-774303435,55,0,2,2299812417.0,137079,8424936,11,0,2
1829208425,2007-12-19 09:27:05,-454277.089696883,-454277,-89696883,55,0,2,2299812417.0,137079,8424936,11,0,2
1829208485,2007-12-19 09:28:05,-454253.556332587,-454253,-556332587,55,0,2,2299812417.0,137079,8424936,11,0,2
1829208545,2007-12-19 09:29:05,-454230.848738669,-454230,-848738669,55,0,2,2299812417.0,137079,8424936,11,0,2
1829208605,2007-12-19 09:30:05,-454208.862250327,-454208,-862250327,55,0,2,2299812417.0,137079,8424936,11,0,2
1829208665,2007-12-19 09:31:05,-454187.366905211,-454187,-366905211,55,0,2,2299812417.0,137079,8424936,11,0,2
1829208725,2007-12-19 09:32:05,-454166.106684684,-454166,-106684684,55,0,2,2299812417.0,137079,8424936,11,0,2
1829208785,2007-12-19 09:33:05,-454145.088941573,-454145,-88941573,55,0,2,2299812417.0,137079,8424936,11,0,2
1829208845,2007-12-19 09:34:05,-454124.246183394,-454124,-246183394,55,0,2,2299812417.0,137079,8424936,11,0,2
1829208905,2007-12-19 09:35:05,-454103.510376929,-454103,-510376929,55,0,2,2299812417.0,137079,8424936,11,0,2
1829208965,2007-12-19 09:36:05,-454082.807741164,-454082,-807741164,55,0,2,2299812417.0,137079,8424936,11,0,2
1829209025,2007-12-19 09:37:05,-454062.110960959,-454062,-110960959,55,0,2,2299812417.0,137079,8424936,11,0,2
1829209085,2007-12-19 09:38:05,-454041.4189682,-454041,-418968200,55,0,2,2299812417.0,137079,8424936,11,0,2
1829209145,2007-12-19 09:39:05,-454020.717481612,-454020,-717481612,55,0,2,2299812417.0,137079,8424936,11,0,2
1829209205,2007-12-19 09:40:05,-453999.959155082,-453999,-959155082,55,0,2,2299812417.0,137079,8424936,11,0,2
1829209265,2007-12-19 09:41:05,-453979.21288967,-453979,-212889670,55,0,2,2299812417.0,137079,8424936,11,0,2
1829209325,2007-12-19 09:42:05,-453958.517468451,-453958,-517468451,55,0,2,2299812417.0,137079,8424936,11,0,2
1829209385,2007-12-19 09:43:05,-453937.71355152,-453937,-713551520,55,0,2,2299812417.0,137079,8424936,11,0,2
1829209445,2007-12-19 09:44:05,-453916.956701278,-453916,-956701278,55,0,2,2299812417.0,137079,8424936,11,0,2
1829209505,2007-12-19 09:45:05,-453896.109250068,-453896,-109250068,55,0,2,2299812417.0,137079,8424936,11,0,2
1829209565,2007-12-19 09:46:05,-453875.270773887,-453875,-270773887,55,0,2,2299812417.0,137079,8424936,11,0,2
1829209625,2007-12-19 09:47:05,-453854.381070136,-453854,-381070136,55,0,2,2299812417.0,137079,8424936,11,0,2
1829209685,2007-12-19 09:48:05,-453833.52530384,-453833,-525303840,55,0,2,2299812417.0,137079,8424936,11,0,2
1829209745,2007-12-19 09:49:05,-453812.531690597,-453812,-531690597,55,0,2,2299812417.0,137079,8424936,11,0,2
1829209805,2007-12-19 09:50:05,-453791.548153876,-453791,-548153876,55,0,2,2299812417.0,137079,8424936,11,0,2
1829209865,2007-12-19 09:51:05,-453770.57039833,-453770,-570398330,55,0,2,2299812417.0,137079,8424936,11,0,2
1829209925,2007-12-19 09:52:05,-453749.532977103,-453749,-532977103,55,0,2,2299812417.0,137079,8424936,11,0,2
1829209985,2007-12-19 09:53:05,-453728.370732306,-453728,-370732306,55,0,2,2299812417.0,137079,8424936,11,0,2
1829210045,2007-12-19 09:54:05,-453707.2426939,-453707,-242693900,55,0,2,2299812417.0,137079,8424936,11,0,2
1829210105,2007-12-19 09:55:05,-453686.091176986,-453686,-91176986,55,0,2,2299812417.0,137079,8424936,11,0,2
1829210165,2007-12-19 09:56:05,-453664.845322608,-453664,-845322608,55,0,2,2299812417.0,137079,8424936,11,0,2
1829210225,2007-12-19 09:57:05,-453643.490061759,-453643,-490061759,55,0,2,2299812417.0,137079,8424936,11,0,2
1829210285,2007-12-19 09:58:05,-453622.065557479,-453622,-65557479,55,0,2,2299812417.0,137079,8424936,11,0,2
1829210345,2007-12-19 09:59:05,-453600.674564361,-453600,-674564361,55,0,2,2299812417.0,137079,8424936,11,0,2
1829210405,2007-12-19 10:00:05,-453579.191799163,-453579,-191799163,55,0,2,2299812417.0,137079,8424936,11,0,2
1829232459,2007-12-19 16:07:39,-445725.951362609,-445725,-951362609,55,0,2,2299812417.0,137079,8424936,11,0,2
1829232505,2007-12-19 16:08:25,-461164.844794272,-461164,-844794272,26,0,2,2299812417.0,137079,8424936,11,0,2
1829232519,2007-12-19 16:08:39,-445682.25553131,-445682,-255531310,55,0,2,2299812417.0,137079,8424936,11,0,2
1829232565,2007-12-19 16:09:25,-461131.330778121,-461131,-330778121,26,0,2,2299812417.0,137079,8424936,11,0,2
1829232579,2007-12-19 16:09:39,-445648.334564208,-445648,-334564208,55,0,2,2299812417.0,137079,8424936,11,0,2
1829232625,2007-12-19 16:10:25,-461102.550477981,-461102,-550477981,26,0,2,2299812417.0,137079,8424936,11,0,2
1829232685,2007-12-19 16:11:25,-461077.252378463,-461077,-252378463,26,0,2,2299812417.0,137079,8424936,11,0,2
1829232745,2007-12-19 16:12:25,-461054.219822883,-461054,-219822883,26,0,2,2299812417.0,137079,8424936,11,0,2
1829232805,2007-12-19 16:13:25,-461032.539925574,-461032,-539925574,26,0,2,2299812417.0,137079,8424936,11,0,2
1829232865,2007-12-19 16:14:25,-461011.866870879,-461011,-866870879,26,0,2,2299812417.0,137079,8424936,11,0,2
1829232925,2007-12-19 16:15:25,-460991.764806746,-460991,-764806746,26,0,2,2299812417.0,137079,8424936,11,0,2
1829232985,2007-12-19 16:16:25,-460972.031098365,-460972,-31098365,26,0,2,2299812417.0,137079,8424936,11,0,2
1829233045,2007-12-19 16:17:25,-460952.576768874,-460952,-576768874,26,0,2,2299812417.0,137079,8424936,11,0,2
1829233105,2007-12-19 16:18:25,-460933.354662894,-460933,-354662894,26,0,2,2299812417.0,137079,8424936,11,0,2
1829233165,2007-12-19 16:19:25,-460914.315857886,-460914,-315857886,26,0,2,2299812417.0,137079,8424936,11,0,2
1829233225,2007-12-19 16:20:25,-460895.356774329,-460895,-356774329,26,0,2,2299812417.0,137079,8424936,11,0,2
1829233285,2007-12-19 16:21:25,-460876.512578963,-460876,-512578963,26,0,2,2299812417.0,137079,8424936,11,0,2
1829233345,2007-12-19 16:22:25,-460857.704928397,-460857,-704928397,26,0,2,2299812417.0,137079,8424936,11,0,2
1829233405,2007-12-19 16:23:25,-460838.845370292,-460838,-845370292,26,0,2,2299812417.0,137079,8424936,11,0,2
1829233465,2007-12-19 16:24:25,-460820.071359633,-460820,-71359633,26,0,2,2299812417.0,137079,8424936,11,0,2
1829233525,2007-12-19 16:25:25,-460801.2509737,-460801,-250973700,26,0,2,2299812417.0,137079,8424936,11,0,2
1829233585,2007-12-19 16:26:25,-460782.427626609,-460782,-427626609,26,0,2,2299812417.0,137079,8424936,11,0,2
1829233645,2007-12-19 16:27:25,-460763.640748977,-460763,-640748977,26,0,2,2299812417.0,137079,8424936,11,0,2
1829233705,2007-12-19 16:28:25,-460744.744464873,-460744,-744464873,26,0,2,2299812417.0,137079,8424936,11,0,2
1829233765,2007-12-19 16:29:25,-460725.968544959,-460725,-968544959,26,0,2,2299812417.0,137079,8424936,11,0,2
1829233825,2007-12-19 16:30:25,-460707.024018287,-460707,-24018287,26,0,2,2299812417.0,137079,8424936,11,0,2
1829233885,2007-12-19 16:31:25,-460688.053956031,-460688,-53956031,26,0,2,2299812417.0,137079,8424936,11,0,2
1829233945,2007-12-19 16:32:25,-460669.044671058,-460669,-44671058,26,0,2,2299812417.0,137079,8424936,11,0,2
1829234005,2007-12-19 16:33:25,-460649.951551436,-460649,-951551436,26,0,2,2299812417.0,137079,8424936,11,0,2
1829234065,2007-12-19 16:34:25,-460630.830547332,-460630,-830547332,26,0,2,2299812417.0,137079,8424936,11,0,2
1829234125,2007-12-19 16:35:25,-460611.578463553,-460611,-578463553,26,0,2,2299812417.0,137079,8424936,11,0,2
1829234185,2007-12-19 16:36:25,-460592.250523566,-460592,-250523566,26,0,2,2299812417.0,137079,8424936,11,0,2
1829234245,2007-12-19 16:37:25,-460572.863205909,-460572,-863205909,26,0,2,2299812417.0,137079,8424936,11,0,2
1829234305,2007-12-19 16:38:25,-460553.339653014,-460553,-339653014,26,0,2,2299812417.0,137079,8424936,11,0,2
1829234365,2007-12-19 16:39:25,-460533.801412581,-460533,-801412581,26,0,2,2299812417.0,137079,8424936,11,0,2
1829234425,2007-12-19 16:40:25,-460514.019734382,-460514,-19734382,26,0,2,2299812417.0,137079,8424936,11,0,2
1829234485,2007-12-19 16:41:25,-460494.39174652,-460494,-391746520,26,0,2,2299812417.0,137079,8424936,11,0,2
1829234545,2007-12-19 16:42:25,-460474.522458075,-460474,-522458075,26,0,2,2299812417.0,137079,8424936,11,0,2
1829234605,2007-12-19 16:43:25,-460454.602075576,-460454,-602075576,26,0,2,2299812417.0,137079,8424936,11,0,2
1829234665,2007-12-19 16:44:25,-460434.584297179,-460434,-584297179,26,0,2,2299812417.0,137079,8424936,11,0,2
1829234725,2007-12-19 16:45:25,-460414.403171538,-460414,-403171538,26,0,2,2299812417.0,137079,8424936,11,0,2
1829234785,2007-12-19 16:46:25,-460394.076578139,-460394,-76578139,26,0,2,2299812417.0,137079,8424936,11,0,2
1829234845,2007-12-19 16:47:25,-460373.675472259,-460373,-675472259,26,0,2,2299812417.0,137079,8424936,11,0,2
1829234905,2007-12-19 16:48:25,-460353.254332541,-460353,-254332541,26,0,2,2299812417.0,137079,8424936,11,0,2
1829234965,2007-12-19 16:49:25,-460332.702106475,-460332,-702106475,26,0,2,2299812417.0,137079,8424936,11,0,2
1829235025,2007-12-19 16:50:25,-460311.888100623,-460311,-888100623,26,0,2,2299812417.0,137079,8424936,11,0,2
1829235085,2007-12-19 16:51:25,-460291.095276832,-460291,-95276832,26,0,2,2299812417.0,137079,8424936,11,0,2
1829235145,2007-12-19 16:52:25,-460270.303299903,-460270,-303299903,26,0,2,2299812417.0,137079,8424936,11,0,2
1829337634,2007-12-20 21:20:34,-481819.682861327,-481819,-682861327,45,0,2,2299812417.0,137079,8424936,11,0,2
1829337694,2007-12-20 21:21:34,-481807.609272002,-481807,-609272002,45,0,2,2299812417.0,137079,8424936,11,0,2
1829337754,2007-12-20 21:22:34,-481797.341965674,-481797,-341965674,45,0,2,2299812417.0,137079,8424936,11,0,2
1829337814,2007-12-20 21:23:34,-481788.674118995,-481788,-674118995,45,0,2,2299812417.0,137079,8424936,11,0,2
1829337874,2007-12-20 21:24:34,-481781.18430519,-481781,-184305190,45,0,2,2299812417.0,137079,8424936,11,0,2
1829337934,2007-12-20 21:25:34,-481774.46236801,-481774,-462368010,45,0,2,2299812417.0,137079,8424936,11,0,2
1829337994,2007-12-20 21:26:34,-481768.421141623,-481768,-421141623,45,0,2,2299812417.0,137079,8424936,11,0,2
1829338054,2007-12-20 21:27:34,-481762.773121833,-481762,-773121833,45,0,2,2299812417.0,137079,8424936,11,0,2
1829338114,2007-12-20 21:28:34,-481757.372632026,-481757,-372632026,45,0,2,2299812417.0,137079,8424936,11,0,2
1829338174,2007-12-20 21:29:34,-481752.158056258,-481752,-158056258,45,0,2,2299812417.0,137079,8424936,11,0,2
1829338234,2007-12-20 21:30:34,-481747.097692489,-481747,-97692489,45,0,2,2299812417.0,137079,8424936,11,0,2
1829338294,2007-12-20 21:31:34,-481742.144616126,-481742,-144616126,45,0,2,2299812417.0,137079,8424936,11,0,2
1829338354,2007-12-20 21:32:34,-481737.070878028,-481737,-70878028,45,0,2,2299812417.0,137079,8424936,11,0,2
1829338414,2007-12-20 21:33:34,-481732.010662078,-481732,-10662078,45,0,2,2299812417.0,137079,8424936,11,0,2
1829338474,2007-12-20 21:34:34,-481726.92333126,-481726,-923331260,45,0,2,2299812417.0,137079,8424936,11,0,2
1829338534,2007-12-20 21:35:34,-481721.717076301,-481721,-717076301,45,0,2,2299812417.0,137079,8424936,11,0,2
1829338594,2007-12-20 21:36:34,-481716.446262359,-481716,-446262359,45,0,2,2299812417.0,137079,8424936,11,0,2
1829338654,2007-12-20 21:37:34,-481711.093219756,-481711,-93219756,45,0,2,2299812417.0,137079,8424936,11,0,2
1829338714,2007-12-20 21:38:34,-481705.601194381,-481705,-601194381,45,0,2,2299812417.0,137079,8424936,11,0,2
1829338774,2007-12-20 21:39:34,-481700.040506362,-481700,-40506362,45,0,2,2299812417.0,137079,8424936,11,0,2
1829338834,2007-12-20 21:40:34,-481694.29837799,-481694,-298377990,45,0,2,2299812417.0,137079,8424936,11,0,2
1829338894,2007-12-20 21:41:34,-481688.472875594,-481688,-472875594,45,0,2,2299812417.0,137079,8424936,11,0,2
1829338954,2007-12-20 21:42:34,-481682.407708167,-481682,-407708167,45,0,2,2299812417.0,137079,8424936,11,0,2
1829339014,2007-12-20 21:43:34,-481676.343570708,-481676,-343570708,45,0,2,2299812417.0,137079,8424936,11,0,2
1829339074,2007-12-20 21:44:34,-481670.077449798,-481670,-77449798,45,0,2,2299812417.0,137079,8424936,11,0,2
1829339134,2007-12-20 21:45:34,-481663.69259262,-481663,-692592620,45,0,2,2299812417.0,137079,8424936,11,0,2
1829339194,2007-12-20 21:46:34,-481657.046022414,-481657,-46022414,45,0,2,2299812417.0,137079,8424936,11,0,2
1829339254,2007-12-20 21:47:34,-481650.323849677,-481650,-323849677,45,0,2,2299812417.0,137079,8424936,11,0,2
1829339314,2007-12-20 21:48:34,-481643.356918334,-481643,-356918334,45,0,2,2299812417.0,137079,8424936,11,0,2
1829339374,2007-12-20 21:49:34,-481636.388617515,-481636,-388617515,45,0,2,2299812417.0,137079,8424936,11,0,2
1829339434,2007-12-20 21:50:34,-481629.148981093,-481629,-148981093,45,0,2,2299812417.0,137079,8424936,11,0,2
1829339494,2007-12-20 21:51:34,-481621.816508292,-481621,-816508292,45,0,2,2299812417.0,137079,8424936,11,0,2
1829339554,2007-12-20 21:52:34,-481614.308273314,-481614,-308273314,45,0,2,2299812417.0,137079,8424936,11,0,2
1829339614,2007-12-20 21:53:34,-481606.620350837,-481606,-620350837,45,0,2,2299812417.0,137079,8424936,11,0,2
1829339674,2007-12-20 21:54:34,-481598.813317298,-481598,-813317298,45,0,2,2299812417.0,137079,8424936,11,0,2
1829339734,2007-12-20 21:55:34,-481590.851330756,-481590,-851330756,45,0,2,2299812417.0,137079,8424936,11,0,2
1829339794,2007-12-20 21:56:34,-481582.764841079,-481582,-764841079,45,0,2,2299812417.0,137079,8424936,11,0,2
1829406252,2007-12-21 16:24:12,-491039.760079383,-491039,-760079383,26,0,2,2299812417.0,137079,8424936,11,0,2
1829406312,2007-12-21 16:25:12,-491019.123876571,-491019,-123876571,26,0,2,2299812417.0,137079,8424936,11,0,2
1829406372,2007-12-21 16:26:12,-490999.245401381,-490999,-245401381,26,0,2,2299812417.0,137079,8424936,11,0,2
1829406432,2007-12-21 16:27:12,-490979.924236297,-490979,-924236297,26,0,2,2299812417.0,137079,8424936,11,0,2
1829406492,2007-12-21 16:28:12,-490960.954757689,-490960,-954757689,26,0,2,2299812417.0,137079,8424936,11,0,2
1829406552,2007-12-21 16:29:12,-490942.302262305,-490942,-302262305,26,0,2,2299812417.0,137079,8424936,11,0,2
1829406612,2007-12-21 16:30:12,-490923.719352721,-490923,-719352721,26,0,2,2299812417.0,137079,8424936,11,0,2
1829406672,2007-12-21 16:31:12,-490905.301881789,-490905,-301881789,26,0,2,2299812417.0,137079,8424936,11,0,2
1829406732,2007-12-21 16:32:12,-490886.940379142,-490886,-940379142,26,0,2,2299812417.0,137079,8424936,11,0,2
1829406792,2007-12-21 16:33:12,-490868.549230575,-490868,-549230575,26,0,2,2299812417.0,137079,8424936,11,0,2
1829406852,2007-12-21 16:34:12,-490850.198016166,-490850,-198016166,26,0,2,2299812417.0,137079,8424936,11,0,2
1829406912,2007-12-21 16:35:12,-490831.830511092,-490831,-830511092,26,0,2,2299812417.0,137079,8424936,11,0,2
1829406972,2007-12-21 16:36:12,-490813.366366385,-490813,-366366385,26,0,2,2299812417.0,137079,8424936,11,0,2
1829407032,2007-12-21 16:37:12,-490794.861635207,-490794,-861635207,26,0,2,2299812417.0,137079,8424936,11,0,2
1829407092,2007-12-21 16:38:12,-490776.352973937,-490776,-352973937,26,0,2,2299812417.0,137079,8424936,11,0,2
1829407152,2007-12-21 16:39:12,-490757.753849029,-490757,-753849029,26,0,2,2299812417.0,137079,8424936,11,0,2
1829407212,2007-12-21 16:40:12,-490739.117365836,-490739,-117365836,26,0,2,2299812417.0,137079,8424936,11,0,2
1829407272,2007-12-21 16:41:12,-490720.446165084,-490720,-446165084,26,0,2,2299812417.0,137079,8424936,11,0,2
1829407332,2007-12-21 16:42:12,-490701.666195868,-490701,-666195868,26,0,2,2299812417.0,137079,8424936,11,0,2
1829407392,2007-12-21 16:43:12,-490682.852662085,-490682,-852662085,26,0,2,2299812417.0,137079,8424936,11,0,2
1829407452,2007-12-21 16:44:12,-490664.119363784,-490664,-119363784,26,0,2,2299812417.0,137079,8424936,11,0,2
1829407512,2007-12-21 16:45:12,-490645.173480033,-490645,-173480033,26,0,2,2299812417.0,137079,8424936,11,0,2
1829407572,2007-12-21 16:46:12,-490626.289729117,-490626,-289729117,26,0,2,2299812417.0,137079,8424936,11,0,2
1829407632,2007-12-21 16:47:12,-490607.409648894,-490607,-409648894,26,0,2,2299812417.0,137079,8424936,11,0,2
1829407692,2007-12-21 16:48:12,-490588.488896369,-490588,-488896369,26,0,2,2299812417.0,137079,8424936,11,0,2
1829407752,2007-12-21 16:49:12,-490569.460932731,-490569,-460932731,26,0,2,2299812417.0,137079,8424936,11,0,2
1829407812,2007-12-21 16:50:12,-490550.360418319,-490550,-360418319,26,0,2,2299812417.0,137079,8424936,11,0,2
1829407872,2007-12-21 16:51:12,-490531.262660979,-490531,-262660979,26,0,2,2299812417.0,137079,8424936,11,0,2
1829407932,2007-12-21 16:52:12,-490512.201420783,-490512,-201420783,26,0,2,2299812417.0,137079,8424936,11,0,2
1829407992,2007-12-21 16:53:12,-490492.989727973,-490492,-989727973,26,0,2,2299812417.0,137079,8424936,11,0,2
1829408052,2007-12-21 16:54:12,-490473.752438544,-490473,-752438544,26,0,2,2299812417.0,137079,8424936,11,0,2
1829408112,2007-12-21 16:55:12,-490454.574395179,-490454,-574395179,26,0,2,2299812417.0,137079,8424936,11,0,2
1829429769,2007-12-21 22:56:09,-481946.606260299,-481946,-606260299,26,0,2,2299812417.0,137079,8424936,11,0,2
1829429829,2007-12-21 22:57:09,-481896.604496955,-481896,-604496955,26,0,2,2299812417.0,137079,8424936,11,0,2
1829429889,2007-12-21 22:58:09,-481853.887902259,-481853,-887902259,26,0,2,2299812417.0,137079,8424936,11,0,2
1829429913,2007-12-21 22:58:33,-495873.922883986,-495873,-922883986,45,0,2,2299812417.0,137079,8424936,11,0,2
1829429949,2007-12-21 22:59:09,-481816.558747291,-481816,-558747291,26,0,2,2299812417.0,137079,8424936,11,0,2
1829429973,2007-12-21 22:59:33,-495842.721899985,-495842,-721899985,45,0,2,2299812417.0,137079,8424936,11,0,2
1829430009,2007-12-21 23:00:09,-481782.569834708,-481782,-569834708,26,0,2,2299812417.0,137079,8424936,11,0,2
1829430033,2007-12-21 23:00:33,-495814.034955024,-495814,-34955024,45,0,2,2299812417.0,137079,8424936,11,0,2
1829430069,2007-12-21 23:01:09,-481750.919925689,-481750,-919925689,26,0,2,2299812417.0,137079,8424936,11,0,2
1829430093,2007-12-21 23:01:33,-495787.145477294,-495787,-145477294,45,0,2,2299812417.0,137079,8424936,11,0,2
1829430129,2007-12-21 23:02:09,-481720.950762748,-481720,-950762748,26,0,2,2299812417.0,137079,8424936,11,0,2
1829430153,2007-12-21 23:02:33,-495761.440429687,-495761,-440429687,45,0,2,2299812417.0,137079,8424936,11,0,2
1829430810,2007-12-21 23:13:30,-495500.234232902,-495500,-234232902,45,0,2,2299812417.0,137079,8424936,11,0,2
1829430811,2007-12-21 23:13:31,-481423.968849181,-481423,-968849181,26,0,2,2299812417.0,137079,8424936,11,0,2
1829430870,2007-12-21 23:14:30,-495477.026400565,-495477,-26400565,45,0,2,2299812417.0,137079,8424936,11,0,2
1829430871,2007-12-21 23:14:31,-481400.20106697,-481400,-201066970,26,0,2,2299812417.0,137079,8424936,11,0,2
1829430930,2007-12-21 23:15:30,-495453.956667899,-495453,-956667899,45,0,2,2299812417.0,137079,8424936,11,0,2
1829430931,2007-12-21 23:15:31,-481376.835062026,-481376,-835062026,26,0,2,2299812417.0,137079,8424936,11,0,2
1829430990,2007-12-21 23:16:30,-495430.888112067,-495430,-888112067,45,0,2,2299812417.0,137079,8424936,11,0,2
1829430991,2007-12-21 23:16:31,-481353.745991706,-481353,-745991706,26,0,2,2299812417.0,137079,8424936,11,0,2
1829431050,2007-12-21 23:17:30,-495407.814708709,-495407,-814708709,45,0,2,2299812417.0,137079,8424936,11,0,2
1829431051,2007-12-21 23:17:31,-481330.899920463,-481330,-899920463,26,0,2,2299812417.0,137079,8424936,11,0,2
1829431110,2007-12-21 23:18:30,-495384.76276493,-495384,-762764930,45,0,2,2299812417.0,137079,8424936,11,0,2
1829431111,2007-12-21 23:18:31,-481308.363240241,-481308,-363240241,26,0,2,2299812417.0,137079,8424936,11,0,2
1829431170,2007-12-21 23:19:30,-495361.809886931,-495361,-809886931,45,0,2,2299812417.0,137079,8424936,11,0,2
1829431171,2007-12-21 23:19:31,-481286.165549277,-481286,-165549277,26,0,2,2299812417.0,137079,8424936,11,0,2
1829431230,2007-12-21 23:20:30,-495338.780160903,-495338,-780160903,45,0,2,2299812417.0,137079,8424936,11,0,2
1829431231,2007-12-21 23:20:31,-481264.195423125,-481264,-195423125,26,0,2,2299812417.0,137079,8424936,11,0,2
1829431290,2007-12-21 23:21:30,-495315.727911948,-495315,-727911948,45,0,2,2299812417.0,137079,8424936,11,0,2
1829431291,2007-12-21 23:21:31,-481242.435170173,-481242,-435170173,26,0,2,2299812417.0,137079,8424936,11,0,2
1829432490,2007-12-21 23:41:30,-494846.525671958,-494846,-525671958,45,0,2,2299812417.0,137079,8424936,11,0,2
1829432491,2007-12-21 23:41:31,-480855.253921508,-480855,-253921508,26,0,2,2299812417.0,137079,8424936,11,0,2
1829432550,2007-12-21 23:42:30,-494822.160261153,-494822,-160261153,45,0,2,2299812417.0,137079,8424936,11,0,2
1829432551,2007-12-21 23:42:31,-480837.913306235,-480837,-913306235,26,0,2,2299812417.0,137079,8424936,11,0,2
1829432610,2007-12-21 23:43:30,-494797.807120322,-494797,-807120322,45,0,2,2299812417.0,137079,8424936,11,0,2
1829432611,2007-12-21 23:43:31,-480820.738696097,-480820,-738696097,26,0,2,2299812417.0,137079,8424936,11,0,2
1829432670,2007-12-21 23:44:30,-494773.375428199,-494773,-375428199,45,0,2,2299812417.0,137079,8424936,11,0,2
1829432671,2007-12-21 23:44:31,-480803.727871894,-480803,-727871894,26,0,2,2299812417.0,137079,8424936,11,0,2
1829432730,2007-12-21 23:45:30,-494748.897409438,-494748,-897409438,45,0,2,2299812417.0,137079,8424936,11,0,2
1829432731,2007-12-21 23:45:31,-480786.950792312,-480786,-950792312,26,0,2,2299812417.0,137079,8424936,11,0,2
1829432790,2007-12-21 23:46:30,-494724.298252105,-494724,-298252105,45,0,2,2299812417.0,137079,8424936,11,0,2
1829432791,2007-12-21 23:46:31,-480770.328135489,-480770,-328135489,26,0,2,2299812417.0,137079,8424936,11,0,2
1829432850,2007-12-21 23:47:30,-494699.672707557,-494699,-672707557,45,0,2,2299812417.0,137079,8424936,11,0,2
1829432851,2007-12-21 23:47:31,-480753.921059607,-480753,-921059607,26,0,2,2299812417.0,137079,8424936,11,0,2
1829432910,2007-12-21 23:48:30,-494674.993762015,-494674,-993762015,45,0,2,2299812417.0,137079,8424936,11,0,2
1829432911,2007-12-21 23:48:31,-480737.7292881,-480737,-729288100,26,0,2,2299812417.0,137079,8424936,11,0,2
1829432970,2007-12-21 23:49:30,-494650.29414749,-494650,-294147490,45,0,2,2299812417.0,137079,8424936,11,0,2
1829432971,2007-12-21 23:49:31,-480721.8021183,-480721,-802118300,26,0,2,2299812417.0,137079,8424936,11,0,2
1829492856,2007-12-22 16:27:36,-507720.399820327,-507720,-399820327,15,0,2,2299812417.0,137079,8424936,11,0,2
1829492916,2007-12-22 16:28:36,-507698.253118514,-507698,-253118514,15,0,2,2299812417.0,137079,8424936,11,0,2
1829492976,2007-12-22 16:29:36,-507677.449935912,-507677,-449935912,15,0,2,2299812417.0,137079,8424936,11,0,2
1829493036,2007-12-22 16:30:36,-507657.513369559,-507657,-513369559,15,0,2,2299812417.0,137079,8424936,11,0,2
1829493096,2007-12-22 16:31:36,-507638.623455047,-507638,-623455047,15,0,2,2299812417.0,137079,8424936,11,0,2
1829493156,2007-12-22 16:32:36,-507620.16454029,-507620,-164540290,15,0,2,2299812417.0,137079,8424936,11,0,2
1829493216,2007-12-22 16:33:36,-507602.054481505,-507602,-54481505,15,0,2,2299812417.0,137079,8424936,11,0,2
1829493276,2007-12-22 16:34:36,-507584.267142295,-507584,-267142295,15,0,2,2299812417.0,137079,8424936,11,0,2
1829493336,2007-12-22 16:35:36,-507566.733843802,-507566,-733843802,15,0,2,2299812417.0,137079,8424936,11,0,2
1829493396,2007-12-22 16:36:36,-507549.296006202,-507549,-296006202,15,0,2,2299812417.0,137079,8424936,11,0,2
1829493456,2007-12-22 16:37:36,-507531.999284743,-507531,-999284743,15,0,2,2299812417.0,137079,8424936,11,0,2
1829493516,2007-12-22 16:38:36,-507514.809692382,-507514,-809692382,15,0,2,2299812417.0,137079,8424936,11,0,2
1829493576,2007-12-22 16:39:36,-507497.631424903,-507497,-631424903,15,0,2,2299812417.0,137079,8424936,11,0,2
1829493636,2007-12-22 16:40:36,-507480.41315174,-507480,-413151740,15,0,2,2299812417.0,137079,8424936,11,0,2
1829493696,2007-12-22 16:41:36,-507463.171772002,-507463,-171772002,15,0,2,2299812417.0,137079,8424936,11,0,2
1829493756,2007-12-22 16:42:36,-507445.976159095,-507445,-976159095,15,0,2,2299812417.0,137079,8424936,11,0,2
1829493816,2007-12-22 16:43:36,-507428.666469573,-507428,-666469573,15,0,2,2299812417.0,137079,8424936,11,0,2
1829493876,2007-12-22 16:44:36,-507411.256402015,-507411,-256402015,15,0,2,2299812417.0,137079,8424936,11,0,2
1829493936,2007-12-22 16:45:36,-507393.829425811,-507393,-829425811,15,0,2,2299812417.0,137079,8424936,11,0,2
1829493996,2007-12-22 16:46:36,-507376.287189483,-507376,-287189483,15,0,2,2299812417.0,137079,8424936,11,0,2
1829494056,2007-12-22 16:47:36,-507358.693931579,-507358,-693931579,15,0,2,2299812417.0,137079,8424936,11,0,2
1829494116,2007-12-22 16:48:36,-507341.001280784,-507341,-1280784,15,0,2,2299812417.0,137079,8424936,11,0,2
1829494176,2007-12-22 16:49:36,-507323.296813964,-507323,-296813964,15,0,2,2299812417.0,137079,8424936,11,0,2
1829494236,2007-12-22 16:50:36,-507305.426862716,-507305,-426862716,15,0,2,2299812417.0,137079,8424936,11,0,2
1829494296,2007-12-22 16:51:36,-507287.484689712,-507287,-484689712,15,0,2,2299812417.0,137079,8424936,11,0,2
1829494356,2007-12-22 16:52:36,-507269.418189048,-507269,-418189048,15,0,2,2299812417.0,137079,8424936,11,0,2
1829494416,2007-12-22 16:53:36,-507251.13645935,-507251,-136459350,15,0,2,2299812417.0,137079,8424936,11,0,2
1829494476,2007-12-22 16:54:36,-507232.836596488,-507232,-836596488,15,0,2,2299812417.0,137079,8424936,11,0,2
1829494536,2007-12-22 16:55:36,-507214.431086539,-507214,-431086539,15,0,2,2299812417.0,137079,8424936,11,0,2
1829494596,2007-12-22 16:56:36,-507195.861299514,-507195,-861299514,15,0,2,2299812417.0,137079,8424936,11,0,2
1829494656,2007-12-22 16:57:36,-507177.173754691,-507177,-173754691,15,0,2,2299812417.0,137079,8424936,11,0,2
1829494716,2007-12-22 16:58:36,-507158.385910987,-507158,-385910987,15,0,2,2299812417.0,137079,8424936,11,0,2
1829494776,2007-12-22 16:59:36,-507139.475425719,-507139,-475425719,15,0,2,2299812417.0,137079,8424936,11,0,2
1829516174,2007-12-22 22:56:14,-498941.231093406,-498941,-231093406,15,0,2,2299812417.0,137079,8424936,11,0,2
1829516234,2007-12-22 22:57:14,-498890.092383384,-498890,-92383384,15,0,2,2299812417.0,137079,8424936,11,0,2
1829516294,2007-12-22 22:58:14,-498848.304533957,-498848,-304533957,15,0,2,2299812417.0,137079,8424936,11,0,2
1829516354,2007-12-22 22:59:14,-498811.84125328,-498811,-841253280,15,0,2,2299812417.0,137079,8424936,11,0,2
1829516414,2007-12-22 23:00:14,-498778.767319678,-498778,-767319678,15,0,2,2299812417.0,137079,8424936,11,0,2
1829516443,2007-12-22 23:00:43,-512791.906002044,-512791,-906002044,34,0,2,2299812417.0,137079,8424936,11,0,2
1829516474,2007-12-22 23:01:14,-498747.908111571,-498747,-908111571,15,0,2,2299812417.0,137079,8424936,11,0,2
1829516503,2007-12-22 23:01:43,-512766.341081618,-512766,-341081618,34,0,2,2299812417.0,137079,8424936,11,0,2
1829516534,2007-12-22 23:02:14,-498718.633086204,-498718,-633086204,15,0,2,2299812417.0,137079,8424936,11,0,2
1829517211,2007-12-22 23:13:31,-512495.203428267,-512495,-203428267,34,0,2,2299812417.0,137079,8424936,11,0,2
1829517211,2007-12-22 23:13:31,-498429.366794585,-498429,-366794585,15,0,2,2299812417.0,137079,8424936,11,0,2
1829517271,2007-12-22 23:14:31,-512472.494982718,-512472,-494982718,34,0,2,2299812417.0,137079,8424936,11,0,2
1829517271,2007-12-22 23:14:31,-498405.762042045,-498405,-762042045,15,0,2,2299812417.0,137079,8424936,11,0,2
1829517331,2007-12-22 23:15:31,-512449.855534553,-512449,-855534553,34,0,2,2299812417.0,137079,8424936,11,0,2
1829517331,2007-12-22 23:15:31,-498382.295267104,-498382,-295267104,15,0,2,2299812417.0,137079,8424936,11,0,2
1829517391,2007-12-22 23:16:31,-512427.209683417,-512427,-209683417,34,0,2,2299812417.0,137079,8424936,11,0,2
1829517391,2007-12-22 23:16:31,-498359.112953185,-498359,-112953185,15,0,2,2299812417.0,137079,8424936,11,0,2
1829517451,2007-12-22 23:17:31,-512404.50849533,-512404,-508495330,34,0,2,2299812417.0,137079,8424936,11,0,2
1829517451,2007-12-22 23:17:31,-498336.116544723,-498336,-116544723,15,0,2,2299812417.0,137079,8424936,11,0,2
1829517511,2007-12-22 23:18:31,-512381.769613265,-512381,-769613265,34,0,2,2299812417.0,137079,8424936,11,0,2
1829517511,2007-12-22 23:18:31,-498313.38332939,-498313,-383329390,15,0,2,2299812417.0,137079,8424936,11,0,2
1829517571,2007-12-22 23:19:31,-512359.059459685,-512359,-59459685,34,0,2,2299812417.0,137079,8424936,11,0,2
1829517571,2007-12-22 23:19:31,-498290.918076514,-498290,-918076514,15,0,2,2299812417.0,137079,8424936,11,0,2
1829517631,2007-12-22 23:20:31,-498268.60175991,-498268,-601759910,15,0,2,2299812417.0,137079,8424936,11,0,2
1829517631,2007-12-22 23:20:31,-512336.21495819,-512336,-214958190,34,0,2,2299812417.0,137079,8424936,11,0,2
1829517691,2007-12-22 23:21:31,-498246.551347732,-498246,-551347732,15,0,2,2299812417.0,137079,8424936,11,0,2
1829517691,2007-12-22 23:21:31,-512313.372064589,-512313,-372064589,34,0,2,2299812417.0,137079,8424936,11,0,2
1829518891,2007-12-22 23:41:31,-511853.989953994,-511853,-989953994,34,0,2,2299812417.0,137079,8424936,11,0,2
1829518891,2007-12-22 23:41:31,-497858.984598159,-497858,-984598159,15,0,2,2299812417.0,137079,8424936,11,0,2
1829518951,2007-12-22 23:42:31,-511830.86853218,-511830,-868532180,34,0,2,2299812417.0,137079,8424936,11,0,2
1829518951,2007-12-22 23:42:31,-497842.243484496,-497842,-243484496,15,0,2,2299812417.0,137079,8424936,11,0,2
1829519011,2007-12-22 23:43:31,-497825.813092231,-497825,-813092231,15,0,2,2299812417.0,137079,8424936,11,0,2
1829519011,2007-12-22 23:43:31,-511807.794679641,-511807,-794679641,34,0,2,2299812417.0,137079,8424936,11,0,2
1829519071,2007-12-22 23:44:31,-497809.639648437,-497809,-639648437,15,0,2,2299812417.0,137079,8424936,11,0,2
1829519071,2007-12-22 23:44:31,-511784.694662093,-511784,-694662093,34,0,2,2299812417.0,137079,8424936,11,0,2
1829519131,2007-12-22 23:45:31,-497793.726767539,-497793,-726767539,15,0,2,2299812417.0,137079,8424936,11,0,2
1829519131,2007-12-22 23:45:31,-511761.598495482,-511761,-598495482,34,0,2,2299812417.0,137079,8424936,11,0,2
1829519191,2007-12-22 23:46:31,-497777.944927215,-497777,-944927215,15,0,2,2299812417.0,137079,8424936,11,0,2
1829519191,2007-12-22 23:46:31,-511738.370133399,-511738,-370133399,34,0,2,2299812417.0,137079,8424936,11,0,2
1829519251,2007-12-22 23:47:31,-511715.091474532,-511715,-91474532,34,0,2,2299812417.0,137079,8424936,11,0,2
1829519251,2007-12-22 23:47:31,-497762.381379127,-497762,-381379127,15,0,2,2299812417.0,137079,8424936,11,0,2
1829519311,2007-12-22 23:48:31,-497747.007148742,-497747,-7148742,15,0,2,2299812417.0,137079,8424936,11,0,2
1829519311,2007-12-22 23:48:31,-511691.74518299,-511691,-745182990,34,0,2,2299812417.0,137079,8424936,11,0,2
1829519371,2007-12-22 23:49:31,-511668.358437537,-511668,-358437537,34,0,2,2299812417.0,137079,8424936,11,0,2
1829519371,2007-12-22 23:49:31,-497731.864183425,-497731,-864183425,15,0,2,2299812417.0,137079,8424936,11,0,2
1829520031,2007-12-23 00:00:31,-511405.719911574,-511405,-719911574,34,0,2,2299812417.0,137079,8424936,11,0,2
1829554254,2007-12-23 09:30:54,-519053.945969581,-519053,-945969581,55,0,2,2299812417.0,137079,8424936,11,0,2
1829554314,2007-12-23 09:31:54,-519031.541168212,-519031,-541168212,55,0,2,2299812417.0,137079,8424936,11,0,2
1829554374,2007-12-23 09:32:54,-519010.401556968,-519010,-401556968,55,0,2,2299812417.0,137079,8424936,11,0,2
1829554434,2007-12-23 09:33:54,-518990.327119826,-518990,-327119826,55,0,2,2299812417.0,137079,8424936,11,0,2
1829554494,2007-12-23 09:34:54,-518971.041343688,-518971,-41343688,55,0,2,2299812417.0,137079,8424936,11,0,2
1829554554,2007-12-23 09:35:54,-518952.345223426,-518952,-345223426,55,0,2,2299812417.0,137079,8424936,11,0,2
1829554614,2007-12-23 09:36:54,-518934.144538878,-518934,-144538878,55,0,2,2299812417.0,137079,8424936,11,0,2
1829554674,2007-12-23 09:37:54,-518916.260184287,-518916,-260184287,55,0,2,2299812417.0,137079,8424936,11,0,2
1829554734,2007-12-23 09:38:54,-518898.631923675,-518898,-631923675,55,0,2,2299812417.0,137079,8424936,11,0,2
1829554794,2007-12-23 09:39:54,-518881.200887679,-518881,-200887679,55,0,2,2299812417.0,137079,8424936,11,0,2
1829554854,2007-12-23 09:40:54,-518863.772676467,-518863,-772676467,55,0,2,2299812417.0,137079,8424936,11,0,2
1829554914,2007-12-23 09:41:54,-518846.493797301,-518846,-493797301,55,0,2,2299812417.0,137079,8424936,11,0,2
1829554974,2007-12-23 09:42:54,-518829.233307837,-518829,-233307837,55,0,2,2299812417.0,137079,8424936,11,0,2
1829555034,2007-12-23 09:43:54,-518811.98383808,-518811,-983838080,55,0,2,2299812417.0,137079,8424936,11,0,2
1829555094,2007-12-23 09:44:54,-518794.782654761,-518794,-782654761,55,0,2,2299812417.0,137079,8424936,11,0,2
1829555154,2007-12-23 09:45:54,-518777.438829421,-518777,-438829421,55,0,2,2299812417.0,137079,8424936,11,0,2
1829555214,2007-12-23 09:46:54,-518760.122428893,-518760,-122428893,55,0,2,2299812417.0,137079,8424936,11,0,2
1829555274,2007-12-23 09:47:54,-518742.881799697,-518742,-881799697,55,0,2,2299812417.0,137079,8424936,11,0,2
1829555334,2007-12-23 09:48:54,-518725.575080871,-518725,-575080871,55,0,2,2299812417.0,137079,8424936,11,0,2
1829555394,2007-12-23 09:49:54,-518708.255741118,-518708,-255741118,55,0,2,2299812417.0,137079,8424936,11,0,2
1829555454,2007-12-23 09:50:54,-518690.924877166,-518690,-924877166,55,0,2,2299812417.0,137079,8424936,11,0,2
1829555514,2007-12-23 09:51:54,-518673.477966308,-518673,-477966308,55,0,2,2299812417.0,137079,8424936,11,0,2
1829555574,2007-12-23 09:52:54,-518655.883021354,-518655,-883021354,55,0,2,2299812417.0,137079,8424936,11,0,2
1829555634,2007-12-23 09:53:54,-518638.371509551,-518638,-371509551,55,0,2,2299812417.0,137079,8424936,11,0,2
1829555694,2007-12-23 09:54:54,-518620.819960593,-518620,-819960593,55,0,2,2299812417.0,137079,8424936,11,0,2
1829555754,2007-12-23 09:55:54,-518603.18533039,-518603,-185330390,55,0,2,2299812417.0,137079,8424936,11,0,2
1829555814,2007-12-23 09:56:54,-518585.516298293,-518585,-516298293,55,0,2,2299812417.0,137079,8424936,11,0,2
1829555874,2007-12-23 09:57:54,-518567.766023635,-518567,-766023635,55,0,2,2299812417.0,137079,8424936,11,0,2
1829555934,2007-12-23 09:58:54,-518549.924307822,-518549,-924307822,55,0,2,2299812417.0,137079,8424936,11,0,2
1829555994,2007-12-23 09:59:54,-518532.039128303,-518532,-39128303,55,0,2,2299812417.0,137079,8424936,11,0,2
1829556054,2007-12-23 10:00:54,-518514.057559966,-518514,-57559966,55,0,2,2299812417.0,137079,8424936,11,0,2
1829556114,2007-12-23 10:01:54,-518496.018877028,-518496,-18877028,55,0,2,2299812417.0,137079,8424936,11,0,2
1829556174,2007-12-23 10:02:54,-518477.8454113,-518477,-845411300,55,0,2,2299812417.0,137079,8424936,11,0,2
1829556234,2007-12-23 10:03:54,-518459.583176612,-518459,-583176612,55,0,2,2299812417.0,137079,8424936,11,0,2
1829556294,2007-12-23 10:04:54,-518441.16364479,-518441,-163644790,55,0,2,2299812417.0,137079,8424936,11,0,2
1829578220,2007-12-23 16:10:20,-520670.237282752,-520670,-237282752,26,0,2,2299812417.0,137079,8424936,11,0,2
1829578280,2007-12-23 16:11:20,-520662.202974318,-520662,-202974318,26,0,2,2299812417.0,137079,8424936,11,0,2
1829578340,2007-12-23 16:12:20,-520654.118590354,-520654,-118590354,26,0,2,2299812417.0,137079,8424936,11,0,2
1829578400,2007-12-23 16:13:20,-520646.010130881,-520646,-10130881,26,0,2,2299812417.0,137079,8424936,11,0,2
1829578531,2007-12-23 16:15:31,-511245.180554389,-511245,-180554389,55,0,2,2299812417.0,137079,8424936,11,0,2
1829578557,2007-12-23 16:15:57,-526699.613150596,-526699,-613150596,26,0,2,2299812417.0,137079,8424936,11,0,2
1829578617,2007-12-23 16:16:57,-526652.746484755,-526652,-746484755,26,0,2,2299812417.0,137079,8424936,11,0,2
1829578677,2007-12-23 16:17:57,-526613.67884159,-526613,-678841590,26,0,2,2299812417.0,137079,8424936,11,0,2
1829578737,2007-12-23 16:18:57,-526579.716015815,-526579,-716015815,26,0,2,2299812417.0,137079,8424936,11,0,2
1829578797,2007-12-23 16:19:57,-526549.213606833,-526549,-213606833,26,0,2,2299812417.0,137079,8424936,11,0,2
1829578857,2007-12-23 16:20:57,-526520.883789062,-526520,-883789062,26,0,2,2299812417.0,137079,8424936,11,0,2
1829578917,2007-12-23 16:21:57,-526494.141406058,-526494,-141406058,26,0,2,2299812417.0,137079,8424936,11,0,2
1829578977,2007-12-23 16:22:57,-526468.380338668,-526468,-380338668,26,0,2,2299812417.0,137079,8424936,11,0,2
1829579037,2007-12-23 16:23:57,-526443.459635734,-526443,-459635734,26,0,2,2299812417.0,137079,8424936,11,0,2
1829579097,2007-12-23 16:24:57,-526419.030598639,-526419,-30598639,26,0,2,2299812417.0,137079,8424936,11,0,2
1829579157,2007-12-23 16:25:57,-526395.071484565,-526395,-71484565,26,0,2,2299812417.0,137079,8424936,11,0,2
1829579217,2007-12-23 16:26:57,-526371.430533408,-526371,-430533408,26,0,2,2299812417.0,137079,8424936,11,0,2
1829579277,2007-12-23 16:27:57,-526347.890299796,-526347,-890299796,26,0,2,2299812417.0,137079,8424936,11,0,2
1829579337,2007-12-23 16:28:57,-526324.572200774,-526324,-572200774,26,0,2,2299812417.0,137079,8424936,11,0,2
1829579397,2007-12-23 16:29:57,-526301.409504889,-526301,-409504889,26,0,2,2299812417.0,137079,8424936,11,0,2
1829579457,2007-12-23 16:30:57,-526278.368164062,-526278,-368164062,26,0,2,2299812417.0,137079,8424936,11,0,2
1829579517,2007-12-23 16:31:57,-526255.470572471,-526255,-470572471,26,0,2,2299812417.0,137079,8424936,11,0,2
1829579577,2007-12-23 16:32:57,-526232.587695121,-526232,-587695121,26,0,2,2299812417.0,137079,8424936,11,0,2
1829579637,2007-12-23 16:33:57,-526209.838802337,-526209,-838802337,26,0,2,2299812417.0,137079,8424936,11,0,2
1829579697,2007-12-23 16:34:57,-526187.09303379,-526187,-93033790,26,0,2,2299812417.0,137079,8424936,11,0,2
1829579757,2007-12-23 16:35:57,-526164.42044258,-526164,-420442580,26,0,2,2299812417.0,137079,8424936,11,0,2
1829579817,2007-12-23 16:36:57,-526141.78756523,-526141,-787565230,26,0,2,2299812417.0,137079,8424936,11,0,2
1829579877,2007-12-23 16:37:57,-526119.266470908,-526119,-266470908,26,0,2,2299812417.0,137079,8424936,11,0,2
1829579937,2007-12-23 16:38:57,-526096.677799224,-526096,-677799224,26,0,2,2299812417.0,137079,8424936,11,0,2
1829579997,2007-12-23 16:39:57,-526074.140755652,-526074,-140755652,26,0,2,2299812417.0,137079,8424936,11,0,2
1829580057,2007-12-23 16:40:57,-526051.642773627,-526051,-642773627,26,0,2,2299812417.0,137079,8424936,11,0,2
1829580117,2007-12-23 16:41:57,-526029.207616805,-526029,-207616805,26,0,2,2299812417.0,137079,8424936,11,0,2
1829580177,2007-12-23 16:42:57,-526006.887370109,-526006,-887370109,26,0,2,2299812417.0,137079,8424936,11,0,2
1829580237,2007-12-23 16:43:57,-525984.605859755,-525984,-605859755,26,0,2,2299812417.0,137079,8424936,11,0,2
1829580297,2007-12-23 16:44:57,-525962.272916793,-525962,-272916793,26,0,2,2299812417.0,137079,8424936,11,0,2
1829580357,2007-12-23 16:45:57,-525939.993684768,-525939,-993684768,26,0,2,2299812417.0,137079,8424936,11,0,2
1829580417,2007-12-23 16:46:57,-525917.728384971,-525917,-728384971,26,0,2,2299812417.0,137079,8424936,11,0,2
1829580477,2007-12-23 16:47:57,-525895.593814849,-525895,-593814849,26,0,2,2299812417.0,137079,8424936,11,0,2
1829580537,2007-12-23 16:48:57,-525873.487369536,-525873,-487369536,26,0,2,2299812417.0,137079,8424936,11,0,2
1829580597,2007-12-23 16:49:57,-525851.448958396,-525851,-448958396,26,0,2,2299812417.0,137079,8424936,11,0,2
1829580657,2007-12-23 16:50:57,-525829.441797255,-525829,-441797255,26,0,2,2299812417.0,137079,8424936,11,0,2
1829580717,2007-12-23 16:51:57,-525807.48743534,-525807,-487435340,26,0,2,2299812417.0,137079,8424936,11,0,2
1829580777,2007-12-23 16:52:57,-525785.527148246,-525785,-527148246,26,0,2,2299812417.0,137079,8424936,11,0,2
1829580837,2007-12-23 16:53:57,-525763.524869918,-525763,-524869918,26,0,2,2299812417.0,137079,8424936,11,0,2
1829580897,2007-12-23 16:54:57,-525741.698242187,-525741,-698242187,26,0,2,2299812417.0,137079,8424936,11,0,2
1829580957,2007-12-23 16:55:57,-525719.835677146,-525719,-835677146,26,0,2,2299812417.0,137079,8424936,11,0,2
1829581017,2007-12-23 16:56:57,-525697.927538871,-525697,-927538871,26,0,2,2299812417.0,137079,8424936,11,0,2
1829581077,2007-12-23 16:57:57,-525676.096484183,-525676,-96484183,26,0,2,2299812417.0,137079,8424936,11,0,2
1829581137,2007-12-23 16:58:57,-525654.28750038,-525654,-287500380,26,0,2,2299812417.0,137079,8424936,11,0,2
1829584499,2007-12-23 17:54:59,-524640.84002304,-524640,-840023040,26,0,2,2299812417.0,137079,8424936,11,0,2
1829584559,2007-12-23 17:55:59,-524614.935950278,-524614,-935950278,26,0,2,2299812417.0,137079,8424936,11,0,2
1829584619,2007-12-23 17:56:59,-524588.909482955,-524588,-909482955,26,0,2,2299812417.0,137079,8424936,11,0,2
1829584679,2007-12-23 17:57:59,-524562.86265087,-524562,-862650870,26,0,2,2299812417.0,137079,8424936,11,0,2
1829584739,2007-12-23 17:58:59,-524536.76486206,-524536,-764862060,26,0,2,2299812417.0,137079,8424936,11,0,2
1829584799,2007-12-23 17:59:59,-524510.595872878,-524510,-595872878,26,0,2,2299812417.0,137079,8424936,11,0,2
1829584859,2007-12-23 18:00:59,-524484.302510261,-524484,-302510261,26,0,2,2299812417.0,137079,8424936,11,0,2
1829584919,2007-12-23 18:01:59,-524457.988217353,-524457,-988217353,26,0,2,2299812417.0,137079,8424936,11,0,2
1829584979,2007-12-23 18:02:59,-524431.619764327,-524431,-619764327,26,0,2,2299812417.0,137079,8424936,11,0,2
1829585039,2007-12-23 18:03:59,-524405.151032447,-524405,-151032447,26,0,2,2299812417.0,137079,8424936,11,0,2
1829585099,2007-12-23 18:04:59,-524378.721581458,-524378,-721581458,26,0,2,2299812417.0,137079,8424936,11,0,2
1829585159,2007-12-23 18:05:59,-524352.106497764,-524352,-106497764,26,0,2,2299812417.0,137079,8424936,11,0,2
1829585219,2007-12-23 18:06:59,-524325.502334594,-524325,-502334594,26,0,2,2299812417.0,137079,8424936,11,0,2
1829585279,2007-12-23 18:07:59,-524298.783622741,-524298,-783622741,26,0,2,2299812417.0,137079,8424936,11,0,2
1829585339,2007-12-23 18:08:59,-524271.948561667,-524271,-948561667,26,0,2,2299812417.0,137079,8424936,11,0,2
1829585399,2007-12-23 18:09:59,-524245.091522216,-524245,-91522216,26,0,2,2299812417.0,137079,8424936,11,0,2
1829585459,2007-12-23 18:10:59,-524218.256140708,-524218,-256140708,26,0,2,2299812417.0,137079,8424936,11,0,2
1829585519,2007-12-23 18:11:59,-524191.320921897,-524191,-320921897,26,0,2,2299812417.0,137079,8424936,11,0,2
1829585579,2007-12-23 18:12:59,-524164.325561522,-524164,-325561522,26,0,2,2299812417.0,137079,8424936,11,0,2
1829585639,2007-12-23 18:13:59,-524137.253911017,-524137,-253911017,26,0,2,2299812417.0,137079,8424936,11,0,2
1829585699,2007-12-23 18:14:59,-524110.216276168,-524110,-216276168,26,0,2,2299812417.0,137079,8424936,11,0,2
1829585759,2007-12-23 18:15:59,-524083.235939025,-524083,-235939025,26,0,2,2299812417.0,137079,8424936,11,0,2
1829585819,2007-12-23 18:16:59,-524056.088459968,-524056,-88459968,26,0,2,2299812417.0,137079,8424936,11,0,2
1829585879,2007-12-23 18:17:59,-524028.968850135,-524028,-968850135,26,0,2,2299812417.0,137079,8424936,11,0,2
1829585939,2007-12-23 18:18:59,-524001.805331229,-524001,-805331229,26,0,2,2299812417.0,137079,8424936,11,0,2
1829585999,2007-12-23 18:19:59,-523974.623304366,-523974,-623304366,26,0,2,2299812417.0,137079,8424936,11,0,2
1829586059,2007-12-23 18:20:59,-523947.479854583,-523947,-479854583,26,0,2,2299812417.0,137079,8424936,11,0,2
1829586119,2007-12-23 18:21:59,-523920.289699553,-523920,-289699553,26,0,2,2299812417.0,137079,8424936,11,0,2
1829586179,2007-12-23 18:22:59,-523893.158808707,-523893,-158808707,26,0,2,2299812417.0,137079,8424936,11,0,2
1829586239,2007-12-23 18:23:59,-523865.962508201,-523865,-962508201,26,0,2,2299812417.0,137079,8424936,11,0,2
1829586299,2007-12-23 18:24:59,-523838.780159949,-523838,-780159949,26,0,2,2299812417.0,137079,8424936,11,0,2
1829602577,2007-12-23 22:56:17,-517463.769631385,-517463,-769631385,26,0,2,2299812417.0,137079,8424936,11,0,2
1829602637,2007-12-23 22:57:17,-517399.43841648,-517399,-438416480,26,0,2,2299812417.0,137079,8424936,11,0,2
1829602663,2007-12-23 22:57:43,-531388.762990951,-531388,-762990951,45,0,2,2299812417.0,137079,8424936,11,0,2
1829602697,2007-12-23 22:58:17,-517346.222887992,-517346,-222887992,26,0,2,2299812417.0,137079,8424936,11,0,2
1829602723,2007-12-23 22:58:43,-531344.683908462,-531344,-683908462,45,0,2,2299812417.0,137079,8424936,11,0,2
1829602757,2007-12-23 22:59:17,-517299.678350448,-517299,-678350448,26,0,2,2299812417.0,137079,8424936,11,0,2
1829602783,2007-12-23 22:59:43,-531306.022938727,-531306,-22938727,45,0,2,2299812417.0,137079,8424936,11,0,2
1829602817,2007-12-23 23:00:17,-517257.793398856,-517257,-793398856,26,0,2,2299812417.0,137079,8424936,11,0,2
1829602843,2007-12-23 23:00:43,-531270.870423316,-531270,-870423316,45,0,2,2299812417.0,137079,8424936,11,0,2
1829602877,2007-12-23 23:01:17,-517218.931886672,-517218,-931886672,26,0,2,2299812417.0,137079,8424936,11,0,2
1829602903,2007-12-23 23:01:43,-531238.173125266,-531238,-173125266,45,0,2,2299812417.0,137079,8424936,11,0,2
1829602937,2007-12-23 23:02:17,-517182.290032386,-517182,-290032386,26,0,2,2299812417.0,137079,8424936,11,0,2
1829603611,2007-12-23 23:13:31,-530909.245805739,-530909,-245805739,45,0,2,2299812417.0,137079,8424936,11,0,2
1829603611,2007-12-23 23:13:31,-516834.119451522,-516834,-119451522,26,0,2,2299812417.0,137079,8424936,11,0,2
1829603671,2007-12-23 23:14:31,-530883.251768111,-530883,-251768111,45,0,2,2299812417.0,137079,8424936,11,0,2
1829603671,2007-12-23 23:14:31,-516806.460321425,-516806,-460321425,26,0,2,2299812417.0,137079,8424936,11,0,2
1829603731,2007-12-23 23:15:31,-530857.364108085,-530857,-364108085,45,0,2,2299812417.0,137079,8424936,11,0,2
1829603731,2007-12-23 23:15:31,-516779.174195289,-516779,-174195289,26,0,2,2299812417.0,137079,8424936,11,0,2
1829603791,2007-12-23 23:16:31,-516752.236063003,-516752,-236063003,26,0,2,2299812417.0,137079,8424936,11,0,2
1829603791,2007-12-23 23:16:31,-530831.553163527,-530831,-553163527,45,0,2,2299812417.0,137079,8424936,11,0,2
1829603851,2007-12-23 23:17:31,-516725.668929099,-516725,-668929099,26,0,2,2299812417.0,137079,8424936,11,0,2
1829603851,2007-12-23 23:17:31,-530805.844283103,-530805,-844283103,45,0,2,2299812417.0,137079,8424936,11,0,2
1829603911,2007-12-23 23:18:31,-516699.484788894,-516699,-484788894,26,0,2,2299812417.0,137079,8424936,11,0,2
1829603911,2007-12-23 23:18:31,-530780.257343291,-530780,-257343291,45,0,2,2299812417.0,137079,8424936,11,0,2
1829603971,2007-12-23 23:19:31,-516673.642889976,-516673,-642889976,26,0,2,2299812417.0,137079,8424936,11,0,2
1829603971,2007-12-23 23:19:31,-530754.745735167,-530754,-745735167,45,0,2,2299812417.0,137079,8424936,11,0,2
1829604031,2007-12-23 23:20:31,-530729.330033301,-530729,-330033301,45,0,2,2299812417.0,137079,8424936,11,0,2
1829604031,2007-12-23 23:20:31,-516648.177574157,-516648,-177574157,26,0,2,2299812417.0,137079,8424936,11,0,2
1829604091,2007-12-23 23:21:31,-516622.963469504,-516622,-963469504,26,0,2,2299812417.0,137079,8424936,11,0,2
1829604091,2007-12-23 23:21:31,-530703.9089365,-530703,-908936500,45,0,2,2299812417.0,137079,8424936,11,0,2
1829605291,2007-12-23 23:41:31,-516176.552894591,-516176,-552894591,26,0,2,2299812417.0,137079,8424936,11,0,2
1829605291,2007-12-23 23:41:31,-530197.248823165,-530197,-248823165,45,0,2,2299812417.0,137079,8424936,11,0,2
1829605351,2007-12-23 23:42:31,-516156.714820861,-516156,-714820861,26,0,2,2299812417.0,137079,8424936,11,0,2
1829605351,2007-12-23 23:42:31,-530171.588316916,-530171,-588316916,45,0,2,2299812417.0,137079,8424936,11,0,2
1829605411,2007-12-23 23:43:31,-516137.069934844,-516137,-69934844,26,0,2,2299812417.0,137079,8424936,11,0,2
1829605411,2007-12-23 23:43:31,-530145.871899604,-530145,-871899604,45,0,2,2299812417.0,137079,8424936,11,0,2
1829605471,2007-12-23 23:44:31,-516117.780987739,-516117,-780987739,26,0,2,2299812417.0,137079,8424936,11,0,2
1829605471,2007-12-23 23:44:31,-530120.237869262,-530120,-237869262,45,0,2,2299812417.0,137079,8424936,11,0,2
1829605531,2007-12-23 23:45:31,-516098.688382148,-516098,-688382148,26,0,2,2299812417.0,137079,8424936,11,0,2
1829605531,2007-12-23 23:45:31,-530094.531581878,-530094,-531581878,45,0,2,2299812417.0,137079,8424936,11,0,2
1829605591,2007-12-23 23:46:31,-516079.871402739,-516079,-871402739,26,0,2,2299812417.0,137079,8424936,11,0,2
1829605591,2007-12-23 23:46:31,-530068.837712287,-530068,-837712287,45,0,2,2299812417.0,137079,8424936,11,0,2
1829605651,2007-12-23 23:47:31,-530043.158562659,-530043,-158562659,45,0,2,2299812417.0,137079,8424936,11,0,2
1829605651,2007-12-23 23:47:31,-516061.330220221,-516061,-330220221,26,0,2,2299812417.0,137079,8424936,11,0,2
1829605711,2007-12-23 23:48:31,-530017.422787665,-530017,-422787665,45,0,2,2299812417.0,137079,8424936,11,0,2
1829605711,2007-12-23 23:48:31,-516043.009453772,-516043,-9453772,26,0,2,2299812417.0,137079,8424936,11,0,2
1829605771,2007-12-23 23:49:31,-516024.953577041,-516024,-953577041,26,0,2,2299812417.0,137079,8424936,11,0,2
1829605771,2007-12-23 23:49:31,-529991.700236319,-529991,-700236319,45,0,2,2299812417.0,137079,8424936,11,0,2
1829606431,2007-12-24 00:00:31,-515844.312107085,-515844,-312107085,26,0,2,2299812417.0,137079,8424936,11,0,2
1829606431,2007-12-24 00:00:31,-529709.203449248,-529709,-203449248,45,0,2,2299812417.0,137079,8424936,11,0,2
1829640976,2007-12-24 09:36:16,-537295.362965583,-537295,-362965583,55,0,2,2299812417.0,137079,8424936,11,0,2
1829641036,2007-12-24 09:37:16,-537279.151376723,-537279,-151376723,55,0,2,2299812417.0,137079,8424936,11,0,2
1829641096,2007-12-24 09:38:16,-537262.205032348,-537262,-205032348,55,0,2,2299812417.0,137079,8424936,11,0,2
1829641156,2007-12-24 09:39:16,-537245.468035697,-537245,-468035697,55,0,2,2299812417.0,137079,8424936,11,0,2
1829641216,2007-12-24 09:40:16,-537228.912884711,-537228,-912884711,55,0,2,2299812417.0,137079,8424936,11,0,2
1829641276,2007-12-24 09:41:16,-537212.325733184,-537212,-325733184,55,0,2,2299812417.0,137079,8424936,11,0,2
1829641336,2007-12-24 09:42:16,-537195.712047576,-537195,-712047576,55,0,2,2299812417.0,137079,8424936,11,0,2
1829641396,2007-12-24 09:43:16,-537179.188271522,-537179,-188271522,55,0,2,2299812417.0,137079,8424936,11,0,2
1829641456,2007-12-24 09:44:16,-537162.573308944,-537162,-573308944,55,0,2,2299812417.0,137079,8424936,11,0,2
1829641516,2007-12-24 09:45:16,-537145.8642807,-537145,-864280700,55,0,2,2299812417.0,137079,8424936,11,0,2
1829641576,2007-12-24 09:46:16,-537129.054463386,-537129,-54463386,55,0,2,2299812417.0,137079,8424936,11,0,2
1829641636,2007-12-24 09:47:16,-537112.192242621,-537112,-192242621,55,0,2,2299812417.0,137079,8424936,11,0,2
1829641696,2007-12-24 09:48:16,-537095.199951171,-537095,-199951171,55,0,2,2299812417.0,137079,8424936,11,0,2
1829641756,2007-12-24 09:49:16,-537078.134174346,-537078,-134174346,55,0,2,2299812417.0,137079,8424936,11,0,2
1829641816,2007-12-24 09:50:16,-537060.920785903,-537060,-920785903,55,0,2,2299812417.0,137079,8424936,11,0,2
1829641876,2007-12-24 09:51:16,-537043.654971122,-537043,-654971122,55,0,2,2299812417.0,137079,8424936,11,0,2
1829641936,2007-12-24 09:52:16,-537026.169038772,-537026,-169038772,55,0,2,2299812417.0,137079,8424936,11,0,2
1829641996,2007-12-24 09:53:16,-537008.59723091,-537008,-597230910,55,0,2,2299812417.0,137079,8424936,11,0,2
1829642056,2007-12-24 09:54:16,-536990.968010901,-536990,-968010901,55,0,2,2299812417.0,137079,8424936,11,0,2
1829642116,2007-12-24 09:55:16,-536973.301137923,-536973,-301137923,55,0,2,2299812417.0,137079,8424936,11,0,2
1829642176,2007-12-24 09:56:16,-536955.49880886,-536955,-498808860,55,0,2,2299812417.0,137079,8424936,11,0,2
1829642236,2007-12-24 09:57:16,-536937.504598617,-536937,-504598617,55,0,2,2299812417.0,137079,8424936,11,0,2
1829642296,2007-12-24 09:58:16,-536919.516076087,-536919,-516076087,55,0,2,2299812417.0,137079,8424936,11,0,2
1829642356,2007-12-24 09:59:16,-536901.37144184,-536901,-371441840,55,0,2,2299812417.0,137079,8424936,11,0,2
1829642416,2007-12-24 10:00:16,-536883.140064239,-536883,-140064239,55,0,2,2299812417.0,137079,8424936,11,0,2
1829642476,2007-12-24 10:01:16,-536864.848753928,-536864,-848753928,55,0,2,2299812417.0,137079,8424936,11,0,2
1829642536,2007-12-24 10:02:16,-536846.507001876,-536846,-507001876,55,0,2,2299812417.0,137079,8424936,11,0,2
1829642596,2007-12-24 10:03:16,-536828.04643154,-536828,-46431540,55,0,2,2299812417.0,137079,8424936,11,0,2
1829642656,2007-12-24 10:04:16,-536809.619488715,-536809,-619488715,55,0,2,2299812417.0,137079,8424936,11,0,2
1829666233,2007-12-24 16:37:13,-544768.492790221,-544768,-492790221,24,0,2,2299812417.0,137079,8424936,11,0,2
1829666293,2007-12-24 16:38:13,-544751.814943313,-544751,-814943313,24,0,2,2299812417.0,137079,8424936,11,0,2
1829666353,2007-12-24 16:39:13,-544735.126115798,-544735,-126115798,24,0,2,2299812417.0,137079,8424936,11,0,2
1829666413,2007-12-24 16:40:13,-544718.451620101,-544718,-451620101,24,0,2,2299812417.0,137079,8424936,11,0,2
1829666473,2007-12-24 16:41:13,-544701.642855643,-544701,-642855643,24,0,2,2299812417.0,137079,8424936,11,0,2
1829666533,2007-12-24 16:42:13,-544684.764995574,-544684,-764995574,24,0,2,2299812417.0,137079,8424936,11,0,2
1829666593,2007-12-24 16:43:13,-544667.866460799,-544667,-866460799,24,0,2,2299812417.0,137079,8424936,11,0,2
1829666653,2007-12-24 16:44:13,-544650.935388564,-544650,-935388564,24,0,2,2299812417.0,137079,8424936,11,0,2
1829666713,2007-12-24 16:45:13,-544633.788999556,-544633,-788999556,24,0,2,2299812417.0,137079,8424936,11,0,2
1829666773,2007-12-24 16:46:13,-544616.688642501,-544616,-688642501,24,0,2,2299812417.0,137079,8424936,11,0,2
1829666833,2007-12-24 16:47:13,-544599.424968718,-544599,-424968718,24,0,2,2299812417.0,137079,8424936,11,0,2
1829666893,2007-12-24 16:48:13,-544582.117887496,-544582,-117887496,24,0,2,2299812417.0,137079,8424936,11,0,2
1829666953,2007-12-24 16:49:13,-544564.719117164,-544564,-719117164,24,0,2,2299812417.0,137079,8424936,11,0,2
1829667013,2007-12-24 16:50:13,-544547.290896415,-544547,-290896415,24,0,2,2299812417.0,137079,8424936,11,0,2
1829667073,2007-12-24 16:51:13,-544529.68179798,-544529,-681797980,24,0,2,2299812417.0,137079,8424936,11,0,2
1829667133,2007-12-24 16:52:13,-544511.925225257,-544511,-925225257,24,0,2,2299812417.0,137079,8424936,11,0,2
1829667193,2007-12-24 16:53:13,-544494.037150382,-544494,-37150382,24,0,2,2299812417.0,137079,8424936,11,0,2
1829667253,2007-12-24 16:54:13,-544476.131811141,-544476,-131811141,24,0,2,2299812417.0,137079,8424936,11,0,2
1829667313,2007-12-24 16:55:13,-544458.05228424,-544458,-52284240,24,0,2,2299812417.0,137079,8424936,11,0,2
1829667373,2007-12-24 16:56:13,-544439.872213363,-544439,-872213363,24,0,2,2299812417.0,137079,8424936,11,0,2
1829667433,2007-12-24 16:57:13,-544421.56721115,-544421,-567211150,24,0,2,2299812417.0,137079,8424936,11,0,2
1829667493,2007-12-24 16:58:13,-544403.218705176,-544403,-218705176,24,0,2,2299812417.0,137079,8424936,11,0,2
1829667553,2007-12-24 16:59:13,-544384.733813285,-544384,-733813285,24,0,2,2299812417.0,137079,8424936,11,0,2
1829667613,2007-12-24 17:00:13,-544366.13959217,-544366,-139592170,24,0,2,2299812417.0,137079,8424936,11,0,2
1829667673,2007-12-24 17:01:13,-544347.508376121,-544347,-508376121,24,0,2,2299812417.0,137079,8424936,11,0,2
1829667733,2007-12-24 17:02:13,-544328.74210739,-544328,-742107390,24,0,2,2299812417.0,137079,8424936,11,0,2
1829667793,2007-12-24 17:03:13,-544309.923716544,-544309,-923716544,24,0,2,2299812417.0,137079,8424936,11,0,2
1829667853,2007-12-24 17:04:13,-544290.992599486,-544290,-992599486,24,0,2,2299812417.0,137079,8424936,11,0,2
1829667913,2007-12-24 17:05:13,-544271.973092078,-544271,-973092078,24,0,2,2299812417.0,137079,8424936,11,0,2
1829667973,2007-12-24 17:06:13,-544252.971221923,-544252,-971221923,24,0,2,2299812417.0,137079,8424936,11,0,2
1829668033,2007-12-24 17:07:13,-544233.84484291,-544233,-844842910,24,0,2,2299812417.0,137079,8424936,11,0,2
1829668093,2007-12-24 17:08:13,-544214.566066741,-544214,-566066741,24,0,2,2299812417.0,137079,8424936,11,0,2
1829668153,2007-12-24 17:09:13,-544195.242218017,-544195,-242218017,24,0,2,2299812417.0,137079,8424936,11,0,2
1829668213,2007-12-24 17:10:13,-544175.845377921,-544175,-845377921,24,0,2,2299812417.0,137079,8424936,11,0,2
1829668273,2007-12-24 17:11:13,-544156.544949531,-544156,-544949531,24,0,2,2299812417.0,137079,8424936,11,0,2
1829668333,2007-12-24 17:12:13,-544137.059446334,-544137,-59446334,24,0,2,2299812417.0,137079,8424936,11,0,2
1829668393,2007-12-24 17:13:13,-544117.57609558,-544117,-576095580,24,0,2,2299812417.0,137079,8424936,11,0,2
1829668453,2007-12-24 17:14:13,-544098.050658225,-544098,-50658225,24,0,2,2299812417.0,137079,8424936,11,0,2
1829778969,2007-12-25 23:56:09,-567241.394672393,-567241,-394672393,43,0,2,2299812417.0,137079,8424936,11,0,2
1829779029,2007-12-25 23:57:09,-567215.55618286,-567215,-556182860,43,0,2,2299812417.0,137079,8424936,11,0,2
1829779089,2007-12-25 23:58:09,-567189.744259833,-567189,-744259833,43,0,2,2299812417.0,137079,8424936,11,0,2
1829779149,2007-12-25 23:59:09,-567165.244907378,-567165,-244907378,43,0,2,2299812417.0,137079,8424936,11,0,2
1829779209,2007-12-26 00:00:09,-567141.545958518,-567141,-545958518,43,0,2,2299812417.0,137079,8424936,11,0,2
1829779269,2007-12-26 00:01:09,-567118.656882285,-567118,-656882285,43,0,2,2299812417.0,137079,8424936,11,0,2
1829779329,2007-12-26 00:02:09,-567096.234709739,-567096,-234709739,43,0,2,2299812417.0,137079,8424936,11,0,2
1829779389,2007-12-26 00:03:09,-567074.198312758,-567074,-198312758,43,0,2,2299812417.0,137079,8424936,11,0,2
1829779449,2007-12-26 00:04:09,-567052.387742042,-567052,-387742042,43,0,2,2299812417.0,137079,8424936,11,0,2
1829779509,2007-12-26 00:05:09,-567030.742656707,-567030,-742656707,43,0,2,2299812417.0,137079,8424936,11,0,2
1829779569,2007-12-26 00:06:09,-567009.109814643,-567009,-109814643,43,0,2,2299812417.0,137079,8424936,11,0,2
1829779629,2007-12-26 00:07:09,-566987.593367576,-566987,-593367576,43,0,2,2299812417.0,137079,8424936,11,0,2
1829779689,2007-12-26 00:08:09,-566966.055990218,-566966,-55990218,43,0,2,2299812417.0,137079,8424936,11,0,2
1829779749,2007-12-26 00:09:09,-566944.430213927,-566944,-430213927,43,0,2,2299812417.0,137079,8424936,11,0,2
1829779809,2007-12-26 00:10:09,-566922.799447059,-566922,-799447059,43,0,2,2299812417.0,137079,8424936,11,0,2
1829779869,2007-12-26 00:11:09,-566901.143867492,-566901,-143867492,43,0,2,2299812417.0,137079,8424936,11,0,2
1829779929,2007-12-26 00:12:09,-566879.315425872,-566879,-315425872,43,0,2,2299812417.0,137079,8424936,11,0,2
1829779989,2007-12-26 00:13:09,-566857.444424628,-566857,-444424628,43,0,2,2299812417.0,137079,8424936,11,0,2
1829780049,2007-12-26 00:14:09,-566835.531658172,-566835,-531658172,43,0,2,2299812417.0,137079,8424936,11,0,2
1829780109,2007-12-26 00:15:09,-566813.499579429,-566813,-499579429,43,0,2,2299812417.0,137079,8424936,11,0,2
1829780169,2007-12-26 00:16:09,-566791.375753402,-566791,-375753402,43,0,2,2299812417.0,137079,8424936,11,0,2
1829780229,2007-12-26 00:17:09,-566769.153549193,-566769,-153549193,43,0,2,2299812417.0,137079,8424936,11,0,2
1829780289,2007-12-26 00:18:09,-566746.794401168,-566746,-794401168,43,0,2,2299812417.0,137079,8424936,11,0,2
1829780349,2007-12-26 00:19:09,-566724.382022857,-566724,-382022857,43,0,2,2299812417.0,137079,8424936,11,0,2
1829780409,2007-12-26 00:20:09,-566701.890321731,-566701,-890321731,43,0,2,2299812417.0,137079,8424936,11,0,2
1829780469,2007-12-26 00:21:09,-566679.317978858,-566679,-317978858,43,0,2,2299812417.0,137079,8424936,11,0,2
1829780529,2007-12-26 00:22:09,-566656.73427391,-566656,-734273910,43,0,2,2299812417.0,137079,8424936,11,0,2
1829780589,2007-12-26 00:23:09,-566633.947761535,-566633,-947761535,43,0,2,2299812417.0,137079,8424936,11,0,2
1829780649,2007-12-26 00:24:09,-566611.15631008,-566611,-156310080,43,0,2,2299812417.0,137079,8424936,11,0,2
1829780709,2007-12-26 00:25:09,-566588.296606063,-566588,-296606063,43,0,2,2299812417.0,137079,8424936,11,0,2
1829780769,2007-12-26 00:26:09,-566565.251976012,-566565,-251976012,43,0,2,2299812417.0,137079,8424936,11,0,2
1829780829,2007-12-26 00:27:09,-566542.266140937,-566542,-266140937,43,0,2,2299812417.0,137079,8424936,11,0,2
1829780889,2007-12-26 00:28:09,-566519.221905707,-566519,-221905707,43,0,2,2299812417.0,137079,8424936,11,0,2
1829780949,2007-12-26 00:29:09,-566496.128432273,-566496,-128432273,43,0,2,2299812417.0,137079,8424936,11,0,2
1829811943,2007-12-26 09:05:43,-576682.560216903,-576682,-560216903,65,0,2,2299812417.0,137079,8424936,11,0,2
1829812003,2007-12-26 09:06:43,-576668.554189681,-576668,-554189681,65,0,2,2299812417.0,137079,8424936,11,0,2
1829812063,2007-12-26 09:07:43,-576654.618112563,-576654,-618112563,65,0,2,2299812417.0,137079,8424936,11,0,2
1829812123,2007-12-26 09:08:43,-576640.806715011,-576640,-806715011,65,0,2,2299812417.0,137079,8424936,11,0,2
1829812183,2007-12-26 09:09:43,-576627.111577987,-576627,-111577987,65,0,2,2299812417.0,137079,8424936,11,0,2
1829812243,2007-12-26 09:10:43,-576613.475125312,-576613,-475125312,65,0,2,2299812417.0,137079,8424936,11,0,2
1829812303,2007-12-26 09:11:43,-576599.846728324,-576599,-846728324,65,0,2,2299812417.0,137079,8424936,11,0,2
1829812363,2007-12-26 09:12:43,-576586.186399459,-576586,-186399459,65,0,2,2299812417.0,137079,8424936,11,0,2
1829812423,2007-12-26 09:13:43,-576572.610455512,-576572,-610455512,65,0,2,2299812417.0,137079,8424936,11,0,2
1829812483,2007-12-26 09:14:43,-576558.992091178,-576558,-992091178,65,0,2,2299812417.0,137079,8424936,11,0,2
1829812543,2007-12-26 09:15:43,-576545.40817356,-576545,-408173560,65,0,2,2299812417.0,137079,8424936,11,0,2
1829812603,2007-12-26 09:16:43,-576531.736937522,-576531,-736937522,65,0,2,2299812417.0,137079,8424936,11,0,2
1829812663,2007-12-26 09:17:43,-576518.121490478,-576518,-121490478,65,0,2,2299812417.0,137079,8424936,11,0,2
1829812723,2007-12-26 09:18:43,-576504.446918487,-576504,-446918487,65,0,2,2299812417.0,137079,8424936,11,0,2
1829812783,2007-12-26 09:19:43,-576490.755696296,-576490,-755696296,65,0,2,2299812417.0,137079,8424936,11,0,2
1829812843,2007-12-26 09:20:43,-576477.086174964,-576477,-86174964,65,0,2,2299812417.0,137079,8424936,11,0,2
1829812903,2007-12-26 09:21:43,-576463.251709937,-576463,-251709937,65,0,2,2299812417.0,137079,8424936,11,0,2
1829812963,2007-12-26 09:22:43,-576449.446550368,-576449,-446550368,65,0,2,2299812417.0,137079,8424936,11,0,2
1829813023,2007-12-26 09:23:43,-576435.509495734,-576435,-509495734,65,0,2,2299812417.0,137079,8424936,11,0,2
1829813083,2007-12-26 09:24:43,-576421.563742637,-576421,-563742637,65,0,2,2299812417.0,137079,8424936,11,0,2
1829813143,2007-12-26 09:25:43,-576407.527737616,-576407,-527737616,65,0,2,2299812417.0,137079,8424936,11,0,2
1829813203,2007-12-26 09:26:43,-576393.319017409,-576393,-319017409,65,0,2,2299812417.0,137079,8424936,11,0,2
1829813263,2007-12-26 09:27:43,-576379.107229232,-576379,-107229232,65,0,2,2299812417.0,137079,8424936,11,0,2
1829813323,2007-12-26 09:28:43,-576364.849337577,-576364,-849337577,65,0,2,2299812417.0,137079,8424936,11,0,2
1829813383,2007-12-26 09:29:43,-576350.499072074,-576350,-499072074,65,0,2,2299812417.0,137079,8424936,11,0,2
1829813443,2007-12-26 09:30:43,-576335.974295615,-576335,-974295615,65,0,2,2299812417.0,137079,8424936,11,0,2
1829813503,2007-12-26 09:31:43,-576321.381800651,-576321,-381800651,65,0,2,2299812417.0,137079,8424936,11,0,2
1829813563,2007-12-26 09:32:43,-576306.72066307,-576306,-720663070,65,0,2,2299812417.0,137079,8424936,11,0,2
1829813623,2007-12-26 09:33:43,-576291.854776381,-576291,-854776381,65,0,2,2299812417.0,137079,8424936,11,0,2
1829813683,2007-12-26 09:34:43,-576276.843147277,-576276,-843147277,65,0,2,2299812417.0,137079,8424936,11,0,2
1829813743,2007-12-26 09:35:43,-576261.761360167,-576261,-761360167,65,0,2,2299812417.0,137079,8424936,11,0,2
1829813803,2007-12-26 09:36:43,-576246.597036361,-576246,-597036361,65,0,2,2299812417.0,137079,8424936,11,0,2
1829813863,2007-12-26 09:37:43,-576231.300120353,-576231,-300120353,65,0,2,2299812417.0,137079,8424936,11,0,2
1829813923,2007-12-26 09:38:43,-576215.87459278,-576215,-874592780,65,0,2,2299812417.0,137079,8424936,11,0,2
1829813983,2007-12-26 09:39:43,-576200.424350738,-576200,-424350738,65,0,2,2299812417.0,137079,8424936,11,0,2
1829814043,2007-12-26 09:40:43,-576184.769963263,-576184,-769963263,65,0,2,2299812417.0,137079,8424936,11,0,2
1829814103,2007-12-26 09:41:43,-576169.035915374,-576169,-35915374,65,0,2,2299812417.0,137079,8424936,11,0,2
1829814163,2007-12-26 09:42:43,-576153.257995604,-576153,-257995604,65,0,2,2299812417.0,137079,8424936,11,0,2
1829814223,2007-12-26 09:43:43,-576137.29492855,-576137,-294928550,65,0,2,2299812417.0,137079,8424936,11,0,2
1829814283,2007-12-26 09:44:43,-576121.257577895,-576121,-257577895,65,0,2,2299812417.0,137079,8424936,11,0,2
1829814343,2007-12-26 09:45:43,-576105.188302039,-576105,-188302039,65,0,2,2299812417.0,137079,8424936,11,0,2
1829814403,2007-12-26 09:46:43,-576088.999140738,-576088,-999140738,65,0,2,2299812417.0,137079,8424936,11,0,2
1829814463,2007-12-26 09:47:43,-576072.716950416,-576072,-716950416,65,0,2,2299812417.0,137079,8424936,11,0,2
1829814523,2007-12-26 09:48:43,-576056.429324149,-576056,-429324149,65,0,2,2299812417.0,137079,8424936,11,0,2
1829814583,2007-12-26 09:49:43,-576040.039860724,-576040,-39860724,65,0,2,2299812417.0,137079,8424936,11,0,2
1829814643,2007-12-26 09:50:43,-576023.492224692,-576023,-492224692,65,0,2,2299812417.0,137079,8424936,11,0,2
1829814703,2007-12-26 09:51:43,-576006.966683387,-576006,-966683387,65,0,2,2299812417.0,137079,8424936,11,0,2
1829814763,2007-12-26 09:52:43,-575990.394613265,-575990,-394613265,65,0,2,2299812417.0,137079,8424936,11,0,2
1829814823,2007-12-26 09:53:43,-575973.779787063,-575973,-779787063,65,0,2,2299812417.0,137079,8424936,11,0,2
1829814883,2007-12-26 09:54:43,-575957.15419197,-575957,-154191970,65,0,2,2299812417.0,137079,8424936,11,0,2
1829814943,2007-12-26 09:55:43,-575940.455883025,-575940,-455883025,65,0,2,2299812417.0,137079,8424936,11,0,2
1829815003,2007-12-26 09:56:43,-575923.697704314,-575923,-697704314,65,0,2,2299812417.0,137079,8424936,11,0,2
1829837758,2007-12-26 16:15:58,-584530.321941375,-584530,-321941375,14,0,2,2299812417.0,137079,8424936,11,0,2
1829837818,2007-12-26 16:16:58,-584494.977854728,-584494,-977854728,14,0,2,2299812417.0,137079,8424936,11,0,2
1829837878,2007-12-26 16:17:58,-584465.620681762,-584465,-620681762,14,0,2,2299812417.0,137079,8424936,11,0,2
1829837938,2007-12-26 16:18:58,-584438.834543227,-584438,-834543227,14,0,2,2299812417.0,137079,8424936,11,0,2
1829837998,2007-12-26 16:19:58,-584414.120076179,-584414,-120076179,14,0,2,2299812417.0,137079,8424936,11,0,2
1829838058,2007-12-26 16:20:58,-584390.997676848,-584390,-997676848,14,0,2,2299812417.0,137079,8424936,11,0,2
1829838118,2007-12-26 16:21:58,-584369.032787322,-584369,-32787322,14,0,2,2299812417.0,137079,8424936,11,0,2
1829838178,2007-12-26 16:22:58,-584348.106219291,-584348,-106219291,14,0,2,2299812417.0,137079,8424936,11,0,2
1829838238,2007-12-26 16:23:58,-584327.87697792,-584327,-876977920,14,0,2,2299812417.0,137079,8424936,11,0,2
1829838298,2007-12-26 16:24:58,-584308.117216109,-584308,-117216109,14,0,2,2299812417.0,137079,8424936,11,0,2
1829838358,2007-12-26 16:25:58,-584288.791873931,-584288,-791873931,14,0,2,2299812417.0,137079,8424936,11,0,2
1829838418,2007-12-26 16:26:58,-584269.817469596,-584269,-817469596,14,0,2,2299812417.0,137079,8424936,11,0,2
1829838478,2007-12-26 16:27:58,-584250.991418838,-584250,-991418838,14,0,2,2299812417.0,137079,8424936,11,0,2
1829838538,2007-12-26 16:28:58,-584232.426153182,-584232,-426153182,14,0,2,2299812417.0,137079,8424936,11,0,2
1829838598,2007-12-26 16:29:58,-584213.921319007,-584213,-921319007,14,0,2,2299812417.0,137079,8424936,11,0,2
1829838658,2007-12-26 16:30:58,-584195.603386878,-584195,-603386878,14,0,2,2299812417.0,137079,8424936,11,0,2
1829838718,2007-12-26 16:31:58,-584177.297432898,-584177,-297432898,14,0,2,2299812417.0,137079,8424936,11,0,2
1829838778,2007-12-26 16:32:58,-584159.068920134,-584159,-68920134,14,0,2,2299812417.0,137079,8424936,11,0,2
1829838838,2007-12-26 16:33:58,-584140.854358672,-584140,-854358672,14,0,2,2299812417.0,137079,8424936,11,0,2
1829838898,2007-12-26 16:34:58,-584122.70484352,-584122,-704843520,14,0,2,2299812417.0,137079,8424936,11,0,2
1829838958,2007-12-26 16:35:58,-584104.526223182,-584104,-526223182,14,0,2,2299812417.0,137079,8424936,11,0,2
1829839018,2007-12-26 16:36:58,-584086.388412475,-584086,-388412475,14,0,2,2299812417.0,137079,8424936,11,0,2
1829839078,2007-12-26 16:37:58,-584068.195634841,-584068,-195634841,14,0,2,2299812417.0,137079,8424936,11,0,2
1829839138,2007-12-26 16:38:58,-584049.979544639,-584049,-979544639,14,0,2,2299812417.0,137079,8424936,11,0,2
1829839198,2007-12-26 16:39:58,-584031.729296683,-584031,-729296683,14,0,2,2299812417.0,137079,8424936,11,0,2
1829839258,2007-12-26 16:40:58,-584013.536461829,-584013,-536461829,14,0,2,2299812417.0,137079,8424936,11,0,2
1829839318,2007-12-26 16:41:58,-583995.214459418,-583995,-214459418,14,0,2,2299812417.0,137079,8424936,11,0,2
1829839378,2007-12-26 16:42:58,-583976.969074248,-583976,-969074248,14,0,2,2299812417.0,137079,8424936,11,0,2
1829839438,2007-12-26 16:43:58,-583958.569505691,-583958,-569505691,14,0,2,2299812417.0,137079,8424936,11,0,2
1829839498,2007-12-26 16:44:58,-583940.153315543,-583940,-153315543,14,0,2,2299812417.0,137079,8424936,11,0,2
1829839558,2007-12-26 16:45:58,-583921.729627608,-583921,-729627608,14,0,2,2299812417.0,137079,8424936,11,0,2
1829839618,2007-12-26 16:46:58,-583903.282516478,-583903,-282516478,14,0,2,2299812417.0,137079,8424936,11,0,2
1829839678,2007-12-26 16:47:58,-583884.848266601,-583884,-848266601,14,0,2,2299812417.0,137079,8424936,11,0,2
1829839738,2007-12-26 16:48:58,-583866.342992782,-583866,-342992782,14,0,2,2299812417.0,137079,8424936,11,0,2
1829839798,2007-12-26 16:49:58,-583847.868552207,-583847,-868552207,14,0,2,2299812417.0,137079,8424936,11,0,2
1829839858,2007-12-26 16:50:58,-583829.307393073,-583829,-307393073,14,0,2,2299812417.0,137079,8424936,11,0,2
1829839918,2007-12-26 16:51:58,-583810.705484389,-583810,-705484389,14,0,2,2299812417.0,137079,8424936,11,0,2
1829839978,2007-12-26 16:52:58,-583792.148209571,-583792,-148209571,14,0,2,2299812417.0,137079,8424936,11,0,2
1829840038,2007-12-26 16:53:58,-583773.590007781,-583773,-590007781,14,0,2,2299812417.0,137079,8424936,11,0,2
1829840098,2007-12-26 16:54:58,-583754.971386908,-583754,-971386908,14,0,2,2299812417.0,137079,8424936,11,0,2
1829840158,2007-12-26 16:55:58,-583736.4065876,-583736,-406587600,14,0,2,2299812417.0,137079,8424936,11,0,2
1829840218,2007-12-26 16:56:58,-583717.771720885,-583717,-771720885,14,0,2,2299812417.0,137079,8424936,11,0,2
1829840278,2007-12-26 16:57:58,-583699.076462745,-583699,-76462745,14,0,2,2299812417.0,137079,8424936,11,0,2
1829840338,2007-12-26 16:58:58,-583680.407527923,-583680,-407527923,14,0,2,2299812417.0,137079,8424936,11,0,2
1829840398,2007-12-26 16:59:58,-583661.806174277,-583661,-806174277,14,0,2,2299812417.0,137079,8424936,11,0,2
1829840458,2007-12-26 17:00:58,-583643.210716247,-583643,-210716247,14,0,2,2299812417.0,137079,8424936,11,0,2
1829840518,2007-12-26 17:01:58,-583624.597379683,-583624,-597379683,14,0,2,2299812417.0,137079,8424936,11,0,2
1829840578,2007-12-26 17:02:58,-583605.91148281,-583605,-911482810,14,0,2,2299812417.0,137079,8424936,11,0,2
1829850182,2007-12-26 19:43:02,-580620.418162345,-580620,-418162345,14,0,2,2299812417.0,137079,8424936,11,0,2
1829850242,2007-12-26 19:44:02,-580555.625820159,-580555,-625820159,14,0,2,2299812417.0,137079,8424936,11,0,2
1829850302,2007-12-26 19:45:02,-580500.103736876,-580500,-103736876,14,0,2,2299812417.0,137079,8424936,11,0,2
1829850362,2007-12-26 19:46:02,-580450.189946174,-580450,-189946174,14,0,2,2299812417.0,137079,8424936,11,0,2
1829850422,2007-12-26 19:47:02,-580403.997946738,-580403,-997946738,14,0,2,2299812417.0,137079,8424936,11,0,2
1829877057,2007-12-27 03:10:57,-584158.975609778,-584158,-975609778,43,0,2,2299812417.0,137079,8424936,11,0,2
1829877117,2007-12-27 03:11:57,-584110.826156615,-584110,-826156615,43,0,2,2299812417.0,137079,8424936,11,0,2
1829877177,2007-12-27 03:12:57,-584067.095534324,-584067,-95534324,43,0,2,2299812417.0,137079,8424936,11,0,2
1829877237,2007-12-27 03:13:57,-584026.282862662,-584026,-282862662,43,0,2,2299812417.0,137079,8424936,11,0,2
1829877297,2007-12-27 03:14:57,-583987.374906539,-583987,-374906539,43,0,2,2299812417.0,137079,8424936,11,0,2
1829877357,2007-12-27 03:15:57,-583949.800163268,-583949,-800163268,43,0,2,2299812417.0,137079,8424936,11,0,2
1829877417,2007-12-27 03:16:57,-583913.181188582,-583913,-181188582,43,0,2,2299812417.0,137079,8424936,11,0,2
1829877477,2007-12-27 03:17:57,-583877.311769484,-583877,-311769484,43,0,2,2299812417.0,137079,8424936,11,0,2
1829877537,2007-12-27 03:18:57,-583841.91561222,-583841,-915612220,43,0,2,2299812417.0,137079,8424936,11,0,2
1829877597,2007-12-27 03:19:57,-583806.946401595,-583806,-946401595,43,0,2,2299812417.0,137079,8424936,11,0,2
1829877657,2007-12-27 03:20:57,-583772.315787314,-583772,-315787314,43,0,2,2299812417.0,137079,8424936,11,0,2
1829877717,2007-12-27 03:21:57,-583738.034531592,-583738,-34531592,43,0,2,2299812417.0,137079,8424936,11,0,2
1829877777,2007-12-27 03:22:57,-583704.066554069,-583704,-66554069,43,0,2,2299812417.0,137079,8424936,11,0,2
1829877837,2007-12-27 03:23:57,-583670.253077506,-583670,-253077506,43,0,2,2299812417.0,137079,8424936,11,0,2
1829877897,2007-12-27 03:24:57,-583636.639119147,-583636,-639119147,43,0,2,2299812417.0,137079,8424936,11,0,2
1829877957,2007-12-27 03:25:57,-583603.193939208,-583603,-193939208,43,0,2,2299812417.0,137079,8424936,11,0,2
1829878017,2007-12-27 03:26:57,-583569.966570853,-583569,-966570853,43,0,2,2299812417.0,137079,8424936,11,0,2
1829878077,2007-12-27 03:27:57,-583536.888868331,-583536,-888868331,43,0,2,2299812417.0,137079,8424936,11,0,2
1829878137,2007-12-27 03:28:57,-583503.968959807,-583503,-968959807,43,0,2,2299812417.0,137079,8424936,11,0,2
1829878197,2007-12-27 03:29:57,-583471.224264144,-583471,-224264144,43,0,2,2299812417.0,137079,8424936,11,0,2
1829878257,2007-12-27 03:30:57,-583438.51658821,-583438,-516588210,43,0,2,2299812417.0,137079,8424936,11,0,2
1829878317,2007-12-27 03:31:57,-583405.965151786,-583405,-965151786,43,0,2,2299812417.0,137079,8424936,11,0,2
1829878377,2007-12-27 03:32:57,-583373.6439476,-583373,-643947600,43,0,2,2299812417.0,137079,8424936,11,0,2
1829878437,2007-12-27 03:33:57,-583341.327562331,-583341,-327562331,43,0,2,2299812417.0,137079,8424936,11,0,2
1829878497,2007-12-27 03:34:57,-583309.244626998,-583309,-244626998,43,0,2,2299812417.0,137079,8424936,11,0,2
1829878557,2007-12-27 03:35:57,-583277.182456969,-583277,-182456969,43,0,2,2299812417.0,137079,8424936,11,0,2
1829878617,2007-12-27 03:36:57,-583245.319954871,-583245,-319954871,43,0,2,2299812417.0,137079,8424936,11,0,2
1829878677,2007-12-27 03:37:57,-583213.477240561,-583213,-477240561,43,0,2,2299812417.0,137079,8424936,11,0,2
1829878737,2007-12-27 03:38:57,-583181.861582755,-583181,-861582755,43,0,2,2299812417.0,137079,8424936,11,0,2
1829878797,2007-12-27 03:39:57,-583150.379277228,-583150,-379277228,43,0,2,2299812417.0,137079,8424936,11,0,2
1829878857,2007-12-27 03:40:57,-583118.967191695,-583118,-967191695,43,0,2,2299812417.0,137079,8424936,11,0,2
1829878917,2007-12-27 03:41:57,-583087.684109687,-583087,-684109687,43,0,2,2299812417.0,137079,8424936,11,0,2
1829878977,2007-12-27 03:42:57,-583056.576601981,-583056,-576601981,43,0,2,2299812417.0,137079,8424936,11,0,2
1829879037,2007-12-27 03:43:57,-583025.577114104,-583025,-577114104,43,0,2,2299812417.0,137079,8424936,11,0,2
1829879097,2007-12-27 03:44:57,-582994.882823943,-582994,-882823943,43,0,2,2299812417.0,137079,8424936,11,0,2
1829879157,2007-12-27 03:45:57,-582964.222146987,-582964,-222146987,43,0,2,2299812417.0,137079,8424936,11,0,2
1829879217,2007-12-27 03:46:57,-582933.634076117,-582933,-634076117,43,0,2,2299812417.0,137079,8424936,11,0,2
1829879277,2007-12-27 03:47:57,-582903.271762847,-582903,-271762847,43,0,2,2299812417.0,137079,8424936,11,0,2
1829879337,2007-12-27 03:48:57,-582873.070287703,-582873,-70287703,43,0,2,2299812417.0,137079,8424936,11,0,2
1829879397,2007-12-27 03:49:57,-582843.105164527,-582843,-105164527,43,0,2,2299812417.0,137079,8424936,11,0,2
1829879457,2007-12-27 03:50:57,-582813.235612868,-582813,-235612868,43,0,2,2299812417.0,137079,8424936,11,0,2
1829879517,2007-12-27 03:51:57,-582783.511611937,-582783,-511611937,43,0,2,2299812417.0,137079,8424936,11,0,2
1829879577,2007-12-27 03:52:57,-582754.04188156,-582754,-41881560,43,0,2,2299812417.0,137079,8424936,11,0,2
1829879637,2007-12-27 03:53:57,-582724.741337775,-582724,-741337775,43,0,2,2299812417.0,137079,8424936,11,0,2
1829879697,2007-12-27 03:54:57,-582695.531330108,-582695,-531330108,43,0,2,2299812417.0,137079,8424936,11,0,2
1829879757,2007-12-27 03:55:57,-582666.511997222,-582666,-511997222,43,0,2,2299812417.0,137079,8424936,11,0,2
1829879817,2007-12-27 03:56:57,-582637.678327559,-582637,-678327559,43,0,2,2299812417.0,137079,8424936,11,0,2
1829879877,2007-12-27 03:57:57,-582609.030142783,-582609,-30142783,43,0,2,2299812417.0,137079,8424936,11,0,2
1829879937,2007-12-27 03:58:57,-582580.554138183,-582580,-554138183,43,0,2,2299812417.0,137079,8424936,11,0,2
1829879997,2007-12-27 03:59:57,-582552.18654251,-582552,-186542510,43,0,2,2299812417.0,137079,8424936,11,0,2
1829880057,2007-12-27 04:00:57,-582524.097732543,-582524,-97732543,43,0,2,2299812417.0,137079,8424936,11,0,2
1829880117,2007-12-27 04:01:57,-582496.056450843,-582496,-56450843,43,0,2,2299812417.0,137079,8424936,11,0,2
1829880177,2007-12-27 04:02:57,-582468.181358336,-582468,-181358336,43,0,2,2299812417.0,137079,8424936,11,0,2
1829880237,2007-12-27 04:03:57,-582440.442935943,-582440,-442935943,43,0,2,2299812417.0,137079,8424936,11,0,2
1829880297,2007-12-27 04:04:57,-582412.825513839,-582412,-825513839,43,0,2,2299812417.0,137079,8424936,11,0,2
1829880357,2007-12-27 04:05:57,-582385.388454436,-582385,-388454436,43,0,2,2299812417.0,137079,8424936,11,0,2
1829880417,2007-12-27 04:06:57,-582358.048558234,-582358,-48558234,43,0,2,2299812417.0,137079,8424936,11,0,2
1829880477,2007-12-27 04:07:57,-582330.800413131,-582330,-800413131,43,0,2,2299812417.0,137079,8424936,11,0,2
1829880537,2007-12-27 04:08:57,-582303.706883429,-582303,-706883429,43,0,2,2299812417.0,137079,8424936,11,0,2
1829880597,2007-12-27 04:09:57,-582276.772748946,-582276,-772748946,43,0,2,2299812417.0,137079,8424936,11,0,2
1829880657,2007-12-27 04:10:57,-582249.924777984,-582249,-924777984,43,0,2,2299812417.0,137079,8424936,11,0,2
1829880717,2007-12-27 04:11:57,-582223.115459441,-582223,-115459441,43,0,2,2299812417.0,137079,8424936,11,0,2
1829880777,2007-12-27 04:12:57,-582196.449460982,-582196,-449460982,43,0,2,2299812417.0,137079,8424936,11,0,2
1829880837,2007-12-27 04:13:57,-582169.848361968,-582169,-848361968,43,0,2,2299812417.0,137079,8424936,11,0,2
1829880897,2007-12-27 04:14:57,-582143.352063178,-582143,-352063178,43,0,2,2299812417.0,137079,8424936,11,0,2
1829880957,2007-12-27 04:15:57,-582116.904384612,-582116,-904384612,43,0,2,2299812417.0,137079,8424936,11,0,2
1829881017,2007-12-27 04:16:57,-582090.56613922,-582090,-566139220,43,0,2,2299812417.0,137079,8424936,11,0,2
1829881077,2007-12-27 04:17:57,-582064.30074787,-582064,-300747870,43,0,2,2299812417.0,137079,8424936,11,0,2
1829881137,2007-12-27 04:18:57,-582038.294063567,-582038,-294063567,43,0,2,2299812417.0,137079,8424936,11,0,2
1829881197,2007-12-27 04:19:57,-582012.251769065,-582012,-251769065,43,0,2,2299812417.0,137079,8424936,11,0,2
1829881257,2007-12-27 04:20:57,-581986.328438758,-581986,-328438758,43,0,2,2299812417.0,137079,8424936,11,0,2
1829881317,2007-12-27 04:21:57,-581960.394936561,-581960,-394936561,43,0,2,2299812417.0,137079,8424936,11,0,2
1829881377,2007-12-27 04:22:57,-581934.558460235,-581934,-558460235,43,0,2,2299812417.0,137079,8424936,11,0,2
1829881437,2007-12-27 04:23:57,-581908.84691429,-581908,-846914290,43,0,2,2299812417.0,137079,8424936,11,0,2
1829881497,2007-12-27 04:24:57,-581883.257089614,-581883,-257089614,43,0,2,2299812417.0,137079,8424936,11,0,2
1829881557,2007-12-27 04:25:57,-581857.769475936,-581857,-769475936,43,0,2,2299812417.0,137079,8424936,11,0,2
1829881617,2007-12-27 04:26:57,-581832.349894523,-581832,-349894523,43,0,2,2299812417.0,137079,8424936,11,0,2
1829881677,2007-12-27 04:27:57,-581807.051823615,-581807,-51823615,43,0,2,2299812417.0,137079,8424936,11,0,2
1829881737,2007-12-27 04:28:57,-581781.900259971,-581781,-900259971,43,0,2,2299812417.0,137079,8424936,11,0,2
1829881797,2007-12-27 04:29:57,-581756.884508132,-581756,-884508132,43,0,2,2299812417.0,137079,8424936,11,0,2
1829881857,2007-12-27 04:30:57,-581731.940467833,-581731,-940467833,43,0,2,2299812417.0,137079,8424936,11,0,2
1829881917,2007-12-27 04:31:57,-581707.239194869,-581707,-239194869,43,0,2,2299812417.0,137079,8424936,11,0,2
1829881977,2007-12-27 04:32:57,-581682.600626944,-581682,-600626944,43,0,2,2299812417.0,137079,8424936,11,0,2
1829882037,2007-12-27 04:33:57,-581658.174100875,-581658,-174100875,43,0,2,2299812417.0,137079,8424936,11,0,2
1829882097,2007-12-27 04:34:57,-581633.859077453,-581633,-859077453,43,0,2,2299812417.0,137079,8424936,11,0,2
1829882157,2007-12-27 04:35:57,-581609.728576659,-581609,-728576659,43,0,2,2299812417.0,137079,8424936,11,0,2
1829882217,2007-12-27 04:36:57,-581585.711049079,-581585,-711049079,43,0,2,2299812417.0,137079,8424936,11,0,2
1829882277,2007-12-27 04:37:57,-581561.790097236,-581561,-790097236,43,0,2,2299812417.0,137079,8424936,11,0,2
1829882337,2007-12-27 04:38:57,-581538.15207672,-581538,-152076720,43,0,2,2299812417.0,137079,8424936,11,0,2
1829882397,2007-12-27 04:39:57,-581514.688377379,-581514,-688377379,43,0,2,2299812417.0,137079,8424936,11,0,2
1829882457,2007-12-27 04:40:57,-581491.227170943,-581491,-227170943,43,0,2,2299812417.0,137079,8424936,11,0,2
1829882517,2007-12-27 04:41:57,-581468.039385795,-581468,-39385795,43,0,2,2299812417.0,137079,8424936,11,0,2
1829882577,2007-12-27 04:42:57,-581445.063805579,-581445,-63805579,43,0,2,2299812417.0,137079,8424936,11,0,2
1829882637,2007-12-27 04:43:57,-581422.217282294,-581422,-217282294,43,0,2,2299812417.0,137079,8424936,11,0,2
1829882697,2007-12-27 04:44:57,-581399.530210494,-581399,-530210494,43,0,2,2299812417.0,137079,8424936,11,0,2
1829882757,2007-12-27 04:45:57,-581377.04390335,-581377,-43903350,43,0,2,2299812417.0,137079,8424936,11,0,2
1829882817,2007-12-27 04:46:57,-581354.678135871,-581354,-678135871,43,0,2,2299812417.0,137079,8424936,11,0,2
1829882877,2007-12-27 04:47:57,-581332.487195968,-581332,-487195968,43,0,2,2299812417.0,137079,8424936,11,0,2
1829882937,2007-12-27 04:48:57,-581310.394108771,-581310,-394108771,43,0,2,2299812417.0,137079,8424936,11,0,2
1829882997,2007-12-27 04:49:57,-581288.542693137,-581288,-542693137,43,0,2,2299812417.0,137079,8424936,11,0,2
1829883057,2007-12-27 04:50:57,-581266.744674682,-581266,-744674682,43,0,2,2299812417.0,137079,8424936,11,0,2
1829883117,2007-12-27 04:51:57,-581245.154209136,-581245,-154209136,43,0,2,2299812417.0,137079,8424936,11,0,2
1829883177,2007-12-27 04:52:57,-581223.702579497,-581223,-702579497,43,0,2,2299812417.0,137079,8424936,11,0,2
1829883237,2007-12-27 04:53:57,-581202.348757743,-581202,-348757743,43,0,2,2299812417.0,137079,8424936,11,0,2
1829883297,2007-12-27 04:54:57,-581181.115081786,-581181,-115081786,43,0,2,2299812417.0,137079,8424936,11,0,2
1829883357,2007-12-27 04:55:57,-581160.053939818,-581160,-53939818,43,0,2,2299812417.0,137079,8424936,11,0,2
1829883417,2007-12-27 04:56:57,-581139.049839019,-581139,-49839019,43,0,2,2299812417.0,137079,8424936,11,0,2
1829883477,2007-12-27 04:57:57,-581118.111267089,-581118,-111267089,43,0,2,2299812417.0,137079,8424936,11,0,2
1829883537,2007-12-27 04:58:57,-581097.37092018,-581097,-370920180,43,0,2,2299812417.0,137079,8424936,11,0,2
1829883597,2007-12-27 04:59:57,-581076.73395729,-581076,-733957290,43,0,2,2299812417.0,137079,8424936,11,0,2
1829883657,2007-12-27 05:00:57,-581056.177029609,-581056,-177029609,43,0,2,2299812417.0,137079,8424936,11,0,2
1829883717,2007-12-27 05:01:57,-581035.696725844,-581035,-696725844,43,0,2,2299812417.0,137079,8424936,11,0,2
1829883777,2007-12-27 05:02:57,-581015.312275886,-581015,-312275886,43,0,2,2299812417.0,137079,8424936,11,0,2
1829883837,2007-12-27 05:03:57,-580995.058849334,-580995,-58849334,43,0,2,2299812417.0,137079,8424936,11,0,2
1829883897,2007-12-27 05:04:57,-580974.900813102,-580974,-900813102,43,0,2,2299812417.0,137079,8424936,11,0,2
1829883957,2007-12-27 05:05:57,-580954.844141959,-580954,-844141959,43,0,2,2299812417.0,137079,8424936,11,0,2
1829884017,2007-12-27 05:06:57,-580934.731529235,-580934,-731529235,43,0,2,2299812417.0,137079,8424936,11,0,2
1829884077,2007-12-27 05:07:57,-580914.82896614,-580914,-828966140,43,0,2,2299812417.0,137079,8424936,11,0,2
1829884137,2007-12-27 05:08:57,-580895.066684722,-580895,-66684722,43,0,2,2299812417.0,137079,8424936,11,0,2
1829884197,2007-12-27 05:09:57,-580875.303599357,-580875,-303599357,43,0,2,2299812417.0,137079,8424936,11,0,2
1829884257,2007-12-27 05:10:57,-580855.709285735,-580855,-709285735,43,0,2,2299812417.0,137079,8424936,11,0,2
1829884317,2007-12-27 05:11:57,-580836.215961455,-580836,-215961455,43,0,2,2299812417.0,137079,8424936,11,0,2
1829884377,2007-12-27 05:12:57,-580816.810126304,-580816,-810126304,43,0,2,2299812417.0,137079,8424936,11,0,2
1829884437,2007-12-27 05:13:57,-580797.431373595,-580797,-431373595,43,0,2,2299812417.0,137079,8424936,11,0,2
1829884497,2007-12-27 05:14:57,-580778.257381438,-580778,-257381438,43,0,2,2299812417.0,137079,8424936,11,0,2
1829884557,2007-12-27 05:15:57,-580759.289399146,-580759,-289399146,43,0,2,2299812417.0,137079,8424936,11,0,2
1829884617,2007-12-27 05:16:57,-580740.411263465,-580740,-411263465,43,0,2,2299812417.0,137079,8424936,11,0,2
1829884677,2007-12-27 05:17:57,-580721.584724425,-580721,-584724425,43,0,2,2299812417.0,137079,8424936,11,0,2
1829884737,2007-12-27 05:18:57,-580702.983755111,-580702,-983755111,43,0,2,2299812417.0,137079,8424936,11,0,2
1829884797,2007-12-27 05:19:57,-580684.465284347,-580684,-465284347,43,0,2,2299812417.0,137079,8424936,11,0,2
1829884857,2007-12-27 05:20:57,-580666.152287482,-580666,-152287482,43,0,2,2299812417.0,137079,8424936,11,0,2
1829884917,2007-12-27 05:21:57,-580648.046495437,-580648,-46495437,43,0,2,2299812417.0,137079,8424936,11,0,2
1829884977,2007-12-27 05:22:57,-580629.948927878,-580629,-948927878,43,0,2,2299812417.0,137079,8424936,11,0,2
1829885037,2007-12-27 05:23:57,-580612.164049148,-580612,-164049148,43,0,2,2299812417.0,137079,8424936,11,0,2
1829885097,2007-12-27 05:24:57,-580594.490977286,-580594,-490977286,43,0,2,2299812417.0,137079,8424936,11,0,2
1829885157,2007-12-27 05:25:57,-580577.071900367,-580577,-71900367,43,0,2,2299812417.0,137079,8424936,11,0,2
1829885217,2007-12-27 05:26:57,-580559.822293281,-580559,-822293281,43,0,2,2299812417.0,137079,8424936,11,0,2
1829885277,2007-12-27 05:27:57,-580542.714037894,-580542,-714037894,43,0,2,2299812417.0,137079,8424936,11,0,2
1829885337,2007-12-27 05:28:57,-580525.815976142,-580525,-815976142,43,0,2,2299812417.0,137079,8424936,11,0,2
1829885397,2007-12-27 05:29:57,-580509.069065093,-580509,-69065093,43,0,2,2299812417.0,137079,8424936,11,0,2
1829885457,2007-12-27 05:30:57,-580492.624433516,-580492,-624433516,43,0,2,2299812417.0,137079,8424936,11,0,2
1829885517,2007-12-27 05:31:57,-580476.248160361,-580476,-248160361,43,0,2,2299812417.0,137079,8424936,11,0,2
1829885577,2007-12-27 05:32:57,-580460.135465621,-580460,-135465621,43,0,2,2299812417.0,137079,8424936,11,0,2
1829885637,2007-12-27 05:33:57,-580444.121248244,-580444,-121248244,43,0,2,2299812417.0,137079,8424936,11,0,2
1829885697,2007-12-27 05:34:57,-580428.304634093,-580428,-304634093,43,0,2,2299812417.0,137079,8424936,11,0,2
1829885757,2007-12-27 05:35:57,-580412.585157393,-580412,-585157393,43,0,2,2299812417.0,137079,8424936,11,0,2
1829885817,2007-12-27 05:36:57,-580397.145369529,-580397,-145369529,43,0,2,2299812417.0,137079,8424936,11,0,2
1829885877,2007-12-27 05:37:57,-580381.806563376,-580381,-806563376,43,0,2,2299812417.0,137079,8424936,11,0,2
1829885937,2007-12-27 05:38:57,-580366.551760673,-580366,-551760673,43,0,2,2299812417.0,137079,8424936,11,0,2
1829885997,2007-12-27 05:39:57,-580351.529895781,-580351,-529895781,43,0,2,2299812417.0,137079,8424936,11,0,2
1829886057,2007-12-27 05:40:57,-580336.714006423,-580336,-714006423,43,0,2,2299812417.0,137079,8424936,11,0,2
1829886117,2007-12-27 05:41:57,-580321.96209526,-580321,-962095260,43,0,2,2299812417.0,137079,8424936,11,0,2
1829886177,2007-12-27 05:42:57,-580307.386766433,-580307,-386766433,43,0,2,2299812417.0,137079,8424936,11,0,2
1829886237,2007-12-27 05:43:57,-580292.917968749,-580292,-917968749,43,0,2,2299812417.0,137079,8424936,11,0,2
1829886297,2007-12-27 05:44:57,-580278.632917403,-580278,-632917403,43,0,2,2299812417.0,137079,8424936,11,0,2
1829886357,2007-12-27 05:45:57,-580264.403413772,-580264,-403413772,43,0,2,2299812417.0,137079,8424936,11,0,2
1829886417,2007-12-27 05:46:57,-580250.334696769,-580250,-334696769,43,0,2,2299812417.0,137079,8424936,11,0,2
1829886477,2007-12-27 05:47:57,-580236.311224936,-580236,-311224936,43,0,2,2299812417.0,137079,8424936,11,0,2
1829886537,2007-12-27 05:48:57,-580222.465501784,-580222,-465501784,43,0,2,2299812417.0,137079,8424936,11,0,2
1829886597,2007-12-27 05:49:57,-580208.740991591,-580208,-740991591,43,0,2,2299812417.0,137079,8424936,11,0,2
1829886657,2007-12-27 05:50:57,-580195.060652732,-580195,-60652732,43,0,2,2299812417.0,137079,8424936,11,0,2
1829886717,2007-12-27 05:51:57,-580181.532146453,-580181,-532146453,43,0,2,2299812417.0,137079,8424936,11,0,2
1829886777,2007-12-27 05:52:57,-580168.043197631,-580168,-43197631,43,0,2,2299812417.0,137079,8424936,11,0,2
1829886837,2007-12-27 05:53:57,-580154.737605094,-580154,-737605094,43,0,2,2299812417.0,137079,8424936,11,0,2
1829886897,2007-12-27 05:54:57,-580141.543982505,-580141,-543982505,43,0,2,2299812417.0,137079,8424936,11,0,2
1829886957,2007-12-27 05:55:57,-580128.435631751,-580128,-435631751,43,0,2,2299812417.0,137079,8424936,11,0,2
1829887017,2007-12-27 05:56:57,-580115.479825973,-580115,-479825973,43,0,2,2299812417.0,137079,8424936,11,0,2
1829887077,2007-12-27 05:57:57,-580102.72835636,-580102,-728356360,43,0,2,2299812417.0,137079,8424936,11,0,2
1829887137,2007-12-27 05:58:57,-580090.066980361,-580090,-66980361,43,0,2,2299812417.0,137079,8424936,11,0,2
1829887197,2007-12-27 05:59:57,-580077.52137947,-580077,-521379470,43,0,2,2299812417.0,137079,8424936,11,0,2
1829887257,2007-12-27 06:00:57,-580065.03845024,-580065,-38450240,43,0,2,2299812417.0,137079,8424936,11,0,2
1829887317,2007-12-27 06:01:57,-580052.752355575,-580052,-752355575,43,0,2,2299812417.0,137079,8424936,11,0,2
1829887377,2007-12-27 06:02:57,-580040.63935852,-580040,-639358520,43,0,2,2299812417.0,137079,8424936,11,0,2
1829887437,2007-12-27 06:03:57,-580028.641252517,-580028,-641252517,43,0,2,2299812417.0,137079,8424936,11,0,2
1829887497,2007-12-27 06:04:57,-580016.776206016,-580016,-776206016,43,0,2,2299812417.0,137079,8424936,11,0,2
1829887557,2007-12-27 06:05:57,-580005.150838851,-580005,-150838851,43,0,2,2299812417.0,137079,8424936,11,0,2
1829887617,2007-12-27 06:06:57,-579993.61243534,-579993,-612435340,43,0,2,2299812417.0,137079,8424936,11,0,2
1829887677,2007-12-27 06:07:57,-579982.337605475,-579982,-337605475,43,0,2,2299812417.0,137079,8424936,11,0,2
1829887737,2007-12-27 06:08:57,-579971.18888378,-579971,-188883780,43,0,2,2299812417.0,137079,8424936,11,0,2
1829887797,2007-12-27 06:09:57,-579960.204826354,-579960,-204826354,43,0,2,2299812417.0,137079,8424936,11,0,2
1829887857,2007-12-27 06:10:57,-579949.48864746,-579949,-488647460,43,0,2,2299812417.0,137079,8424936,11,0,2
1829887917,2007-12-27 06:11:57,-579938.849706649,-579938,-849706649,43,0,2,2299812417.0,137079,8424936,11,0,2
1829887977,2007-12-27 06:12:57,-579928.456822394,-579928,-456822394,43,0,2,2299812417.0,137079,8424936,11,0,2
1829888037,2007-12-27 06:13:57,-579918.339817046,-579918,-339817046,43,0,2,2299812417.0,137079,8424936,11,0,2
1829888097,2007-12-27 06:14:57,-579908.310057639,-579908,-310057639,43,0,2,2299812417.0,137079,8424936,11,0,2
1829888157,2007-12-27 06:15:57,-579898.541018485,-579898,-541018485,43,0,2,2299812417.0,137079,8424936,11,0,2
1829888217,2007-12-27 06:16:57,-579888.965221404,-579888,-965221404,43,0,2,2299812417.0,137079,8424936,11,0,2
1829888277,2007-12-27 06:17:57,-579879.597399711,-579879,-597399711,43,0,2,2299812417.0,137079,8424936,11,0,2
1829888337,2007-12-27 06:18:57,-579870.439686774,-579870,-439686774,43,0,2,2299812417.0,137079,8424936,11,0,2
1829888397,2007-12-27 06:19:57,-579861.470108985,-579861,-470108985,43,0,2,2299812417.0,137079,8424936,11,0,2
1829888457,2007-12-27 06:20:57,-579852.699481963,-579852,-699481963,43,0,2,2299812417.0,137079,8424936,11,0,2
1829888517,2007-12-27 06:21:57,-579844.132780074,-579844,-132780074,43,0,2,2299812417.0,137079,8424936,11,0,2
1829888577,2007-12-27 06:22:57,-579835.723121642,-579835,-723121642,43,0,2,2299812417.0,137079,8424936,11,0,2
1829888637,2007-12-27 06:23:57,-579827.481885909,-579827,-481885909,43,0,2,2299812417.0,137079,8424936,11,0,2
1829888697,2007-12-27 06:24:57,-579819.443892478,-579819,-443892478,43,0,2,2299812417.0,137079,8424936,11,0,2
1829888757,2007-12-27 06:25:57,-579811.468429564,-579811,-468429564,43,0,2,2299812417.0,137079,8424936,11,0,2
1829888817,2007-12-27 06:26:57,-579803.748721122,-579803,-748721122,43,0,2,2299812417.0,137079,8424936,11,0,2
1829888877,2007-12-27 06:27:57,-579796.144703864,-579796,-144703864,43,0,2,2299812417.0,137079,8424936,11,0,2
1829888937,2007-12-27 06:28:57,-579788.685712813,-579788,-685712813,43,0,2,2299812417.0,137079,8424936,11,0,2
1829888997,2007-12-27 06:29:57,-579781.499098777,-579781,-499098777,43,0,2,2299812417.0,137079,8424936,11,0,2
1829889057,2007-12-27 06:30:57,-579774.418174743,-579774,-418174743,43,0,2,2299812417.0,137079,8424936,11,0,2
1829889117,2007-12-27 06:31:57,-579767.40388584,-579767,-403885840,43,0,2,2299812417.0,137079,8424936,11,0,2
1829889177,2007-12-27 06:32:57,-579760.571188926,-579760,-571188926,43,0,2,2299812417.0,137079,8424936,11,0,2
1829889237,2007-12-27 06:33:57,-579753.863194465,-579753,-863194465,43,0,2,2299812417.0,137079,8424936,11,0,2
1829889297,2007-12-27 06:34:57,-579747.339503287,-579747,-339503287,43,0,2,2299812417.0,137079,8424936,11,0,2
1829889357,2007-12-27 06:35:57,-579740.79766941,-579740,-797669410,43,0,2,2299812417.0,137079,8424936,11,0,2
1829889417,2007-12-27 06:36:57,-579734.503206252,-579734,-503206252,43,0,2,2299812417.0,137079,8424936,11,0,2
1829889477,2007-12-27 06:37:57,-579728.28140068,-579728,-281400680,43,0,2,2299812417.0,137079,8424936,11,0,2
1829889537,2007-12-27 06:38:57,-579722.171347617,-579722,-171347617,43,0,2,2299812417.0,137079,8424936,11,0,2
1829889597,2007-12-27 06:39:57,-579716.187108039,-579716,-187108039,43,0,2,2299812417.0,137079,8424936,11,0,2
1829889657,2007-12-27 06:40:57,-579710.361951827,-579710,-361951827,43,0,2,2299812417.0,137079,8424936,11,0,2
1829889717,2007-12-27 06:41:57,-579704.659587859,-579704,-659587859,43,0,2,2299812417.0,137079,8424936,11,0,2
1829889777,2007-12-27 06:42:57,-579699.050664901,-579699,-50664901,43,0,2,2299812417.0,137079,8424936,11,0,2
1829889837,2007-12-27 06:43:57,-579693.608761786,-579693,-608761786,43,0,2,2299812417.0,137079,8424936,11,0,2
1829889897,2007-12-27 06:44:57,-579688.203746795,-579688,-203746795,43,0,2,2299812417.0,137079,8424936,11,0,2
1829889957,2007-12-27 06:45:57,-579683.053567885,-579683,-53567885,43,0,2,2299812417.0,137079,8424936,11,0,2
1829890017,2007-12-27 06:46:57,-579678.049374579,-579678,-49374579,43,0,2,2299812417.0,137079,8424936,11,0,2
1829890077,2007-12-27 06:47:57,-579673.267663955,-579673,-267663955,43,0,2,2299812417.0,137079,8424936,11,0,2
1829890137,2007-12-27 06:48:57,-579668.566670417,-579668,-566670417,43,0,2,2299812417.0,137079,8424936,11,0,2
1829890197,2007-12-27 06:49:57,-579663.95928955,-579663,-959289550,43,0,2,2299812417.0,137079,8424936,11,0,2
1829890257,2007-12-27 06:50:57,-579659.552996634,-579659,-552996634,43,0,2,2299812417.0,137079,8424936,11,0,2
1829890317,2007-12-27 06:51:57,-579655.343502997,-579655,-343502997,43,0,2,2299812417.0,137079,8424936,11,0,2
1829890377,2007-12-27 06:52:57,-579651.253924369,-579651,-253924369,43,0,2,2299812417.0,137079,8424936,11,0,2
1829890437,2007-12-27 06:53:57,-579647.374246596,-579647,-374246596,43,0,2,2299812417.0,137079,8424936,11,0,2
1829890497,2007-12-27 06:54:57,-579643.641743659,-579643,-641743659,43,0,2,2299812417.0,137079,8424936,11,0,2
1829890557,2007-12-27 06:55:57,-579640.11185646,-579640,-111856460,43,0,2,2299812417.0,137079,8424936,11,0,2
1829890617,2007-12-27 06:56:57,-579636.840261458,-579636,-840261458,43,0,2,2299812417.0,137079,8424936,11,0,2
1829890677,2007-12-27 06:57:57,-579633.805036544,-579633,-805036544,43,0,2,2299812417.0,137079,8424936,11,0,2
1829890737,2007-12-27 06:58:57,-579630.926367759,-579630,-926367759,43,0,2,2299812417.0,137079,8424936,11,0,2
1829890797,2007-12-27 06:59:57,-579628.287054061,-579628,-287054061,43,0,2,2299812417.0,137079,8424936,11,0,2
1829890857,2007-12-27 07:00:57,-579625.766192435,-579625,-766192435,43,0,2,2299812417.0,137079,8424936,11,0,2
1829890917,2007-12-27 07:01:57,-579623.554321288,-579623,-554321288,43,0,2,2299812417.0,137079,8424936,11,0,2
1829890977,2007-12-27 07:02:57,-579621.55673313,-579621,-556733130,43,0,2,2299812417.0,137079,8424936,11,0,2
1829891037,2007-12-27 07:03:57,-579619.768821715,-579619,-768821715,43,0,2,2299812417.0,137079,8424936,11,0,2
1829891097,2007-12-27 07:04:57,-579618.078146934,-579618,-78146934,43,0,2,2299812417.0,137079,8424936,11,0,2
1829891157,2007-12-27 07:05:57,-579616.725534438,-579616,-725534438,43,0,2,2299812417.0,137079,8424936,11,0,2
1829891217,2007-12-27 07:06:57,-579615.568320273,-579615,-568320273,43,0,2,2299812417.0,137079,8424936,11,0,2
1829891277,2007-12-27 07:07:57,-579614.632037162,-579614,-632037162,43,0,2,2299812417.0,137079,8424936,11,0,2
1829891337,2007-12-27 07:08:57,-579613.825225829,-579613,-825225829,43,0,2,2299812417.0,137079,8424936,11,0,2
1829891397,2007-12-27 07:09:57,-579613.209207534,-579613,-209207534,43,0,2,2299812417.0,137079,8424936,11,0,2
1829891457,2007-12-27 07:10:57,-579612.789206504,-579612,-789206504,43,0,2,2299812417.0,137079,8424936,11,0,2
1829891517,2007-12-27 07:11:57,-579612.608205794,-579612,-608205794,43,0,2,2299812417.0,137079,8424936,11,0,2
1829891577,2007-12-27 07:12:57,-579612.516519546,-579612,-516519546,43,0,2,2299812417.0,137079,8424936,11,0,2
1829891637,2007-12-27 07:13:57,-579612.599678992,-579612,-599678992,43,0,2,2299812417.0,137079,8424936,11,0,2
1829891697,2007-12-27 07:14:57,-579612.873675345,-579612,-873675345,43,0,2,2299812417.0,137079,8424936,11,0,2
1829891757,2007-12-27 07:15:57,-579613.323725699,-579613,-323725699,43,0,2,2299812417.0,137079,8424936,11,0,2
1829891817,2007-12-27 07:16:57,-579613.95065689,-579613,-950656890,43,0,2,2299812417.0,137079,8424936,11,0,2
1829891877,2007-12-27 07:17:57,-579614.700306891,-579614,-700306891,43,0,2,2299812417.0,137079,8424936,11,0,2
1829891937,2007-12-27 07:18:57,-579615.640219687,-579615,-640219687,43,0,2,2299812417.0,137079,8424936,11,0,2
1829891997,2007-12-27 07:19:57,-579616.663965224,-579616,-663965224,43,0,2,2299812417.0,137079,8424936,11,0,2
1829892057,2007-12-27 07:20:57,-579617.984045028,-579617,-984045028,43,0,2,2299812417.0,137079,8424936,11,0,2
1829892117,2007-12-27 07:21:57,-579619.355016707,-579619,-355016707,43,0,2,2299812417.0,137079,8424936,11,0,2
1829892177,2007-12-27 07:22:57,-579620.850888251,-579620,-850888251,43,0,2,2299812417.0,137079,8424936,11,0,2
1829892237,2007-12-27 07:23:57,-579622.444703101,-579622,-444703101,43,0,2,2299812417.0,137079,8424936,11,0,2
1829892297,2007-12-27 07:24:57,-579624.122078895,-579624,-122078895,43,0,2,2299812417.0,137079,8424936,11,0,2
1829892357,2007-12-27 07:25:57,-579626.020686149,-579626,-20686149,43,0,2,2299812417.0,137079,8424936,11,0,2
1829892417,2007-12-27 07:26:57,-579628.053934096,-579628,-53934096,43,0,2,2299812417.0,137079,8424936,11,0,2
1829892477,2007-12-27 07:27:57,-579630.256136893,-579630,-256136893,43,0,2,2299812417.0,137079,8424936,11,0,2
1829892537,2007-12-27 07:28:57,-579632.568894385,-579632,-568894385,43,0,2,2299812417.0,137079,8424936,11,0,2
1829892597,2007-12-27 07:29:57,-579635.082823752,-579635,-82823752,43,0,2,2299812417.0,137079,8424936,11,0,2
1829892657,2007-12-27 07:30:57,-579637.760703086,-579637,-760703086,43,0,2,2299812417.0,137079,8424936,11,0,2
1829892717,2007-12-27 07:31:57,-579640.542453765,-579640,-542453765,43,0,2,2299812417.0,137079,8424936,11,0,2
1829892777,2007-12-27 07:32:57,-579643.417221068,-579643,-417221068,43,0,2,2299812417.0,137079,8424936,11,0,2
1829892837,2007-12-27 07:33:57,-579646.511783599,-579646,-511783599,43,0,2,2299812417.0,137079,8424936,11,0,2
1829892897,2007-12-27 07:34:57,-579649.800332068,-579649,-800332068,43,0,2,2299812417.0,137079,8424936,11,0,2
1829892957,2007-12-27 07:35:57,-579653.258190154,-579653,-258190154,43,0,2,2299812417.0,137079,8424936,11,0,2
1829893017,2007-12-27 07:36:57,-579656.879570006,-579656,-879570006,43,0,2,2299812417.0,137079,8424936,11,0,2
1829893077,2007-12-27 07:37:57,-579660.657926558,-579660,-657926558,43,0,2,2299812417.0,137079,8424936,11,0,2
1829893137,2007-12-27 07:38:57,-579664.718070983,-579664,-718070983,43,0,2,2299812417.0,137079,8424936,11,0,2
1829893197,2007-12-27 07:39:57,-579668.876698493,-579668,-876698493,43,0,2,2299812417.0,137079,8424936,11,0,2
1829893257,2007-12-27 07:40:57,-579673.225211142,-579673,-225211142,43,0,2,2299812417.0,137079,8424936,11,0,2
1829893317,2007-12-27 07:41:57,-579677.89837551,-579677,-898375510,43,0,2,2299812417.0,137079,8424936,11,0,2
1829893377,2007-12-27 07:42:57,-579682.731816291,-579682,-731816291,43,0,2,2299812417.0,137079,8424936,11,0,2
1829940931,2007-12-27 20:55:31,-599472.187943458,-599472,-187943458,26,0,2,2299812417.0,137079,8424936,11,0,2
1829940991,2007-12-27 20:56:31,-599425.51962757,-599425,-519627570,26,0,2,2299812417.0,137079,8424936,11,0,2
1829941051,2007-12-27 20:57:31,-599382.040366172,-599382,-40366172,26,0,2,2299812417.0,137079,8424936,11,0,2
1829941111,2007-12-27 20:58:31,-599341.101154326,-599341,-101154326,26,0,2,2299812417.0,137079,8424936,11,0,2
1829941171,2007-12-27 20:59:31,-599302.34210205,-599302,-342102050,26,0,2,2299812417.0,137079,8424936,11,0,2
1829941231,2007-12-27 21:00:31,-599265.204775809,-599265,-204775809,26,0,2,2299812417.0,137079,8424936,11,0,2
1829941243,2007-12-27 21:00:43,-610522.265530585,-610522,-265530585,43,0,2,2299812417.0,137079,8424936,11,0,2
1829941291,2007-12-27 21:01:31,-599229.550722121,-599229,-550722121,26,0,2,2299812417.0,137079,8424936,11,0,2
1829941303,2007-12-27 21:01:43,-610523.818307876,-610523,-818307876,43,0,2,2299812417.0,137079,8424936,11,0,2
1829941351,2007-12-27 21:02:31,-599194.986459731,-599194,-986459731,26,0,2,2299812417.0,137079,8424936,11,0,2
1829942011,2007-12-27 21:13:31,-598847.331959723,-598847,-331959723,26,0,2,2299812417.0,137079,8424936,11,0,2
1829942071,2007-12-27 21:14:31,-598817.341794013,-598817,-341794013,26,0,2,2299812417.0,137079,8424936,11,0,2
1829942131,2007-12-27 21:15:31,-598787.557144164,-598787,-557144164,26,0,2,2299812417.0,137079,8424936,11,0,2
1829942191,2007-12-27 21:16:31,-598757.881437301,-598757,-881437301,26,0,2,2299812417.0,137079,8424936,11,0,2
1829942251,2007-12-27 21:17:31,-598728.347393035,-598728,-347393035,26,0,2,2299812417.0,137079,8424936,11,0,2
1829942311,2007-12-27 21:18:31,-598699.045069694,-598699,-45069694,26,0,2,2299812417.0,137079,8424936,11,0,2
1829942371,2007-12-27 21:19:31,-598669.81916046,-598669,-819160460,26,0,2,2299812417.0,137079,8424936,11,0,2
1829942431,2007-12-27 21:20:31,-598640.735702514,-598640,-735702514,26,0,2,2299812417.0,137079,8424936,11,0,2
1829942491,2007-12-27 21:21:31,-598611.848628997,-598611,-848628997,26,0,2,2299812417.0,137079,8424936,11,0,2
1829943692,2007-12-27 21:41:32,-598050.510918616,-598050,-510918616,26,0,2,2299812417.0,137079,8424936,11,0,2
1829943752,2007-12-27 21:42:32,-598023.415421485,-598023,-415421485,26,0,2,2299812417.0,137079,8424936,11,0,2
1829943812,2007-12-27 21:43:32,-597996.353125571,-597996,-353125571,26,0,2,2299812417.0,137079,8424936,11,0,2
1829943872,2007-12-27 21:44:32,-597969.436122893,-597969,-436122893,26,0,2,2299812417.0,137079,8424936,11,0,2
1829943932,2007-12-27 21:45:32,-597942.674382209,-597942,-674382209,26,0,2,2299812417.0,137079,8424936,11,0,2
1829943992,2007-12-27 21:46:32,-597915.979028701,-597915,-979028701,26,0,2,2299812417.0,137079,8424936,11,0,2
1829944007,2007-12-27 21:46:47,-395578.782595633,-395578,-782595633,43,0,2,2299812417.0,137079,8424936,11,0,2
1829944052,2007-12-27 21:47:32,-597889.4403553,-597889,-440355300,26,0,2,2299812417.0,137079,8424936,11,0,2
1829944112,2007-12-27 21:48:32,-597863.046779632,-597863,-46779632,26,0,2,2299812417.0,137079,8424936,11,0,2
1829944172,2007-12-27 21:49:32,-597836.747112273,-597836,-747112273,26,0,2,2299812417.0,137079,8424936,11,0,2
1829944831,2007-12-27 22:00:31,-597557.905110358,-597557,-905110358,26,0,2,2299812417.0,137079,8424936,11,0,2
1829944831,2007-12-27 22:00:31,-610632.716322898,-610632,-716322898,43,0,2,2299812417.0,137079,8424936,11,0,2
1829944891,2007-12-27 22:01:31,-610631.194972991,-610631,-194972991,43,0,2,2299812417.0,137079,8424936,11,0,2
1829944951,2007-12-27 22:02:31,-610629.746203422,-610629,-746203422,43,0,2,2299812417.0,137079,8424936,11,0,2
1829945011,2007-12-27 22:03:31,-610628.209733008,-610628,-209733008,43,0,2,2299812417.0,137079,8424936,11,0,2
1829945071,2007-12-27 22:04:31,-610626.686411857,-610626,-686411857,43,0,2,2299812417.0,137079,8424936,11,0,2
1829945131,2007-12-27 22:05:31,-610625.00281906,-610625,-2819060,43,0,2,2299812417.0,137079,8424936,11,0,2
1829945191,2007-12-27 22:06:31,-610623.297469138,-610623,-297469138,43,0,2,2299812417.0,137079,8424936,11,0,2
1829945251,2007-12-27 22:07:31,-610621.280265807,-610621,-280265807,43,0,2,2299812417.0,137079,8424936,11,0,2
1829945311,2007-12-27 22:08:31,-610619.159502982,-610619,-159502982,43,0,2,2299812417.0,137079,8424936,11,0,2
1829945371,2007-12-27 22:09:31,-610616.970436095,-610616,-970436095,43,0,2,2299812417.0,137079,8424936,11,0,2
1829945431,2007-12-27 22:10:31,-610614.514784812,-610614,-514784812,43,0,2,2299812417.0,137079,8424936,11,0,2
1829945491,2007-12-27 22:11:31,-610611.898115157,-610611,-898115157,43,0,2,2299812417.0,137079,8424936,11,0,2
1829945551,2007-12-27 22:12:31,-610609.129981994,-610609,-129981994,43,0,2,2299812417.0,137079,8424936,11,0,2
1829945611,2007-12-27 22:13:31,-610606.220910071,-610606,-220910071,43,0,2,2299812417.0,137079,8424936,11,0,2
1829945671,2007-12-27 22:14:31,-610603.13913536,-610603,-139135360,43,0,2,2299812417.0,137079,8424936,11,0,2
1829945731,2007-12-27 22:15:31,-610599.894853591,-610599,-894853591,43,0,2,2299812417.0,137079,8424936,11,0,2
1829945791,2007-12-27 22:16:31,-610596.370614051,-610596,-370614051,43,0,2,2299812417.0,137079,8424936,11,0,2
1829945851,2007-12-27 22:17:31,-610592.747930526,-610592,-747930526,43,0,2,2299812417.0,137079,8424936,11,0,2
1829945911,2007-12-27 22:18:31,-610588.892383574,-610588,-892383574,43,0,2,2299812417.0,137079,8424936,11,0,2
1829945971,2007-12-27 22:19:31,-610584.834103583,-610584,-834103583,43,0,2,2299812417.0,137079,8424936,11,0,2
1829946031,2007-12-27 22:20:31,-610580.550506591,-610580,-550506591,43,0,2,2299812417.0,137079,8424936,11,0,2
1829946091,2007-12-27 22:21:31,-610576.060520171,-610576,-60520171,43,0,2,2299812417.0,137079,8424936,11,0,2
1829946151,2007-12-27 22:22:31,-610571.427643775,-610571,-427643775,43,0,2,2299812417.0,137079,8424936,11,0,2
1829946211,2007-12-27 22:23:31,-610566.562439918,-610566,-562439918,43,0,2,2299812417.0,137079,8424936,11,0,2
1829946271,2007-12-27 22:24:31,-610561.590400695,-610561,-590400695,43,0,2,2299812417.0,137079,8424936,11,0,2
1829946331,2007-12-27 22:25:31,-610556.474832534,-610556,-474832534,43,0,2,2299812417.0,137079,8424936,11,0,2
1829946391,2007-12-27 22:26:31,-610551.093385695,-610551,-93385695,43,0,2,2299812417.0,137079,8424936,11,0,2
1829946451,2007-12-27 22:27:31,-610545.668250083,-610545,-668250083,43,0,2,2299812417.0,137079,8424936,11,0,2
1829946511,2007-12-27 22:28:31,-610540.009345054,-610540,-9345054,43,0,2,2299812417.0,137079,8424936,11,0,2
1829946571,2007-12-27 22:29:31,-610534.096395492,-610534,-96395492,43,0,2,2299812417.0,137079,8424936,11,0,2
1830013107,2007-12-28 16:58:27,-626658.187607764,-626658,-187607764,26,0,2,2299812417.0,137079,8424936,11,0,2
1830013167,2007-12-28 16:59:27,-626642.013049125,-626642,-13049125,26,0,2,2299812417.0,137079,8424936,11,0,2
1830013227,2007-12-28 17:00:27,-626626.695820807,-626626,-695820807,26,0,2,2299812417.0,137079,8424936,11,0,2
1830013287,2007-12-28 17:01:27,-626611.85897827,-626611,-858978270,26,0,2,2299812417.0,137079,8424936,11,0,2
1830013347,2007-12-28 17:02:27,-626597.503544806,-626597,-503544806,26,0,2,2299812417.0,137079,8424936,11,0,2
1830013407,2007-12-28 17:03:27,-626583.325651168,-626583,-325651168,26,0,2,2299812417.0,137079,8424936,11,0,2
1830013467,2007-12-28 17:04:27,-626569.346137046,-626569,-346137046,26,0,2,2299812417.0,137079,8424936,11,0,2
1830013527,2007-12-28 17:05:27,-626555.429430007,-626555,-429430007,26,0,2,2299812417.0,137079,8424936,11,0,2
1830013587,2007-12-28 17:06:27,-626541.578036307,-626541,-578036307,26,0,2,2299812417.0,137079,8424936,11,0,2
1830013647,2007-12-28 17:07:27,-626527.704704284,-626527,-704704284,26,0,2,2299812417.0,137079,8424936,11,0,2
1830013707,2007-12-28 17:08:27,-626513.766563415,-626513,-766563415,26,0,2,2299812417.0,137079,8424936,11,0,2
1830013767,2007-12-28 17:09:27,-626499.676156997,-626499,-676156997,26,0,2,2299812417.0,137079,8424936,11,0,2
1830013827,2007-12-28 17:10:27,-626485.638233184,-626485,-638233184,26,0,2,2299812417.0,137079,8424936,11,0,2
1830013887,2007-12-28 17:11:27,-626471.505960463,-626471,-505960463,26,0,2,2299812417.0,137079,8424936,11,0,2
1830013947,2007-12-28 17:12:27,-626457.395079612,-626457,-395079612,26,0,2,2299812417.0,137079,8424936,11,0,2
1830014007,2007-12-28 17:13:27,-626443.217776298,-626443,-217776298,26,0,2,2299812417.0,137079,8424936,11,0,2
1830014067,2007-12-28 17:14:27,-626428.887914657,-626428,-887914657,26,0,2,2299812417.0,137079,8424936,11,0,2
1830014127,2007-12-28 17:15:27,-626414.51379013,-626414,-513790130,26,0,2,2299812417.0,137079,8424936,11,0,2
1830014187,2007-12-28 17:16:27,-626400.118577002,-626400,-118577002,26,0,2,2299812417.0,137079,8424936,11,0,2
1830014247,2007-12-28 17:17:27,-626385.609911918,-626385,-609911918,26,0,2,2299812417.0,137079,8424936,11,0,2
1830014307,2007-12-28 17:18:27,-626371.036283492,-626371,-36283492,26,0,2,2299812417.0,137079,8424936,11,0,2
1830014367,2007-12-28 17:19:27,-626356.410933494,-626356,-410933494,26,0,2,2299812417.0,137079,8424936,11,0,2
1830014427,2007-12-28 17:20:27,-626341.698112487,-626341,-698112487,26,0,2,2299812417.0,137079,8424936,11,0,2
1830014487,2007-12-28 17:21:27,-626326.933339118,-626326,-933339118,26,0,2,2299812417.0,137079,8424936,11,0,2
1830014547,2007-12-28 17:22:27,-626312.151099204,-626312,-151099204,26,0,2,2299812417.0,137079,8424936,11,0,2
1830014607,2007-12-28 17:23:27,-626297.272239684,-626297,-272239684,26,0,2,2299812417.0,137079,8424936,11,0,2
1830014667,2007-12-28 17:24:27,-626282.280757903,-626282,-280757903,26,0,2,2299812417.0,137079,8424936,11,0,2
1830014727,2007-12-28 17:25:27,-626267.333938598,-626267,-333938598,26,0,2,2299812417.0,137079,8424936,11,0,2
1830014787,2007-12-28 17:26:27,-626252.240215301,-626252,-240215301,26,0,2,2299812417.0,137079,8424936,11,0,2
1830014847,2007-12-28 17:27:27,-626237.097845077,-626237,-97845077,26,0,2,2299812417.0,137079,8424936,11,0,2
1830014907,2007-12-28 17:28:27,-626221.885478972,-626221,-885478972,26,0,2,2299812417.0,137079,8424936,11,0,2
1830030989,2007-12-28 21:56:29,-620950.566804885,-620950,-566804885,26,0,2,2299812417.0,137079,8424936,11,0,2
1830031049,2007-12-28 21:57:29,-620899.847217559,-620899,-847217559,26,0,2,2299812417.0,137079,8424936,11,0,2
1830031109,2007-12-28 21:58:29,-620854.458498,-620854,-458498000,26,0,2,2299812417.0,137079,8424936,11,0,2
1830031169,2007-12-28 21:59:29,-620814.09274578,-620814,-92745780,26,0,2,2299812417.0,137079,8424936,11,0,2
1830031229,2007-12-28 22:00:29,-620776.996314048,-620776,-996314048,26,0,2,2299812417.0,137079,8424936,11,0,2
1830031239,2007-12-28 22:00:39,-633807.439987182,-633807,-439987182,43,0,2,2299812417.0,137079,8424936,11,0,2
1830031289,2007-12-28 22:01:29,-620742.097403525,-620742,-97403525,26,0,2,2299812417.0,137079,8424936,11,0,2
1830031299,2007-12-28 22:01:39,-633795.384094237,-633795,-384094237,43,0,2,2299812417.0,137079,8424936,11,0,2
1830031349,2007-12-28 22:02:29,-620708.602150916,-620708,-602150916,26,0,2,2299812417.0,137079,8424936,11,0,2
1830032008,2007-12-28 22:13:28,-633699.458277701,-633699,-458277701,43,0,2,2299812417.0,137079,8424936,11,0,2
1830032011,2007-12-28 22:13:31,-620380.119914054,-620380,-119914054,26,0,2,2299812417.0,137079,8424936,11,0,2
1830032068,2007-12-28 22:14:28,-633693.192041396,-633693,-192041396,43,0,2,2299812417.0,137079,8424936,11,0,2
1830032071,2007-12-28 22:14:31,-620352.360054969,-620352,-360054969,26,0,2,2299812417.0,137079,8424936,11,0,2
1830032128,2007-12-28 22:15:28,-633685.850770949,-633685,-850770949,43,0,2,2299812417.0,137079,8424936,11,0,2
1830032131,2007-12-28 22:15:31,-620324.875543593,-620324,-875543593,26,0,2,2299812417.0,137079,8424936,11,0,2
1830032188,2007-12-28 22:16:28,-633678.477724074,-633678,-477724074,43,0,2,2299812417.0,137079,8424936,11,0,2
1830032191,2007-12-28 22:16:31,-620297.617245673,-620297,-617245673,26,0,2,2299812417.0,137079,8424936,11,0,2
1830032248,2007-12-28 22:17:28,-633671.009617804,-633671,-9617804,43,0,2,2299812417.0,137079,8424936,11,0,2
1830032251,2007-12-28 22:17:31,-620270.524572371,-620270,-524572371,26,0,2,2299812417.0,137079,8424936,11,0,2
1830032308,2007-12-28 22:18:28,-633663.457777022,-633663,-457777022,43,0,2,2299812417.0,137079,8424936,11,0,2
1830032311,2007-12-28 22:18:31,-620243.58612728,-620243,-586127280,26,0,2,2299812417.0,137079,8424936,11,0,2
1830032368,2007-12-28 22:19:28,-633655.95212078,-633655,-952120780,43,0,2,2299812417.0,137079,8424936,11,0,2
1830032371,2007-12-28 22:19:31,-620216.967678069,-620216,-967678069,26,0,2,2299812417.0,137079,8424936,11,0,2
1830032428,2007-12-28 22:20:28,-633648.390116691,-633648,-390116691,43,0,2,2299812417.0,137079,8424936,11,0,2
1830032431,2007-12-28 22:20:31,-620190.5469141,-620190,-546914100,26,0,2,2299812417.0,137079,8424936,11,0,2
1830032488,2007-12-28 22:21:28,-633640.779747008,-633640,-779747008,43,0,2,2299812417.0,137079,8424936,11,0,2
1830032491,2007-12-28 22:21:31,-620164.308181762,-620164,-308181762,26,0,2,2299812417.0,137079,8424936,11,0,2
1830033688,2007-12-28 22:41:28,-633466.391799926,-633466,-391799926,43,0,2,2299812417.0,137079,8424936,11,0,2
1830033691,2007-12-28 22:41:31,-619671.817802428,-619671,-817802428,26,0,2,2299812417.0,137079,8424936,11,0,2
1830033748,2007-12-28 22:42:28,-633456.807303428,-633456,-807303428,43,0,2,2299812417.0,137079,8424936,11,0,2
1830033751,2007-12-28 22:42:31,-619649.064492225,-619649,-64492225,26,0,2,2299812417.0,137079,8424936,11,0,2
1830033808,2007-12-28 22:43:28,-633447.142832755,-633447,-142832755,43,0,2,2299812417.0,137079,8424936,11,0,2
1830033811,2007-12-28 22:43:31,-619626.489438056,-619626,-489438056,26,0,2,2299812417.0,137079,8424936,11,0,2
1830033868,2007-12-28 22:44:28,-633437.337290763,-633437,-337290763,43,0,2,2299812417.0,137079,8424936,11,0,2
1830033871,2007-12-28 22:44:31,-619604.035027503,-619604,-35027503,26,0,2,2299812417.0,137079,8424936,11,0,2
1830033928,2007-12-28 22:45:28,-633427.552085875,-633427,-552085875,43,0,2,2299812417.0,137079,8424936,11,0,2
1830033931,2007-12-28 22:45:31,-619581.861689567,-619581,-861689567,26,0,2,2299812417.0,137079,8424936,11,0,2
1830033988,2007-12-28 22:46:28,-633417.63764572,-633417,-637645720,43,0,2,2299812417.0,137079,8424936,11,0,2
1830033991,2007-12-28 22:46:31,-619559.831243514,-619559,-831243514,26,0,2,2299812417.0,137079,8424936,11,0,2
1830034048,2007-12-28 22:47:28,-633407.769685744,-633407,-769685744,43,0,2,2299812417.0,137079,8424936,11,0,2
1830034051,2007-12-28 22:47:31,-619538.092074393,-619538,-92074393,26,0,2,2299812417.0,137079,8424936,11,0,2
1830034108,2007-12-28 22:48:28,-633397.714525222,-633397,-714525222,43,0,2,2299812417.0,137079,8424936,11,0,2
1830034111,2007-12-28 22:48:31,-619516.444170951,-619516,-444170951,26,0,2,2299812417.0,137079,8424936,11,0,2
1830034168,2007-12-28 22:49:28,-633387.619218825,-633387,-619218825,43,0,2,2299812417.0,137079,8424936,11,0,2
1830034171,2007-12-28 22:49:31,-619495.02285385,-619495,-22853850,26,0,2,2299812417.0,137079,8424936,11,0,2
1830034831,2007-12-28 23:00:31,-619273.66451168,-619273,-664511680,26,0,2,2299812417.0,137079,8424936,11,0,2
1830097502,2007-12-29 16:25:02,-650306.748343467,-650306,-748343467,26,0,2,2299812417.0,137079,8424936,11,0,2
1830097562,2007-12-29 16:26:02,-650279.152112006,-650279,-152112006,26,0,2,2299812417.0,137079,8424936,11,0,2
1830097622,2007-12-29 16:27:02,-650255.006983756,-650255,-6983756,26,0,2,2299812417.0,137079,8424936,11,0,2
1830097682,2007-12-29 16:28:02,-650233.68583393,-650233,-685833930,26,0,2,2299812417.0,137079,8424936,11,0,2
1830097742,2007-12-29 16:29:02,-650214.681293487,-650214,-681293487,26,0,2,2299812417.0,137079,8424936,11,0,2
1830097802,2007-12-29 16:30:02,-650197.568112372,-650197,-568112372,26,0,2,2299812417.0,137079,8424936,11,0,2
1830097862,2007-12-29 16:31:02,-650181.960541724,-650181,-960541724,26,0,2,2299812417.0,137079,8424936,11,0,2
1830097922,2007-12-29 16:32:02,-650167.393938064,-650167,-393938064,26,0,2,2299812417.0,137079,8424936,11,0,2
1830097982,2007-12-29 16:33:02,-650153.615369796,-650153,-615369796,26,0,2,2299812417.0,137079,8424936,11,0,2
1830098042,2007-12-29 16:34:02,-650140.509008407,-650140,-509008407,26,0,2,2299812417.0,137079,8424936,11,0,2
1830098102,2007-12-29 16:35:02,-650127.775346755,-650127,-775346755,26,0,2,2299812417.0,137079,8424936,11,0,2
1830098162,2007-12-29 16:36:02,-650115.343922614,-650115,-343922614,26,0,2,2299812417.0,137079,8424936,11,0,2
1830098222,2007-12-29 16:37:02,-650103.149160384,-650103,-149160384,26,0,2,2299812417.0,137079,8424936,11,0,2
1830098282,2007-12-29 16:38:02,-650091.141021728,-650091,-141021728,26,0,2,2299812417.0,137079,8424936,11,0,2
1830098342,2007-12-29 16:39:02,-650079.304806708,-650079,-304806708,26,0,2,2299812417.0,137079,8424936,11,0,2
1830098402,2007-12-29 16:40:02,-650067.412371634,-650067,-412371634,26,0,2,2299812417.0,137079,8424936,11,0,2
1830098462,2007-12-29 16:41:02,-650055.731410979,-650055,-731410979,26,0,2,2299812417.0,137079,8424936,11,0,2
1830098522,2007-12-29 16:42:02,-650044.026174544,-650044,-26174544,26,0,2,2299812417.0,137079,8424936,11,0,2
1830098582,2007-12-29 16:43:02,-650032.411821364,-650032,-411821364,26,0,2,2299812417.0,137079,8424936,11,0,2
1830098642,2007-12-29 16:44:02,-650020.769245147,-650020,-769245147,26,0,2,2299812417.0,137079,8424936,11,0,2
1830098702,2007-12-29 16:45:02,-650009.145235061,-650009,-145235061,26,0,2,2299812417.0,137079,8424936,11,0,2
1830098762,2007-12-29 16:46:02,-649997.556554793,-649997,-556554793,26,0,2,2299812417.0,137079,8424936,11,0,2
1830098822,2007-12-29 16:47:02,-649985.928972243,-649985,-928972243,26,0,2,2299812417.0,137079,8424936,11,0,2
1830098882,2007-12-29 16:48:02,-649974.263004302,-649974,-263004302,26,0,2,2299812417.0,137079,8424936,11,0,2
1830098942,2007-12-29 16:49:02,-649962.623972892,-649962,-623972892,26,0,2,2299812417.0,137079,8424936,11,0,2
1830099002,2007-12-29 16:50:02,-649951.003569602,-649951,-3569602,26,0,2,2299812417.0,137079,8424936,11,0,2
1830099062,2007-12-29 16:51:02,-649939.250247954,-649939,-250247954,26,0,2,2299812417.0,137079,8424936,11,0,2
1830099122,2007-12-29 16:52:02,-649927.496113776,-649927,-496113776,26,0,2,2299812417.0,137079,8424936,11,0,2
1830099182,2007-12-29 16:53:02,-649915.651610373,-649915,-651610373,26,0,2,2299812417.0,137079,8424936,11,0,2
1830099242,2007-12-29 16:54:02,-649903.740045546,-649903,-740045546,26,0,2,2299812417.0,137079,8424936,11,0,2
1830099302,2007-12-29 16:55:02,-649891.814349173,-649891,-814349173,26,0,2,2299812417.0,137079,8424936,11,0,2
1830099362,2007-12-29 16:56:02,-649879.780753135,-649879,-780753135,26,0,2,2299812417.0,137079,8424936,11,0,2
1830099422,2007-12-29 16:57:02,-649867.600904464,-649867,-600904464,26,0,2,2299812417.0,137079,8424936,11,0,2
1830099482,2007-12-29 16:58:02,-649855.358963012,-649855,-358963012,26,0,2,2299812417.0,137079,8424936,11,0,2
1830099542,2007-12-29 16:59:02,-649843.027935981,-649843,-27935981,26,0,2,2299812417.0,137079,8424936,11,0,2
1830099602,2007-12-29 17:00:02,-649830.618356704,-649830,-618356704,26,0,2,2299812417.0,137079,8424936,11,0,2
1830099662,2007-12-29 17:01:02,-649818.032185554,-649818,-32185554,26,0,2,2299812417.0,137079,8424936,11,0,2
1830099722,2007-12-29 17:02:02,-649805.411668776,-649805,-411668776,26,0,2,2299812417.0,137079,8424936,11,0,2
1830099782,2007-12-29 17:03:02,-649792.654170035,-649792,-654170035,26,0,2,2299812417.0,137079,8424936,11,0,2
1830099842,2007-12-29 17:04:02,-649779.687194823,-649779,-687194823,26,0,2,2299812417.0,137079,8424936,11,0,2
1830099902,2007-12-29 17:05:02,-649766.731774329,-649766,-731774329,26,0,2,2299812417.0,137079,8424936,11,0,2
1830099962,2007-12-29 17:06:02,-649753.612543105,-649753,-612543105,26,0,2,2299812417.0,137079,8424936,11,0,2
1830100022,2007-12-29 17:07:02,-649740.337198256,-649740,-337198256,26,0,2,2299812417.0,137079,8424936,11,0,2
1830100082,2007-12-29 17:08:02,-649726.834597587,-649726,-834597587,26,0,2,2299812417.0,137079,8424936,11,0,2
1830100142,2007-12-29 17:09:02,-649713.235346793,-649713,-235346793,26,0,2,2299812417.0,137079,8424936,11,0,2
1830114377,2007-12-29 21:06:17,-645332.201806067,-645332,-201806067,26,0,2,2299812417.0,137079,8424936,11,0,2
1830114437,2007-12-29 21:07:17,-645272.365733146,-645272,-365733146,26,0,2,2299812417.0,137079,8424936,11,0,2
1830114497,2007-12-29 21:08:17,-645222.268154143,-645222,-268154143,26,0,2,2299812417.0,137079,8424936,11,0,2
1830114557,2007-12-29 21:09:17,-645177.776550292,-645177,-776550292,26,0,2,2299812417.0,137079,8424936,11,0,2
1830114617,2007-12-29 21:10:17,-645136.813486098,-645136,-813486098,26,0,2,2299812417.0,137079,8424936,11,0,2
1830114639,2007-12-29 21:10:39,-656599.209308623,-656599,-209308623,43,0,2,2299812417.0,137079,8424936,11,0,2
1830114677,2007-12-29 21:11:17,-645098.238261222,-645098,-238261222,26,0,2,2299812417.0,137079,8424936,11,0,2
1830114699,2007-12-29 21:11:39,-656597.205685615,-656597,-205685615,43,0,2,2299812417.0,137079,8424936,11,0,2
1830114737,2007-12-29 21:12:17,-645061.178246497,-645061,-178246497,26,0,2,2299812417.0,137079,8424936,11,0,2
1830115408,2007-12-29 21:23:28,-656607.582903861,-656607,-582903861,43,0,2,2299812417.0,137079,8424936,11,0,2
1830115411,2007-12-29 21:23:31,-644685.769291877,-644685,-769291877,26,0,2,2299812417.0,137079,8424936,11,0,2
1830115468,2007-12-29 21:24:28,-656609.19623947,-656609,-196239470,43,0,2,2299812417.0,137079,8424936,11,0,2
1830115471,2007-12-29 21:24:31,-644654.335240363,-644654,-335240363,26,0,2,2299812417.0,137079,8424936,11,0,2
1830115528,2007-12-29 21:25:28,-656610.763276099,-656610,-763276099,43,0,2,2299812417.0,137079,8424936,11,0,2
1830115531,2007-12-29 21:25:31,-644623.082834243,-644623,-82834243,26,0,2,2299812417.0,137079,8424936,11,0,2
1830115588,2007-12-29 21:26:28,-656612.340950965,-656612,-340950965,43,0,2,2299812417.0,137079,8424936,11,0,2
1830115591,2007-12-29 21:26:31,-644592.078251838,-644592,-78251838,26,0,2,2299812417.0,137079,8424936,11,0,2
1830115648,2007-12-29 21:27:28,-656613.954977988,-656613,-954977988,43,0,2,2299812417.0,137079,8424936,11,0,2
1830115651,2007-12-29 21:27:31,-644561.328841208,-644561,-328841208,26,0,2,2299812417.0,137079,8424936,11,0,2
1830115708,2007-12-29 21:28:28,-656615.559707641,-656615,-559707641,43,0,2,2299812417.0,137079,8424936,11,0,2
1830115711,2007-12-29 21:28:31,-644530.798578261,-644530,-798578261,26,0,2,2299812417.0,137079,8424936,11,0,2
1830115768,2007-12-29 21:29:28,-656617.155024528,-656617,-155024528,43,0,2,2299812417.0,137079,8424936,11,0,2
1830115771,2007-12-29 21:29:31,-644500.489642142,-644500,-489642142,26,0,2,2299812417.0,137079,8424936,11,0,2
1830115828,2007-12-29 21:30:28,-656618.800792693,-656618,-800792693,43,0,2,2299812417.0,137079,8424936,11,0,2
1830115831,2007-12-29 21:30:31,-644470.470015525,-644470,-470015525,26,0,2,2299812417.0,137079,8424936,11,0,2
1830115888,2007-12-29 21:31:28,-656620.410174369,-656620,-410174369,43,0,2,2299812417.0,137079,8424936,11,0,2
1830115891,2007-12-29 21:31:31,-644440.623883246,-644440,-623883246,26,0,2,2299812417.0,137079,8424936,11,0,2
1830117088,2007-12-29 21:51:28,-656630.252059936,-656630,-252059936,43,0,2,2299812417.0,137079,8424936,11,0,2
1830117091,2007-12-29 21:51:31,-643870.810575484,-643870,-810575484,26,0,2,2299812417.0,137079,8424936,11,0,2
1830117148,2007-12-29 21:52:28,-656629.459636687,-656629,-459636687,43,0,2,2299812417.0,137079,8424936,11,0,2
1830117151,2007-12-29 21:52:31,-643843.539600371,-643843,-539600371,26,0,2,2299812417.0,137079,8424936,11,0,2
1830117208,2007-12-29 21:53:28,-656628.421273231,-656628,-421273231,43,0,2,2299812417.0,137079,8424936,11,0,2
1830117211,2007-12-29 21:53:31,-643816.267952918,-643816,-267952918,26,0,2,2299812417.0,137079,8424936,11,0,2
1830117268,2007-12-29 21:54:28,-656627.331106185,-656627,-331106185,43,0,2,2299812417.0,137079,8424936,11,0,2
1830117271,2007-12-29 21:54:31,-643789.187646865,-643789,-187646865,26,0,2,2299812417.0,137079,8424936,11,0,2
1830117328,2007-12-29 21:55:28,-656626.182275771,-656626,-182275771,43,0,2,2299812417.0,137079,8424936,11,0,2
1830117331,2007-12-29 21:55:31,-643762.29549694,-643762,-295496940,26,0,2,2299812417.0,137079,8424936,11,0,2
1830117388,2007-12-29 21:56:28,-656624.900250434,-656624,-900250434,43,0,2,2299812417.0,137079,8424936,11,0,2
1830117391,2007-12-29 21:56:31,-643735.507877349,-643735,-507877349,26,0,2,2299812417.0,137079,8424936,11,0,2
1830117448,2007-12-29 21:57:28,-656623.427405356,-656623,-427405356,43,0,2,2299812417.0,137079,8424936,11,0,2
1830117451,2007-12-29 21:57:31,-643708.78133583,-643708,-781335830,26,0,2,2299812417.0,137079,8424936,11,0,2
1830117508,2007-12-29 21:58:28,-656621.900153159,-656621,-900153159,43,0,2,2299812417.0,137079,8424936,11,0,2
1830117511,2007-12-29 21:58:31,-643682.242630004,-643682,-242630004,26,0,2,2299812417.0,137079,8424936,11,0,2
1830117568,2007-12-29 21:59:28,-656620.258919715,-656620,-258919715,43,0,2,2299812417.0,137079,8424936,11,0,2
1830117571,2007-12-29 21:59:31,-643655.833519935,-643655,-833519935,26,0,2,2299812417.0,137079,8424936,11,0,2
1830118228,2007-12-29 22:10:28,-656596.525664329,-656596,-525664329,43,0,2,2299812417.0,137079,8424936,11,0,2
1830118288,2007-12-29 22:11:28,-656593.937519072,-656593,-937519072,43,0,2,2299812417.0,137079,8424936,11,0,2
1830118348,2007-12-29 22:12:28,-656591.385622977,-656591,-385622977,43,0,2,2299812417.0,137079,8424936,11,0,2
1830118408,2007-12-29 22:13:28,-656588.831345557,-656588,-831345557,43,0,2,2299812417.0,137079,8424936,11,0,2
1830118468,2007-12-29 22:14:28,-656586.219148635,-656586,-219148635,43,0,2,2299812417.0,137079,8424936,11,0,2
1830118528,2007-12-29 22:15:28,-656583.575801848,-656583,-575801848,43,0,2,2299812417.0,137079,8424936,11,0,2
1830118588,2007-12-29 22:16:28,-656580.885579108,-656580,-885579108,43,0,2,2299812417.0,137079,8424936,11,0,2
1830118648,2007-12-29 22:17:28,-656578.070963859,-656578,-70963859,43,0,2,2299812417.0,137079,8424936,11,0,2
1830118708,2007-12-29 22:18:28,-656575.151741981,-656575,-151741981,43,0,2,2299812417.0,137079,8424936,11,0,2
1830118768,2007-12-29 22:19:28,-656572.173542022,-656572,-173542022,43,0,2,2299812417.0,137079,8424936,11,0,2
1830118828,2007-12-29 22:20:28,-656569.037956237,-656569,-37956237,43,0,2,2299812417.0,137079,8424936,11,0,2
1830118888,2007-12-29 22:21:28,-656565.762948035,-656565,-762948035,43,0,2,2299812417.0,137079,8424936,11,0,2
1830118948,2007-12-29 22:22:28,-656562.43514347,-656562,-435143470,43,0,2,2299812417.0,137079,8424936,11,0,2
1830119008,2007-12-29 22:23:28,-656559.003435134,-656559,-3435134,43,0,2,2299812417.0,137079,8424936,11,0,2
1830119068,2007-12-29 22:24:28,-656555.270031928,-656555,-270031928,43,0,2,2299812417.0,137079,8424936,11,0,2
1830119128,2007-12-29 22:25:28,-656551.471501349,-656551,-471501349,43,0,2,2299812417.0,137079,8424936,11,0,2
1830119188,2007-12-29 22:26:28,-656547.587504386,-656547,-587504386,43,0,2,2299812417.0,137079,8424936,11,0,2
1830119248,2007-12-29 22:27:28,-656543.363241195,-656543,-363241195,43,0,2,2299812417.0,137079,8424936,11,0,2
1830119308,2007-12-29 22:28:28,-656539.13373947,-656539,-133739470,43,0,2,2299812417.0,137079,8424936,11,0,2
1830119368,2007-12-29 22:29:28,-656534.756388663,-656534,-756388663,43,0,2,2299812417.0,137079,8424936,11,0,2
1830119428,2007-12-29 22:30:28,-656530.107203483,-656530,-107203483,43,0,2,2299812417.0,137079,8424936,11,0,2
1830119488,2007-12-29 22:31:28,-656525.431659697,-656525,-431659697,43,0,2,2299812417.0,137079,8424936,11,0,2
1830119548,2007-12-29 22:32:28,-656520.374993323,-656520,-374993323,43,0,2,2299812417.0,137079,8424936,11,0,2
1830119608,2007-12-29 22:33:28,-656515.259258269,-656515,-259258269,43,0,2,2299812417.0,137079,8424936,11,0,2
1830119668,2007-12-29 22:34:28,-656509.991362571,-656509,-991362571,43,0,2,2299812417.0,137079,8424936,11,0,2
1830119728,2007-12-29 22:35:28,-656504.526211738,-656504,-526211738,43,0,2,2299812417.0,137079,8424936,11,0,2
1830119788,2007-12-29 22:36:28,-656498.89179325,-656498,-891793250,43,0,2,2299812417.0,137079,8424936,11,0,2
1830119848,2007-12-29 22:37:28,-656493.120358466,-656493,-120358466,43,0,2,2299812417.0,137079,8424936,11,0,2
1830119908,2007-12-29 22:38:28,-656487.173587798,-656487,-173587798,43,0,2,2299812417.0,137079,8424936,11,0,2
1830119968,2007-12-29 22:39:28,-656481.000627517,-656481,-627517,43,0,2,2299812417.0,137079,8424936,11,0,2
1830186010,2007-12-30 17:00:10,-674058.508155822,-674058,-508155822,26,0,2,2299812417.0,137079,8424936,11,0,2
1830186020,2007-12-30 17:00:20,-674056.627083777,-674056,-627083777,26,0,2,2299812417.0,137079,8424936,11,0,2
1830186030,2007-12-30 17:00:30,-674054.532725333,-674054,-532725333,26,0,2,2299812417.0,137079,8424936,11,0,2
1830186035,2007-12-30 17:00:35,-674053.507419585,-674053,-507419585,26,0,2,2299812417.0,137079,8424936,11,0,2
1830186040,2007-12-30 17:00:40,-674052.4758749,-674052,-475874900,26,0,2,2299812417.0,137079,8424936,11,0,2
1830186050,2007-12-30 17:00:50,-674050.432658194,-674050,-432658194,26,0,2,2299812417.0,137079,8424936,11,0,2
1830186060,2007-12-30 17:01:00,-674048.468017577,-674048,-468017577,26,0,2,2299812417.0,137079,8424936,11,0,2
1830186070,2007-12-30 17:01:10,-674046.456180572,-674046,-456180572,26,0,2,2299812417.0,137079,8424936,11,0,2
1830186080,2007-12-30 17:01:20,-674044.462647437,-674044,-462647437,26,0,2,2299812417.0,137079,8424936,11,0,2
1830186090,2007-12-30 17:01:30,-674042.535623549,-674042,-535623549,26,0,2,2299812417.0,137079,8424936,11,0,2
1830186095,2007-12-30 17:01:35,-674041.566518783,-674041,-566518783,26,0,2,2299812417.0,137079,8424936,11,0,2
1830186100,2007-12-30 17:01:40,-674040.605800628,-674040,-605800628,26,0,2,2299812417.0,137079,8424936,11,0,2
1830186110,2007-12-30 17:01:50,-674038.633316993,-674038,-633316993,26,0,2,2299812417.0,137079,8424936,11,0,2
1830186120,2007-12-30 17:02:00,-674036.705546378,-674036,-705546378,26,0,2,2299812417.0,137079,8424936,11,0,2
1830186130,2007-12-30 17:02:10,-674034.69023323,-674034,-690233230,26,0,2,2299812417.0,137079,8424936,11,0,2
1830186140,2007-12-30 17:02:20,-674032.813213347,-674032,-813213347,26,0,2,2299812417.0,137079,8424936,11,0,2
1830186150,2007-12-30 17:02:30,-674030.899504661,-674030,-899504661,26,0,2,2299812417.0,137079,8424936,11,0,2
1830186155,2007-12-30 17:02:35,-674029.979902266,-674029,-979902266,26,0,2,2299812417.0,137079,8424936,11,0,2
1830186160,2007-12-30 17:02:40,-674029.020489692,-674029,-20489692,26,0,2,2299812417.0,137079,8424936,11,0,2
1830186170,2007-12-30 17:02:50,-674027.173033713,-674027,-173033713,26,0,2,2299812417.0,137079,8424936,11,0,2
1830186180,2007-12-30 17:03:00,-674025.282940864,-674025,-282940864,26,0,2,2299812417.0,137079,8424936,11,0,2
1830186190,2007-12-30 17:03:10,-674023.381470679,-674023,-381470679,26,0,2,2299812417.0,137079,8424936,11,0,2
1830186200,2007-12-30 17:03:20,-674021.523111342,-674021,-523111342,26,0,2,2299812417.0,137079,8424936,11,0,2
1830186210,2007-12-30 17:03:30,-674019.7303133,-674019,-730313300,26,0,2,2299812417.0,137079,8424936,11,0,2
1830186215,2007-12-30 17:03:35,-674018.736760138,-674018,-736760138,26,0,2,2299812417.0,137079,8424936,11,0,2
1830186220,2007-12-30 17:03:40,-674017.806477546,-674017,-806477546,26,0,2,2299812417.0,137079,8424936,11,0,2
1830186230,2007-12-30 17:03:50,-674015.929281234,-674015,-929281234,26,0,2,2299812417.0,137079,8424936,11,0,2
1830186240,2007-12-30 17:04:00,-674014.049904822,-674014,-49904822,26,0,2,2299812417.0,137079,8424936,11,0,2
1830186250,2007-12-30 17:04:10,-674012.253377913,-674012,-253377913,26,0,2,2299812417.0,137079,8424936,11,0,2
1830186260,2007-12-30 17:04:20,-674010.466186522,-674010,-466186522,26,0,2,2299812417.0,137079,8424936,11,0,2
1830186270,2007-12-30 17:04:30,-674008.646597861,-674008,-646597861,26,0,2,2299812417.0,137079,8424936,11,0,2
1830186275,2007-12-30 17:04:35,-674007.706468581,-674007,-706468581,26,0,2,2299812417.0,137079,8424936,11,0,2
1830186280,2007-12-30 17:04:40,-674006.797102927,-674006,-797102927,26,0,2,2299812417.0,137079,8424936,11,0,2
1830186290,2007-12-30 17:04:50,-674004.955426215,-674004,-955426215,26,0,2,2299812417.0,137079,8424936,11,0,2
1830186300,2007-12-30 17:05:00,-674003.120122909,-674003,-120122909,26,0,2,2299812417.0,137079,8424936,11,0,2
1830186310,2007-12-30 17:05:10,-674001.260951041,-674001,-260951041,26,0,2,2299812417.0,137079,8424936,11,0,2
1830186320,2007-12-30 17:05:20,-673999.376113891,-673999,-376113891,26,0,2,2299812417.0,137079,8424936,11,0,2
1830186330,2007-12-30 17:05:30,-673997.579627036,-673997,-579627036,26,0,2,2299812417.0,137079,8424936,11,0,2
1830186335,2007-12-30 17:05:35,-673996.657993316,-673996,-657993316,26,0,2,2299812417.0,137079,8424936,11,0,2
1830186340,2007-12-30 17:05:40,-673995.753208159,-673995,-753208159,26,0,2,2299812417.0,137079,8424936,11,0,2
1830186350,2007-12-30 17:05:50,-673993.906553267,-673993,-906553267,26,0,2,2299812417.0,137079,8424936,11,0,2
1830186360,2007-12-30 17:06:00,-673992.071506499,-673992,-71506499,26,0,2,2299812417.0,137079,8424936,11,0,2
1830186370,2007-12-30 17:06:10,-673990.217293738,-673990,-217293738,26,0,2,2299812417.0,137079,8424936,11,0,2
1830186380,2007-12-30 17:06:20,-673988.42967224,-673988,-429672240,26,0,2,2299812417.0,137079,8424936,11,0,2
1830186390,2007-12-30 17:06:30,-673986.67369461,-673986,-673694610,26,0,2,2299812417.0,137079,8424936,11,0,2
1830186395,2007-12-30 17:06:35,-673985.762190818,-673985,-762190818,26,0,2,2299812417.0,137079,8424936,11,0,2
1830186400,2007-12-30 17:06:40,-673984.91675949,-673984,-916759490,26,0,2,2299812417.0,137079,8424936,11,0,2
1830186410,2007-12-30 17:06:50,-673983.043149947,-673983,-43149947,26,0,2,2299812417.0,137079,8424936,11,0,2
1830186420,2007-12-30 17:07:00,-673981.292574882,-673981,-292574882,26,0,2,2299812417.0,137079,8424936,11,0,2
1830186430,2007-12-30 17:07:10,-673979.439562797,-673979,-439562797,26,0,2,2299812417.0,137079,8424936,11,0,2
1830186440,2007-12-30 17:07:20,-673977.62040615,-673977,-620406150,26,0,2,2299812417.0,137079,8424936,11,0,2
1830186450,2007-12-30 17:07:30,-673975.809834479,-673975,-809834479,26,0,2,2299812417.0,137079,8424936,11,0,2
1830186455,2007-12-30 17:07:35,-673974.885622977,-673974,-885622977,26,0,2,2299812417.0,137079,8424936,11,0,2
1830186460,2007-12-30 17:07:40,-673973.952356338,-673973,-952356338,26,0,2,2299812417.0,137079,8424936,11,0,2
1830186470,2007-12-30 17:07:50,-673972.19058895,-673972,-190588950,26,0,2,2299812417.0,137079,8424936,11,0,2
1830186480,2007-12-30 17:08:00,-673970.300990104,-673970,-300990104,26,0,2,2299812417.0,137079,8424936,11,0,2
1830186490,2007-12-30 17:08:10,-673968.420277595,-673968,-420277595,26,0,2,2299812417.0,137079,8424936,11,0,2
1830186500,2007-12-30 17:08:20,-673966.587297439,-673966,-587297439,26,0,2,2299812417.0,137079,8424936,11,0,2
1830186510,2007-12-30 17:08:30,-673964.831266402,-673964,-831266402,26,0,2,2299812417.0,137079,8424936,11,0,2
1830186515,2007-12-30 17:08:35,-673963.870906829,-673963,-870906829,26,0,2,2299812417.0,137079,8424936,11,0,2
1830186520,2007-12-30 17:08:40,-673962.990991591,-673962,-990991591,26,0,2,2299812417.0,137079,8424936,11,0,2
1830186530,2007-12-30 17:08:50,-673961.104349135,-673961,-104349135,26,0,2,2299812417.0,137079,8424936,11,0,2
1830186540,2007-12-30 17:09:00,-673959.291260718,-673959,-291260718,26,0,2,2299812417.0,137079,8424936,11,0,2
1830186550,2007-12-30 17:09:10,-673957.383482932,-673957,-383482932,26,0,2,2299812417.0,137079,8424936,11,0,2
1830186560,2007-12-30 17:09:20,-673955.556049346,-673955,-556049346,26,0,2,2299812417.0,137079,8424936,11,0,2
1830186570,2007-12-30 17:09:30,-673953.705551146,-673953,-705551146,26,0,2,2299812417.0,137079,8424936,11,0,2
1830186575,2007-12-30 17:09:35,-673952.759299277,-673952,-759299277,26,0,2,2299812417.0,137079,8424936,11,0,2
1830186580,2007-12-30 17:09:40,-673951.796005248,-673951,-796005248,26,0,2,2299812417.0,137079,8424936,11,0,2
1830186590,2007-12-30 17:09:50,-673949.958616256,-673949,-958616256,26,0,2,2299812417.0,137079,8424936,11,0,2
1830186600,2007-12-30 17:10:00,-673948.156088828,-673948,-156088828,26,0,2,2299812417.0,137079,8424936,11,0,2
1830186610,2007-12-30 17:10:10,-673946.261231421,-673946,-261231421,26,0,2,2299812417.0,137079,8424936,11,0,2
1830186620,2007-12-30 17:10:20,-673944.398594855,-673944,-398594855,26,0,2,2299812417.0,137079,8424936,11,0,2
1830186630,2007-12-30 17:10:30,-673942.473528861,-673942,-473528861,26,0,2,2299812417.0,137079,8424936,11,0,2
1830186635,2007-12-30 17:10:35,-673941.565847396,-673941,-565847396,26,0,2,2299812417.0,137079,8424936,11,0,2
1830186640,2007-12-30 17:10:40,-673940.62793827,-673940,-627938270,26,0,2,2299812417.0,137079,8424936,11,0,2
1830186650,2007-12-30 17:10:50,-673938.761706351,-673938,-761706351,26,0,2,2299812417.0,137079,8424936,11,0,2
1830186660,2007-12-30 17:11:00,-673936.87208557,-673936,-872085570,26,0,2,2299812417.0,137079,8424936,11,0,2
1830186670,2007-12-30 17:11:10,-673934.981480597,-673934,-981480597,26,0,2,2299812417.0,137079,8424936,11,0,2
1830186680,2007-12-30 17:11:20,-673933.078895568,-673933,-78895568,26,0,2,2299812417.0,137079,8424936,11,0,2
1830186690,2007-12-30 17:11:30,-673931.187561988,-673931,-187561988,26,0,2,2299812417.0,137079,8424936,11,0,2
1830186695,2007-12-30 17:11:35,-673930.233499526,-673930,-233499526,26,0,2,2299812417.0,137079,8424936,11,0,2
1830186700,2007-12-30 17:11:40,-673929.295892714,-673929,-295892714,26,0,2,2299812417.0,137079,8424936,11,0,2
1830186710,2007-12-30 17:11:50,-673927.397052764,-673927,-397052764,26,0,2,2299812417.0,137079,8424936,11,0,2
1830186720,2007-12-30 17:12:00,-673925.460114478,-673925,-460114478,26,0,2,2299812417.0,137079,8424936,11,0,2
1830186730,2007-12-30 17:12:10,-673923.584782599,-673923,-584782599,26,0,2,2299812417.0,137079,8424936,11,0,2
1830186740,2007-12-30 17:12:20,-673921.620308875,-673921,-620308875,26,0,2,2299812417.0,137079,8424936,11,0,2
1830186750,2007-12-30 17:12:30,-673919.67324829,-673919,-673248290,26,0,2,2299812417.0,137079,8424936,11,0,2
1830186755,2007-12-30 17:12:35,-673918.760469436,-673918,-760469436,26,0,2,2299812417.0,137079,8424936,11,0,2
1830186760,2007-12-30 17:12:40,-673917.856833457,-673917,-856833457,26,0,2,2299812417.0,137079,8424936,11,0,2
1830186770,2007-12-30 17:12:50,-673915.872223853,-673915,-872223853,26,0,2,2299812417.0,137079,8424936,11,0,2
1830186780,2007-12-30 17:13:00,-673913.955420493,-673913,-955420493,26,0,2,2299812417.0,137079,8424936,11,0,2
1830186790,2007-12-30 17:13:10,-673912.033403396,-673912,-33403396,26,0,2,2299812417.0,137079,8424936,11,0,2
1830186800,2007-12-30 17:13:20,-673910.198553084,-673910,-198553084,26,0,2,2299812417.0,137079,8424936,11,0,2
1830186810,2007-12-30 17:13:30,-673908.241966247,-673908,-241966247,26,0,2,2299812417.0,137079,8424936,11,0,2
1830186815,2007-12-30 17:13:35,-673907.268818854,-673907,-268818854,26,0,2,2299812417.0,137079,8424936,11,0,2
1830186820,2007-12-30 17:13:40,-673906.318842887,-673906,-318842887,26,0,2,2299812417.0,137079,8424936,11,0,2
1830186830,2007-12-30 17:13:50,-673904.407448768,-673904,-407448768,26,0,2,2299812417.0,137079,8424936,11,0,2
1830186840,2007-12-30 17:14:00,-673902.412699698,-673902,-412699698,26,0,2,2299812417.0,137079,8424936,11,0,2
1830186850,2007-12-30 17:14:10,-673900.545217513,-673900,-545217513,26,0,2,2299812417.0,137079,8424936,11,0,2
1830186860,2007-12-30 17:14:20,-673898.524994849,-673898,-524994849,26,0,2,2299812417.0,137079,8424936,11,0,2
1830186870,2007-12-30 17:14:30,-673896.559262275,-673896,-559262275,26,0,2,2299812417.0,137079,8424936,11,0,2
1830186875,2007-12-30 17:14:35,-673895.637219428,-673895,-637219428,26,0,2,2299812417.0,137079,8424936,11,0,2
1830186880,2007-12-30 17:14:40,-673894.651090621,-673894,-651090621,26,0,2,2299812417.0,137079,8424936,11,0,2
1830186890,2007-12-30 17:14:50,-673892.73584175,-673892,-735841750,26,0,2,2299812417.0,137079,8424936,11,0,2
1830186900,2007-12-30 17:15:00,-673890.806912421,-673890,-806912421,26,0,2,2299812417.0,137079,8424936,11,0,2
1830186910,2007-12-30 17:15:10,-673888.805185317,-673888,-805185317,26,0,2,2299812417.0,137079,8424936,11,0,2
1830186920,2007-12-30 17:15:20,-673886.82400608,-673886,-824006080,26,0,2,2299812417.0,137079,8424936,11,0,2
1830186930,2007-12-30 17:15:30,-673884.820708274,-673884,-820708274,26,0,2,2299812417.0,137079,8424936,11,0,2
1830186935,2007-12-30 17:15:35,-673883.842514991,-673883,-842514991,26,0,2,2299812417.0,137079,8424936,11,0,2
1830186940,2007-12-30 17:15:40,-673882.844034194,-673882,-844034194,26,0,2,2299812417.0,137079,8424936,11,0,2
1830186950,2007-12-30 17:15:50,-673880.882026671,-673880,-882026671,26,0,2,2299812417.0,137079,8424936,11,0,2
1830186960,2007-12-30 17:16:00,-673878.879130362,-673878,-879130362,26,0,2,2299812417.0,137079,8424936,11,0,2
1830186970,2007-12-30 17:16:10,-673876.916625976,-673876,-916625976,26,0,2,2299812417.0,137079,8424936,11,0,2
1830186980,2007-12-30 17:16:20,-673874.831210135,-673874,-831210135,26,0,2,2299812417.0,137079,8424936,11,0,2
1830186990,2007-12-30 17:16:30,-673872.833201407,-673872,-833201407,26,0,2,2299812417.0,137079,8424936,11,0,2
1830186995,2007-12-30 17:16:35,-673871.918031692,-673871,-918031692,26,0,2,2299812417.0,137079,8424936,11,0,2
1830187000,2007-12-30 17:16:40,-673870.974890708,-673870,-974890708,26,0,2,2299812417.0,137079,8424936,11,0,2
1830187010,2007-12-30 17:16:50,-673868.957492827,-673868,-957492827,26,0,2,2299812417.0,137079,8424936,11,0,2
1830187020,2007-12-30 17:17:00,-673866.994767188,-673866,-994767188,26,0,2,2299812417.0,137079,8424936,11,0,2
1830187030,2007-12-30 17:17:10,-673864.998807906,-673864,-998807906,26,0,2,2299812417.0,137079,8424936,11,0,2
1830187040,2007-12-30 17:17:20,-673863.000101088,-673863,-101088,26,0,2,2299812417.0,137079,8424936,11,0,2
1830187050,2007-12-30 17:17:30,-673860.971351623,-673860,-971351623,26,0,2,2299812417.0,137079,8424936,11,0,2
1830187055,2007-12-30 17:17:35,-673859.938805579,-673859,-938805579,26,0,2,2299812417.0,137079,8424936,11,0,2
1830187060,2007-12-30 17:17:40,-673858.932576179,-673858,-932576179,26,0,2,2299812417.0,137079,8424936,11,0,2
1830187070,2007-12-30 17:17:50,-673856.876949309,-673856,-876949309,26,0,2,2299812417.0,137079,8424936,11,0,2
1830187080,2007-12-30 17:18:00,-673854.853044509,-673854,-853044509,26,0,2,2299812417.0,137079,8424936,11,0,2
1830187090,2007-12-30 17:18:10,-673852.905130385,-673852,-905130385,26,0,2,2299812417.0,137079,8424936,11,0,2
1830187100,2007-12-30 17:18:20,-673850.814027785,-673850,-814027785,26,0,2,2299812417.0,137079,8424936,11,0,2
1830187110,2007-12-30 17:18:30,-673848.807835578,-673848,-807835578,26,0,2,2299812417.0,137079,8424936,11,0,2
1830187115,2007-12-30 17:18:35,-673847.826349257,-673847,-826349257,26,0,2,2299812417.0,137079,8424936,11,0,2
1830187120,2007-12-30 17:18:40,-673846.877945899,-673846,-877945899,26,0,2,2299812417.0,137079,8424936,11,0,2
1830187130,2007-12-30 17:18:50,-673844.822346686,-673844,-822346686,26,0,2,2299812417.0,137079,8424936,11,0,2
1830187140,2007-12-30 17:19:00,-673842.730808257,-673842,-730808257,26,0,2,2299812417.0,137079,8424936,11,0,2
1830187150,2007-12-30 17:19:10,-673840.679982184,-673840,-679982184,26,0,2,2299812417.0,137079,8424936,11,0,2
1830187160,2007-12-30 17:19:20,-673838.633360862,-673838,-633360862,26,0,2,2299812417.0,137079,8424936,11,0,2
1830187170,2007-12-30 17:19:30,-673836.59025669,-673836,-590256690,26,0,2,2299812417.0,137079,8424936,11,0,2
1830187175,2007-12-30 17:19:35,-673835.502744674,-673835,-502744674,26,0,2,2299812417.0,137079,8424936,11,0,2
1830187180,2007-12-30 17:19:40,-673834.442085265,-673834,-442085265,26,0,2,2299812417.0,137079,8424936,11,0,2
1830187190,2007-12-30 17:19:50,-673832.380705832,-673832,-380705832,26,0,2,2299812417.0,137079,8424936,11,0,2
1830187200,2007-12-30 17:20:00,-673830.290077208,-673830,-290077208,26,0,2,2299812417.0,137079,8424936,11,0,2
1830187210,2007-12-30 17:20:10,-673828.244602202,-673828,-244602202,26,0,2,2299812417.0,137079,8424936,11,0,2
1830187220,2007-12-30 17:20:20,-673826.192404746,-673826,-192404746,26,0,2,2299812417.0,137079,8424936,11,0,2
1830187230,2007-12-30 17:20:30,-673824.153346061,-673824,-153346061,26,0,2,2299812417.0,137079,8424936,11,0,2
1830187235,2007-12-30 17:20:35,-673823.088302611,-673823,-88302611,26,0,2,2299812417.0,137079,8424936,11,0,2
1830187240,2007-12-30 17:20:40,-673822.105153083,-673822,-105153083,26,0,2,2299812417.0,137079,8424936,11,0,2
1830187250,2007-12-30 17:20:50,-673819.975769996,-673819,-975769996,26,0,2,2299812417.0,137079,8424936,11,0,2
1830187260,2007-12-30 17:21:00,-673817.858537673,-673817,-858537673,26,0,2,2299812417.0,137079,8424936,11,0,2
1830187270,2007-12-30 17:21:10,-673815.802247046,-673815,-802247046,26,0,2,2299812417.0,137079,8424936,11,0,2
1830187280,2007-12-30 17:21:20,-673813.693044661,-673813,-693044661,26,0,2,2299812417.0,137079,8424936,11,0,2
1830187290,2007-12-30 17:21:30,-673811.602135657,-673811,-602135657,26,0,2,2299812417.0,137079,8424936,11,0,2
1830187295,2007-12-30 17:21:35,-673810.566117286,-673810,-566117286,26,0,2,2299812417.0,137079,8424936,11,0,2
1830187300,2007-12-30 17:21:40,-673809.518356322,-673809,-518356322,26,0,2,2299812417.0,137079,8424936,11,0,2
1830187310,2007-12-30 17:21:50,-673807.433265685,-673807,-433265685,26,0,2,2299812417.0,137079,8424936,11,0,2
1830187320,2007-12-30 17:22:00,-673805.347653388,-673805,-347653388,26,0,2,2299812417.0,137079,8424936,11,0,2
1830187330,2007-12-30 17:22:10,-673803.273683547,-673803,-273683547,26,0,2,2299812417.0,137079,8424936,11,0,2
1830187340,2007-12-30 17:22:20,-673801.099870681,-673801,-99870681,26,0,2,2299812417.0,137079,8424936,11,0,2
1830187350,2007-12-30 17:22:30,-673799.006882667,-673799,-6882667,26,0,2,2299812417.0,137079,8424936,11,0,2
1830187355,2007-12-30 17:22:35,-673797.94827938,-673797,-948279380,26,0,2,2299812417.0,137079,8424936,11,0,2
1830187360,2007-12-30 17:22:40,-673796.872509002,-673796,-872509002,26,0,2,2299812417.0,137079,8424936,11,0,2
1830187370,2007-12-30 17:22:50,-673794.77931404,-673794,-779314040,26,0,2,2299812417.0,137079,8424936,11,0,2
1830187380,2007-12-30 17:23:00,-673792.657416343,-673792,-657416343,26,0,2,2299812417.0,137079,8424936,11,0,2
1830187390,2007-12-30 17:23:10,-673790.483033179,-673790,-483033179,26,0,2,2299812417.0,137079,8424936,11,0,2
1830187400,2007-12-30 17:23:20,-673788.293460845,-673788,-293460845,26,0,2,2299812417.0,137079,8424936,11,0,2
1830187410,2007-12-30 17:23:30,-673786.231203078,-673786,-231203078,26,0,2,2299812417.0,137079,8424936,11,0,2
1830187415,2007-12-30 17:23:35,-673785.150318145,-673785,-150318145,26,0,2,2299812417.0,137079,8424936,11,0,2
1830187420,2007-12-30 17:23:40,-673784.082265853,-673784,-82265853,26,0,2,2299812417.0,137079,8424936,11,0,2
1830187430,2007-12-30 17:23:50,-673781.945427894,-673781,-945427894,26,0,2,2299812417.0,137079,8424936,11,0,2
1830187440,2007-12-30 17:24:00,-673779.866517066,-673779,-866517066,26,0,2,2299812417.0,137079,8424936,11,0,2
1830187450,2007-12-30 17:24:10,-673777.790163993,-673777,-790163993,26,0,2,2299812417.0,137079,8424936,11,0,2
1830187460,2007-12-30 17:24:20,-673775.639137267,-673775,-639137267,26,0,2,2299812417.0,137079,8424936,11,0,2
1830187470,2007-12-30 17:24:30,-673773.454993247,-673773,-454993247,26,0,2,2299812417.0,137079,8424936,11,0,2
1830187475,2007-12-30 17:24:35,-673772.390737533,-673772,-390737533,26,0,2,2299812417.0,137079,8424936,11,0,2
1830187480,2007-12-30 17:24:40,-673771.286448478,-673771,-286448478,26,0,2,2299812417.0,137079,8424936,11,0,2
1830187490,2007-12-30 17:24:50,-673769.158395766,-673769,-158395766,26,0,2,2299812417.0,137079,8424936,11,0,2
1830187500,2007-12-30 17:25:00,-673767.015288352,-673767,-15288352,26,0,2,2299812417.0,137079,8424936,11,0,2
1830187510,2007-12-30 17:25:10,-673764.815341948,-673764,-815341948,26,0,2,2299812417.0,137079,8424936,11,0,2
1830187520,2007-12-30 17:25:20,-673762.658985137,-673762,-658985137,26,0,2,2299812417.0,137079,8424936,11,0,2
1830187530,2007-12-30 17:25:30,-673760.472111701,-673760,-472111701,26,0,2,2299812417.0,137079,8424936,11,0,2
1830187535,2007-12-30 17:25:35,-673759.40571308,-673759,-405713080,26,0,2,2299812417.0,137079,8424936,11,0,2
1830187540,2007-12-30 17:25:40,-673758.331074714,-673758,-331074714,26,0,2,2299812417.0,137079,8424936,11,0,2
1830187550,2007-12-30 17:25:50,-673756.108682631,-673756,-108682631,26,0,2,2299812417.0,137079,8424936,11,0,2
1830187560,2007-12-30 17:26:00,-673754.048083304,-673754,-48083304,26,0,2,2299812417.0,137079,8424936,11,0,2
1830187570,2007-12-30 17:26:10,-673751.864860534,-673751,-864860534,26,0,2,2299812417.0,137079,8424936,11,0,2
1830187580,2007-12-30 17:26:20,-673749.689192771,-673749,-689192771,26,0,2,2299812417.0,137079,8424936,11,0,2
1830187590,2007-12-30 17:26:30,-673747.495153426,-673747,-495153426,26,0,2,2299812417.0,137079,8424936,11,0,2
1830187595,2007-12-30 17:26:35,-673746.378506659,-673746,-378506659,26,0,2,2299812417.0,137079,8424936,11,0,2
1830187600,2007-12-30 17:26:40,-673745.284081458,-673745,-284081458,26,0,2,2299812417.0,137079,8424936,11,0,2
1830187610,2007-12-30 17:26:50,-673743.067408561,-673743,-67408561,26,0,2,2299812417.0,137079,8424936,11,0,2
1830187620,2007-12-30 17:27:00,-673740.870344161,-673740,-870344161,26,0,2,2299812417.0,137079,8424936,11,0,2
1830187630,2007-12-30 17:27:10,-673738.690354346,-673738,-690354346,26,0,2,2299812417.0,137079,8424936,11,0,2
1830187640,2007-12-30 17:27:20,-673736.560169219,-673736,-560169219,26,0,2,2299812417.0,137079,8424936,11,0,2
1830187650,2007-12-30 17:27:30,-673734.344523429,-673734,-344523429,26,0,2,2299812417.0,137079,8424936,11,0,2
1830187655,2007-12-30 17:27:35,-673733.308504104,-673733,-308504104,26,0,2,2299812417.0,137079,8424936,11,0,2
1830187660,2007-12-30 17:27:40,-673732.258119582,-673732,-258119582,26,0,2,2299812417.0,137079,8424936,11,0,2
1830187670,2007-12-30 17:27:50,-673730.083231925,-673730,-83231925,26,0,2,2299812417.0,137079,8424936,11,0,2
1830187680,2007-12-30 17:28:00,-673727.914627074,-673727,-914627074,26,0,2,2299812417.0,137079,8424936,11,0,2
1830187690,2007-12-30 17:28:10,-673725.705608367,-673725,-705608367,26,0,2,2299812417.0,137079,8424936,11,0,2
1830187700,2007-12-30 17:28:20,-673723.454688071,-673723,-454688071,26,0,2,2299812417.0,137079,8424936,11,0,2
1830187710,2007-12-30 17:28:30,-673721.250347136,-673721,-250347136,26,0,2,2299812417.0,137079,8424936,11,0,2
1830187715,2007-12-30 17:28:35,-673720.174654006,-673720,-174654006,26,0,2,2299812417.0,137079,8424936,11,0,2
1830187720,2007-12-30 17:28:40,-673719.082366942,-673719,-82366942,26,0,2,2299812417.0,137079,8424936,11,0,2
1830187730,2007-12-30 17:28:50,-673716.867381095,-673716,-867381095,26,0,2,2299812417.0,137079,8424936,11,0,2
1830187740,2007-12-30 17:29:00,-673714.687529563,-673714,-687529563,26,0,2,2299812417.0,137079,8424936,11,0,2
1830187750,2007-12-30 17:29:10,-673712.511839866,-673712,-511839866,26,0,2,2299812417.0,137079,8424936,11,0,2
1830207349,2007-12-30 22:55:49,-667897.171961783,-667897,-171961783,26,0,2,2299812417.0,137079,8424936,11,0,2
1830207359,2007-12-30 22:55:59,-667884.674051284,-667884,-674051284,26,0,2,2299812417.0,137079,8424936,11,0,2
1830207369,2007-12-30 22:56:09,-667874.293152808,-667874,-293152808,26,0,2,2299812417.0,137079,8424936,11,0,2
1830207374,2007-12-30 22:56:14,-667870.39214611,-667870,-392146110,26,0,2,2299812417.0,137079,8424936,11,0,2
1830207379,2007-12-30 22:56:19,-667864.492854117,-667864,-492854117,26,0,2,2299812417.0,137079,8424936,11,0,2
1830207389,2007-12-30 22:56:29,-667855.23288536,-667855,-232885360,26,0,2,2299812417.0,137079,8424936,11,0,2
1830207399,2007-12-30 22:56:39,-667846.487968444,-667846,-487968444,26,0,2,2299812417.0,137079,8424936,11,0,2
1830207409,2007-12-30 22:56:49,-667838.046221732,-667838,-46221732,26,0,2,2299812417.0,137079,8424936,11,0,2
1830207419,2007-12-30 22:56:59,-667829.957869529,-667829,-957869529,26,0,2,2299812417.0,137079,8424936,11,0,2
1830207429,2007-12-30 22:57:09,-667822.215946197,-667822,-215946197,26,0,2,2299812417.0,137079,8424936,11,0,2
1830207434,2007-12-30 22:57:14,-667818.80213642,-667818,-802136420,26,0,2,2299812417.0,137079,8424936,11,0,2
1830207439,2007-12-30 22:57:19,-667814.732086181,-667814,-732086181,26,0,2,2299812417.0,137079,8424936,11,0,2
1830207449,2007-12-30 22:57:29,-667807.423809051,-667807,-423809051,26,0,2,2299812417.0,137079,8424936,11,0,2
1830207459,2007-12-30 22:57:39,-667800.436883925,-667800,-436883925,26,0,2,2299812417.0,137079,8424936,11,0,2
1830207469,2007-12-30 22:57:49,-667793.691731452,-667793,-691731452,26,0,2,2299812417.0,137079,8424936,11,0,2
1830207479,2007-12-30 22:57:59,-667787.122870444,-667787,-122870444,26,0,2,2299812417.0,137079,8424936,11,0,2
1830207489,2007-12-30 22:58:09,-667780.697527884,-667780,-697527884,26,0,2,2299812417.0,137079,8424936,11,0,2
1830207494,2007-12-30 22:58:14,-667777.771529197,-667777,-771529197,26,0,2,2299812417.0,137079,8424936,11,0,2
1830207499,2007-12-30 22:58:19,-667774.459190368,-667774,-459190368,26,0,2,2299812417.0,137079,8424936,11,0,2
1830207509,2007-12-30 22:58:29,-667768.321740149,-667768,-321740149,26,0,2,2299812417.0,137079,8424936,11,0,2
1830207519,2007-12-30 22:58:39,-667762.33611679,-667762,-336116790,26,0,2,2299812417.0,137079,8424936,11,0,2
1830207529,2007-12-30 22:58:49,-667756.563311576,-667756,-563311576,26,0,2,2299812417.0,137079,8424936,11,0,2
1830207539,2007-12-30 22:58:59,-667750.853694915,-667750,-853694915,26,0,2,2299812417.0,137079,8424936,11,0,2
1830207549,2007-12-30 22:59:09,-667745.282351493,-667745,-282351493,26,0,2,2299812417.0,137079,8424936,11,0,2
1830207554,2007-12-30 22:59:14,-667742.711296081,-667742,-711296081,26,0,2,2299812417.0,137079,8424936,11,0,2
1830207559,2007-12-30 22:59:19,-667739.864850043,-667739,-864850043,26,0,2,2299812417.0,137079,8424936,11,0,2
1830207569,2007-12-30 22:59:29,-667734.478943824,-667734,-478943824,26,0,2,2299812417.0,137079,8424936,11,0,2
1830207579,2007-12-30 22:59:39,-667729.224622725,-667729,-224622725,26,0,2,2299812417.0,137079,8424936,11,0,2
1830207589,2007-12-30 22:59:49,-667723.996650695,-667723,-996650695,26,0,2,2299812417.0,137079,8424936,11,0,2
1830207599,2007-12-30 22:59:59,-667718.809828757,-667718,-809828757,26,0,2,2299812417.0,137079,8424936,11,0,2
1830207609,2007-12-30 23:00:09,-667713.750765799,-667713,-750765799,26,0,2,2299812417.0,137079,8424936,11,0,2
1830207614,2007-12-30 23:00:14,-667711.364341735,-667711,-364341735,26,0,2,2299812417.0,137079,8424936,11,0,2
1830207618,2007-12-30 23:00:18,-681697.816350936,-681697,-816350936,45,0,2,2299812417.0,137079,8424936,11,0,2
1830207619,2007-12-30 23:00:19,-667708.797743796,-667708,-797743796,26,0,2,2299812417.0,137079,8424936,11,0,2
1830207628,2007-12-30 23:00:28,-681694.497460364,-681694,-497460364,45,0,2,2299812417.0,137079,8424936,11,0,2
1830207629,2007-12-30 23:00:29,-667703.869771956,-667703,-869771956,26,0,2,2299812417.0,137079,8424936,11,0,2
1830207638,2007-12-30 23:00:38,-681691.174692153,-681691,-174692153,45,0,2,2299812417.0,137079,8424936,11,0,2
1830207639,2007-12-30 23:00:39,-667698.961289405,-667698,-961289405,26,0,2,2299812417.0,137079,8424936,11,0,2
1830207643,2007-12-30 23:00:43,-681689.688110351,-681689,-688110351,45,0,2,2299812417.0,137079,8424936,11,0,2
1830207648,2007-12-30 23:00:48,-681688.013406753,-681688,-13406753,45,0,2,2299812417.0,137079,8424936,11,0,2
1830207649,2007-12-30 23:00:49,-667694.199207305,-667694,-199207305,26,0,2,2299812417.0,137079,8424936,11,0,2
1830207658,2007-12-30 23:00:58,-681684.844944953,-681684,-844944953,45,0,2,2299812417.0,137079,8424936,11,0,2
1830207659,2007-12-30 23:00:59,-667689.476922034,-667689,-476922034,26,0,2,2299812417.0,137079,8424936,11,0,2
1830207668,2007-12-30 23:01:08,-681681.781809806,-681681,-781809806,45,0,2,2299812417.0,137079,8424936,11,0,2
1830207669,2007-12-30 23:01:09,-667684.836003303,-667684,-836003303,26,0,2,2299812417.0,137079,8424936,11,0,2
1830207674,2007-12-30 23:01:14,-667682.558124541,-667682,-558124541,26,0,2,2299812417.0,137079,8424936,11,0,2
1830207678,2007-12-30 23:01:18,-681678.736543654,-681678,-736543654,45,0,2,2299812417.0,137079,8424936,11,0,2
1830207679,2007-12-30 23:01:19,-667680.205380439,-667680,-205380439,26,0,2,2299812417.0,137079,8424936,11,0,2
1830207688,2007-12-30 23:01:28,-681675.712289809,-681675,-712289809,45,0,2,2299812417.0,137079,8424936,11,0,2
1830207689,2007-12-30 23:01:29,-667675.648899077,-667675,-648899077,26,0,2,2299812417.0,137079,8424936,11,0,2
1830207698,2007-12-30 23:01:38,-681672.619154929,-681672,-619154929,45,0,2,2299812417.0,137079,8424936,11,0,2
1830207699,2007-12-30 23:01:39,-667670.982336043,-667670,-982336043,26,0,2,2299812417.0,137079,8424936,11,0,2
1830207703,2007-12-30 23:01:43,-681671.2455101,-681671,-245510100,45,0,2,2299812417.0,137079,8424936,11,0,2
1830207708,2007-12-30 23:01:48,-681669.711752891,-681669,-711752891,45,0,2,2299812417.0,137079,8424936,11,0,2
1830207709,2007-12-30 23:01:49,-667666.534593581,-667666,-534593581,26,0,2,2299812417.0,137079,8424936,11,0,2
1830207718,2007-12-30 23:01:58,-681666.783356666,-681666,-783356666,45,0,2,2299812417.0,137079,8424936,11,0,2
1830207719,2007-12-30 23:01:59,-667662.082265853,-667662,-82265853,26,0,2,2299812417.0,137079,8424936,11,0,2
1830207728,2007-12-30 23:02:08,-681663.909959792,-681663,-909959792,45,0,2,2299812417.0,137079,8424936,11,0,2
1830207729,2007-12-30 23:02:09,-667657.666123389,-667657,-666123389,26,0,2,2299812417.0,137079,8424936,11,0,2
1830207734,2007-12-30 23:02:14,-667655.529578208,-667655,-529578208,26,0,2,2299812417.0,137079,8424936,11,0,2
1830207738,2007-12-30 23:02:18,-681661.033189773,-681661,-33189773,45,0,2,2299812417.0,137079,8424936,11,0,2
1830207739,2007-12-30 23:02:19,-667653.275645255,-667653,-275645255,26,0,2,2299812417.0,137079,8424936,11,0,2
1830207748,2007-12-30 23:02:28,-681658.251713752,-681658,-251713752,45,0,2,2299812417.0,137079,8424936,11,0,2
1830207749,2007-12-30 23:02:29,-667648.994691848,-667648,-994691848,26,0,2,2299812417.0,137079,8424936,11,0,2
1830207758,2007-12-30 23:02:38,-681655.422353744,-681655,-422353744,45,0,2,2299812417.0,137079,8424936,11,0,2
1830207759,2007-12-30 23:02:39,-667644.624147414,-667644,-624147414,26,0,2,2299812417.0,137079,8424936,11,0,2
1830207768,2007-12-30 23:02:48,-681652.599749564,-681652,-599749564,45,0,2,2299812417.0,137079,8424936,11,0,2
1830207769,2007-12-30 23:02:49,-667640.300623893,-667640,-300623893,26,0,2,2299812417.0,137079,8424936,11,0,2
1830207778,2007-12-30 23:02:58,-681649.791640281,-681649,-791640281,45,0,2,2299812417.0,137079,8424936,11,0,2
1830208006,2007-12-30 23:06:46,-657399.79461193,-657399,-794611930,26,0,2,2299812417.0,137079,8424936,11,0,2
1830208386,2007-12-30 23:13:06,-667406.014418601,-667406,-14418601,26,0,2,2299812417.0,137079,8424936,11,0,2
1830208387,2007-12-30 23:13:07,-681496.192010879,-681496,-192010879,45,0,2,2299812417.0,137079,8424936,11,0,2
1830208396,2007-12-30 23:13:16,-667402.560958861,-667402,-560958861,26,0,2,2299812417.0,137079,8424936,11,0,2
1830208397,2007-12-30 23:13:17,-681493.773599624,-681493,-773599624,45,0,2,2299812417.0,137079,8424936,11,0,2
1830208406,2007-12-30 23:13:26,-667398.994882583,-667398,-994882583,26,0,2,2299812417.0,137079,8424936,11,0,2
1830208407,2007-12-30 23:13:27,-681491.232666968,-681491,-232666968,45,0,2,2299812417.0,137079,8424936,11,0,2
1830208411,2007-12-30 23:13:31,-667397.307703971,-667397,-307703971,26,0,2,2299812417.0,137079,8424936,11,0,2
1830208412,2007-12-30 23:13:32,-681490.054939269,-681490,-54939269,45,0,2,2299812417.0,137079,8424936,11,0,2
1830208416,2007-12-30 23:13:36,-667395.540896415,-667395,-540896415,26,0,2,2299812417.0,137079,8424936,11,0,2
1830208417,2007-12-30 23:13:37,-681488.815267562,-681488,-815267562,45,0,2,2299812417.0,137079,8424936,11,0,2
1830208426,2007-12-30 23:13:46,-667392.090117454,-667392,-90117454,26,0,2,2299812417.0,137079,8424936,11,0,2
1830208427,2007-12-30 23:13:47,-681486.369318007,-681486,-369318007,45,0,2,2299812417.0,137079,8424936,11,0,2
1830208436,2007-12-30 23:13:56,-667388.644950866,-667388,-644950866,26,0,2,2299812417.0,137079,8424936,11,0,2
1830208437,2007-12-30 23:13:57,-681483.946773528,-681483,-946773528,45,0,2,2299812417.0,137079,8424936,11,0,2
1830208446,2007-12-30 23:14:06,-667385.263906478,-667385,-263906478,26,0,2,2299812417.0,137079,8424936,11,0,2
1830208447,2007-12-30 23:14:07,-681481.565801619,-681481,-565801619,45,0,2,2299812417.0,137079,8424936,11,0,2
1830208456,2007-12-30 23:14:16,-667381.824420928,-667381,-824420928,26,0,2,2299812417.0,137079,8424936,11,0,2
1830208457,2007-12-30 23:14:17,-681479.119425773,-681479,-119425773,45,0,2,2299812417.0,137079,8424936,11,0,2
1830208466,2007-12-30 23:14:26,-667378.459909438,-667378,-459909438,26,0,2,2299812417.0,137079,8424936,11,0,2
1830208467,2007-12-30 23:14:27,-681476.72612667,-681476,-726126670,45,0,2,2299812417.0,137079,8424936,11,0,2
1830208471,2007-12-30 23:14:31,-667376.741123198,-667376,-741123198,26,0,2,2299812417.0,137079,8424936,11,0,2
1830208472,2007-12-30 23:14:32,-681475.49995613,-681475,-499956130,45,0,2,2299812417.0,137079,8424936,11,0,2
1830208476,2007-12-30 23:14:36,-667374.965536117,-667374,-965536117,26,0,2,2299812417.0,137079,8424936,11,0,2
1830208477,2007-12-30 23:14:37,-681474.22634983,-681474,-226349830,45,0,2,2299812417.0,137079,8424936,11,0,2
1830208486,2007-12-30 23:14:46,-667371.631926536,-667371,-631926536,26,0,2,2299812417.0,137079,8424936,11,0,2
1830208487,2007-12-30 23:14:47,-681471.874507903,-681471,-874507903,45,0,2,2299812417.0,137079,8424936,11,0,2
1830208496,2007-12-30 23:14:56,-667368.301036834,-667368,-301036834,26,0,2,2299812417.0,137079,8424936,11,0,2
1830208497,2007-12-30 23:14:57,-681469.487523078,-681469,-487523078,45,0,2,2299812417.0,137079,8424936,11,0,2
1830208506,2007-12-30 23:15:06,-667364.873223304,-667364,-873223304,26,0,2,2299812417.0,137079,8424936,11,0,2
1830208507,2007-12-30 23:15:07,-681467.008143424,-681467,-8143424,45,0,2,2299812417.0,137079,8424936,11,0,2
1830208516,2007-12-30 23:15:16,-667361.464415549,-667361,-464415549,26,0,2,2299812417.0,137079,8424936,11,0,2
1830208517,2007-12-30 23:15:17,-681464.554958343,-681464,-554958343,45,0,2,2299812417.0,137079,8424936,11,0,2
1830208526,2007-12-30 23:15:26,-667358.074419021,-667358,-74419021,26,0,2,2299812417.0,137079,8424936,11,0,2
1830208527,2007-12-30 23:15:27,-681462.123989104,-681462,-123989104,45,0,2,2299812417.0,137079,8424936,11,0,2
1830208531,2007-12-30 23:15:31,-667356.405449866,-667356,-405449866,26,0,2,2299812417.0,137079,8424936,11,0,2
1830208532,2007-12-30 23:15:32,-681460.899928092,-681460,-899928092,45,0,2,2299812417.0,137079,8424936,11,0,2
1830208536,2007-12-30 23:15:36,-667354.741222381,-667354,-741222381,26,0,2,2299812417.0,137079,8424936,11,0,2
1830208537,2007-12-30 23:15:37,-681459.710405349,-681459,-710405349,45,0,2,2299812417.0,137079,8424936,11,0,2
1830208546,2007-12-30 23:15:46,-667351.313561439,-667351,-313561439,26,0,2,2299812417.0,137079,8424936,11,0,2
1830208547,2007-12-30 23:15:47,-681457.209488868,-681457,-209488868,45,0,2,2299812417.0,137079,8424936,11,0,2
1830208556,2007-12-30 23:15:56,-667347.965854644,-667347,-965854644,26,0,2,2299812417.0,137079,8424936,11,0,2
1830208557,2007-12-30 23:15:57,-681454.792586326,-681454,-792586326,45,0,2,2299812417.0,137079,8424936,11,0,2
1830208566,2007-12-30 23:16:06,-667344.609316825,-667344,-609316825,26,0,2,2299812417.0,137079,8424936,11,0,2
1830208567,2007-12-30 23:16:07,-681452.324441909,-681452,-324441909,45,0,2,2299812417.0,137079,8424936,11,0,2
1830208576,2007-12-30 23:16:16,-667341.167452811,-667341,-167452811,26,0,2,2299812417.0,137079,8424936,11,0,2
1830208577,2007-12-30 23:16:17,-681449.825101851,-681449,-825101851,45,0,2,2299812417.0,137079,8424936,11,0,2
1830208586,2007-12-30 23:16:26,-667337.914349555,-667337,-914349555,26,0,2,2299812417.0,137079,8424936,11,0,2
1830208587,2007-12-30 23:16:27,-681447.427255629,-681447,-427255629,45,0,2,2299812417.0,137079,8424936,11,0,2
1830208591,2007-12-30 23:16:31,-667336.230088233,-667336,-230088233,26,0,2,2299812417.0,137079,8424936,11,0,2
1830208592,2007-12-30 23:16:32,-681446.19563198,-681446,-195631980,45,0,2,2299812417.0,137079,8424936,11,0,2
1830208596,2007-12-30 23:16:36,-667334.589568137,-667334,-589568137,26,0,2,2299812417.0,137079,8424936,11,0,2
1830208597,2007-12-30 23:16:37,-681445.021329879,-681445,-21329879,45,0,2,2299812417.0,137079,8424936,11,0,2
1830208606,2007-12-30 23:16:46,-667331.177175521,-667331,-177175521,26,0,2,2299812417.0,137079,8424936,11,0,2
1830208607,2007-12-30 23:16:47,-681442.471788405,-681442,-471788405,45,0,2,2299812417.0,137079,8424936,11,0,2
1830208616,2007-12-30 23:16:56,-667327.922668456,-667327,-922668456,26,0,2,2299812417.0,137079,8424936,11,0,2
1830208617,2007-12-30 23:16:57,-681440.103877067,-681440,-103877067,45,0,2,2299812417.0,137079,8424936,11,0,2
1830208626,2007-12-30 23:17:06,-667324.586440085,-667324,-586440085,26,0,2,2299812417.0,137079,8424936,11,0,2
1830208627,2007-12-30 23:17:07,-681437.625144957,-681437,-625144957,45,0,2,2299812417.0,137079,8424936,11,0,2
1830208636,2007-12-30 23:17:16,-667321.262854575,-667321,-262854575,26,0,2,2299812417.0,137079,8424936,11,0,2
1830208637,2007-12-30 23:17:17,-681435.173068999,-681435,-173068999,45,0,2,2299812417.0,137079,8424936,11,0,2
1830208646,2007-12-30 23:17:26,-667318.028332709,-667318,-28332709,26,0,2,2299812417.0,137079,8424936,11,0,2
1830208647,2007-12-30 23:17:27,-681432.775836944,-681432,-775836944,45,0,2,2299812417.0,137079,8424936,11,0,2
1830208651,2007-12-30 23:17:31,-667316.375336646,-667316,-375336646,26,0,2,2299812417.0,137079,8424936,11,0,2
1830208652,2007-12-30 23:17:32,-681431.543979644,-681431,-543979644,45,0,2,2299812417.0,137079,8424936,11,0,2
1830208656,2007-12-30 23:17:36,-667314.721046447,-667314,-721046447,26,0,2,2299812417.0,137079,8424936,11,0,2
1830208657,2007-12-30 23:17:37,-681430.335725783,-681430,-335725783,45,0,2,2299812417.0,137079,8424936,11,0,2
1830208666,2007-12-30 23:17:46,-667311.437929152,-667311,-437929152,26,0,2,2299812417.0,137079,8424936,11,0,2
1830208667,2007-12-30 23:17:47,-681427.873591422,-681427,-873591422,45,0,2,2299812417.0,137079,8424936,11,0,2
1830208676,2007-12-30 23:17:56,-667308.215415954,-667308,-215415954,26,0,2,2299812417.0,137079,8424936,11,0,2
1830208677,2007-12-30 23:17:57,-681425.480511664,-681425,-480511664,45,0,2,2299812417.0,137079,8424936,11,0,2
1830208686,2007-12-30 23:18:06,-667304.966704368,-667304,-966704368,26,0,2,2299812417.0,137079,8424936,11,0,2
1830208687,2007-12-30 23:18:07,-681423.06221485,-681423,-62214850,45,0,2,2299812417.0,137079,8424936,11,0,2
1830208696,2007-12-30 23:18:16,-667301.674667357,-667301,-674667357,26,0,2,2299812417.0,137079,8424936,11,0,2
1830208697,2007-12-30 23:18:17,-681420.564437865,-681420,-564437865,45,0,2,2299812417.0,137079,8424936,11,0,2
1830208706,2007-12-30 23:18:26,-667298.382190703,-667298,-382190703,26,0,2,2299812417.0,137079,8424936,11,0,2
1830208707,2007-12-30 23:18:27,-681418.125098227,-681418,-125098227,45,0,2,2299812417.0,137079,8424936,11,0,2
1830208711,2007-12-30 23:18:31,-667296.791919707,-667296,-791919707,26,0,2,2299812417.0,137079,8424936,11,0,2
1830208712,2007-12-30 23:18:32,-681416.897400855,-681416,-897400855,45,0,2,2299812417.0,137079,8424936,11,0,2
1830208716,2007-12-30 23:18:36,-667295.175627707,-667295,-175627707,26,0,2,2299812417.0,137079,8424936,11,0,2
1830208717,2007-12-30 23:18:37,-681415.681547164,-681415,-681547164,45,0,2,2299812417.0,137079,8424936,11,0,2
1830208726,2007-12-30 23:18:46,-667291.894983291,-667291,-894983291,26,0,2,2299812417.0,137079,8424936,11,0,2
1830208727,2007-12-30 23:18:47,-681413.204348563,-681413,-204348563,45,0,2,2299812417.0,137079,8424936,11,0,2
1830208736,2007-12-30 23:18:56,-667288.657346724,-667288,-657346724,26,0,2,2299812417.0,137079,8424936,11,0,2
1830208737,2007-12-30 23:18:57,-681410.746755599,-681410,-746755599,45,0,2,2299812417.0,137079,8424936,11,0,2
1830208746,2007-12-30 23:19:06,-667285.449925422,-667285,-449925422,26,0,2,2299812417.0,137079,8424936,11,0,2
1830208747,2007-12-30 23:19:07,-681408.32921028,-681408,-329210280,45,0,2,2299812417.0,137079,8424936,11,0,2
1830208756,2007-12-30 23:19:16,-667282.247368812,-667282,-247368812,26,0,2,2299812417.0,137079,8424936,11,0,2
1830208757,2007-12-30 23:19:17,-681405.886107444,-681405,-886107444,45,0,2,2299812417.0,137079,8424936,11,0,2
1830208766,2007-12-30 23:19:26,-667278.967563628,-667278,-967563628,26,0,2,2299812417.0,137079,8424936,11,0,2
1830208767,2007-12-30 23:19:27,-681403.385078429,-681403,-385078429,45,0,2,2299812417.0,137079,8424936,11,0,2
1830208771,2007-12-30 23:19:31,-667277.406287192,-667277,-406287192,26,0,2,2299812417.0,137079,8424936,11,0,2
1830208772,2007-12-30 23:19:32,-681402.179291724,-681402,-179291724,45,0,2,2299812417.0,137079,8424936,11,0,2
1830208776,2007-12-30 23:19:36,-667275.798832892,-667275,-798832892,26,0,2,2299812417.0,137079,8424936,11,0,2
1830208777,2007-12-30 23:19:37,-681400.954705237,-681400,-954705237,45,0,2,2299812417.0,137079,8424936,11,0,2
1830208786,2007-12-30 23:19:46,-667272.568461417,-667272,-568461417,26,0,2,2299812417.0,137079,8424936,11,0,2
1830208787,2007-12-30 23:19:47,-681398.467403411,-681398,-467403411,45,0,2,2299812417.0,137079,8424936,11,0,2
1830208796,2007-12-30 23:19:56,-667269.405569076,-667269,-405569076,26,0,2,2299812417.0,137079,8424936,11,0,2
1830208797,2007-12-30 23:19:57,-681396.053246497,-681396,-53246497,45,0,2,2299812417.0,137079,8424936,11,0,2
1830208806,2007-12-30 23:20:06,-667266.262216567,-667266,-262216567,26,0,2,2299812417.0,137079,8424936,11,0,2
1830208807,2007-12-30 23:20:07,-681393.642761229,-681393,-642761229,45,0,2,2299812417.0,137079,8424936,11,0,2
1830208816,2007-12-30 23:20:16,-667263.036520003,-667263,-36520003,26,0,2,2299812417.0,137079,8424936,11,0,2
1830208817,2007-12-30 23:20:17,-681391.145111083,-681391,-145111083,45,0,2,2299812417.0,137079,8424936,11,0,2
1830208826,2007-12-30 23:20:26,-667259.834826468,-667259,-834826468,26,0,2,2299812417.0,137079,8424936,11,0,2
1830208827,2007-12-30 23:20:27,-681388.664097785,-681388,-664097785,45,0,2,2299812417.0,137079,8424936,11,0,2
1830208831,2007-12-30 23:20:31,-667258.261816024,-667258,-261816024,26,0,2,2299812417.0,137079,8424936,11,0,2
1830208832,2007-12-30 23:20:32,-681387.435233115,-681387,-435233115,45,0,2,2299812417.0,137079,8424936,11,0,2
1830208836,2007-12-30 23:20:36,-667256.643736838,-667256,-643736838,26,0,2,2299812417.0,137079,8424936,11,0,2
1830208837,2007-12-30 23:20:37,-681386.189379691,-681386,-189379691,45,0,2,2299812417.0,137079,8424936,11,0,2
1830208846,2007-12-30 23:20:46,-667253.52469921,-667253,-524699210,26,0,2,2299812417.0,137079,8424936,11,0,2
1830208847,2007-12-30 23:20:47,-681383.753230094,-681383,-753230094,45,0,2,2299812417.0,137079,8424936,11,0,2
1830208856,2007-12-30 23:20:56,-667250.268898009,-667250,-268898009,26,0,2,2299812417.0,137079,8424936,11,0,2
1830208857,2007-12-30 23:20:57,-681381.21682167,-681381,-216821670,45,0,2,2299812417.0,137079,8424936,11,0,2
1830208866,2007-12-30 23:21:06,-667247.11883068,-667247,-118830680,26,0,2,2299812417.0,137079,8424936,11,0,2
1830208867,2007-12-30 23:21:07,-681378.736945151,-681378,-736945151,45,0,2,2299812417.0,137079,8424936,11,0,2
1830208876,2007-12-30 23:21:16,-667243.97800064,-667243,-978000640,26,0,2,2299812417.0,137079,8424936,11,0,2
1830208877,2007-12-30 23:21:17,-681376.272232055,-681376,-272232055,45,0,2,2299812417.0,137079,8424936,11,0,2
1830208886,2007-12-30 23:21:26,-667240.803195952,-667240,-803195952,26,0,2,2299812417.0,137079,8424936,11,0,2
1830208887,2007-12-30 23:21:27,-681373.776937484,-681373,-776937484,45,0,2,2299812417.0,137079,8424936,11,0,2
1830208891,2007-12-30 23:21:31,-667239.269987105,-667239,-269987105,26,0,2,2299812417.0,137079,8424936,11,0,2
1830208892,2007-12-30 23:21:32,-681372.572161673,-681372,-572161673,45,0,2,2299812417.0,137079,8424936,11,0,2
1830208896,2007-12-30 23:21:36,-667237.697683333,-667237,-697683333,26,0,2,2299812417.0,137079,8424936,11,0,2
1830208897,2007-12-30 23:21:37,-681371.361523627,-681371,-361523627,45,0,2,2299812417.0,137079,8424936,11,0,2
1830208906,2007-12-30 23:21:46,-667234.564684867,-667234,-564684867,26,0,2,2299812417.0,137079,8424936,11,0,2
1830208907,2007-12-30 23:21:47,-681368.861117362,-681368,-861117362,45,0,2,2299812417.0,137079,8424936,11,0,2
1830208916,2007-12-30 23:21:56,-667231.45752716,-667231,-457527160,26,0,2,2299812417.0,137079,8424936,11,0,2
1830208917,2007-12-30 23:21:57,-681366.424214362,-681366,-424214362,45,0,2,2299812417.0,137079,8424936,11,0,2
1830210066,2007-12-30 23:41:06,-666908.915617942,-666908,-915617942,26,0,2,2299812417.0,137079,8424936,11,0,2
1830210066,2007-12-30 23:41:06,-681069.260429381,-681069,-260429381,45,0,2,2299812417.0,137079,8424936,11,0,2
1830210076,2007-12-30 23:41:16,-681066.580407142,-681066,-580407142,45,0,2,2299812417.0,137079,8424936,11,0,2
1830210076,2007-12-30 23:41:16,-666906.451231955,-666906,-451231955,26,0,2,2299812417.0,137079,8424936,11,0,2
1830210086,2007-12-30 23:41:26,-681063.923635482,-681063,-923635482,45,0,2,2299812417.0,137079,8424936,11,0,2
1830210086,2007-12-30 23:41:26,-666904.02391529,-666904,-23915290,26,0,2,2299812417.0,137079,8424936,11,0,2
1830210091,2007-12-30 23:41:31,-666902.819075583,-666902,-819075583,26,0,2,2299812417.0,137079,8424936,11,0,2
1830210091,2007-12-30 23:41:31,-681062.599383353,-681062,-599383353,45,0,2,2299812417.0,137079,8424936,11,0,2
1830210096,2007-12-30 23:41:36,-666901.597290992,-666901,-597290992,26,0,2,2299812417.0,137079,8424936,11,0,2
1830210096,2007-12-30 23:41:36,-681061.267786025,-681061,-267786025,45,0,2,2299812417.0,137079,8424936,11,0,2
1830210106,2007-12-30 23:41:46,-681058.624651908,-681058,-624651908,45,0,2,2299812417.0,137079,8424936,11,0,2
1830210106,2007-12-30 23:41:46,-666899.184444426,-666899,-184444426,26,0,2,2299812417.0,137079,8424936,11,0,2
1830210116,2007-12-30 23:41:56,-681055.939392089,-681055,-939392089,45,0,2,2299812417.0,137079,8424936,11,0,2
1830210116,2007-12-30 23:41:56,-666896.741952895,-666896,-741952895,26,0,2,2299812417.0,137079,8424936,11,0,2
1830210126,2007-12-30 23:42:06,-681053.262455939,-681053,-262455939,45,0,2,2299812417.0,137079,8424936,11,0,2
1830210126,2007-12-30 23:42:06,-666894.322660445,-666894,-322660445,26,0,2,2299812417.0,137079,8424936,11,0,2
1830210136,2007-12-30 23:42:16,-666891.883583068,-666891,-883583068,26,0,2,2299812417.0,137079,8424936,11,0,2
1830210136,2007-12-30 23:42:16,-681050.557336806,-681050,-557336806,45,0,2,2299812417.0,137079,8424936,11,0,2
1830210146,2007-12-30 23:42:26,-681047.865066527,-681047,-865066527,45,0,2,2299812417.0,137079,8424936,11,0,2
1830210146,2007-12-30 23:42:26,-666889.446830749,-666889,-446830749,26,0,2,2299812417.0,137079,8424936,11,0,2
1830210151,2007-12-30 23:42:31,-666888.296669959,-666888,-296669959,26,0,2,2299812417.0,137079,8424936,11,0,2
1830210151,2007-12-30 23:42:31,-681046.566307067,-681046,-566307067,45,0,2,2299812417.0,137079,8424936,11,0,2
1830210156,2007-12-30 23:42:36,-666887.0986557,-666887,-98655700,26,0,2,2299812417.0,137079,8424936,11,0,2
1830210156,2007-12-30 23:42:36,-681045.241886138,-681045,-241886138,45,0,2,2299812417.0,137079,8424936,11,0,2
1830210166,2007-12-30 23:42:46,-681042.556254386,-681042,-556254386,45,0,2,2299812417.0,137079,8424936,11,0,2
1830210166,2007-12-30 23:42:46,-666884.694437026,-666884,-694437026,26,0,2,2299812417.0,137079,8424936,11,0,2
1830210176,2007-12-30 23:42:56,-666882.333853721,-666882,-333853721,26,0,2,2299812417.0,137079,8424936,11,0,2
1830210176,2007-12-30 23:42:56,-681039.914841651,-681039,-914841651,45,0,2,2299812417.0,137079,8424936,11,0,2
1830210186,2007-12-30 23:43:06,-681037.242913245,-681037,-242913245,45,0,2,2299812417.0,137079,8424936,11,0,2
1830210186,2007-12-30 23:43:06,-666879.965970038,-666879,-965970038,26,0,2,2299812417.0,137079,8424936,11,0,2
1830210196,2007-12-30 23:43:16,-681034.547120093,-681034,-547120093,45,0,2,2299812417.0,137079,8424936,11,0,2
1830210196,2007-12-30 23:43:16,-666877.579557418,-666877,-579557418,26,0,2,2299812417.0,137079,8424936,11,0,2
1830210206,2007-12-30 23:43:26,-666875.251045226,-666875,-251045226,26,0,2,2299812417.0,137079,8424936,11,0,2
1830210206,2007-12-30 23:43:26,-681031.910758971,-681031,-910758971,45,0,2,2299812417.0,137079,8424936,11,0,2
1830210211,2007-12-30 23:43:31,-666874.06814289,-666874,-68142890,26,0,2,2299812417.0,137079,8424936,11,0,2
1830210211,2007-12-30 23:43:31,-681030.558453559,-681030,-558453559,45,0,2,2299812417.0,137079,8424936,11,0,2
1830210216,2007-12-30 23:43:36,-666872.900452613,-666872,-900452613,26,0,2,2299812417.0,137079,8424936,11,0,2
1830210216,2007-12-30 23:43:36,-681029.245601653,-681029,-245601653,45,0,2,2299812417.0,137079,8424936,11,0,2
1830210226,2007-12-30 23:43:46,-681026.577446937,-681026,-577446937,45,0,2,2299812417.0,137079,8424936,11,0,2
1830210226,2007-12-30 23:43:46,-666870.55936241,-666870,-559362410,26,0,2,2299812417.0,137079,8424936,11,0,2
1830210236,2007-12-30 23:43:56,-666868.152466773,-666868,-152466773,26,0,2,2299812417.0,137079,8424936,11,0,2
1830210236,2007-12-30 23:43:56,-681023.826882361,-681023,-826882361,45,0,2,2299812417.0,137079,8424936,11,0,2
1830210246,2007-12-30 23:44:06,-666865.875928878,-666865,-875928878,26,0,2,2299812417.0,137079,8424936,11,0,2
1830210246,2007-12-30 23:44:06,-681021.212575911,-681021,-212575911,45,0,2,2299812417.0,137079,8424936,11,0,2
1830210256,2007-12-30 23:44:16,-681018.516129493,-681018,-516129493,45,0,2,2299812417.0,137079,8424936,11,0,2
1830210256,2007-12-30 23:44:16,-666863.518616675,-666863,-518616675,26,0,2,2299812417.0,137079,8424936,11,0,2
1830210266,2007-12-30 23:44:26,-681015.849897384,-681015,-849897384,45,0,2,2299812417.0,137079,8424936,11,0,2
1830210266,2007-12-30 23:44:26,-666861.220107078,-666861,-220107078,26,0,2,2299812417.0,137079,8424936,11,0,2
1830210271,2007-12-30 23:44:31,-666860.072753905,-666860,-72753905,26,0,2,2299812417.0,137079,8424936,11,0,2
1830210271,2007-12-30 23:44:31,-681014.516099929,-681014,-516099929,45,0,2,2299812417.0,137079,8424936,11,0,2
1830210276,2007-12-30 23:44:36,-666858.897950171,-666858,-897950171,26,0,2,2299812417.0,137079,8424936,11,0,2
1830210276,2007-12-30 23:44:36,-681013.173532485,-681013,-173532485,45,0,2,2299812417.0,137079,8424936,11,0,2
1830210286,2007-12-30 23:44:46,-666856.60207939,-666856,-602079390,26,0,2,2299812417.0,137079,8424936,11,0,2
1830210286,2007-12-30 23:44:46,-681010.504480361,-681010,-504480361,45,0,2,2299812417.0,137079,8424936,11,0,2
1830210296,2007-12-30 23:44:56,-666854.321843146,-666854,-321843146,26,0,2,2299812417.0,137079,8424936,11,0,2
1830210296,2007-12-30 23:44:56,-681007.839983939,-681007,-839983939,45,0,2,2299812417.0,137079,8424936,11,0,2
1830210306,2007-12-30 23:45:06,-666852.025421142,-666852,-25421142,26,0,2,2299812417.0,137079,8424936,11,0,2
1830210306,2007-12-30 23:45:06,-681005.164472579,-681005,-164472579,45,0,2,2299812417.0,137079,8424936,11,0,2
1830210316,2007-12-30 23:45:16,-666849.679390906,-666849,-679390906,26,0,2,2299812417.0,137079,8424936,11,0,2
1830210316,2007-12-30 23:45:16,-681002.418376922,-681002,-418376922,45,0,2,2299812417.0,137079,8424936,11,0,2
1830210326,2007-12-30 23:45:26,-680999.770536422,-680999,-770536422,45,0,2,2299812417.0,137079,8424936,11,0,2
1830210326,2007-12-30 23:45:26,-666847.429014205,-666847,-429014205,26,0,2,2299812417.0,137079,8424936,11,0,2
1830210331,2007-12-30 23:45:31,-666846.337136268,-666846,-337136268,26,0,2,2299812417.0,137079,8424936,11,0,2
1830210331,2007-12-30 23:45:31,-680998.463197707,-680998,-463197707,45,0,2,2299812417.0,137079,8424936,11,0,2
1830210336,2007-12-30 23:45:36,-680997.182786941,-680997,-182786941,45,0,2,2299812417.0,137079,8424936,11,0,2
1830210336,2007-12-30 23:45:36,-666845.254241942,-666845,-254241942,26,0,2,2299812417.0,137079,8424936,11,0,2
1830210346,2007-12-30 23:45:46,-666842.979168891,-666842,-979168891,26,0,2,2299812417.0,137079,8424936,11,0,2
1830210346,2007-12-30 23:45:46,-680994.498087882,-680994,-498087882,45,0,2,2299812417.0,137079,8424936,11,0,2
1830210356,2007-12-30 23:45:56,-680991.744928359,-680991,-744928359,45,0,2,2299812417.0,137079,8424936,11,0,2
1830210356,2007-12-30 23:45:56,-666840.655578612,-666840,-655578612,26,0,2,2299812417.0,137079,8424936,11,0,2
1830210366,2007-12-30 23:46:06,-666838.443834304,-666838,-443834304,26,0,2,2299812417.0,137079,8424936,11,0,2
1830210366,2007-12-30 23:46:06,-680989.105083465,-680989,-105083465,45,0,2,2299812417.0,137079,8424936,11,0,2
1830210376,2007-12-30 23:46:16,-666836.180033683,-666836,-180033683,26,0,2,2299812417.0,137079,8424936,11,0,2
1830210376,2007-12-30 23:46:16,-680986.406635283,-680986,-406635283,45,0,2,2299812417.0,137079,8424936,11,0,2
1830210386,2007-12-30 23:46:26,-680983.739563941,-680983,-739563941,45,0,2,2299812417.0,137079,8424936,11,0,2
1830210386,2007-12-30 23:46:26,-666833.966566085,-666833,-966566085,26,0,2,2299812417.0,137079,8424936,11,0,2
1830210391,2007-12-30 23:46:31,-666832.869540214,-666832,-869540214,26,0,2,2299812417.0,137079,8424936,11,0,2
1830210391,2007-12-30 23:46:31,-680982.410367011,-680982,-410367011,45,0,2,2299812417.0,137079,8424936,11,0,2
1830210396,2007-12-30 23:46:36,-666831.798617362,-666831,-798617362,26,0,2,2299812417.0,137079,8424936,11,0,2
1830210396,2007-12-30 23:46:36,-680981.124317168,-680981,-124317168,45,0,2,2299812417.0,137079,8424936,11,0,2
1830210406,2007-12-30 23:46:46,-680978.405083655,-680978,-405083655,45,0,2,2299812417.0,137079,8424936,11,0,2
1830210406,2007-12-30 23:46:46,-666829.538544654,-666829,-538544654,26,0,2,2299812417.0,137079,8424936,11,0,2
1830210416,2007-12-30 23:46:56,-666827.289646148,-666827,-289646148,26,0,2,2299812417.0,137079,8424936,11,0,2
1830210416,2007-12-30 23:46:56,-680975.6815176,-680975,-681517600,45,0,2,2299812417.0,137079,8424936,11,0,2
1830210426,2007-12-30 23:47:06,-680973.049077033,-680973,-49077033,45,0,2,2299812417.0,137079,8424936,11,0,2
1830210426,2007-12-30 23:47:06,-666825.120453834,-666825,-120453834,26,0,2,2299812417.0,137079,8424936,11,0,2
1830210436,2007-12-30 23:47:16,-680970.317792891,-680970,-317792891,45,0,2,2299812417.0,137079,8424936,11,0,2
1830210436,2007-12-30 23:47:16,-666822.881505965,-666822,-881505965,26,0,2,2299812417.0,137079,8424936,11,0,2
1830210446,2007-12-30 23:47:26,-680967.622653007,-680967,-622653007,45,0,2,2299812417.0,137079,8424936,11,0,2
1830210446,2007-12-30 23:47:26,-666820.679714202,-666820,-679714202,26,0,2,2299812417.0,137079,8424936,11,0,2
1830210451,2007-12-30 23:47:31,-666819.601511001,-666819,-601511001,26,0,2,2299812417.0,137079,8424936,11,0,2
1830210451,2007-12-30 23:47:31,-680966.287571906,-680966,-287571906,45,0,2,2299812417.0,137079,8424936,11,0,2
1830210456,2007-12-30 23:47:36,-680964.910956382,-680964,-910956382,45,0,2,2299812417.0,137079,8424936,11,0,2
1830210456,2007-12-30 23:47:36,-666818.467760085,-666818,-467760085,26,0,2,2299812417.0,137079,8424936,11,0,2
1830210466,2007-12-30 23:47:46,-666816.291874885,-666816,-291874885,26,0,2,2299812417.0,137079,8424936,11,0,2
1830210466,2007-12-30 23:47:46,-680962.231734275,-680962,-231734275,45,0,2,2299812417.0,137079,8424936,11,0,2
1830210476,2007-12-30 23:47:56,-680959.593214988,-680959,-593214988,45,0,2,2299812417.0,137079,8424936,11,0,2
1830210476,2007-12-30 23:47:56,-666814.167758941,-666814,-167758941,26,0,2,2299812417.0,137079,8424936,11,0,2
1830210486,2007-12-30 23:48:06,-680956.844188689,-680956,-844188689,45,0,2,2299812417.0,137079,8424936,11,0,2
1830210486,2007-12-30 23:48:06,-666811.939629554,-666811,-939629554,26,0,2,2299812417.0,137079,8424936,11,0,2
1830210496,2007-12-30 23:48:16,-666809.776611327,-666809,-776611327,26,0,2,2299812417.0,137079,8424936,11,0,2
1830210496,2007-12-30 23:48:16,-680954.156392096,-680954,-156392096,45,0,2,2299812417.0,137079,8424936,11,0,2
1830210506,2007-12-30 23:48:26,-666807.646699904,-666807,-646699904,26,0,2,2299812417.0,137079,8424936,11,0,2
1830210506,2007-12-30 23:48:26,-680951.489676475,-680951,-489676475,45,0,2,2299812417.0,137079,8424936,11,0,2
1830210511,2007-12-30 23:48:31,-666806.569675445,-666806,-569675445,26,0,2,2299812417.0,137079,8424936,11,0,2
1830210511,2007-12-30 23:48:31,-680950.132320403,-680950,-132320403,45,0,2,2299812417.0,137079,8424936,11,0,2
1830210516,2007-12-30 23:48:36,-666805.466447829,-666805,-466447829,26,0,2,2299812417.0,137079,8424936,11,0,2
1830210516,2007-12-30 23:48:36,-680948.768589972,-680948,-768589972,45,0,2,2299812417.0,137079,8424936,11,0,2
1830210526,2007-12-30 23:48:46,-680946.114596366,-680946,-114596366,45,0,2,2299812417.0,137079,8424936,11,0,2
1830210526,2007-12-30 23:48:46,-666803.360124587,-666803,-360124587,26,0,2,2299812417.0,137079,8424936,11,0,2
1830210536,2007-12-30 23:48:56,-680943.420481681,-680943,-420481681,45,0,2,2299812417.0,137079,8424936,11,0,2
1830210536,2007-12-30 23:48:56,-666801.228537559,-666801,-228537559,26,0,2,2299812417.0,137079,8424936,11,0,2
1830210546,2007-12-30 23:49:06,-680940.719423293,-680940,-719423293,45,0,2,2299812417.0,137079,8424936,11,0,2
1830210546,2007-12-30 23:49:06,-666799.08945465,-666799,-89454650,26,0,2,2299812417.0,137079,8424936,11,0,2
1830210556,2007-12-30 23:49:16,-666797.049814223,-666797,-49814223,26,0,2,2299812417.0,137079,8424936,11,0,2
1830210556,2007-12-30 23:49:16,-680938.102921485,-680938,-102921485,45,0,2,2299812417.0,137079,8424936,11,0,2
1830210566,2007-12-30 23:49:26,-680935.454791068,-680935,-454791068,45,0,2,2299812417.0,137079,8424936,11,0,2
1830210566,2007-12-30 23:49:26,-666794.976815223,-666794,-976815223,26,0,2,2299812417.0,137079,8424936,11,0,2
1830210571,2007-12-30 23:49:31,-680934.040361403,-680934,-40361403,45,0,2,2299812417.0,137079,8424936,11,0,2
1830210571,2007-12-30 23:49:31,-666793.866334914,-666793,-866334914,26,0,2,2299812417.0,137079,8424936,11,0,2
1830210576,2007-12-30 23:49:36,-680932.676545142,-680932,-676545142,45,0,2,2299812417.0,137079,8424936,11,0,2
1830210576,2007-12-30 23:49:36,-666792.786093711,-666792,-786093711,26,0,2,2299812417.0,137079,8424936,11,0,2
1830210586,2007-12-30 23:49:46,-666790.711822509,-666790,-711822509,26,0,2,2299812417.0,137079,8424936,11,0,2
1830210586,2007-12-30 23:49:46,-680930.009507178,-680930,-9507178,45,0,2,2299812417.0,137079,8424936,11,0,2
1830210596,2007-12-30 23:49:56,-680927.278978347,-680927,-278978347,45,0,2,2299812417.0,137079,8424936,11,0,2
1830210596,2007-12-30 23:49:56,-666788.584012031,-666788,-584012031,26,0,2,2299812417.0,137079,8424936,11,0,2
1830211206,2007-12-31 00:00:06,-680761.461304664,-680761,-461304664,45,0,2,2299812417.0,137079,8424936,11,0,2
1830211206,2007-12-31 00:00:06,-666673.047052382,-666673,-47052382,26,0,2,2299812417.0,137079,8424936,11,0,2
1830211216,2007-12-31 00:00:16,-680758.214137076,-680758,-214137076,45,0,2,2299812417.0,137079,8424936,11,0,2
1830211216,2007-12-31 00:00:16,-666671.27584648,-666671,-275846480,26,0,2,2299812417.0,137079,8424936,11,0,2
1830211226,2007-12-31 00:00:26,-680755.238086699,-680755,-238086699,45,0,2,2299812417.0,137079,8424936,11,0,2
1830211226,2007-12-31 00:00:26,-666669.511146544,-666669,-511146544,26,0,2,2299812417.0,137079,8424936,11,0,2
1830211231,2007-12-31 00:00:31,-666668.708586692,-666668,-708586692,26,0,2,2299812417.0,137079,8424936,11,0,2
1830211231,2007-12-31 00:00:31,-680754.00321102,-680754,-3211020,45,0,2,2299812417.0,137079,8424936,11,0,2
1830211236,2007-12-31 00:00:36,-680752.486220359,-680752,-486220359,45,0,2,2299812417.0,137079,8424936,11,0,2
1830211236,2007-12-31 00:00:36,-666667.834186553,-666667,-834186553,26,0,2,2299812417.0,137079,8424936,11,0,2
1830211246,2007-12-31 00:00:46,-680749.712256431,-680749,-712256431,45,0,2,2299812417.0,137079,8424936,11,0,2
1830211246,2007-12-31 00:00:46,-666666.145788192,-666666,-145788192,26,0,2,2299812417.0,137079,8424936,11,0,2
1830211256,2007-12-31 00:00:56,-666664.437499999,-666664,-437499999,26,0,2,2299812417.0,137079,8424936,11,0,2
1830211256,2007-12-31 00:00:56,-680746.907258986,-680746,-907258986,45,0,2,2299812417.0,137079,8424936,11,0,2
1830211266,2007-12-31 00:01:06,-666662.814370154,-666662,-814370154,26,0,2,2299812417.0,137079,8424936,11,0,2
1830211266,2007-12-31 00:01:06,-680744.178209304,-680744,-178209304,45,0,2,2299812417.0,137079,8424936,11,0,2
1830211276,2007-12-31 00:01:16,-666661.103281974,-666661,-103281974,26,0,2,2299812417.0,137079,8424936,11,0,2
1830211286,2007-12-31 00:01:26,-666659.4330101,-666659,-433010100,26,0,2,2299812417.0,137079,8424936,11,0,2
1830211296,2007-12-31 00:01:36,-666657.745770453,-666657,-745770453,26,0,2,2299812417.0,137079,8424936,11,0,2
1830271796,2007-12-31 16:49:56,-700211.647150039,-700211,-647150039,14,0,2,2299812417.0,137079,8424936,11,0,2
1830271806,2007-12-31 16:50:06,-700206.346081733,-700206,-346081733,14,0,2,2299812417.0,137079,8424936,11,0,2
1830271816,2007-12-31 16:50:16,-700201.225537299,-700201,-225537299,14,0,2,2299812417.0,137079,8424936,11,0,2
1830271821,2007-12-31 16:50:21,-700198.92802143,-700198,-928021430,14,0,2,2299812417.0,137079,8424936,11,0,2
1830271826,2007-12-31 16:50:26,-700196.294890403,-700196,-294890403,14,0,2,2299812417.0,137079,8424936,11,0,2
1830271836,2007-12-31 16:50:36,-700191.430395125,-700191,-430395125,14,0,2,2299812417.0,137079,8424936,11,0,2
1830271846,2007-12-31 16:50:46,-700186.624072074,-700186,-624072074,14,0,2,2299812417.0,137079,8424936,11,0,2
1830271856,2007-12-31 16:50:56,-700182.017998694,-700182,-17998694,14,0,2,2299812417.0,137079,8424936,11,0,2
1830271866,2007-12-31 16:51:06,-700177.474699973,-700177,-474699973,14,0,2,2299812417.0,137079,8424936,11,0,2
1830271876,2007-12-31 16:51:16,-700173.079751014,-700173,-79751014,14,0,2,2299812417.0,137079,8424936,11,0,2
1830271881,2007-12-31 16:51:21,-700171.042649268,-700171,-42649268,14,0,2,2299812417.0,137079,8424936,11,0,2
1830271886,2007-12-31 16:51:26,-700168.733143805,-700168,-733143805,14,0,2,2299812417.0,137079,8424936,11,0,2
1830271896,2007-12-31 16:51:36,-700164.521802901,-700164,-521802901,14,0,2,2299812417.0,137079,8424936,11,0,2
1830271906,2007-12-31 16:51:46,-700160.42849636,-700160,-428496360,14,0,2,2299812417.0,137079,8424936,11,0,2
1830271916,2007-12-31 16:51:56,-700156.26230812,-700156,-262308120,14,0,2,2299812417.0,137079,8424936,11,0,2
1830271926,2007-12-31 16:52:06,-700152.316617965,-700152,-316617965,14,0,2,2299812417.0,137079,8424936,11,0,2
1830271936,2007-12-31 16:52:16,-700148.417922973,-700148,-417922973,14,0,2,2299812417.0,137079,8424936,11,0,2
1830271941,2007-12-31 16:52:21,-700146.579249381,-700146,-579249381,14,0,2,2299812417.0,137079,8424936,11,0,2
1830271946,2007-12-31 16:52:26,-700144.553705214,-700144,-553705214,14,0,2,2299812417.0,137079,8424936,11,0,2
1830271956,2007-12-31 16:52:36,-700140.794057845,-700140,-794057845,14,0,2,2299812417.0,137079,8424936,11,0,2
1830271966,2007-12-31 16:52:46,-700137.130887031,-700137,-130887031,14,0,2,2299812417.0,137079,8424936,11,0,2
1830271976,2007-12-31 16:52:56,-700133.526752471,-700133,-526752471,14,0,2,2299812417.0,137079,8424936,11,0,2
1830271986,2007-12-31 16:53:06,-700130.067518233,-700130,-67518233,14,0,2,2299812417.0,137079,8424936,11,0,2
1830271996,2007-12-31 16:53:16,-700126.545922278,-700126,-545922278,14,0,2,2299812417.0,137079,8424936,11,0,2
1830272001,2007-12-31 16:53:21,-700124.941020011,-700124,-941020011,14,0,2,2299812417.0,137079,8424936,11,0,2
1830272006,2007-12-31 16:53:26,-700123.103196143,-700123,-103196143,14,0,2,2299812417.0,137079,8424936,11,0,2
1830272016,2007-12-31 16:53:36,-700119.815203666,-700119,-815203666,14,0,2,2299812417.0,137079,8424936,11,0,2
1830272026,2007-12-31 16:53:46,-700116.587523459,-700116,-587523459,14,0,2,2299812417.0,137079,8424936,11,0,2
1830272036,2007-12-31 16:53:56,-700113.402701377,-700113,-402701377,14,0,2,2299812417.0,137079,8424936,11,0,2
1830272046,2007-12-31 16:54:06,-700110.207010268,-700110,-207010268,14,0,2,2299812417.0,137079,8424936,11,0,2
1830272056,2007-12-31 16:54:16,-700107.130841254,-700107,-130841254,14,0,2,2299812417.0,137079,8424936,11,0,2
1830272061,2007-12-31 16:54:21,-700105.709787368,-700105,-709787368,14,0,2,2299812417.0,137079,8424936,11,0,2
1830272066,2007-12-31 16:54:26,-700104.18630886,-700104,-186308860,14,0,2,2299812417.0,137079,8424936,11,0,2
1830272076,2007-12-31 16:54:36,-700101.112378119,-700101,-112378119,14,0,2,2299812417.0,137079,8424936,11,0,2
1830272086,2007-12-31 16:54:46,-700098.219487189,-700098,-219487189,14,0,2,2299812417.0,137079,8424936,11,0,2
1830272096,2007-12-31 16:54:56,-700095.273499488,-700095,-273499488,14,0,2,2299812417.0,137079,8424936,11,0,2
1830272106,2007-12-31 16:55:06,-700092.451400756,-700092,-451400756,14,0,2,2299812417.0,137079,8424936,11,0,2
1830272116,2007-12-31 16:55:16,-700089.668284415,-700089,-668284415,14,0,2,2299812417.0,137079,8424936,11,0,2
1830272121,2007-12-31 16:55:21,-700088.325173377,-700088,-325173377,14,0,2,2299812417.0,137079,8424936,11,0,2
1830272126,2007-12-31 16:55:26,-700086.899836539,-700086,-899836539,14,0,2,2299812417.0,137079,8424936,11,0,2
1830272136,2007-12-31 16:55:36,-700084.199149131,-700084,-199149131,14,0,2,2299812417.0,137079,8424936,11,0,2
1830272146,2007-12-31 16:55:46,-700081.458872794,-700081,-458872794,14,0,2,2299812417.0,137079,8424936,11,0,2
1830272156,2007-12-31 16:55:56,-700078.785814284,-700078,-785814284,14,0,2,2299812417.0,137079,8424936,11,0,2
1830272166,2007-12-31 16:56:06,-700076.157383918,-700076,-157383918,14,0,2,2299812417.0,137079,8424936,11,0,2
1830272176,2007-12-31 16:56:16,-700073.600169181,-700073,-600169181,14,0,2,2299812417.0,137079,8424936,11,0,2
1830272181,2007-12-31 16:56:21,-700072.326010703,-700072,-326010703,14,0,2,2299812417.0,137079,8424936,11,0,2
1830272186,2007-12-31 16:56:26,-700070.992298125,-700070,-992298125,14,0,2,2299812417.0,137079,8424936,11,0,2
1830272196,2007-12-31 16:56:36,-700068.472828864,-700068,-472828864,14,0,2,2299812417.0,137079,8424936,11,0,2
1830272206,2007-12-31 16:56:46,-700065.947566985,-700065,-947566985,14,0,2,2299812417.0,137079,8424936,11,0,2
1830272216,2007-12-31 16:56:56,-700063.450495719,-700063,-450495719,14,0,2,2299812417.0,137079,8424936,11,0,2
1830272226,2007-12-31 16:57:06,-700061.012077331,-700061,-12077331,14,0,2,2299812417.0,137079,8424936,11,0,2
1830272236,2007-12-31 16:57:16,-700058.631154059,-700058,-631154059,14,0,2,2299812417.0,137079,8424936,11,0,2
1830272241,2007-12-31 16:57:21,-700057.439210891,-700057,-439210891,14,0,2,2299812417.0,137079,8424936,11,0,2
1830272246,2007-12-31 16:57:26,-700056.226197242,-700056,-226197242,14,0,2,2299812417.0,137079,8424936,11,0,2
1830272256,2007-12-31 16:57:36,-700053.841046332,-700053,-841046332,14,0,2,2299812417.0,137079,8424936,11,0,2
1830272266,2007-12-31 16:57:46,-700051.474297522,-700051,-474297522,14,0,2,2299812417.0,137079,8424936,11,0,2
1830272276,2007-12-31 16:57:56,-700049.137378692,-700049,-137378692,14,0,2,2299812417.0,137079,8424936,11,0,2
1830272286,2007-12-31 16:58:06,-700046.780816077,-700046,-780816077,14,0,2,2299812417.0,137079,8424936,11,0,2
1830272296,2007-12-31 16:58:16,-700044.508294105,-700044,-508294105,14,0,2,2299812417.0,137079,8424936,11,0,2
1830272301,2007-12-31 16:58:21,-700043.375332831,-700043,-375332831,14,0,2,2299812417.0,137079,8424936,11,0,2
1830272306,2007-12-31 16:58:26,-700042.188780784,-700042,-188780784,14,0,2,2299812417.0,137079,8424936,11,0,2
1830272316,2007-12-31 16:58:36,-700039.946944236,-700039,-946944236,14,0,2,2299812417.0,137079,8424936,11,0,2
1830272326,2007-12-31 16:58:46,-700037.689783095,-700037,-689783095,14,0,2,2299812417.0,137079,8424936,11,0,2
1830272336,2007-12-31 16:58:56,-700035.427127837,-700035,-427127837,14,0,2,2299812417.0,137079,8424936,11,0,2
1830272346,2007-12-31 16:59:06,-700033.207264899,-700033,-207264899,14,0,2,2299812417.0,137079,8424936,11,0,2
1830272356,2007-12-31 16:59:16,-700030.944875716,-700030,-944875716,14,0,2,2299812417.0,137079,8424936,11,0,2
1830272361,2007-12-31 16:59:21,-700029.835014342,-700029,-835014342,14,0,2,2299812417.0,137079,8424936,11,0,2
1830272366,2007-12-31 16:59:26,-700028.712667464,-700028,-712667464,14,0,2,2299812417.0,137079,8424936,11,0,2
1830272376,2007-12-31 16:59:36,-700026.475224494,-700026,-475224494,14,0,2,2299812417.0,137079,8424936,11,0,2
1830272386,2007-12-31 16:59:46,-700024.242923736,-700024,-242923736,14,0,2,2299812417.0,137079,8424936,11,0,2
1830272396,2007-12-31 16:59:56,-700022.123862266,-700022,-123862266,14,0,2,2299812417.0,137079,8424936,11,0,2
1830272406,2007-12-31 17:00:06,-700020.008576392,-700020,-8576392,14,0,2,2299812417.0,137079,8424936,11,0,2
1830272416,2007-12-31 17:00:16,-700017.799988746,-700017,-799988746,14,0,2,2299812417.0,137079,8424936,11,0,2
1830272421,2007-12-31 17:00:21,-700016.743266105,-700016,-743266105,14,0,2,2299812417.0,137079,8424936,11,0,2
1830272426,2007-12-31 17:00:26,-700015.646183013,-700015,-646183013,14,0,2,2299812417.0,137079,8424936,11,0,2
1830272436,2007-12-31 17:00:36,-700013.523166655,-700013,-523166655,14,0,2,2299812417.0,137079,8424936,11,0,2
1830272446,2007-12-31 17:00:46,-700011.35782051,-700011,-357820510,14,0,2,2299812417.0,137079,8424936,11,0,2
1830272456,2007-12-31 17:00:56,-700009.221456527,-700009,-221456527,14,0,2,2299812417.0,137079,8424936,11,0,2
1830272466,2007-12-31 17:01:06,-700007.020324706,-700007,-20324706,14,0,2,2299812417.0,137079,8424936,11,0,2
1830272476,2007-12-31 17:01:16,-700004.883582114,-700004,-883582114,14,0,2,2299812417.0,137079,8424936,11,0,2
1830272481,2007-12-31 17:01:21,-700003.85689926,-700003,-856899260,14,0,2,2299812417.0,137079,8424936,11,0,2
1830272486,2007-12-31 17:01:26,-700002.750928878,-700002,-750928878,14,0,2,2299812417.0,137079,8424936,11,0,2
1830272496,2007-12-31 17:01:36,-700000.65894699,-700000,-658946990,14,0,2,2299812417.0,137079,8424936,11,0,2
1830272506,2007-12-31 17:01:46,-699998.606155395,-699998,-606155395,14,0,2,2299812417.0,137079,8424936,11,0,2
1830272516,2007-12-31 17:01:56,-699996.442084311,-699996,-442084311,14,0,2,2299812417.0,137079,8424936,11,0,2
1830272526,2007-12-31 17:02:06,-699994.326194762,-699994,-326194762,14,0,2,2299812417.0,137079,8424936,11,0,2
1830272536,2007-12-31 17:02:16,-699992.211018561,-699992,-211018561,14,0,2,2299812417.0,137079,8424936,11,0,2
1830272541,2007-12-31 17:02:21,-699991.175979613,-699991,-175979613,14,0,2,2299812417.0,137079,8424936,11,0,2
1830272546,2007-12-31 17:02:26,-699990.145865439,-699990,-145865439,14,0,2,2299812417.0,137079,8424936,11,0,2
1830272556,2007-12-31 17:02:36,-699988.002717971,-699988,-2717971,14,0,2,2299812417.0,137079,8424936,11,0,2
1830272566,2007-12-31 17:02:46,-699985.927998542,-699985,-927998542,14,0,2,2299812417.0,137079,8424936,11,0,2
1830272576,2007-12-31 17:02:56,-699983.883934974,-699983,-883934974,14,0,2,2299812417.0,137079,8424936,11,0,2
1830272586,2007-12-31 17:03:06,-699981.868825911,-699981,-868825911,14,0,2,2299812417.0,137079,8424936,11,0,2
1830272596,2007-12-31 17:03:16,-699979.770462989,-699979,-770462989,14,0,2,2299812417.0,137079,8424936,11,0,2
1830272601,2007-12-31 17:03:21,-699978.730646132,-699978,-730646132,14,0,2,2299812417.0,137079,8424936,11,0,2
1830272606,2007-12-31 17:03:26,-699977.669445991,-699977,-669445991,14,0,2,2299812417.0,137079,8424936,11,0,2
1830272616,2007-12-31 17:03:36,-699975.647391318,-699975,-647391318,14,0,2,2299812417.0,137079,8424936,11,0,2
1830272626,2007-12-31 17:03:46,-699973.543814658,-699973,-543814658,14,0,2,2299812417.0,137079,8424936,11,0,2
1830272636,2007-12-31 17:03:56,-699971.457665442,-699971,-457665442,14,0,2,2299812417.0,137079,8424936,11,0,2
1830272646,2007-12-31 17:04:06,-699969.374720572,-699969,-374720572,14,0,2,2299812417.0,137079,8424936,11,0,2
1830272656,2007-12-31 17:04:16,-699967.361992835,-699967,-361992835,14,0,2,2299812417.0,137079,8424936,11,0,2
1830272661,2007-12-31 17:04:21,-699966.265432357,-699966,-265432357,14,0,2,2299812417.0,137079,8424936,11,0,2
1830272666,2007-12-31 17:04:26,-699965.2438879,-699965,-243887900,14,0,2,2299812417.0,137079,8424936,11,0,2
1830272676,2007-12-31 17:04:36,-699963.104981421,-699963,-104981421,14,0,2,2299812417.0,137079,8424936,11,0,2
1830272686,2007-12-31 17:04:46,-699961.049344062,-699961,-49344062,14,0,2,2299812417.0,137079,8424936,11,0,2
1830272696,2007-12-31 17:04:56,-699959.012320517,-699959,-12320517,14,0,2,2299812417.0,137079,8424936,11,0,2
1830272706,2007-12-31 17:05:06,-699956.914740561,-699956,-914740561,14,0,2,2299812417.0,137079,8424936,11,0,2
1830272716,2007-12-31 17:05:16,-699954.896565436,-699954,-896565436,14,0,2,2299812417.0,137079,8424936,11,0,2
1830272721,2007-12-31 17:05:21,-699953.916662215,-699953,-916662215,14,0,2,2299812417.0,137079,8424936,11,0,2
1830272726,2007-12-31 17:05:26,-699952.924571036,-699952,-924571036,14,0,2,2299812417.0,137079,8424936,11,0,2
1830272736,2007-12-31 17:05:36,-699950.944065093,-699950,-944065093,14,0,2,2299812417.0,137079,8424936,11,0,2
1830272746,2007-12-31 17:05:46,-699948.807713508,-699948,-807713508,14,0,2,2299812417.0,137079,8424936,11,0,2
1830272756,2007-12-31 17:05:56,-699946.720980643,-699946,-720980643,14,0,2,2299812417.0,137079,8424936,11,0,2
1830272766,2007-12-31 17:06:06,-699944.678343772,-699944,-678343772,14,0,2,2299812417.0,137079,8424936,11,0,2
1830272776,2007-12-31 17:06:16,-699942.553729056,-699942,-553729056,14,0,2,2299812417.0,137079,8424936,11,0,2
1830272781,2007-12-31 17:06:21,-699941.565475463,-699941,-565475463,14,0,2,2299812417.0,137079,8424936,11,0,2
1830272786,2007-12-31 17:06:26,-699940.528809546,-699940,-528809546,14,0,2,2299812417.0,137079,8424936,11,0,2
1830272796,2007-12-31 17:06:36,-699938.498230933,-699938,-498230933,14,0,2,2299812417.0,137079,8424936,11,0,2
1830272806,2007-12-31 17:06:46,-699936.412757873,-699936,-412757873,14,0,2,2299812417.0,137079,8424936,11,0,2
1830272816,2007-12-31 17:06:56,-699934.29068756,-699934,-290687560,14,0,2,2299812417.0,137079,8424936,11,0,2
1830272826,2007-12-31 17:07:06,-699932.248284339,-699932,-248284339,14,0,2,2299812417.0,137079,8424936,11,0,2
1830272836,2007-12-31 17:07:16,-699930.212535857,-699930,-212535857,14,0,2,2299812417.0,137079,8424936,11,0,2
1830272841,2007-12-31 17:07:21,-699929.171380996,-699929,-171380996,14,0,2,2299812417.0,137079,8424936,11,0,2
1830272846,2007-12-31 17:07:26,-699928.158260344,-699928,-158260344,14,0,2,2299812417.0,137079,8424936,11,0,2
1830272856,2007-12-31 17:07:36,-699926.112984656,-699926,-112984656,14,0,2,2299812417.0,137079,8424936,11,0,2
1830272866,2007-12-31 17:07:46,-699924.005535125,-699924,-5535125,14,0,2,2299812417.0,137079,8424936,11,0,2
1830272876,2007-12-31 17:07:56,-699921.960638999,-699921,-960638999,14,0,2,2299812417.0,137079,8424936,11,0,2
1830272886,2007-12-31 17:08:06,-699919.849166869,-699919,-849166869,14,0,2,2299812417.0,137079,8424936,11,0,2
1830272896,2007-12-31 17:08:16,-699917.835456847,-699917,-835456847,14,0,2,2299812417.0,137079,8424936,11,0,2
1830272901,2007-12-31 17:08:21,-699916.796569823,-699916,-796569823,14,0,2,2299812417.0,137079,8424936,11,0,2
1830272906,2007-12-31 17:08:26,-699915.765715598,-699915,-765715598,14,0,2,2299812417.0,137079,8424936,11,0,2
1830272916,2007-12-31 17:08:36,-699913.689839362,-699913,-689839362,14,0,2,2299812417.0,137079,8424936,11,0,2
1830272926,2007-12-31 17:08:46,-699911.678601264,-699911,-678601264,14,0,2,2299812417.0,137079,8424936,11,0,2
1830272936,2007-12-31 17:08:56,-699909.570679664,-699909,-570679664,14,0,2,2299812417.0,137079,8424936,11,0,2
1830272946,2007-12-31 17:09:06,-699907.437313079,-699907,-437313079,14,0,2,2299812417.0,137079,8424936,11,0,2
1830272956,2007-12-31 17:09:16,-699905.371859549,-699905,-371859549,14,0,2,2299812417.0,137079,8424936,11,0,2
1830272961,2007-12-31 17:09:21,-699904.375756263,-699904,-375756263,14,0,2,2299812417.0,137079,8424936,11,0,2
1830272966,2007-12-31 17:09:26,-699903.345002173,-699903,-345002173,14,0,2,2299812417.0,137079,8424936,11,0,2
1830272976,2007-12-31 17:09:36,-699901.317279815,-699901,-317279815,14,0,2,2299812417.0,137079,8424936,11,0,2
1830272986,2007-12-31 17:09:46,-699899.212401389,-699899,-212401389,14,0,2,2299812417.0,137079,8424936,11,0,2
1830272996,2007-12-31 17:09:56,-699897.051190375,-699897,-51190375,14,0,2,2299812417.0,137079,8424936,11,0,2
1830273006,2007-12-31 17:10:06,-699895.046331405,-699895,-46331405,14,0,2,2299812417.0,137079,8424936,11,0,2
1830273016,2007-12-31 17:10:16,-699892.888438224,-699892,-888438224,14,0,2,2299812417.0,137079,8424936,11,0,2
1830273021,2007-12-31 17:10:21,-699891.871246337,-699891,-871246337,14,0,2,2299812417.0,137079,8424936,11,0,2
1830273026,2007-12-31 17:10:26,-699890.853296279,-699890,-853296279,14,0,2,2299812417.0,137079,8424936,11,0,2
1830273036,2007-12-31 17:10:36,-699888.723089217,-699888,-723089217,14,0,2,2299812417.0,137079,8424936,11,0,2
1830273046,2007-12-31 17:10:46,-699886.665130614,-699886,-665130614,14,0,2,2299812417.0,137079,8424936,11,0,2
1830273056,2007-12-31 17:10:56,-699884.602400779,-699884,-602400779,14,0,2,2299812417.0,137079,8424936,11,0,2
1830273066,2007-12-31 17:11:06,-699882.480650901,-699882,-480650901,14,0,2,2299812417.0,137079,8424936,11,0,2
1830273076,2007-12-31 17:11:16,-699880.359766959,-699880,-359766959,14,0,2,2299812417.0,137079,8424936,11,0,2
1830273081,2007-12-31 17:11:21,-699879.318080901,-699879,-318080901,14,0,2,2299812417.0,137079,8424936,11,0,2
1830273086,2007-12-31 17:11:26,-699878.206867217,-699878,-206867217,14,0,2,2299812417.0,137079,8424936,11,0,2
1830273096,2007-12-31 17:11:36,-699876.18589878,-699876,-185898780,14,0,2,2299812417.0,137079,8424936,11,0,2
1830273106,2007-12-31 17:11:46,-699874.072900771,-699874,-72900771,14,0,2,2299812417.0,137079,8424936,11,0,2
1830273116,2007-12-31 17:11:56,-699871.890625953,-699871,-890625953,14,0,2,2299812417.0,137079,8424936,11,0,2
1830273126,2007-12-31 17:12:06,-699869.78812313,-699869,-788123130,14,0,2,2299812417.0,137079,8424936,11,0,2
1830273136,2007-12-31 17:12:16,-699867.664754867,-699867,-664754867,14,0,2,2299812417.0,137079,8424936,11,0,2
1830273141,2007-12-31 17:12:21,-699866.587019919,-699866,-587019919,14,0,2,2299812417.0,137079,8424936,11,0,2
1830273146,2007-12-31 17:12:26,-699865.536206244,-699865,-536206244,14,0,2,2299812417.0,137079,8424936,11,0,2
1830273156,2007-12-31 17:12:36,-699863.349148749,-699863,-349148749,14,0,2,2299812417.0,137079,8424936,11,0,2
1830273166,2007-12-31 17:12:46,-699861.293260573,-699861,-293260573,14,0,2,2299812417.0,137079,8424936,11,0,2
1830273176,2007-12-31 17:12:56,-699859.172671317,-699859,-172671317,14,0,2,2299812417.0,137079,8424936,11,0,2
1830273186,2007-12-31 17:13:06,-699857.017582892,-699857,-17582892,14,0,2,2299812417.0,137079,8424936,11,0,2
1830273196,2007-12-31 17:13:16,-699854.883754729,-699854,-883754729,14,0,2,2299812417.0,137079,8424936,11,0,2
1830273201,2007-12-31 17:13:21,-699853.863381385,-699853,-863381385,14,0,2,2299812417.0,137079,8424936,11,0,2
1830273206,2007-12-31 17:13:26,-699852.824290275,-699852,-824290275,14,0,2,2299812417.0,137079,8424936,11,0,2
1830273216,2007-12-31 17:13:36,-699850.735401153,-699850,-735401153,14,0,2,2299812417.0,137079,8424936,11,0,2
1830273226,2007-12-31 17:13:46,-699848.546587943,-699848,-546587943,14,0,2,2299812417.0,137079,8424936,11,0,2
1830273236,2007-12-31 17:13:56,-699846.45394802,-699846,-453948020,14,0,2,2299812417.0,137079,8424936,11,0,2
1830273246,2007-12-31 17:14:06,-699844.305538176,-699844,-305538176,14,0,2,2299812417.0,137079,8424936,11,0,2
1830273256,2007-12-31 17:14:16,-699842.150180816,-699842,-150180816,14,0,2,2299812417.0,137079,8424936,11,0,2
1830273261,2007-12-31 17:14:21,-699841.01197338,-699841,-11973380,14,0,2,2299812417.0,137079,8424936,11,0,2
1830273266,2007-12-31 17:14:26,-699839.950353621,-699839,-950353621,14,0,2,2299812417.0,137079,8424936,11,0,2
1830273276,2007-12-31 17:14:36,-699837.678373336,-699837,-678373336,14,0,2,2299812417.0,137079,8424936,11,0,2
1830273286,2007-12-31 17:14:46,-699835.533448218,-699835,-533448218,14,0,2,2299812417.0,137079,8424936,11,0,2
1830273296,2007-12-31 17:14:56,-699833.431840896,-699833,-431840896,14,0,2,2299812417.0,137079,8424936,11,0,2
1830273306,2007-12-31 17:15:06,-699831.230429648,-699831,-230429648,14,0,2,2299812417.0,137079,8424936,11,0,2
1830273316,2007-12-31 17:15:16,-699829.161034583,-699829,-161034583,14,0,2,2299812417.0,137079,8424936,11,0,2
1830273321,2007-12-31 17:15:21,-699828.051274299,-699828,-51274299,14,0,2,2299812417.0,137079,8424936,11,0,2
1830273326,2007-12-31 17:15:26,-699827.04330635,-699827,-43306350,14,0,2,2299812417.0,137079,8424936,11,0,2
1830273336,2007-12-31 17:15:36,-699824.852420806,-699824,-852420806,14,0,2,2299812417.0,137079,8424936,11,0,2
1830273346,2007-12-31 17:15:46,-699822.588610648,-699822,-588610648,14,0,2,2299812417.0,137079,8424936,11,0,2
1830273356,2007-12-31 17:15:56,-699820.447175025,-699820,-447175025,14,0,2,2299812417.0,137079,8424936,11,0,2
1830273366,2007-12-31 17:16:06,-699818.323080062,-699818,-323080062,14,0,2,2299812417.0,137079,8424936,11,0,2
1830273376,2007-12-31 17:16:16,-699816.120183944,-699816,-120183944,14,0,2,2299812417.0,137079,8424936,11,0,2
1830273381,2007-12-31 17:16:21,-699814.993568419,-699814,-993568419,14,0,2,2299812417.0,137079,8424936,11,0,2
1830273386,2007-12-31 17:16:26,-699813.972427367,-699813,-972427367,14,0,2,2299812417.0,137079,8424936,11,0,2
1830273396,2007-12-31 17:16:36,-699811.65433216,-699811,-654332160,14,0,2,2299812417.0,137079,8424936,11,0,2
1830273406,2007-12-31 17:16:46,-699809.444211959,-699809,-444211959,14,0,2,2299812417.0,137079,8424936,11,0,2
1830273416,2007-12-31 17:16:56,-699807.358141898,-699807,-358141898,14,0,2,2299812417.0,137079,8424936,11,0,2
1830273426,2007-12-31 17:17:06,-699805.10807228,-699805,-108072280,14,0,2,2299812417.0,137079,8424936,11,0,2
1830273436,2007-12-31 17:17:16,-699802.932456016,-699802,-932456016,14,0,2,2299812417.0,137079,8424936,11,0,2
1830273441,2007-12-31 17:17:21,-699801.841917991,-699801,-841917991,14,0,2,2299812417.0,137079,8424936,11,0,2
1830273446,2007-12-31 17:17:26,-699800.771832465,-699800,-771832465,14,0,2,2299812417.0,137079,8424936,11,0,2
1830273456,2007-12-31 17:17:36,-699798.573190688,-699798,-573190688,14,0,2,2299812417.0,137079,8424936,11,0,2
1830273466,2007-12-31 17:17:46,-699796.307814597,-699796,-307814597,14,0,2,2299812417.0,137079,8424936,11,0,2
1830273476,2007-12-31 17:17:56,-699794.142791747,-699794,-142791747,14,0,2,2299812417.0,137079,8424936,11,0,2
1830273486,2007-12-31 17:18:06,-699791.925647735,-699791,-925647735,14,0,2,2299812417.0,137079,8424936,11,0,2
1830273496,2007-12-31 17:18:16,-699789.635240554,-699789,-635240554,14,0,2,2299812417.0,137079,8424936,11,0,2
1830273501,2007-12-31 17:18:21,-699788.58780384,-699788,-587803840,14,0,2,2299812417.0,137079,8424936,11,0,2
1830273506,2007-12-31 17:18:26,-699787.435660361,-699787,-435660361,14,0,2,2299812417.0,137079,8424936,11,0,2
1830273516,2007-12-31 17:18:36,-699785.280104636,-699785,-280104636,14,0,2,2299812417.0,137079,8424936,11,0,2
1830273526,2007-12-31 17:18:46,-699783.107378959,-699783,-107378959,14,0,2,2299812417.0,137079,8424936,11,0,2
1830273536,2007-12-31 17:18:56,-699780.787659644,-699780,-787659644,14,0,2,2299812417.0,137079,8424936,11,0,2
1830273546,2007-12-31 17:19:06,-699778.599229812,-699778,-599229812,14,0,2,2299812417.0,137079,8424936,11,0,2
1830273556,2007-12-31 17:19:16,-699776.34531021,-699776,-345310210,14,0,2,2299812417.0,137079,8424936,11,0,2
1830273561,2007-12-31 17:19:21,-699775.197685241,-699775,-197685241,14,0,2,2299812417.0,137079,8424936,11,0,2
1830273566,2007-12-31 17:19:26,-699774.104326247,-699774,-104326247,14,0,2,2299812417.0,137079,8424936,11,0,2
1830273576,2007-12-31 17:19:36,-699771.798128127,-699771,-798128127,14,0,2,2299812417.0,137079,8424936,11,0,2
1830273586,2007-12-31 17:19:46,-699769.55145645,-699769,-551456450,14,0,2,2299812417.0,137079,8424936,11,0,2
1830273596,2007-12-31 17:19:56,-699767.289670943,-699767,-289670943,14,0,2,2299812417.0,137079,8424936,11,0,2
1830273606,2007-12-31 17:20:06,-699764.98351097,-699764,-983510970,14,0,2,2299812417.0,137079,8424936,11,0,2
1830273616,2007-12-31 17:20:16,-699762.679545402,-699762,-679545402,14,0,2,2299812417.0,137079,8424936,11,0,2
1830273621,2007-12-31 17:20:21,-699761.587201117,-699761,-587201117,14,0,2,2299812417.0,137079,8424936,11,0,2
1830273626,2007-12-31 17:20:26,-699760.436237334,-699760,-436237334,14,0,2,2299812417.0,137079,8424936,11,0,2
1830273636,2007-12-31 17:20:36,-699758.203565597,-699758,-203565597,14,0,2,2299812417.0,137079,8424936,11,0,2
1830273646,2007-12-31 17:20:46,-699755.930676459,-699755,-930676459,14,0,2,2299812417.0,137079,8424936,11,0,2
1830273656,2007-12-31 17:20:56,-699753.680671691,-699753,-680671691,14,0,2,2299812417.0,137079,8424936,11,0,2
1830273666,2007-12-31 17:21:06,-699751.409984588,-699751,-409984588,14,0,2,2299812417.0,137079,8424936,11,0,2
1830273676,2007-12-31 17:21:16,-699749.132753371,-699749,-132753371,14,0,2,2299812417.0,137079,8424936,11,0,2
1830273681,2007-12-31 17:21:21,-699747.955595969,-699747,-955595969,14,0,2,2299812417.0,137079,8424936,11,0,2
1830273686,2007-12-31 17:21:26,-699746.798509597,-699746,-798509597,14,0,2,2299812417.0,137079,8424936,11,0,2
1830273696,2007-12-31 17:21:36,-699744.473843574,-699744,-473843574,14,0,2,2299812417.0,137079,8424936,11,0,2
1830273706,2007-12-31 17:21:46,-699742.237811088,-699742,-237811088,14,0,2,2299812417.0,137079,8424936,11,0,2
1830273716,2007-12-31 17:21:56,-699739.997110366,-699739,-997110366,14,0,2,2299812417.0,137079,8424936,11,0,2
1830273726,2007-12-31 17:22:06,-699737.769141196,-699737,-769141196,14,0,2,2299812417.0,137079,8424936,11,0,2
1830273736,2007-12-31 17:22:16,-699735.559468268,-699735,-559468268,14,0,2,2299812417.0,137079,8424936,11,0,2
1830273741,2007-12-31 17:22:21,-699734.382606505,-699734,-382606505,14,0,2,2299812417.0,137079,8424936,11,0,2
1830273746,2007-12-31 17:22:26,-699733.329635619,-699733,-329635619,14,0,2,2299812417.0,137079,8424936,11,0,2
1830273756,2007-12-31 17:22:36,-699730.929374694,-699730,-929374694,14,0,2,2299812417.0,137079,8424936,11,0,2
1830273766,2007-12-31 17:22:46,-699728.710907935,-699728,-710907935,14,0,2,2299812417.0,137079,8424936,11,0,2
1830273776,2007-12-31 17:22:56,-699726.37154293,-699726,-371542930,14,0,2,2299812417.0,137079,8424936,11,0,2
1830273786,2007-12-31 17:23:06,-699724.132081031,-699724,-132081031,14,0,2,2299812417.0,137079,8424936,11,0,2
1830273796,2007-12-31 17:23:16,-699721.762845038,-699721,-762845038,14,0,2,2299812417.0,137079,8424936,11,0,2
1830273801,2007-12-31 17:23:21,-699720.648112296,-699720,-648112296,14,0,2,2299812417.0,137079,8424936,11,0,2
1830273806,2007-12-31 17:23:26,-699719.536873816,-699719,-536873816,14,0,2,2299812417.0,137079,8424936,11,0,2
1830273816,2007-12-31 17:23:36,-699717.198315619,-699717,-198315619,14,0,2,2299812417.0,137079,8424936,11,0,2
1830273826,2007-12-31 17:23:46,-699714.887015342,-699714,-887015342,14,0,2,2299812417.0,137079,8424936,11,0,2
1830273836,2007-12-31 17:23:56,-699712.535951613,-699712,-535951613,14,0,2,2299812417.0,137079,8424936,11,0,2
1830295474,2007-12-31 23:24:34,-707548.398299216,-707548,-398299216,43,0,2,2299812417.0,137079,8424936,11,0,2
1830295484,2007-12-31 23:24:44,-707566.964591979,-707566,-964591979,43,0,2,2299812417.0,137079,8424936,11,0,2
1830295494,2007-12-31 23:24:54,-707557.885325431,-707557,-885325431,43,0,2,2299812417.0,137079,8424936,11,0,2
1830295499,2007-12-31 23:24:59,-707549.695271491,-707549,-695271491,43,0,2,2299812417.0,137079,8424936,11,0,2
1830295504,2007-12-31 23:25:04,-707549.428966521,-707549,-428966521,43,0,2,2299812417.0,137079,8424936,11,0,2
1830295514,2007-12-31 23:25:14,-707541.500202178,-707541,-500202178,43,0,2,2299812417.0,137079,8424936,11,0,2
1830295524,2007-12-31 23:25:24,-707533.994244575,-707533,-994244575,43,0,2,2299812417.0,137079,8424936,11,0,2
1830295534,2007-12-31 23:25:34,-707526.881124495,-707526,-881124495,43,0,2,2299812417.0,137079,8424936,11,0,2
1830295544,2007-12-31 23:25:44,-707520.094392775,-707520,-94392775,43,0,2,2299812417.0,137079,8424936,11,0,2
1830295554,2007-12-31 23:25:54,-707513.511831283,-707513,-511831283,43,0,2,2299812417.0,137079,8424936,11,0,2
1830295559,2007-12-31 23:25:59,-707510.7509346,-707510,-750934600,43,0,2,2299812417.0,137079,8424936,11,0,2
1830295564,2007-12-31 23:26:04,-707507.30388832,-707507,-303888320,43,0,2,2299812417.0,137079,8424936,11,0,2
1830295574,2007-12-31 23:26:14,-707501.235651969,-707501,-235651969,43,0,2,2299812417.0,137079,8424936,11,0,2
1830295584,2007-12-31 23:26:24,-707495.478718757,-707495,-478718757,43,0,2,2299812417.0,137079,8424936,11,0,2
1830295594,2007-12-31 23:26:34,-707489.91422367,-707489,-914223670,43,0,2,2299812417.0,137079,8424936,11,0,2
1830295604,2007-12-31 23:26:44,-707484.516077041,-707484,-516077041,43,0,2,2299812417.0,137079,8424936,11,0,2
1830295614,2007-12-31 23:26:54,-707479.258005141,-707479,-258005141,43,0,2,2299812417.0,137079,8424936,11,0,2
1830295619,2007-12-31 23:26:59,-707476.914776801,-707476,-914776801,43,0,2,2299812417.0,137079,8424936,11,0,2
1830295624,2007-12-31 23:27:04,-707474.216011046,-707474,-216011046,43,0,2,2299812417.0,137079,8424936,11,0,2
1830295634,2007-12-31 23:27:14,-707469.229871749,-707469,-229871749,43,0,2,2299812417.0,137079,8424936,11,0,2
1830295644,2007-12-31 23:27:24,-707464.354469298,-707464,-354469298,43,0,2,2299812417.0,137079,8424936,11,0,2
1830295654,2007-12-31 23:27:34,-707459.738930701,-707459,-738930701,43,0,2,2299812417.0,137079,8424936,11,0,2
1830295664,2007-12-31 23:27:44,-707455.199452399,-707455,-199452399,43,0,2,2299812417.0,137079,8424936,11,0,2
1830295674,2007-12-31 23:27:54,-707450.738625525,-707450,-738625525,43,0,2,2299812417.0,137079,8424936,11,0,2
1830295679,2007-12-31 23:27:59,-707448.683522223,-707448,-683522223,43,0,2,2299812417.0,137079,8424936,11,0,2
1830295684,2007-12-31 23:28:04,-707446.414376258,-707446,-414376258,43,0,2,2299812417.0,137079,8424936,11,0,2
1830295694,2007-12-31 23:28:14,-707442.09945011,-707442,-99450110,43,0,2,2299812417.0,137079,8424936,11,0,2
1830295704,2007-12-31 23:28:24,-707437.910296439,-707437,-910296439,43,0,2,2299812417.0,137079,8424936,11,0,2
1830295714,2007-12-31 23:28:34,-707433.757821082,-707433,-757821082,43,0,2,2299812417.0,137079,8424936,11,0,2
1830295724,2007-12-31 23:28:44,-707429.797684668,-707429,-797684668,43,0,2,2299812417.0,137079,8424936,11,0,2
1830295734,2007-12-31 23:28:54,-707425.760645865,-707425,-760645865,43,0,2,2299812417.0,137079,8424936,11,0,2
1830295739,2007-12-31 23:28:59,-707423.940847396,-707423,-940847396,43,0,2,2299812417.0,137079,8424936,11,0,2
1830295744,2007-12-31 23:29:04,-707421.920877456,-707421,-920877456,43,0,2,2299812417.0,137079,8424936,11,0,2
1830295754,2007-12-31 23:29:14,-707418.112270354,-707418,-112270354,43,0,2,2299812417.0,137079,8424936,11,0,2
1830295764,2007-12-31 23:29:24,-707414.295786857,-707414,-295786857,43,0,2,2299812417.0,137079,8424936,11,0,2
1830295774,2007-12-31 23:29:34,-707410.46002674,-707410,-460026740,43,0,2,2299812417.0,137079,8424936,11,0,2
1830295784,2007-12-31 23:29:44,-707406.765016555,-707406,-765016555,43,0,2,2299812417.0,137079,8424936,11,0,2
1830295794,2007-12-31 23:29:54,-707403.119415282,-707403,-119415282,43,0,2,2299812417.0,137079,8424936,11,0,2
1830295799,2007-12-31 23:29:59,-707401.344306945,-707401,-344306945,43,0,2,2299812417.0,137079,8424936,11,0,2
1830295804,2007-12-31 23:30:04,-707399.445522307,-707399,-445522307,43,0,2,2299812417.0,137079,8424936,11,0,2
1830295814,2007-12-31 23:30:14,-707395.909472465,-707395,-909472465,43,0,2,2299812417.0,137079,8424936,11,0,2
1830295824,2007-12-31 23:30:24,-707392.366387366,-707392,-366387366,43,0,2,2299812417.0,137079,8424936,11,0,2
1830295834,2007-12-31 23:30:34,-707388.877281188,-707388,-877281188,43,0,2,2299812417.0,137079,8424936,11,0,2
1830295844,2007-12-31 23:30:44,-707385.350240706,-707385,-350240706,43,0,2,2299812417.0,137079,8424936,11,0,2
1830295854,2007-12-31 23:30:54,-707381.88058853,-707381,-880588530,43,0,2,2299812417.0,137079,8424936,11,0,2
1830295859,2007-12-31 23:30:59,-707380.187119483,-707380,-187119483,43,0,2,2299812417.0,137079,8424936,11,0,2
1830295864,2007-12-31 23:31:04,-707378.434720038,-707378,-434720038,43,0,2,2299812417.0,137079,8424936,11,0,2
1830295874,2007-12-31 23:31:14,-707374.991505622,-707374,-991505622,43,0,2,2299812417.0,137079,8424936,11,0,2
1830295884,2007-12-31 23:31:24,-707371.588380813,-707371,-588380813,43,0,2,2299812417.0,137079,8424936,11,0,2
1830295894,2007-12-31 23:31:34,-707368.302332877,-707368,-302332877,43,0,2,2299812417.0,137079,8424936,11,0,2
1830295904,2007-12-31 23:31:44,-707364.966914176,-707364,-966914176,43,0,2,2299812417.0,137079,8424936,11,0,2
1830295914,2007-12-31 23:31:54,-707361.607523917,-707361,-607523917,43,0,2,2299812417.0,137079,8424936,11,0,2
1830295919,2007-12-31 23:31:59,-707359.9708786,-707359,-970878600,43,0,2,2299812417.0,137079,8424936,11,0,2
1830295924,2007-12-31 23:32:04,-707358.256717681,-707358,-256717681,43,0,2,2299812417.0,137079,8424936,11,0,2
1830295934,2007-12-31 23:32:14,-707354.949419021,-707354,-949419021,43,0,2,2299812417.0,137079,8424936,11,0,2
1830295944,2007-12-31 23:32:24,-707351.742362975,-707351,-742362975,43,0,2,2299812417.0,137079,8424936,11,0,2
1830295954,2007-12-31 23:32:34,-707348.528796195,-707348,-528796195,43,0,2,2299812417.0,137079,8424936,11,0,2
1830295964,2007-12-31 23:32:44,-707345.231884002,-707345,-231884002,43,0,2,2299812417.0,137079,8424936,11,0,2
1830295974,2007-12-31 23:32:54,-707342.057547568,-707342,-57547568,43,0,2,2299812417.0,137079,8424936,11,0,2
1830295979,2007-12-31 23:32:59,-707340.436242103,-707340,-436242103,43,0,2,2299812417.0,137079,8424936,11,0,2
1830295984,2007-12-31 23:33:04,-707338.792929648,-707338,-792929648,43,0,2,2299812417.0,137079,8424936,11,0,2
1830295994,2007-12-31 23:33:14,-707335.560991286,-707335,-560991286,43,0,2,2299812417.0,137079,8424936,11,0,2
1830296004,2007-12-31 23:33:24,-707332.445305823,-707332,-445305823,43,0,2,2299812417.0,137079,8424936,11,0,2
1830296014,2007-12-31 23:33:34,-707329.260673522,-707329,-260673522,43,0,2,2299812417.0,137079,8424936,11,0,2
1830296024,2007-12-31 23:33:44,-707326.123860358,-707326,-123860358,43,0,2,2299812417.0,137079,8424936,11,0,2
1830296034,2007-12-31 23:33:54,-707322.932169913,-707322,-932169913,43,0,2,2299812417.0,137079,8424936,11,0,2
1830296039,2007-12-31 23:33:59,-707321.36023426,-707321,-360234260,43,0,2,2299812417.0,137079,8424936,11,0,2
1830296044,2007-12-31 23:34:04,-707319.743989943,-707319,-743989943,43,0,2,2299812417.0,137079,8424936,11,0,2
1830296054,2007-12-31 23:34:14,-707316.628406524,-707316,-628406524,43,0,2,2299812417.0,137079,8424936,11,0,2
1830296064,2007-12-31 23:34:24,-707313.472308158,-707313,-472308158,43,0,2,2299812417.0,137079,8424936,11,0,2
1830296074,2007-12-31 23:34:34,-707310.282045363,-707310,-282045363,43,0,2,2299812417.0,137079,8424936,11,0,2
1830296084,2007-12-31 23:34:44,-707307.084992408,-707307,-84992408,43,0,2,2299812417.0,137079,8424936,11,0,2
1830296094,2007-12-31 23:34:54,-707303.985332488,-707303,-985332488,43,0,2,2299812417.0,137079,8424936,11,0,2
1830296099,2007-12-31 23:34:59,-707302.444784163,-707302,-444784163,43,0,2,2299812417.0,137079,8424936,11,0,2
1830296104,2007-12-31 23:35:04,-707300.934679984,-707300,-934679984,43,0,2,2299812417.0,137079,8424936,11,0,2
1830296114,2007-12-31 23:35:14,-707297.74258232,-707297,-742582320,43,0,2,2299812417.0,137079,8424936,11,0,2
1830296124,2007-12-31 23:35:24,-707294.639075278,-707294,-639075278,43,0,2,2299812417.0,137079,8424936,11,0,2
1830296134,2007-12-31 23:35:34,-707291.585389136,-707291,-585389136,43,0,2,2299812417.0,137079,8424936,11,0,2
1830296144,2007-12-31 23:35:44,-707288.418872832,-707288,-418872832,43,0,2,2299812417.0,137079,8424936,11,0,2
1830296154,2007-12-31 23:35:54,-707285.360987662,-707285,-360987662,43,0,2,2299812417.0,137079,8424936,11,0,2
1830296159,2007-12-31 23:35:59,-707283.833728789,-707283,-833728789,43,0,2,2299812417.0,137079,8424936,11,0,2
1830296164,2007-12-31 23:36:04,-707282.283085822,-707282,-283085822,43,0,2,2299812417.0,137079,8424936,11,0,2
1830296174,2007-12-31 23:36:14,-707279.207011222,-707279,-207011222,43,0,2,2299812417.0,137079,8424936,11,0,2
1830296184,2007-12-31 23:36:24,-707276.147028922,-707276,-147028922,43,0,2,2299812417.0,137079,8424936,11,0,2
1830296194,2007-12-31 23:36:34,-707273.041363715,-707273,-41363715,43,0,2,2299812417.0,137079,8424936,11,0,2
1830296204,2007-12-31 23:36:44,-707269.946780204,-707269,-946780204,43,0,2,2299812417.0,137079,8424936,11,0,2
1830296214,2007-12-31 23:36:54,-707266.879259108,-707266,-879259108,43,0,2,2299812417.0,137079,8424936,11,0,2
1830296219,2007-12-31 23:36:59,-707265.348438262,-707265,-348438262,43,0,2,2299812417.0,137079,8424936,11,0,2
1830296224,2007-12-31 23:37:04,-707263.854009627,-707263,-854009627,43,0,2,2299812417.0,137079,8424936,11,0,2
1830296234,2007-12-31 23:37:14,-707260.758177756,-707260,-758177756,43,0,2,2299812417.0,137079,8424936,11,0,2
1830296244,2007-12-31 23:37:24,-707257.611038207,-707257,-611038207,43,0,2,2299812417.0,137079,8424936,11,0,2
1830296254,2007-12-31 23:37:34,-707254.606404304,-707254,-606404304,43,0,2,2299812417.0,137079,8424936,11,0,2
1830296264,2007-12-31 23:37:44,-707251.571150779,-707251,-571150779,43,0,2,2299812417.0,137079,8424936,11,0,2
1830296274,2007-12-31 23:37:54,-707248.557028769,-707248,-557028769,43,0,2,2299812417.0,137079,8424936,11,0,2
1830296279,2007-12-31 23:37:59,-707247.005942344,-707247,-5942344,43,0,2,2299812417.0,137079,8424936,11,0,2
1830296284,2007-12-31 23:38:04,-707245.475079535,-707245,-475079535,43,0,2,2299812417.0,137079,8424936,11,0,2
1830296294,2007-12-31 23:38:14,-707242.420552253,-707242,-420552253,43,0,2,2299812417.0,137079,8424936,11,0,2
1830296304,2007-12-31 23:38:24,-707239.405441283,-707239,-405441283,43,0,2,2299812417.0,137079,8424936,11,0,2
1830296314,2007-12-31 23:38:34,-707236.364468574,-707236,-364468574,43,0,2,2299812417.0,137079,8424936,11,0,2
1830296324,2007-12-31 23:38:44,-707233.418027877,-707233,-418027877,43,0,2,2299812417.0,137079,8424936,11,0,2
1830296334,2007-12-31 23:38:54,-707230.375246047,-707230,-375246047,43,0,2,2299812417.0,137079,8424936,11,0,2
1830296339,2007-12-31 23:38:59,-707228.821718215,-707228,-821718215,43,0,2,2299812417.0,137079,8424936,11,0,2
1830296344,2007-12-31 23:39:04,-707227.331813811,-707227,-331813811,43,0,2,2299812417.0,137079,8424936,11,0,2
1830296354,2007-12-31 23:39:14,-707224.257129668,-707224,-257129668,43,0,2,2299812417.0,137079,8424936,11,0,2
1830296364,2007-12-31 23:39:24,-707221.183622359,-707221,-183622359,43,0,2,2299812417.0,137079,8424936,11,0,2
1830296374,2007-12-31 23:39:34,-707218.230476378,-707218,-230476378,43,0,2,2299812417.0,137079,8424936,11,0,2
1830296384,2007-12-31 23:39:44,-707215.135393142,-707215,-135393142,43,0,2,2299812417.0,137079,8424936,11,0,2
1830296394,2007-12-31 23:39:54,-707212.113792418,-707212,-113792418,43,0,2,2299812417.0,137079,8424936,11,0,2
1830296399,2007-12-31 23:39:59,-707210.610975265,-707210,-610975265,43,0,2,2299812417.0,137079,8424936,11,0,2
1830296404,2007-12-31 23:40:04,-707209.067749976,-707209,-67749976,43,0,2,2299812417.0,137079,8424936,11,0,2
1830296414,2007-12-31 23:40:14,-707206.065452575,-707206,-65452575,43,0,2,2299812417.0,137079,8424936,11,0,2
1830296424,2007-12-31 23:40:24,-707203.052987098,-707203,-52987098,43,0,2,2299812417.0,137079,8424936,11,0,2
1830296434,2007-12-31 23:40:34,-707200.086820601,-707200,-86820601,43,0,2,2299812417.0,137079,8424936,11,0,2
1830296444,2007-12-31 23:40:44,-707196.98909378,-707196,-989093780,43,0,2,2299812417.0,137079,8424936,11,0,2
1830296454,2007-12-31 23:40:54,-707193.967695235,-707193,-967695235,43,0,2,2299812417.0,137079,8424936,11,0,2
1830296459,2007-12-31 23:40:59,-707192.46281433,-707192,-462814330,43,0,2,2299812417.0,137079,8424936,11,0,2
1830296464,2007-12-31 23:41:04,-707190.921489715,-707190,-921489715,43,0,2,2299812417.0,137079,8424936,11,0,2
1830296474,2007-12-31 23:41:14,-707187.900442122,-707187,-900442122,43,0,2,2299812417.0,137079,8424936,11,0,2
1830296484,2007-12-31 23:41:24,-707184.911348342,-707184,-911348342,43,0,2,2299812417.0,137079,8424936,11,0,2
1830296494,2007-12-31 23:41:34,-707181.877433776,-707181,-877433776,43,0,2,2299812417.0,137079,8424936,11,0,2
1830296504,2007-12-31 23:41:44,-707178.87516117,-707178,-875161170,43,0,2,2299812417.0,137079,8424936,11,0,2
1830296514,2007-12-31 23:41:54,-707175.870063781,-707175,-870063781,43,0,2,2299812417.0,137079,8424936,11,0,2
1830296519,2007-12-31 23:41:59,-707174.375540732,-707174,-375540732,43,0,2,2299812417.0,137079,8424936,11,0,2
1830296524,2007-12-31 23:42:04,-707172.885246276,-707172,-885246276,43,0,2,2299812417.0,137079,8424936,11,0,2
1830296534,2007-12-31 23:42:14,-707169.892842292,-707169,-892842292,43,0,2,2299812417.0,137079,8424936,11,0,2
1830296544,2007-12-31 23:42:24,-707166.852494239,-707166,-852494239,43,0,2,2299812417.0,137079,8424936,11,0,2
1830296554,2007-12-31 23:42:34,-707163.908324241,-707163,-908324241,43,0,2,2299812417.0,137079,8424936,11,0,2
1830296564,2007-12-31 23:42:44,-707160.8284626,-707160,-828462600,43,0,2,2299812417.0,137079,8424936,11,0,2
1830296574,2007-12-31 23:42:54,-707157.844860076,-707157,-844860076,43,0,2,2299812417.0,137079,8424936,11,0,2
1830296579,2007-12-31 23:42:59,-707156.34892559,-707156,-348925590,43,0,2,2299812417.0,137079,8424936,11,0,2
1830296584,2007-12-31 23:43:04,-707154.852527617,-707154,-852527617,43,0,2,2299812417.0,137079,8424936,11,0,2
1830296594,2007-12-31 23:43:14,-707151.810999869,-707151,-810999869,43,0,2,2299812417.0,137079,8424936,11,0,2
1830296604,2007-12-31 23:43:24,-707148.848381041,-707148,-848381041,43,0,2,2299812417.0,137079,8424936,11,0,2
1830296614,2007-12-31 23:43:34,-707145.895675658,-707145,-895675658,43,0,2,2299812417.0,137079,8424936,11,0,2
1830296624,2007-12-31 23:43:44,-707142.893196105,-707142,-893196105,43,0,2,2299812417.0,137079,8424936,11,0,2
1830296634,2007-12-31 23:43:54,-707139.809220313,-707139,-809220313,43,0,2,2299812417.0,137079,8424936,11,0,2
1830296639,2007-12-31 23:43:59,-707138.368813514,-707138,-368813514,43,0,2,2299812417.0,137079,8424936,11,0,2
1830296644,2007-12-31 23:44:04,-707136.852913856,-707136,-852913856,43,0,2,2299812417.0,137079,8424936,11,0,2
1830296654,2007-12-31 23:44:14,-707133.863126754,-707133,-863126754,43,0,2,2299812417.0,137079,8424936,11,0,2
1830296664,2007-12-31 23:44:24,-707130.898747443,-707130,-898747443,43,0,2,2299812417.0,137079,8424936,11,0,2
1830296674,2007-12-31 23:44:34,-707127.98156166,-707127,-981561660,43,0,2,2299812417.0,137079,8424936,11,0,2
1830296684,2007-12-31 23:44:44,-707125.013003348,-707125,-13003348,43,0,2,2299812417.0,137079,8424936,11,0,2
1830296694,2007-12-31 23:44:54,-707121.979063987,-707121,-979063987,43,0,2,2299812417.0,137079,8424936,11,0,2
1830296699,2007-12-31 23:44:59,-707120.499955176,-707120,-499955176,43,0,2,2299812417.0,137079,8424936,11,0,2
1830296704,2007-12-31 23:45:04,-707119.063755988,-707119,-63755988,43,0,2,2299812417.0,137079,8424936,11,0,2
1830296714,2007-12-31 23:45:14,-707116.022780417,-707116,-22780417,43,0,2,2299812417.0,137079,8424936,11,0,2
1830296724,2007-12-31 23:45:24,-707112.939565658,-707112,-939565658,43,0,2,2299812417.0,137079,8424936,11,0,2
1830296734,2007-12-31 23:45:34,-707109.969720839,-707109,-969720839,43,0,2,2299812417.0,137079,8424936,11,0,2
1830296744,2007-12-31 23:45:44,-707107.003377913,-707107,-3377913,43,0,2,2299812417.0,137079,8424936,11,0,2
1830296754,2007-12-31 23:45:54,-707104.02560234,-707104,-25602340,43,0,2,2299812417.0,137079,8424936,11,0,2
1830296759,2007-12-31 23:45:59,-707102.545029639,-707102,-545029639,43,0,2,2299812417.0,137079,8424936,11,0,2
1830296764,2007-12-31 23:46:04,-707101.01549816,-707101,-15498160,43,0,2,2299812417.0,137079,8424936,11,0,2
1830296774,2007-12-31 23:46:14,-707098.085571288,-707098,-85571288,43,0,2,2299812417.0,137079,8424936,11,0,2
1830296784,2007-12-31 23:46:24,-707095.170411109,-707095,-170411109,43,0,2,2299812417.0,137079,8424936,11,0,2
1830296794,2007-12-31 23:46:34,-707092.197006225,-707092,-197006225,43,0,2,2299812417.0,137079,8424936,11,0,2
1830296804,2007-12-31 23:46:44,-707089.257411002,-707089,-257411002,43,0,2,2299812417.0,137079,8424936,11,0,2
1830296814,2007-12-31 23:46:54,-707086.29683113,-707086,-296831130,43,0,2,2299812417.0,137079,8424936,11,0,2
1830296819,2007-12-31 23:46:59,-707084.777270316,-707084,-777270316,43,0,2,2299812417.0,137079,8424936,11,0,2
1830296824,2007-12-31 23:47:04,-707083.249798774,-707083,-249798774,43,0,2,2299812417.0,137079,8424936,11,0,2
1830296834,2007-12-31 23:47:14,-707080.307163238,-707080,-307163238,43,0,2,2299812417.0,137079,8424936,11,0,2
1830296844,2007-12-31 23:47:24,-707077.355409621,-707077,-355409621,43,0,2,2299812417.0,137079,8424936,11,0,2
1830296854,2007-12-31 23:47:34,-707074.33912754,-707074,-339127540,43,0,2,2299812417.0,137079,8424936,11,0,2
1830296864,2007-12-31 23:47:44,-707071.337080001,-707071,-337080001,43,0,2,2299812417.0,137079,8424936,11,0,2
1830296874,2007-12-31 23:47:54,-707068.369625091,-707068,-369625091,43,0,2,2299812417.0,137079,8424936,11,0,2
1830296879,2007-12-31 23:47:59,-707066.888173102,-707066,-888173102,43,0,2,2299812417.0,137079,8424936,11,0,2
1830296884,2007-12-31 23:48:04,-707065.400386809,-707065,-400386809,43,0,2,2299812417.0,137079,8424936,11,0,2
1830296894,2007-12-31 23:48:14,-707062.419932364,-707062,-419932364,43,0,2,2299812417.0,137079,8424936,11,0,2
1830296904,2007-12-31 23:48:24,-707059.462887763,-707059,-462887763,43,0,2,2299812417.0,137079,8424936,11,0,2
1830296914,2007-12-31 23:48:34,-707056.487538337,-707056,-487538337,43,0,2,2299812417.0,137079,8424936,11,0,2
1830296924,2007-12-31 23:48:44,-707053.586369513,-707053,-586369513,43,0,2,2299812417.0,137079,8424936,11,0,2
1830296934,2007-12-31 23:48:54,-707050.611944198,-707050,-611944198,43,0,2,2299812417.0,137079,8424936,11,0,2
1830296939,2007-12-31 23:48:59,-707049.097366332,-707049,-97366332,43,0,2,2299812417.0,137079,8424936,11,0,2
1830296944,2007-12-31 23:49:04,-707047.616242408,-707047,-616242408,43,0,2,2299812417.0,137079,8424936,11,0,2
1830296954,2007-12-31 23:49:14,-707044.638736724,-707044,-638736724,43,0,2,2299812417.0,137079,8424936,11,0,2
1830296964,2007-12-31 23:49:24,-707041.64336872,-707041,-643368720,43,0,2,2299812417.0,137079,8424936,11,0,2
1830296974,2007-12-31 23:49:34,-707038.649964332,-707038,-649964332,43,0,2,2299812417.0,137079,8424936,11,0,2
1830296984,2007-12-31 23:49:44,-707035.764516829,-707035,-764516829,43,0,2,2299812417.0,137079,8424936,11,0,2
1830296994,2007-12-31 23:49:54,-707032.870349883,-707032,-870349883,43,0,2,2299812417.0,137079,8424936,11,0,2
1830296999,2007-12-31 23:49:59,-707031.365191459,-707031,-365191459,43,0,2,2299812417.0,137079,8424936,11,0,2
1830297004,2007-12-31 23:50:04,-707029.881187438,-707029,-881187438,43,0,2,2299812417.0,137079,8424936,11,0,2
1830297014,2007-12-31 23:50:14,-707026.963763236,-707026,-963763236,43,0,2,2299812417.0,137079,8424936,11,0,2
1830297024,2007-12-31 23:50:24,-707024.061368941,-707024,-61368941,43,0,2,2299812417.0,137079,8424936,11,0,2
1830297034,2007-12-31 23:50:34,-707021.041595458,-707021,-41595458,43,0,2,2299812417.0,137079,8424936,11,0,2
1830297044,2007-12-31 23:50:44,-707018.099840163,-707018,-99840163,43,0,2,2299812417.0,137079,8424936,11,0,2
1830297054,2007-12-31 23:50:54,-707015.100291251,-707015,-100291251,43,0,2,2299812417.0,137079,8424936,11,0,2
1830297059,2007-12-31 23:50:59,-707013.673314094,-707013,-673314094,43,0,2,2299812417.0,137079,8424936,11,0,2
1830297064,2007-12-31 23:51:04,-707012.182694434,-707012,-182694434,43,0,2,2299812417.0,137079,8424936,11,0,2
1830297074,2007-12-31 23:51:14,-707009.25691223,-707009,-256912230,43,0,2,2299812417.0,137079,8424936,11,0,2
1830297084,2007-12-31 23:51:24,-707006.358551024,-707006,-358551024,43,0,2,2299812417.0,137079,8424936,11,0,2
1830297094,2007-12-31 23:51:34,-707003.305597304,-707003,-305597304,43,0,2,2299812417.0,137079,8424936,11,0,2
1830297104,2007-12-31 23:51:44,-707000.389245986,-707000,-389245986,43,0,2,2299812417.0,137079,8424936,11,0,2
1830297114,2007-12-31 23:51:54,-706997.401636123,-706997,-401636123,43,0,2,2299812417.0,137079,8424936,11,0,2
1830297119,2007-12-31 23:51:59,-706995.956105231,-706995,-956105231,43,0,2,2299812417.0,137079,8424936,11,0,2
1830297124,2007-12-31 23:52:04,-706994.503791808,-706994,-503791808,43,0,2,2299812417.0,137079,8424936,11,0,2
1830297134,2007-12-31 23:52:14,-706991.546668052,-706991,-546668052,43,0,2,2299812417.0,137079,8424936,11,0,2
1830297144,2007-12-31 23:52:24,-706988.589693068,-706988,-589693068,43,0,2,2299812417.0,137079,8424936,11,0,2
1830297154,2007-12-31 23:52:34,-706985.648919105,-706985,-648919105,43,0,2,2299812417.0,137079,8424936,11,0,2
1830297164,2007-12-31 23:52:44,-706982.666388511,-706982,-666388511,43,0,2,2299812417.0,137079,8424936,11,0,2
1830297174,2007-12-31 23:52:54,-706979.720125197,-706979,-720125197,43,0,2,2299812417.0,137079,8424936,11,0,2
1830297179,2007-12-31 23:52:59,-706978.253758429,-706978,-253758429,43,0,2,2299812417.0,137079,8424936,11,0,2
1830297184,2007-12-31 23:53:04,-706976.76449108,-706976,-764491080,43,0,2,2299812417.0,137079,8424936,11,0,2
1830297194,2007-12-31 23:53:14,-706973.822008132,-706973,-822008132,43,0,2,2299812417.0,137079,8424936,11,0,2
1830297204,2007-12-31 23:53:24,-706970.900618552,-706970,-900618552,43,0,2,2299812417.0,137079,8424936,11,0,2
1830297214,2007-12-31 23:53:34,-706967.947260856,-706967,-947260856,43,0,2,2299812417.0,137079,8424936,11,0,2
1830297224,2007-12-31 23:53:44,-706965.061823844,-706965,-61823844,43,0,2,2299812417.0,137079,8424936,11,0,2
1830297234,2007-12-31 23:53:54,-706962.071700095,-706962,-71700095,43,0,2,2299812417.0,137079,8424936,11,0,2
1830297239,2007-12-31 23:53:59,-706960.6231575,-706960,-623157500,43,0,2,2299812417.0,137079,8424936,11,0,2
1830297244,2007-12-31 23:54:04,-706959.10787773,-706959,-107877730,43,0,2,2299812417.0,137079,8424936,11,0,2
1830297254,2007-12-31 23:54:14,-706956.213339805,-706956,-213339805,43,0,2,2299812417.0,137079,8424936,11,0,2
1830297264,2007-12-31 23:54:24,-706953.336942672,-706953,-336942672,43,0,2,2299812417.0,137079,8424936,11,0,2
1830297274,2007-12-31 23:54:34,-706950.371789931,-706950,-371789931,43,0,2,2299812417.0,137079,8424936,11,0,2
1830297284,2007-12-31 23:54:44,-706947.365547179,-706947,-365547179,43,0,2,2299812417.0,137079,8424936,11,0,2
1830297294,2007-12-31 23:54:54,-706944.440408706,-706944,-440408706,43,0,2,2299812417.0,137079,8424936,11,0,2
1830297299,2007-12-31 23:54:59,-706942.970471381,-706942,-970471381,43,0,2,2299812417.0,137079,8424936,11,0,2
1830297304,2007-12-31 23:55:04,-706941.502292632,-706941,-502292632,43,0,2,2299812417.0,137079,8424936,11,0,2
1830297314,2007-12-31 23:55:14,-706938.540441512,-706938,-540441512,43,0,2,2299812417.0,137079,8424936,11,0,2
1830297324,2007-12-31 23:55:24,-706935.602348327,-706935,-602348327,43,0,2,2299812417.0,137079,8424936,11,0,2
1830297334,2007-12-31 23:55:34,-706932.68381977,-706932,-683819770,43,0,2,2299812417.0,137079,8424936,11,0,2
1830297344,2007-12-31 23:55:44,-706929.782108306,-706929,-782108306,43,0,2,2299812417.0,137079,8424936,11,0,2
1830297354,2007-12-31 23:55:54,-706926.799832343,-706926,-799832343,43,0,2,2299812417.0,137079,8424936,11,0,2
1830297359,2007-12-31 23:55:59,-706925.352208137,-706925,-352208137,43,0,2,2299812417.0,137079,8424936,11,0,2
1830297364,2007-12-31 23:56:04,-706923.87357521,-706923,-873575210,43,0,2,2299812417.0,137079,8424936,11,0,2
1830297374,2007-12-31 23:56:14,-706920.950426101,-706920,-950426101,43,0,2,2299812417.0,137079,8424936,11,0,2
1830297384,2007-12-31 23:56:24,-706918.023485183,-706918,-23485183,43,0,2,2299812417.0,137079,8424936,11,0,2
1830297394,2007-12-31 23:56:34,-706915.02906227,-706915,-29062270,43,0,2,2299812417.0,137079,8424936,11,0,2
1830297404,2007-12-31 23:56:44,-706912.110836028,-706912,-110836028,43,0,2,2299812417.0,137079,8424936,11,0,2
1830297414,2007-12-31 23:56:54,-706909.19787979,-706909,-197879790,43,0,2,2299812417.0,137079,8424936,11,0,2
1830297419,2007-12-31 23:56:59,-706907.727184295,-706907,-727184295,43,0,2,2299812417.0,137079,8424936,11,0,2
1830297424,2007-12-31 23:57:04,-706906.329601287,-706906,-329601287,43,0,2,2299812417.0,137079,8424936,11,0,2
1830297434,2007-12-31 23:57:14,-706903.33031845,-706903,-330318450,43,0,2,2299812417.0,137079,8424936,11,0,2
1830297444,2007-12-31 23:57:24,-706900.365406989,-706900,-365406989,43,0,2,2299812417.0,137079,8424936,11,0,2
1830297454,2007-12-31 23:57:34,-706897.479336738,-706897,-479336738,43,0,2,2299812417.0,137079,8424936,11,0,2
1830297464,2007-12-31 23:57:44,-706894.568598746,-706894,-568598746,43,0,2,2299812417.0,137079,8424936,11,0,2
1830297474,2007-12-31 23:57:54,-706891.590859412,-706891,-590859412,43,0,2,2299812417.0,137079,8424936,11,0,2
1830297479,2007-12-31 23:57:59,-706890.116696357,-706890,-116696357,43,0,2,2299812417.0,137079,8424936,11,0,2
1830297484,2007-12-31 23:58:04,-706888.609182357,-706888,-609182357,43,0,2,2299812417.0,137079,8424936,11,0,2
1830297494,2007-12-31 23:58:14,-706885.698613166,-706885,-698613166,43,0,2,2299812417.0,137079,8424936,11,0,2
1830297504,2007-12-31 23:58:24,-706882.753587722,-706882,-753587722,43,0,2,2299812417.0,137079,8424936,11,0,2
1830297514,2007-12-31 23:58:34,-706879.820922851,-706879,-820922851,43,0,2,2299812417.0,137079,8424936,11,0,2
1830297524,2007-12-31 23:58:44,-706876.93597412,-706876,-935974120,43,0,2,2299812417.0,137079,8424936,11,0,2
1830297534,2007-12-31 23:58:54,-706873.915080069,-706873,-915080069,43,0,2,2299812417.0,137079,8424936,11,0,2
1830297539,2007-12-31 23:58:59,-706872.47384262,-706872,-473842620,43,0,2,2299812417.0,137079,8424936,11,0,2
1830297544,2007-12-31 23:59:04,-706871.022125243,-706871,-22125243,43,0,2,2299812417.0,137079,8424936,11,0,2
1830297554,2007-12-31 23:59:14,-706868.030402183,-706868,-30402183,43,0,2,2299812417.0,137079,8424936,11,0,2
1830297564,2007-12-31 23:59:24,-706865.118551253,-706865,-118551253,43,0,2,2299812417.0,137079,8424936,11,0,2
1830297574,2007-12-31 23:59:34,-706862.169814109,-706862,-169814109,43,0,2,2299812417.0,137079,8424936,11,0,2
1830297584,2007-12-31 23:59:44,-706859.191131591,-706859,-191131591,43,0,2,2299812417.0,137079,8424936,11,0,2
1830297594,2007-12-31 23:59:54,-706856.31801319,-706856,-318013190,43,0,2,2299812417.0,137079,8424936,11,0,2
1830297599,2007-12-31 23:59:59,-706854.80589199,-706854,-805891990,43,0,2,2299812417.0,137079,8424936,11,0,2
1830297604,2008-01-01 00:00:04,-706853.335925101,-706853,-335925101,43,0,2,2299812417.0,137079,8424936,11,0,2
1830297614,2008-01-01 00:00:14,-706850.370297431,-706850,-370297431,43,0,2,2299812417.0,137079,8424936,11,0,2
1830297624,2008-01-01 00:00:24,-706847.45017147,-706847,-450171470,43,0,2,2299812417.0,137079,8424936,11,0,2
1830297634,2008-01-01 00:00:34,-706844.561634063,-706844,-561634063,43,0,2,2299812417.0,137079,8424936,11,0,2
1830297644,2008-01-01 00:00:44,-706841.599650382,-706841,-599650382,43,0,2,2299812417.0,137079,8424936,11,0,2
1830297654,2008-01-01 00:00:54,-706838.596937179,-706838,-596937179,43,0,2,2299812417.0,137079,8424936,11,0,2
1830297659,2008-01-01 00:00:59,-706837.138302802,-706837,-138302802,43,0,2,2299812417.0,137079,8424936,11,0,2
1830297664,2008-01-01 00:01:04,-706835.60312271,-706835,-603122710,43,0,2,2299812417.0,137079,8424936,11,0,2
1830297674,2008-01-01 00:01:14,-706832.714660644,-706832,-714660644,43,0,2,2299812417.0,137079,8424936,11,0,2
1830297684,2008-01-01 00:01:24,-706829.753814696,-706829,-753814696,43,0,2,2299812417.0,137079,8424936,11,0,2
1830297694,2008-01-01 00:01:34,-706826.857360839,-706826,-857360839,43,0,2,2299812417.0,137079,8424936,11,0,2
1830297704,2008-01-01 00:01:44,-706823.860978126,-706823,-860978126,43,0,2,2299812417.0,137079,8424936,11,0,2
1830297714,2008-01-01 00:01:54,-706820.927474975,-706820,-927474975,43,0,2,2299812417.0,137079,8424936,11,0,2
1830297719,2008-01-01 00:01:59,-706819.489921569,-706819,-489921569,43,0,2,2299812417.0,137079,8424936,11,0,2
1830297724,2008-01-01 00:02:04,-706818.026707648,-706818,-26707648,43,0,2,2299812417.0,137079,8424936,11,0,2
1830297734,2008-01-01 00:02:14,-706815.115196227,-706815,-115196227,43,0,2,2299812417.0,137079,8424936,11,0,2
1830297744,2008-01-01 00:02:24,-706812.151813506,-706812,-151813506,43,0,2,2299812417.0,137079,8424936,11,0,2
1830297754,2008-01-01 00:02:34,-706809.142543792,-706809,-142543792,43,0,2,2299812417.0,137079,8424936,11,0,2
1830297764,2008-01-01 00:02:44,-706806.161260604,-706806,-161260604,43,0,2,2299812417.0,137079,8424936,11,0,2
1830297774,2008-01-01 00:02:54,-706803.092779159,-706803,-92779159,43,0,2,2299812417.0,137079,8424936,11,0,2
1830297779,2008-01-01 00:02:59,-706801.684220313,-706801,-684220313,43,0,2,2299812417.0,137079,8424936,11,0,2
1830297784,2008-01-01 00:03:04,-706800.16957569,-706800,-169575690,43,0,2,2299812417.0,137079,8424936,11,0,2
1830297794,2008-01-01 00:03:14,-706797.259040832,-706797,-259040832,43,0,2,2299812417.0,137079,8424936,11,0,2
1830297804,2008-01-01 00:03:24,-706794.280118941,-706794,-280118941,43,0,2,2299812417.0,137079,8424936,11,0,2
1830297814,2008-01-01 00:03:34,-706791.314579963,-706791,-314579963,43,0,2,2299812417.0,137079,8424936,11,0,2
1830297824,2008-01-01 00:03:44,-706788.421272277,-706788,-421272277,43,0,2,2299812417.0,137079,8424936,11,0,2
1830297834,2008-01-01 00:03:54,-706785.437457084,-706785,-437457084,43,0,2,2299812417.0,137079,8424936,11,0,2
1830297839,2008-01-01 00:03:59,-706783.934314727,-706783,-934314727,43,0,2,2299812417.0,137079,8424936,11,0,2
1830297844,2008-01-01 00:04:04,-706782.439929961,-706782,-439929961,43,0,2,2299812417.0,137079,8424936,11,0,2
1830297854,2008-01-01 00:04:14,-706779.508287429,-706779,-508287429,43,0,2,2299812417.0,137079,8424936,11,0,2
1830297864,2008-01-01 00:04:24,-706776.484361648,-706776,-484361648,43,0,2,2299812417.0,137079,8424936,11,0,2
1830297874,2008-01-01 00:04:34,-706773.514195441,-706773,-514195441,43,0,2,2299812417.0,137079,8424936,11,0,2
1830297884,2008-01-01 00:04:44,-706770.532287597,-706770,-532287597,43,0,2,2299812417.0,137079,8424936,11,0,2
1830297894,2008-01-01 00:04:54,-706767.544764518,-706767,-544764518,43,0,2,2299812417.0,137079,8424936,11,0,2
1830297899,2008-01-01 00:04:59,-706766.060223578,-706766,-60223578,43,0,2,2299812417.0,137079,8424936,11,0,2
1830297904,2008-01-01 00:05:04,-706764.586071967,-706764,-586071967,43,0,2,2299812417.0,137079,8424936,11,0,2
1830297914,2008-01-01 00:05:14,-706761.624054908,-706761,-624054908,43,0,2,2299812417.0,137079,8424936,11,0,2
1830297924,2008-01-01 00:05:24,-706758.559966086,-706758,-559966086,43,0,2,2299812417.0,137079,8424936,11,0,2
1830297934,2008-01-01 00:05:34,-706755.596594809,-706755,-596594809,43,0,2,2299812417.0,137079,8424936,11,0,2
1830297944,2008-01-01 00:05:44,-706752.61733055,-706752,-617330550,43,0,2,2299812417.0,137079,8424936,11,0,2
1830297954,2008-01-01 00:05:54,-706749.642011641,-706749,-642011641,43,0,2,2299812417.0,137079,8424936,11,0,2
1830297959,2008-01-01 00:05:59,-706748.147297858,-706748,-147297858,43,0,2,2299812417.0,137079,8424936,11,0,2
1830297964,2008-01-01 00:06:04,-706746.649406432,-706746,-649406432,43,0,2,2299812417.0,137079,8424936,11,0,2
1830297974,2008-01-01 00:06:14,-706743.690462111,-706743,-690462111,43,0,2,2299812417.0,137079,8424936,11,0,2
1830297984,2008-01-01 00:06:24,-706740.687979697,-706740,-687979697,43,0,2,2299812417.0,137079,8424936,11,0,2
1830297994,2008-01-01 00:06:34,-706737.685369491,-706737,-685369491,43,0,2,2299812417.0,137079,8424936,11,0,2
1830298004,2008-01-01 00:06:44,-706734.652215957,-706734,-652215957,43,0,2,2299812417.0,137079,8424936,11,0,2
1830298014,2008-01-01 00:06:54,-706731.675409316,-706731,-675409316,43,0,2,2299812417.0,137079,8424936,11,0,2
1830298019,2008-01-01 00:06:59,-706730.142812728,-706730,-142812728,43,0,2,2299812417.0,137079,8424936,11,0,2
1830298024,2008-01-01 00:07:04,-706728.616038321,-706728,-616038321,43,0,2,2299812417.0,137079,8424936,11,0,2
1830298034,2008-01-01 00:07:14,-706725.611623763,-706725,-611623763,43,0,2,2299812417.0,137079,8424936,11,0,2
1830298044,2008-01-01 00:07:24,-706722.61621952,-706722,-616219520,43,0,2,2299812417.0,137079,8424936,11,0,2
1830298054,2008-01-01 00:07:34,-706719.576216697,-706719,-576216697,43,0,2,2299812417.0,137079,8424936,11,0,2
1830298064,2008-01-01 00:07:44,-706716.56325817,-706716,-563258170,43,0,2,2299812417.0,137079,8424936,11,0,2
1830298074,2008-01-01 00:07:54,-706713.62831211,-706713,-628312110,43,0,2,2299812417.0,137079,8424936,11,0,2
1830298079,2008-01-01 00:07:59,-706712.105473517,-706712,-105473517,43,0,2,2299812417.0,137079,8424936,11,0,2
1830298084,2008-01-01 00:08:04,-706710.642083167,-706710,-642083167,43,0,2,2299812417.0,137079,8424936,11,0,2
1830298094,2008-01-01 00:08:14,-706707.595345496,-706707,-595345496,43,0,2,2299812417.0,137079,8424936,11,0,2
1830298104,2008-01-01 00:08:24,-706704.627625464,-706704,-627625464,43,0,2,2299812417.0,137079,8424936,11,0,2
1830298114,2008-01-01 00:08:34,-706701.633315085,-706701,-633315085,43,0,2,2299812417.0,137079,8424936,11,0,2
1830298124,2008-01-01 00:08:44,-706698.575168609,-706698,-575168609,43,0,2,2299812417.0,137079,8424936,11,0,2
1830298134,2008-01-01 00:08:54,-706695.540996551,-706695,-540996551,43,0,2,2299812417.0,137079,8424936,11,0,2
1830298139,2008-01-01 00:08:59,-706694.009129523,-706694,-9129523,43,0,2,2299812417.0,137079,8424936,11,0,2
1830298144,2008-01-01 00:09:04,-706692.493875503,-706692,-493875503,43,0,2,2299812417.0,137079,8424936,11,0,2
1830298154,2008-01-01 00:09:14,-706689.410090445,-706689,-410090445,43,0,2,2299812417.0,137079,8424936,11,0,2
1830298164,2008-01-01 00:09:24,-706686.401330947,-706686,-401330947,43,0,2,2299812417.0,137079,8424936,11,0,2
1830298174,2008-01-01 00:09:34,-706683.356192588,-706683,-356192588,43,0,2,2299812417.0,137079,8424936,11,0,2
1830298184,2008-01-01 00:09:44,-706680.357080459,-706680,-357080459,43,0,2,2299812417.0,137079,8424936,11,0,2
1830298194,2008-01-01 00:09:54,-706677.35588169,-706677,-355881690,43,0,2,2299812417.0,137079,8424936,11,0,2
1830298199,2008-01-01 00:09:59,-706675.807889937,-706675,-807889937,43,0,2,2299812417.0,137079,8424936,11,0,2
1830298204,2008-01-01 00:10:04,-706674.276557921,-706674,-276557921,43,0,2,2299812417.0,137079,8424936,11,0,2
1830298214,2008-01-01 00:10:14,-706671.229181289,-706671,-229181289,43,0,2,2299812417.0,137079,8424936,11,0,2
1830298224,2008-01-01 00:10:24,-706668.272447585,-706668,-272447585,43,0,2,2299812417.0,137079,8424936,11,0,2
1830298234,2008-01-01 00:10:34,-706665.228648185,-706665,-228648185,43,0,2,2299812417.0,137079,8424936,11,0,2
1830298244,2008-01-01 00:10:44,-706662.184237479,-706662,-184237479,43,0,2,2299812417.0,137079,8424936,11,0,2
1830298254,2008-01-01 00:10:54,-706659.164304732,-706659,-164304732,43,0,2,2299812417.0,137079,8424936,11,0,2
1830298259,2008-01-01 00:10:59,-706657.601077079,-706657,-601077079,43,0,2,2299812417.0,137079,8424936,11,0,2
1830298264,2008-01-01 00:11:04,-706656.108860015,-706656,-108860015,43,0,2,2299812417.0,137079,8424936,11,0,2
1830298274,2008-01-01 00:11:14,-706653.006855964,-706653,-6855964,43,0,2,2299812417.0,137079,8424936,11,0,2
1830298284,2008-01-01 00:11:24,-706649.913557052,-706649,-913557052,43,0,2,2299812417.0,137079,8424936,11,0,2
1830298294,2008-01-01 00:11:34,-706646.91844654,-706646,-918446540,43,0,2,2299812417.0,137079,8424936,11,0,2
1830298304,2008-01-01 00:11:44,-706643.88211727,-706643,-882117270,43,0,2,2299812417.0,137079,8424936,11,0,2
1830298314,2008-01-01 00:11:54,-706640.805525779,-706640,-805525779,43,0,2,2299812417.0,137079,8424936,11,0,2
1830298319,2008-01-01 00:11:59,-706639.280549048,-706639,-280549048,43,0,2,2299812417.0,137079,8424936,11,0,2
1830298324,2008-01-01 00:12:04,-706637.725559234,-706637,-725559234,43,0,2,2299812417.0,137079,8424936,11,0,2
1830298334,2008-01-01 00:12:14,-706634.708940505,-706634,-708940505,43,0,2,2299812417.0,137079,8424936,11,0,2
1830298344,2008-01-01 00:12:24,-706631.642702102,-706631,-642702102,43,0,2,2299812417.0,137079,8424936,11,0,2
1830298354,2008-01-01 00:12:34,-706628.548380851,-706628,-548380851,43,0,2,2299812417.0,137079,8424936,11,0,2
1830298364,2008-01-01 00:12:44,-706625.491353034,-706625,-491353034,43,0,2,2299812417.0,137079,8424936,11,0,2
1830298374,2008-01-01 00:12:54,-706622.296529769,-706622,-296529769,43,0,2,2299812417.0,137079,8424936,11,0,2
1830298379,2008-01-01 00:12:59,-706620.835889815,-706620,-835889815,43,0,2,2299812417.0,137079,8424936,11,0,2
1830298384,2008-01-01 00:13:04,-706619.295898437,-706619,-295898437,43,0,2,2299812417.0,137079,8424936,11,0,2
1830298394,2008-01-01 00:13:14,-706616.23137474,-706616,-231374740,43,0,2,2299812417.0,137079,8424936,11,0,2
1830298404,2008-01-01 00:13:24,-706613.151803016,-706613,-151803016,43,0,2,2299812417.0,137079,8424936,11,0,2
1830298414,2008-01-01 00:13:34,-706609.997017859,-706609,-997017859,43,0,2,2299812417.0,137079,8424936,11,0,2
1830298424,2008-01-01 00:13:44,-706606.855598449,-706606,-855598449,43,0,2,2299812417.0,137079,8424936,11,0,2
1830298434,2008-01-01 00:13:54,-706603.727855681,-706603,-727855681,43,0,2,2299812417.0,137079,8424936,11,0,2
1830298439,2008-01-01 00:13:59,-706602.238503455,-706602,-238503455,43,0,2,2299812417.0,137079,8424936,11,0,2
1830298444,2008-01-01 00:14:04,-706600.673124312,-706600,-673124312,43,0,2,2299812417.0,137079,8424936,11,0,2
1830298454,2008-01-01 00:14:14,-706597.647452353,-706597,-647452353,43,0,2,2299812417.0,137079,8424936,11,0,2
1830298464,2008-01-01 00:14:24,-706594.529972075,-706594,-529972075,43,0,2,2299812417.0,137079,8424936,11,0,2
1830298474,2008-01-01 00:14:34,-706591.408003806,-706591,-408003806,43,0,2,2299812417.0,137079,8424936,11,0,2
1830298484,2008-01-01 00:14:44,-706588.395850181,-706588,-395850181,43,0,2,2299812417.0,137079,8424936,11,0,2
1830298494,2008-01-01 00:14:54,-706585.290960311,-706585,-290960311,43,0,2,2299812417.0,137079,8424936,11,0,2
1830298499,2008-01-01 00:14:59,-706583.725344657,-706583,-725344657,43,0,2,2299812417.0,137079,8424936,11,0,2
1830298504,2008-01-01 00:15:04,-706582.17342472,-706582,-173424720,43,0,2,2299812417.0,137079,8424936,11,0,2
1830298514,2008-01-01 00:15:14,-706579.076171874,-706579,-76171874,43,0,2,2299812417.0,137079,8424936,11,0,2
1830298524,2008-01-01 00:15:24,-706576.007658957,-706576,-7658957,43,0,2,2299812417.0,137079,8424936,11,0,2
1830298534,2008-01-01 00:15:34,-706572.795093535,-706572,-795093535,43,0,2,2299812417.0,137079,8424936,11,0,2
1830298544,2008-01-01 00:15:44,-706569.651406287,-706569,-651406287,43,0,2,2299812417.0,137079,8424936,11,0,2
1830298554,2008-01-01 00:15:54,-706566.582218169,-706566,-582218169,43,0,2,2299812417.0,137079,8424936,11,0,2
1830298559,2008-01-01 00:15:59,-706565.052279471,-706565,-52279471,43,0,2,2299812417.0,137079,8424936,11,0,2
1830298564,2008-01-01 00:16:04,-706563.562971114,-706563,-562971114,43,0,2,2299812417.0,137079,8424936,11,0,2
1830298574,2008-01-01 00:16:14,-706560.441700934,-706560,-441700934,43,0,2,2299812417.0,137079,8424936,11,0,2
1830298584,2008-01-01 00:16:24,-706557.280288695,-706557,-280288695,43,0,2,2299812417.0,137079,8424936,11,0,2
1830298594,2008-01-01 00:16:34,-706554.087896346,-706554,-87896346,43,0,2,2299812417.0,137079,8424936,11,0,2
1830298604,2008-01-01 00:16:44,-706550.987905501,-706550,-987905501,43,0,2,2299812417.0,137079,8424936,11,0,2
1830298614,2008-01-01 00:16:54,-706547.88408184,-706547,-884081840,43,0,2,2299812417.0,137079,8424936,11,0,2
1830298619,2008-01-01 00:16:59,-706546.296747207,-706546,-296747207,43,0,2,2299812417.0,137079,8424936,11,0,2
1830298624,2008-01-01 00:17:04,-706544.738298415,-706544,-738298415,43,0,2,2299812417.0,137079,8424936,11,0,2
1830298634,2008-01-01 00:17:14,-706541.647693633,-706541,-647693633,43,0,2,2299812417.0,137079,8424936,11,0,2
1830298644,2008-01-01 00:17:24,-706538.434610366,-706538,-434610366,43,0,2,2299812417.0,137079,8424936,11,0,2
1830298654,2008-01-01 00:17:34,-706535.283469199,-706535,-283469199,43,0,2,2299812417.0,137079,8424936,11,0,2
1830298664,2008-01-01 00:17:44,-706532.067041396,-706532,-67041396,43,0,2,2299812417.0,137079,8424936,11,0,2
1830298674,2008-01-01 00:17:54,-706528.941340445,-706528,-941340445,43,0,2,2299812417.0,137079,8424936,11,0,2
1830298679,2008-01-01 00:17:59,-706527.369153022,-706527,-369153022,43,0,2,2299812417.0,137079,8424936,11,0,2
1830298684,2008-01-01 00:18:04,-706525.848937987,-706525,-848937987,43,0,2,2299812417.0,137079,8424936,11,0,2
1830298694,2008-01-01 00:18:14,-706522.657234191,-706522,-657234191,43,0,2,2299812417.0,137079,8424936,11,0,2
1830298704,2008-01-01 00:18:24,-706519.416893958,-706519,-416893958,43,0,2,2299812417.0,137079,8424936,11,0,2
1830298714,2008-01-01 00:18:34,-706516.258549689,-706516,-258549689,43,0,2,2299812417.0,137079,8424936,11,0,2
1830298724,2008-01-01 00:18:44,-706513.157833098,-706513,-157833098,43,0,2,2299812417.0,137079,8424936,11,0,2
1830298734,2008-01-01 00:18:54,-706510.024596213,-706510,-24596213,43,0,2,2299812417.0,137079,8424936,11,0,2
1830298739,2008-01-01 00:18:59,-706508.407471656,-706508,-407471656,43,0,2,2299812417.0,137079,8424936,11,0,2
1830298744,2008-01-01 00:19:04,-706506.855971335,-706506,-855971335,43,0,2,2299812417.0,137079,8424936,11,0,2
1830298754,2008-01-01 00:19:14,-706503.697102546,-706503,-697102546,43,0,2,2299812417.0,137079,8424936,11,0,2
1830298764,2008-01-01 00:19:24,-706500.450775145,-706500,-450775145,43,0,2,2299812417.0,137079,8424936,11,0,2
1830298774,2008-01-01 00:19:34,-706497.296391486,-706497,-296391486,43,0,2,2299812417.0,137079,8424936,11,0,2
1830298784,2008-01-01 00:19:44,-706494.095499038,-706494,-95499038,43,0,2,2299812417.0,137079,8424936,11,0,2
1830298794,2008-01-01 00:19:54,-706490.944132804,-706490,-944132804,43,0,2,2299812417.0,137079,8424936,11,0,2
1830298799,2008-01-01 00:19:59,-706489.352085113,-706489,-352085113,43,0,2,2299812417.0,137079,8424936,11,0,2
1830298804,2008-01-01 00:20:04,-706487.775909423,-706487,-775909423,43,0,2,2299812417.0,137079,8424936,11,0,2
1830298814,2008-01-01 00:20:14,-706484.59232521,-706484,-592325210,43,0,2,2299812417.0,137079,8424936,11,0,2
1830298824,2008-01-01 00:20:24,-706481.408249854,-706481,-408249854,43,0,2,2299812417.0,137079,8424936,11,0,2
1830298834,2008-01-01 00:20:34,-706478.202531814,-706478,-202531814,43,0,2,2299812417.0,137079,8424936,11,0,2
1830298844,2008-01-01 00:20:44,-706475.086925506,-706475,-86925506,43,0,2,2299812417.0,137079,8424936,11,0,2
1830298854,2008-01-01 00:20:54,-706471.857543944,-706471,-857543944,43,0,2,2299812417.0,137079,8424936,11,0,2
1830298859,2008-01-01 00:20:59,-706470.21915245,-706470,-219152450,43,0,2,2299812417.0,137079,8424936,11,0,2
1830298864,2008-01-01 00:21:04,-706468.575510978,-706468,-575510978,43,0,2,2299812417.0,137079,8424936,11,0,2
1830298874,2008-01-01 00:21:14,-706465.382560729,-706465,-382560729,43,0,2,2299812417.0,137079,8424936,11,0,2
1830298884,2008-01-01 00:21:24,-706462.209840774,-706462,-209840774,43,0,2,2299812417.0,137079,8424936,11,0,2
1830298894,2008-01-01 00:21:34,-706459.067967414,-706459,-67967414,43,0,2,2299812417.0,137079,8424936,11,0,2
1830298904,2008-01-01 00:21:44,-706455.777514457,-706455,-777514457,43,0,2,2299812417.0,137079,8424936,11,0,2
1830298914,2008-01-01 00:21:54,-706452.566343306,-706452,-566343306,43,0,2,2299812417.0,137079,8424936,11,0,2
1830298919,2008-01-01 00:21:59,-706450.984102248,-706450,-984102248,43,0,2,2299812417.0,137079,8424936,11,0,2
1830298924,2008-01-01 00:22:04,-706449.337413787,-706449,-337413787,43,0,2,2299812417.0,137079,8424936,11,0,2
1830298934,2008-01-01 00:22:14,-706446.163188933,-706446,-163188933,43,0,2,2299812417.0,137079,8424936,11,0,2
1830298944,2008-01-01 00:22:24,-706442.992183684,-706442,-992183684,43,0,2,2299812417.0,137079,8424936,11,0,2
1830298954,2008-01-01 00:22:34,-706439.807192801,-706439,-807192801,43,0,2,2299812417.0,137079,8424936,11,0,2
1830298964,2008-01-01 00:22:44,-706436.611593245,-706436,-611593245,43,0,2,2299812417.0,137079,8424936,11,0,2
1830298974,2008-01-01 00:22:54,-706433.31214714,-706433,-312147140,43,0,2,2299812417.0,137079,8424936,11,0,2
1830298979,2008-01-01 00:22:59,-706431.736268996,-706431,-736268996,43,0,2,2299812417.0,137079,8424936,11,0,2
1830298984,2008-01-01 00:23:04,-706430.074913024,-706430,-74913024,43,0,2,2299812417.0,137079,8424936,11,0,2
1830298994,2008-01-01 00:23:14,-706426.911981582,-706426,-911981582,43,0,2,2299812417.0,137079,8424936,11,0,2
1830299004,2008-01-01 00:23:24,-706423.699788093,-706423,-699788093,43,0,2,2299812417.0,137079,8424936,11,0,2
1830299014,2008-01-01 00:23:34,-706420.521581649,-706420,-521581649,43,0,2,2299812417.0,137079,8424936,11,0,2
1830299024,2008-01-01 00:23:44,-706417.238467215,-706417,-238467215,43,0,2,2299812417.0,137079,8424936,11,0,2
1830299034,2008-01-01 00:23:54,-706414.035739898,-706414,-35739898,43,0,2,2299812417.0,137079,8424936,11,0,2
1830299039,2008-01-01 00:23:59,-706412.438384055,-706412,-438384055,43,0,2,2299812417.0,137079,8424936,11,0,2
1830299044,2008-01-01 00:24:04,-706410.83033657,-706410,-830336570,43,0,2,2299812417.0,137079,8424936,11,0,2
1830299054,2008-01-01 00:24:14,-706407.614726066,-706407,-614726066,43,0,2,2299812417.0,137079,8424936,11,0,2
1830299064,2008-01-01 00:24:24,-706404.389450072,-706404,-389450072,43,0,2,2299812417.0,137079,8424936,11,0,2
1830299074,2008-01-01 00:24:34,-706401.185985564,-706401,-185985564,43,0,2,2299812417.0,137079,8424936,11,0,2
1830299084,2008-01-01 00:24:44,-706397.986617087,-706397,-986617087,43,0,2,2299812417.0,137079,8424936,11,0,2
1830299094,2008-01-01 00:24:54,-706394.687741279,-706394,-687741279,43,0,2,2299812417.0,137079,8424936,11,0,2
1830299099,2008-01-01 00:24:59,-706393.083067893,-706393,-83067893,43,0,2,2299812417.0,137079,8424936,11,0,2
1830299104,2008-01-01 00:25:04,-706391.47750759,-706391,-477507590,43,0,2,2299812417.0,137079,8424936,11,0,2
1830299114,2008-01-01 00:25:14,-706388.22841072,-706388,-228410720,43,0,2,2299812417.0,137079,8424936,11,0,2
1830299124,2008-01-01 00:25:24,-706384.932146071,-706384,-932146071,43,0,2,2299812417.0,137079,8424936,11,0,2
1830299134,2008-01-01 00:25:34,-706381.658300399,-706381,-658300399,43,0,2,2299812417.0,137079,8424936,11,0,2
1830299144,2008-01-01 00:25:44,-706378.49631214,-706378,-496312140,43,0,2,2299812417.0,137079,8424936,11,0,2
1830299154,2008-01-01 00:25:54,-706375.170122146,-706375,-170122146,43,0,2,2299812417.0,137079,8424936,11,0,2
1830299159,2008-01-01 00:25:59,-706373.566364287,-706373,-566364287,43,0,2,2299812417.0,137079,8424936,11,0,2
1830299164,2008-01-01 00:26:04,-706371.932892798,-706371,-932892798,43,0,2,2299812417.0,137079,8424936,11,0,2
1830299174,2008-01-01 00:26:14,-706368.679059981,-706368,-679059981,43,0,2,2299812417.0,137079,8424936,11,0,2
1830299184,2008-01-01 00:26:24,-706365.461497306,-706365,-461497306,43,0,2,2299812417.0,137079,8424936,11,0,2
1830299194,2008-01-01 00:26:34,-706362.192255973,-706362,-192255973,43,0,2,2299812417.0,137079,8424936,11,0,2
1830299204,2008-01-01 00:26:44,-706358.8527956,-706358,-852795600,43,0,2,2299812417.0,137079,8424936,11,0,2
1830299214,2008-01-01 00:26:54,-706355.640830039,-706355,-640830039,43,0,2,2299812417.0,137079,8424936,11,0,2
1830299219,2008-01-01 00:26:59,-706353.974531173,-706353,-974531173,43,0,2,2299812417.0,137079,8424936,11,0,2
1830299224,2008-01-01 00:27:04,-706352.343496322,-706352,-343496322,43,0,2,2299812417.0,137079,8424936,11,0,2
1830299234,2008-01-01 00:27:14,-706349.019250869,-706349,-19250869,43,0,2,2299812417.0,137079,8424936,11,0,2
1830299244,2008-01-01 00:27:24,-706345.79855728,-706345,-798557280,43,0,2,2299812417.0,137079,8424936,11,0,2
1830299254,2008-01-01 00:27:34,-706342.570539473,-706342,-570539473,43,0,2,2299812417.0,137079,8424936,11,0,2
1830299264,2008-01-01 00:27:44,-706339.308394431,-706339,-308394431,43,0,2,2299812417.0,137079,8424936,11,0,2
1830299274,2008-01-01 00:27:54,-706336.040026664,-706336,-40026664,43,0,2,2299812417.0,137079,8424936,11,0,2
1830299279,2008-01-01 00:27:59,-706334.40945053,-706334,-409450530,43,0,2,2299812417.0,137079,8424936,11,0,2
1830299284,2008-01-01 00:28:04,-706332.777848243,-706332,-777848243,43,0,2,2299812417.0,137079,8424936,11,0,2
1830299294,2008-01-01 00:28:14,-706329.467939376,-706329,-467939376,43,0,2,2299812417.0,137079,8424936,11,0,2
1830299304,2008-01-01 00:28:24,-706326.291953086,-706326,-291953086,43,0,2,2299812417.0,137079,8424936,11,0,2
1830299314,2008-01-01 00:28:34,-706323.011553763,-706323,-11553763,43,0,2,2299812417.0,137079,8424936,11,0,2
1830299324,2008-01-01 00:28:44,-706319.77303028,-706319,-773030280,43,0,2,2299812417.0,137079,8424936,11,0,2
1830299334,2008-01-01 00:28:54,-706316.535790442,-706316,-535790442,43,0,2,2299812417.0,137079,8424936,11,0,2
1830299339,2008-01-01 00:28:59,-706314.871050834,-706314,-871050834,43,0,2,2299812417.0,137079,8424936,11,0,2
1830299344,2008-01-01 00:29:04,-706313.231830596,-706313,-231830596,43,0,2,2299812417.0,137079,8424936,11,0,2
1830299354,2008-01-01 00:29:14,-706309.980610846,-706309,-980610846,43,0,2,2299812417.0,137079,8424936,11,0,2
1830299364,2008-01-01 00:29:24,-706306.693490981,-706306,-693490981,43,0,2,2299812417.0,137079,8424936,11,0,2
1830299374,2008-01-01 00:29:34,-706303.428857802,-706303,-428857802,43,0,2,2299812417.0,137079,8424936,11,0,2
1830299384,2008-01-01 00:29:44,-706300.140080451,-706300,-140080451,43,0,2,2299812417.0,137079,8424936,11,0,2
1830299394,2008-01-01 00:29:54,-706296.82960987,-706296,-829609870,43,0,2,2299812417.0,137079,8424936,11,0,2
1830299399,2008-01-01 00:29:59,-706295.218955039,-706295,-218955039,43,0,2,2299812417.0,137079,8424936,11,0,2
1830299404,2008-01-01 00:30:04,-706293.593347548,-706293,-593347548,43,0,2,2299812417.0,137079,8424936,11,0,2
1830299414,2008-01-01 00:30:14,-706290.321810721,-706290,-321810721,43,0,2,2299812417.0,137079,8424936,11,0,2
1830299424,2008-01-01 00:30:24,-706287.000022887,-706287,-22887,43,0,2,2299812417.0,137079,8424936,11,0,2
1830299434,2008-01-01 00:30:34,-706283.651986121,-706283,-651986121,43,0,2,2299812417.0,137079,8424936,11,0,2
1830299444,2008-01-01 00:30:44,-706280.370062827,-706280,-370062827,43,0,2,2299812417.0,137079,8424936,11,0,2
1830299454,2008-01-01 00:30:54,-706277.038394927,-706277,-38394927,43,0,2,2299812417.0,137079,8424936,11,0,2
1830299459,2008-01-01 00:30:59,-706275.4333086,-706275,-433308600,43,0,2,2299812417.0,137079,8424936,11,0,2
1830299464,2008-01-01 00:31:04,-706273.753973006,-706273,-753973006,43,0,2,2299812417.0,137079,8424936,11,0,2
1830299474,2008-01-01 00:31:14,-706270.51889038,-706270,-518890380,43,0,2,2299812417.0,137079,8424936,11,0,2
1830299484,2008-01-01 00:31:24,-706267.266545295,-706267,-266545295,43,0,2,2299812417.0,137079,8424936,11,0,2
1830299494,2008-01-01 00:31:34,-706263.93085575,-706263,-930855750,43,0,2,2299812417.0,137079,8424936,11,0,2
1830299504,2008-01-01 00:31:44,-706260.715432166,-706260,-715432166,43,0,2,2299812417.0,137079,8424936,11,0,2
1830299514,2008-01-01 00:31:54,-706257.423437118,-706257,-423437118,43,0,2,2299812417.0,137079,8424936,11,0,2
1830299519,2008-01-01 00:31:59,-706255.746961593,-706255,-746961593,43,0,2,2299812417.0,137079,8424936,11,0,2
1830299524,2008-01-01 00:32:04,-706254.092813491,-706254,-92813491,43,0,2,2299812417.0,137079,8424936,11,0,2
1830299534,2008-01-01 00:32:14,-706250.769125937,-706250,-769125937,43,0,2,2299812417.0,137079,8424936,11,0,2
1830299544,2008-01-01 00:32:24,-706247.550107955,-706247,-550107955,43,0,2,2299812417.0,137079,8424936,11,0,2
1830299554,2008-01-01 00:32:34,-706244.3971529,-706244,-397152900,43,0,2,2299812417.0,137079,8424936,11,0,2
1830299564,2008-01-01 00:32:44,-706241.069702147,-706241,-69702147,43,0,2,2299812417.0,137079,8424936,11,0,2
1830299574,2008-01-01 00:32:54,-706237.751218795,-706237,-751218795,43,0,2,2299812417.0,137079,8424936,11,0,2
1830299579,2008-01-01 00:32:59,-706236.110664367,-706236,-110664367,43,0,2,2299812417.0,137079,8424936,11,0,2
1830299584,2008-01-01 00:33:04,-706234.4285717,-706234,-428571700,43,0,2,2299812417.0,137079,8424936,11,0,2
1830299594,2008-01-01 00:33:14,-706231.161107062,-706231,-161107062,43,0,2,2299812417.0,137079,8424936,11,0,2
1830299604,2008-01-01 00:33:24,-706227.856232642,-706227,-856232642,43,0,2,2299812417.0,137079,8424936,11,0,2
1830299614,2008-01-01 00:33:34,-706224.602303504,-706224,-602303504,43,0,2,2299812417.0,137079,8424936,11,0,2
1830299624,2008-01-01 00:33:44,-706221.309020995,-706221,-309020995,43,0,2,2299812417.0,137079,8424936,11,0,2
1830299634,2008-01-01 00:33:54,-706218.083114623,-706218,-83114623,43,0,2,2299812417.0,137079,8424936,11,0,2
1830299639,2008-01-01 00:33:59,-706216.398957252,-706216,-398957252,43,0,2,2299812417.0,137079,8424936,11,0,2
1830299644,2008-01-01 00:34:04,-706214.818620681,-706214,-818620681,43,0,2,2299812417.0,137079,8424936,11,0,2
1830299654,2008-01-01 00:34:14,-706211.449618339,-706211,-449618339,43,0,2,2299812417.0,137079,8424936,11,0,2
1830299664,2008-01-01 00:34:24,-706208.131067275,-706208,-131067275,43,0,2,2299812417.0,137079,8424936,11,0,2
1830299674,2008-01-01 00:34:34,-706204.850759505,-706204,-850759505,43,0,2,2299812417.0,137079,8424936,11,0,2
1830299684,2008-01-01 00:34:44,-706201.49278736,-706201,-492787360,43,0,2,2299812417.0,137079,8424936,11,0,2
1830299694,2008-01-01 00:34:54,-706198.255262374,-706198,-255262374,43,0,2,2299812417.0,137079,8424936,11,0,2
1830299699,2008-01-01 00:34:59,-706196.615796088,-706196,-615796088,43,0,2,2299812417.0,137079,8424936,11,0,2
1830299704,2008-01-01 00:35:04,-706194.963435172,-706194,-963435172,43,0,2,2299812417.0,137079,8424936,11,0,2
1830299714,2008-01-01 00:35:14,-706191.730340957,-706191,-730340957,43,0,2,2299812417.0,137079,8424936,11,0,2
1830299724,2008-01-01 00:35:24,-706188.402193068,-706188,-402193068,43,0,2,2299812417.0,137079,8424936,11,0,2
1830299734,2008-01-01 00:35:34,-706185.11659336,-706185,-116593360,43,0,2,2299812417.0,137079,8424936,11,0,2
1830299744,2008-01-01 00:35:44,-706181.818990706,-706181,-818990706,43,0,2,2299812417.0,137079,8424936,11,0,2
1830299754,2008-01-01 00:35:54,-706178.539937018,-706178,-539937018,43,0,2,2299812417.0,137079,8424936,11,0,2
1830299759,2008-01-01 00:35:59,-706176.892010688,-706176,-892010688,43,0,2,2299812417.0,137079,8424936,11,0,2
1830299764,2008-01-01 00:36:04,-706175.254195212,-706175,-254195212,43,0,2,2299812417.0,137079,8424936,11,0,2
1830299774,2008-01-01 00:36:14,-706171.979504584,-706171,-979504584,43,0,2,2299812417.0,137079,8424936,11,0,2
1830299784,2008-01-01 00:36:24,-706168.642841338,-706168,-642841338,43,0,2,2299812417.0,137079,8424936,11,0,2
1830299794,2008-01-01 00:36:34,-706165.326010703,-706165,-326010703,43,0,2,2299812417.0,137079,8424936,11,0,2
1830299804,2008-01-01 00:36:44,-706162.029600142,-706162,-29600142,43,0,2,2299812417.0,137079,8424936,11,0,2
1830299814,2008-01-01 00:36:54,-706158.756651877,-706158,-756651877,43,0,2,2299812417.0,137079,8424936,11,0,2
1830299819,2008-01-01 00:36:59,-706157.15528202,-706157,-155282020,43,0,2,2299812417.0,137079,8424936,11,0,2
1830299824,2008-01-01 00:37:04,-706155.547143935,-706155,-547143935,43,0,2,2299812417.0,137079,8424936,11,0,2
1830299834,2008-01-01 00:37:14,-706152.297405242,-706152,-297405242,43,0,2,2299812417.0,137079,8424936,11,0,2
1830299844,2008-01-01 00:37:24,-706148.974880218,-706148,-974880218,43,0,2,2299812417.0,137079,8424936,11,0,2
1830299854,2008-01-01 00:37:34,-706145.639674186,-706145,-639674186,43,0,2,2299812417.0,137079,8424936,11,0,2
1830299864,2008-01-01 00:37:44,-706142.371830939,-706142,-371830939,43,0,2,2299812417.0,137079,8424936,11,0,2
1830299874,2008-01-01 00:37:54,-706139.067015647,-706139,-67015647,43,0,2,2299812417.0,137079,8424936,11,0,2
1830299879,2008-01-01 00:37:59,-706137.411285399,-706137,-411285399,43,0,2,2299812417.0,137079,8424936,11,0,2
1830299884,2008-01-01 00:38:04,-706135.723919867,-706135,-723919867,43,0,2,2299812417.0,137079,8424936,11,0,2
1830299894,2008-01-01 00:38:14,-706132.506269454,-706132,-506269454,43,0,2,2299812417.0,137079,8424936,11,0,2
1830299904,2008-01-01 00:38:24,-706129.15900421,-706129,-159004210,43,0,2,2299812417.0,137079,8424936,11,0,2
1830299914,2008-01-01 00:38:34,-706125.85350418,-706125,-853504180,43,0,2,2299812417.0,137079,8424936,11,0,2
1830299924,2008-01-01 00:38:44,-706122.598701476,-706122,-598701476,43,0,2,2299812417.0,137079,8424936,11,0,2
1830299934,2008-01-01 00:38:54,-706119.220211982,-706119,-220211982,43,0,2,2299812417.0,137079,8424936,11,0,2
1830299939,2008-01-01 00:38:59,-706117.576732634,-706117,-576732634,43,0,2,2299812417.0,137079,8424936,11,0,2
1830299944,2008-01-01 00:39:04,-706115.887320517,-706115,-887320517,43,0,2,2299812417.0,137079,8424936,11,0,2
1830299954,2008-01-01 00:39:14,-706112.606535911,-706112,-606535911,43,0,2,2299812417.0,137079,8424936,11,0,2
1830299964,2008-01-01 00:39:24,-706109.29411888,-706109,-294118880,43,0,2,2299812417.0,137079,8424936,11,0,2
1830299974,2008-01-01 00:39:34,-706105.982631682,-706105,-982631682,43,0,2,2299812417.0,137079,8424936,11,0,2
1830299984,2008-01-01 00:39:44,-706102.745155333,-706102,-745155333,43,0,2,2299812417.0,137079,8424936,11,0,2
1830299994,2008-01-01 00:39:54,-706099.431525229,-706099,-431525229,43,0,2,2299812417.0,137079,8424936,11,0,2
1830299999,2008-01-01 00:39:59,-706097.787003516,-706097,-787003516,43,0,2,2299812417.0,137079,8424936,11,0,2
1830300004,2008-01-01 00:40:04,-706096.140027045,-706096,-140027045,43,0,2,2299812417.0,137079,8424936,11,0,2
1830300014,2008-01-01 00:40:14,-706092.86803913,-706092,-868039130,43,0,2,2299812417.0,137079,8424936,11,0,2
1830300024,2008-01-01 00:40:24,-706089.554640769,-706089,-554640769,43,0,2,2299812417.0,137079,8424936,11,0,2
1830300034,2008-01-01 00:40:34,-706086.280075072,-706086,-280075072,43,0,2,2299812417.0,137079,8424936,11,0,2
1830300044,2008-01-01 00:40:44,-706083.001158713,-706083,-1158713,43,0,2,2299812417.0,137079,8424936,11,0,2
1830300054,2008-01-01 00:40:54,-706079.608748435,-706079,-608748435,43,0,2,2299812417.0,137079,8424936,11,0,2
1830300059,2008-01-01 00:40:59,-706077.986814498,-706077,-986814498,43,0,2,2299812417.0,137079,8424936,11,0,2
1830300064,2008-01-01 00:41:04,-706076.294234275,-706076,-294234275,43,0,2,2299812417.0,137079,8424936,11,0,2
1830300074,2008-01-01 00:41:14,-706073.014639853,-706073,-14639853,43,0,2,2299812417.0,137079,8424936,11,0,2
1830300084,2008-01-01 00:41:24,-706069.722032546,-706069,-722032546,43,0,2,2299812417.0,137079,8424936,11,0,2
1830300094,2008-01-01 00:41:34,-706066.393205642,-706066,-393205642,43,0,2,2299812417.0,137079,8424936,11,0,2
1830300104,2008-01-01 00:41:44,-706063.110215186,-706063,-110215186,43,0,2,2299812417.0,137079,8424936,11,0,2
1830300114,2008-01-01 00:41:54,-706059.814227103,-706059,-814227103,43,0,2,2299812417.0,137079,8424936,11,0,2
1830300119,2008-01-01 00:41:59,-706058.140364646,-706058,-140364646,43,0,2,2299812417.0,137079,8424936,11,0,2
1830300124,2008-01-01 00:42:04,-706056.463550567,-706056,-463550567,43,0,2,2299812417.0,137079,8424936,11,0,2
1830300134,2008-01-01 00:42:14,-706053.229104995,-706053,-229104995,43,0,2,2299812417.0,137079,8424936,11,0,2
1830300144,2008-01-01 00:42:24,-706049.831887244,-706049,-831887244,43,0,2,2299812417.0,137079,8424936,11,0,2
1830300154,2008-01-01 00:42:34,-706046.602954864,-706046,-602954864,43,0,2,2299812417.0,137079,8424936,11,0,2
1830300164,2008-01-01 00:42:44,-706043.303162574,-706043,-303162574,43,0,2,2299812417.0,137079,8424936,11,0,2
1830300174,2008-01-01 00:42:54,-706039.971683501,-706039,-971683501,43,0,2,2299812417.0,137079,8424936,11,0,2
1830300179,2008-01-01 00:42:59,-706038.321670531,-706038,-321670531,43,0,2,2299812417.0,137079,8424936,11,0,2
1830300184,2008-01-01 00:43:04,-706036.687767981,-706036,-687767981,43,0,2,2299812417.0,137079,8424936,11,0,2
1830300194,2008-01-01 00:43:14,-706033.355269431,-706033,-355269431,43,0,2,2299812417.0,137079,8424936,11,0,2
1830300204,2008-01-01 00:43:24,-706030.009186744,-706030,-9186744,43,0,2,2299812417.0,137079,8424936,11,0,2
1830300214,2008-01-01 00:43:34,-706026.680658339,-706026,-680658339,43,0,2,2299812417.0,137079,8424936,11,0,2
1830300224,2008-01-01 00:43:44,-706023.364458083,-706023,-364458083,43,0,2,2299812417.0,137079,8424936,11,0,2
1830300234,2008-01-01 00:43:54,-706019.977822303,-706019,-977822303,43,0,2,2299812417.0,137079,8424936,11,0,2
1830300239,2008-01-01 00:43:59,-706018.333126067,-706018,-333126067,43,0,2,2299812417.0,137079,8424936,11,0,2
1830300244,2008-01-01 00:44:04,-706016.671776771,-706016,-671776771,43,0,2,2299812417.0,137079,8424936,11,0,2
1830300254,2008-01-01 00:44:14,-706013.330227851,-706013,-330227851,43,0,2,2299812417.0,137079,8424936,11,0,2
1830300264,2008-01-01 00:44:24,-706009.973812102,-706009,-973812102,43,0,2,2299812417.0,137079,8424936,11,0,2
1830300274,2008-01-01 00:44:34,-706006.684755324,-706006,-684755324,43,0,2,2299812417.0,137079,8424936,11,0,2
1830300284,2008-01-01 00:44:44,-706003.416851996,-706003,-416851996,43,0,2,2299812417.0,137079,8424936,11,0,2
1830300294,2008-01-01 00:44:54,-706000.01142311,-706000,-11423110,43,0,2,2299812417.0,137079,8424936,11,0,2
1830300299,2008-01-01 00:44:59,-705998.407784461,-705998,-407784461,43,0,2,2299812417.0,137079,8424936,11,0,2
1830300304,2008-01-01 00:45:04,-705996.766227721,-705996,-766227721,43,0,2,2299812417.0,137079,8424936,11,0,2
1830300314,2008-01-01 00:45:14,-705993.482875823,-705993,-482875823,43,0,2,2299812417.0,137079,8424936,11,0,2
1830300324,2008-01-01 00:45:24,-705990.084575652,-705990,-84575652,43,0,2,2299812417.0,137079,8424936,11,0,2
1830300334,2008-01-01 00:45:34,-705986.811911582,-705986,-811911582,43,0,2,2299812417.0,137079,8424936,11,0,2
1830300344,2008-01-01 00:45:44,-705983.517251014,-705983,-517251014,43,0,2,2299812417.0,137079,8424936,11,0,2
1830300354,2008-01-01 00:45:54,-705980.160834311,-705980,-160834311,43,0,2,2299812417.0,137079,8424936,11,0,2
1830300359,2008-01-01 00:45:59,-705978.49391365,-705978,-493913650,43,0,2,2299812417.0,137079,8424936,11,0,2
1830300364,2008-01-01 00:46:04,-705976.799281119,-705976,-799281119,43,0,2,2299812417.0,137079,8424936,11,0,2
1830300374,2008-01-01 00:46:14,-705973.513859748,-705973,-513859748,43,0,2,2299812417.0,137079,8424936,11,0,2
1830300384,2008-01-01 00:46:24,-705970.160342215,-705970,-160342215,43,0,2,2299812417.0,137079,8424936,11,0,2
1830300394,2008-01-01 00:46:34,-705966.760542869,-705966,-760542869,43,0,2,2299812417.0,137079,8424936,11,0,2
1830300404,2008-01-01 00:46:44,-705963.448595046,-705963,-448595046,43,0,2,2299812417.0,137079,8424936,11,0,2
1830300414,2008-01-01 00:46:54,-705960.084948539,-705960,-84948539,43,0,2,2299812417.0,137079,8424936,11,0,2
1830300419,2008-01-01 00:46:59,-705958.457904815,-705958,-457904815,43,0,2,2299812417.0,137079,8424936,11,0,2
1830300424,2008-01-01 00:47:04,-705956.812788009,-705956,-812788009,43,0,2,2299812417.0,137079,8424936,11,0,2
1830300434,2008-01-01 00:47:14,-705953.47579193,-705953,-475791930,43,0,2,2299812417.0,137079,8424936,11,0,2
1830300444,2008-01-01 00:47:24,-705950.164762496,-705950,-164762496,43,0,2,2299812417.0,137079,8424936,11,0,2
1830300454,2008-01-01 00:47:34,-705946.824526786,-705946,-824526786,43,0,2,2299812417.0,137079,8424936,11,0,2
1830300464,2008-01-01 00:47:44,-705943.478437423,-705943,-478437423,43,0,2,2299812417.0,137079,8424936,11,0,2
1830300474,2008-01-01 00:47:54,-705940.106232642,-705940,-106232642,43,0,2,2299812417.0,137079,8424936,11,0,2
1830300479,2008-01-01 00:47:59,-705938.424959182,-705938,-424959182,43,0,2,2299812417.0,137079,8424936,11,0,2
1830300484,2008-01-01 00:48:04,-705936.718562125,-705936,-718562125,43,0,2,2299812417.0,137079,8424936,11,0,2
1830300494,2008-01-01 00:48:14,-705933.376010894,-705933,-376010894,43,0,2,2299812417.0,137079,8424936,11,0,2
1830300504,2008-01-01 00:48:24,-705930.04598236,-705930,-45982360,43,0,2,2299812417.0,137079,8424936,11,0,2
1830300514,2008-01-01 00:48:34,-705926.711191176,-705926,-711191176,43,0,2,2299812417.0,137079,8424936,11,0,2
1830300524,2008-01-01 00:48:44,-705923.329465865,-705923,-329465865,43,0,2,2299812417.0,137079,8424936,11,0,2
1830300534,2008-01-01 00:48:54,-705919.988082885,-705919,-988082885,43,0,2,2299812417.0,137079,8424936,11,0,2
1830300539,2008-01-01 00:48:59,-705918.26069641,-705918,-260696410,43,0,2,2299812417.0,137079,8424936,11,0,2
1830300544,2008-01-01 00:49:04,-705916.564573287,-705916,-564573287,43,0,2,2299812417.0,137079,8424936,11,0,2
1830300554,2008-01-01 00:49:14,-705913.154522895,-705913,-154522895,43,0,2,2299812417.0,137079,8424936,11,0,2
1830300564,2008-01-01 00:49:24,-705909.816340445,-705909,-816340445,43,0,2,2299812417.0,137079,8424936,11,0,2
1830300574,2008-01-01 00:49:34,-705906.446447371,-705906,-446447371,43,0,2,2299812417.0,137079,8424936,11,0,2
1830300584,2008-01-01 00:49:44,-705903.166979789,-705903,-166979789,43,0,2,2299812417.0,137079,8424936,11,0,2
1830300594,2008-01-01 00:49:54,-705899.658233642,-705899,-658233642,43,0,2,2299812417.0,137079,8424936,11,0,2
1830300599,2008-01-01 00:49:59,-705898.036284446,-705898,-36284446,43,0,2,2299812417.0,137079,8424936,11,0,2
1830300604,2008-01-01 00:50:04,-705896.391963958,-705896,-391963958,43,0,2,2299812417.0,137079,8424936,11,0,2
1830300614,2008-01-01 00:50:14,-705892.979508399,-705892,-979508399,43,0,2,2299812417.0,137079,8424936,11,0,2
1830300624,2008-01-01 00:50:24,-705889.574576377,-705889,-574576377,43,0,2,2299812417.0,137079,8424936,11,0,2
1830300634,2008-01-01 00:50:34,-705886.110471724,-705886,-110471724,43,0,2,2299812417.0,137079,8424936,11,0,2
1830300644,2008-01-01 00:50:44,-705882.810374259,-705882,-810374259,43,0,2,2299812417.0,137079,8424936,11,0,2
1830300654,2008-01-01 00:50:54,-705879.50266075,-705879,-502660750,43,0,2,2299812417.0,137079,8424936,11,0,2
1830300659,2008-01-01 00:50:59,-705877.784381865,-705877,-784381865,43,0,2,2299812417.0,137079,8424936,11,0,2
1830300664,2008-01-01 00:51:04,-705876.167255401,-705876,-167255401,43,0,2,2299812417.0,137079,8424936,11,0,2
1830300674,2008-01-01 00:51:14,-705872.746605872,-705872,-746605872,43,0,2,2299812417.0,137079,8424936,11,0,2
1830300684,2008-01-01 00:51:24,-705869.368923186,-705869,-368923186,43,0,2,2299812417.0,137079,8424936,11,0,2
1830300694,2008-01-01 00:51:34,-705865.991988181,-705865,-991988181,43,0,2,2299812417.0,137079,8424936,11,0,2
1830300704,2008-01-01 00:51:44,-705862.498373031,-705862,-498373031,43,0,2,2299812417.0,137079,8424936,11,0,2
1830300714,2008-01-01 00:51:54,-705859.194869994,-705859,-194869994,43,0,2,2299812417.0,137079,8424936,11,0,2
1830300719,2008-01-01 00:51:59,-705857.45099163,-705857,-450991630,43,0,2,2299812417.0,137079,8424936,11,0,2
1830300724,2008-01-01 00:52:04,-705855.723463057,-705855,-723463057,43,0,2,2299812417.0,137079,8424936,11,0,2
1830300734,2008-01-01 00:52:14,-705852.330250739,-705852,-330250739,43,0,2,2299812417.0,137079,8424936,11,0,2
1830300744,2008-01-01 00:52:24,-705848.967006682,-705848,-967006682,43,0,2,2299812417.0,137079,8424936,11,0,2
1830300754,2008-01-01 00:52:34,-705845.560185431,-705845,-560185431,43,0,2,2299812417.0,137079,8424936,11,0,2
1830300764,2008-01-01 00:52:44,-705842.133535384,-705842,-133535384,43,0,2,2299812417.0,137079,8424936,11,0,2
1830300774,2008-01-01 00:52:54,-705838.75711727,-705838,-757117270,43,0,2,2299812417.0,137079,8424936,11,0,2
1830300779,2008-01-01 00:52:59,-705837.024534224,-705837,-24534224,43,0,2,2299812417.0,137079,8424936,11,0,2
1830300784,2008-01-01 00:53:04,-705835.33949089,-705835,-339490890,43,0,2,2299812417.0,137079,8424936,11,0,2
1830300794,2008-01-01 00:53:14,-705831.907186507,-705831,-907186507,43,0,2,2299812417.0,137079,8424936,11,0,2
1830300804,2008-01-01 00:53:24,-705828.44968891,-705828,-449688910,43,0,2,2299812417.0,137079,8424936,11,0,2
1830300814,2008-01-01 00:53:34,-705825.005251883,-705825,-5251883,43,0,2,2299812417.0,137079,8424936,11,0,2
1830300824,2008-01-01 00:53:44,-705821.680498122,-705821,-680498122,43,0,2,2299812417.0,137079,8424936,11,0,2
1830300834,2008-01-01 00:53:54,-705818.293562888,-705818,-293562888,43,0,2,2299812417.0,137079,8424936,11,0,2
1830357376,2008-01-01 16:36:16,-727377.210198401,-727377,-210198401,26,0,2,2299812417.0,137079,8424936,11,0,2
1830357386,2008-01-01 16:36:26,-727376.180817603,-727376,-180817603,26,0,2,2299812417.0,137079,8424936,11,0,2
1830357396,2008-01-01 16:36:36,-727375.085876464,-727375,-85876464,26,0,2,2299812417.0,137079,8424936,11,0,2
1830357401,2008-01-01 16:36:41,-727374.659981727,-727374,-659981727,26,0,2,2299812417.0,137079,8424936,11,0,2
1830357406,2008-01-01 16:36:46,-727374.110727309,-727374,-110727309,26,0,2,2299812417.0,137079,8424936,11,0,2
1830357416,2008-01-01 16:36:56,-727373.175439834,-727373,-175439834,26,0,2,2299812417.0,137079,8424936,11,0,2
1830357426,2008-01-01 16:37:06,-727372.196828841,-727372,-196828841,26,0,2,2299812417.0,137079,8424936,11,0,2
1830357436,2008-01-01 16:37:16,-727371.30203247,-727371,-302032470,26,0,2,2299812417.0,137079,8424936,11,0,2
1830357446,2008-01-01 16:37:26,-727370.413399695,-727370,-413399695,26,0,2,2299812417.0,137079,8424936,11,0,2
1830357456,2008-01-01 16:37:36,-727369.53304386,-727369,-533043860,26,0,2,2299812417.0,137079,8424936,11,0,2
1830357461,2008-01-01 16:37:41,-727369.04103279,-727369,-41032790,26,0,2,2299812417.0,137079,8424936,11,0,2
1830357466,2008-01-01 16:37:46,-727368.553436278,-727368,-553436278,26,0,2,2299812417.0,137079,8424936,11,0,2
1830357476,2008-01-01 16:37:56,-727367.647821425,-727367,-647821425,26,0,2,2299812417.0,137079,8424936,11,0,2
1830357486,2008-01-01 16:38:06,-727366.796464919,-727366,-796464919,26,0,2,2299812417.0,137079,8424936,11,0,2
1830357496,2008-01-01 16:38:16,-727365.982365607,-727365,-982365607,26,0,2,2299812417.0,137079,8424936,11,0,2
1830357506,2008-01-01 16:38:26,-727365.242263793,-727365,-242263793,26,0,2,2299812417.0,137079,8424936,11,0,2
1830357516,2008-01-01 16:38:36,-727364.546387671,-727364,-546387671,26,0,2,2299812417.0,137079,8424936,11,0,2
1830357521,2008-01-01 16:38:41,-727364.166222571,-727364,-166222571,26,0,2,2299812417.0,137079,8424936,11,0,2
1830357526,2008-01-01 16:38:46,-727363.76158142,-727363,-761581420,26,0,2,2299812417.0,137079,8424936,11,0,2
1830357536,2008-01-01 16:38:56,-727363.075538634,-727363,-75538634,26,0,2,2299812417.0,137079,8424936,11,0,2
1830357546,2008-01-01 16:39:06,-727362.389197349,-727362,-389197349,26,0,2,2299812417.0,137079,8424936,11,0,2
1830357556,2008-01-01 16:39:16,-727361.728598594,-727361,-728598594,26,0,2,2299812417.0,137079,8424936,11,0,2
1830357566,2008-01-01 16:39:26,-727361.075004577,-727361,-75004577,26,0,2,2299812417.0,137079,8424936,11,0,2
1830357576,2008-01-01 16:39:36,-727360.422540664,-727360,-422540664,26,0,2,2299812417.0,137079,8424936,11,0,2
1830357581,2008-01-01 16:39:41,-727360.09546852,-727360,-95468520,26,0,2,2299812417.0,137079,8424936,11,0,2
1830357586,2008-01-01 16:39:46,-727359.742306708,-727359,-742306708,26,0,2,2299812417.0,137079,8424936,11,0,2
1830357596,2008-01-01 16:39:56,-727359.096292495,-727359,-96292495,26,0,2,2299812417.0,137079,8424936,11,0,2
1830357606,2008-01-01 16:40:06,-727358.50806713,-727358,-508067130,26,0,2,2299812417.0,137079,8424936,11,0,2
1830357616,2008-01-01 16:40:16,-727357.869268416,-727357,-869268416,26,0,2,2299812417.0,137079,8424936,11,0,2
1830357626,2008-01-01 16:40:26,-727357.234052657,-727357,-234052657,26,0,2,2299812417.0,137079,8424936,11,0,2
1830357636,2008-01-01 16:40:36,-727356.661366462,-727356,-661366462,26,0,2,2299812417.0,137079,8424936,11,0,2
1830357641,2008-01-01 16:40:41,-727356.397454261,-727356,-397454261,26,0,2,2299812417.0,137079,8424936,11,0,2
1830357646,2008-01-01 16:40:46,-727356.09019184,-727356,-90191840,26,0,2,2299812417.0,137079,8424936,11,0,2
1830357656,2008-01-01 16:40:56,-727355.519986152,-727355,-519986152,26,0,2,2299812417.0,137079,8424936,11,0,2
1830357666,2008-01-01 16:41:06,-727355.009859084,-727355,-9859084,26,0,2,2299812417.0,137079,8424936,11,0,2
1830357676,2008-01-01 16:41:16,-727354.322936057,-727354,-322936057,26,0,2,2299812417.0,137079,8424936,11,0,2
1830357686,2008-01-01 16:41:26,-727353.770464896,-727353,-770464896,26,0,2,2299812417.0,137079,8424936,11,0,2
1830357696,2008-01-01 16:41:36,-727353.27594757,-727353,-275947570,26,0,2,2299812417.0,137079,8424936,11,0,2
1830357701,2008-01-01 16:41:41,-727352.994419097,-727352,-994419097,26,0,2,2299812417.0,137079,8424936,11,0,2
1830357706,2008-01-01 16:41:46,-727352.722029685,-727352,-722029685,26,0,2,2299812417.0,137079,8424936,11,0,2
1830357716,2008-01-01 16:41:56,-727352.195097922,-727352,-195097922,26,0,2,2299812417.0,137079,8424936,11,0,2
1830357726,2008-01-01 16:42:06,-727351.68003559,-727351,-680035590,26,0,2,2299812417.0,137079,8424936,11,0,2
1830357736,2008-01-01 16:42:16,-727351.08478546,-727351,-84785460,26,0,2,2299812417.0,137079,8424936,11,0,2
1830357746,2008-01-01 16:42:26,-727350.584095,-727350,-584095000,26,0,2,2299812417.0,137079,8424936,11,0,2
1830357756,2008-01-01 16:42:36,-727350.08483982,-727350,-84839820,26,0,2,2299812417.0,137079,8424936,11,0,2
1830357761,2008-01-01 16:42:41,-727349.786489486,-727349,-786489486,26,0,2,2299812417.0,137079,8424936,11,0,2
1830357766,2008-01-01 16:42:46,-727349.519585608,-727349,-519585608,26,0,2,2299812417.0,137079,8424936,11,0,2
1830357776,2008-01-01 16:42:56,-727348.960593223,-727348,-960593223,26,0,2,2299812417.0,137079,8424936,11,0,2
1830357786,2008-01-01 16:43:06,-727348.485035895,-727348,-485035895,26,0,2,2299812417.0,137079,8424936,11,0,2
1830357796,2008-01-01 16:43:16,-727347.958780288,-727347,-958780288,26,0,2,2299812417.0,137079,8424936,11,0,2
1830357806,2008-01-01 16:43:26,-727347.425304412,-727347,-425304412,26,0,2,2299812417.0,137079,8424936,11,0,2
1830357816,2008-01-01 16:43:36,-727346.899878501,-727346,-899878501,26,0,2,2299812417.0,137079,8424936,11,0,2
1830357821,2008-01-01 16:43:41,-727346.645984649,-727346,-645984649,26,0,2,2299812417.0,137079,8424936,11,0,2
1830357826,2008-01-01 16:43:46,-727346.375915526,-727346,-375915526,26,0,2,2299812417.0,137079,8424936,11,0,2
1830357836,2008-01-01 16:43:56,-727345.876133918,-727345,-876133918,26,0,2,2299812417.0,137079,8424936,11,0,2
1830357846,2008-01-01 16:44:06,-727345.339897155,-727345,-339897155,26,0,2,2299812417.0,137079,8424936,11,0,2
1830357856,2008-01-01 16:44:16,-727344.744896888,-727344,-744896888,26,0,2,2299812417.0,137079,8424936,11,0,2
1830357866,2008-01-01 16:44:26,-727344.283377646,-727344,-283377646,26,0,2,2299812417.0,137079,8424936,11,0,2
1830357876,2008-01-01 16:44:36,-727343.768800734,-727343,-768800734,26,0,2,2299812417.0,137079,8424936,11,0,2
1830357881,2008-01-01 16:44:41,-727343.559255599,-727343,-559255599,26,0,2,2299812417.0,137079,8424936,11,0,2
1830357886,2008-01-01 16:44:46,-727343.354814528,-727343,-354814528,26,0,2,2299812417.0,137079,8424936,11,0,2
1830357896,2008-01-01 16:44:56,-727342.817934989,-727342,-817934989,26,0,2,2299812417.0,137079,8424936,11,0,2
1830357906,2008-01-01 16:45:06,-727342.385710715,-727342,-385710715,26,0,2,2299812417.0,137079,8424936,11,0,2
1830357916,2008-01-01 16:45:16,-727341.845286368,-727341,-845286368,26,0,2,2299812417.0,137079,8424936,11,0,2
1830357926,2008-01-01 16:45:26,-727341.328017234,-727341,-328017234,26,0,2,2299812417.0,137079,8424936,11,0,2
1830357936,2008-01-01 16:45:36,-727340.776711463,-727340,-776711463,26,0,2,2299812417.0,137079,8424936,11,0,2
1830357941,2008-01-01 16:45:41,-727340.466223716,-727340,-466223716,26,0,2,2299812417.0,137079,8424936,11,0,2
1830357946,2008-01-01 16:45:46,-727340.163400649,-727340,-163400649,26,0,2,2299812417.0,137079,8424936,11,0,2
1830357956,2008-01-01 16:45:56,-727339.634996413,-727339,-634996413,26,0,2,2299812417.0,137079,8424936,11,0,2
1830357966,2008-01-01 16:46:06,-727339.048931121,-727339,-48931121,26,0,2,2299812417.0,137079,8424936,11,0,2
1830357976,2008-01-01 16:46:16,-727338.540421485,-727338,-540421485,26,0,2,2299812417.0,137079,8424936,11,0,2
1830357986,2008-01-01 16:46:26,-727337.947460174,-727337,-947460174,26,0,2,2299812417.0,137079,8424936,11,0,2
1830357996,2008-01-01 16:46:36,-727337.411430358,-727337,-411430358,26,0,2,2299812417.0,137079,8424936,11,0,2
1830358001,2008-01-01 16:46:41,-727337.18359661,-727337,-183596610,26,0,2,2299812417.0,137079,8424936,11,0,2
1830358006,2008-01-01 16:46:46,-727336.875967978,-727336,-875967978,26,0,2,2299812417.0,137079,8424936,11,0,2
1830358016,2008-01-01 16:46:56,-727336.416825293,-727336,-416825293,26,0,2,2299812417.0,137079,8424936,11,0,2
1830358026,2008-01-01 16:47:06,-727335.909477233,-727335,-909477233,26,0,2,2299812417.0,137079,8424936,11,0,2
1830358036,2008-01-01 16:47:16,-727335.360442161,-727335,-360442161,26,0,2,2299812417.0,137079,8424936,11,0,2
1830358046,2008-01-01 16:47:26,-727334.813256263,-727334,-813256263,26,0,2,2299812417.0,137079,8424936,11,0,2
1830358056,2008-01-01 16:47:36,-727334.348444938,-727334,-348444938,26,0,2,2299812417.0,137079,8424936,11,0,2
1830358061,2008-01-01 16:47:41,-727334.018407821,-727334,-18407821,26,0,2,2299812417.0,137079,8424936,11,0,2
1830358066,2008-01-01 16:47:46,-727333.750536918,-727333,-750536918,26,0,2,2299812417.0,137079,8424936,11,0,2
1830358076,2008-01-01 16:47:56,-727333.152922629,-727333,-152922629,26,0,2,2299812417.0,137079,8424936,11,0,2
1830358086,2008-01-01 16:48:06,-727332.684845923,-727332,-684845923,26,0,2,2299812417.0,137079,8424936,11,0,2
1830358096,2008-01-01 16:48:16,-727332.111611365,-727332,-111611365,26,0,2,2299812417.0,137079,8424936,11,0,2
1830358106,2008-01-01 16:48:26,-727331.508845328,-727331,-508845328,26,0,2,2299812417.0,137079,8424936,11,0,2
1830358116,2008-01-01 16:48:36,-727330.987094878,-727330,-987094878,26,0,2,2299812417.0,137079,8424936,11,0,2
1830358121,2008-01-01 16:48:41,-727330.64546585,-727330,-645465850,26,0,2,2299812417.0,137079,8424936,11,0,2
1830358126,2008-01-01 16:48:46,-727330.349565505,-727330,-349565505,26,0,2,2299812417.0,137079,8424936,11,0,2
1830358136,2008-01-01 16:48:56,-727329.751769065,-727329,-751769065,26,0,2,2299812417.0,137079,8424936,11,0,2
1830358146,2008-01-01 16:49:06,-727329.163910865,-727329,-163910865,26,0,2,2299812417.0,137079,8424936,11,0,2
1830358156,2008-01-01 16:49:16,-727328.637345313,-727328,-637345313,26,0,2,2299812417.0,137079,8424936,11,0,2
1830358166,2008-01-01 16:49:26,-727328.083092689,-727328,-83092689,26,0,2,2299812417.0,137079,8424936,11,0,2
1830358176,2008-01-01 16:49:36,-727327.4997406,-727327,-499740600,26,0,2,2299812417.0,137079,8424936,11,0,2
1830358181,2008-01-01 16:49:41,-727327.223600387,-727327,-223600387,26,0,2,2299812417.0,137079,8424936,11,0,2
1830358186,2008-01-01 16:49:46,-727327.022563933,-727327,-22563933,26,0,2,2299812417.0,137079,8424936,11,0,2
1830358196,2008-01-01 16:49:56,-727326.395308494,-727326,-395308494,26,0,2,2299812417.0,137079,8424936,11,0,2
1830358206,2008-01-01 16:50:06,-727325.703552245,-727325,-703552245,26,0,2,2299812417.0,137079,8424936,11,0,2
1830358216,2008-01-01 16:50:16,-727325.195450782,-727325,-195450782,26,0,2,2299812417.0,137079,8424936,11,0,2
1830358226,2008-01-01 16:50:26,-727324.557703017,-727324,-557703017,26,0,2,2299812417.0,137079,8424936,11,0,2
1830358236,2008-01-01 16:50:36,-727323.973880767,-727323,-973880767,26,0,2,2299812417.0,137079,8424936,11,0,2
1830358241,2008-01-01 16:50:41,-727323.634882926,-727323,-634882926,26,0,2,2299812417.0,137079,8424936,11,0,2
1830358246,2008-01-01 16:50:46,-727323.330909728,-727323,-330909728,26,0,2,2299812417.0,137079,8424936,11,0,2
1830358256,2008-01-01 16:50:56,-727322.687735557,-727322,-687735557,26,0,2,2299812417.0,137079,8424936,11,0,2
1830358266,2008-01-01 16:51:06,-727322.063616752,-727322,-63616752,26,0,2,2299812417.0,137079,8424936,11,0,2
1830358276,2008-01-01 16:51:16,-727321.501668929,-727321,-501668929,26,0,2,2299812417.0,137079,8424936,11,0,2
1830358286,2008-01-01 16:51:26,-727320.888123511,-727320,-888123511,26,0,2,2299812417.0,137079,8424936,11,0,2
1830358296,2008-01-01 16:51:36,-727320.174790381,-727320,-174790381,26,0,2,2299812417.0,137079,8424936,11,0,2
1830358301,2008-01-01 16:51:41,-727319.869394301,-727319,-869394301,26,0,2,2299812417.0,137079,8424936,11,0,2
1830358306,2008-01-01 16:51:46,-727319.49721527,-727319,-497215270,26,0,2,2299812417.0,137079,8424936,11,0,2
1830358316,2008-01-01 16:51:56,-727318.878902434,-727318,-878902434,26,0,2,2299812417.0,137079,8424936,11,0,2
1830358326,2008-01-01 16:52:06,-727318.275666236,-727318,-275666236,26,0,2,2299812417.0,137079,8424936,11,0,2
1830358336,2008-01-01 16:52:16,-727317.605813979,-727317,-605813979,26,0,2,2299812417.0,137079,8424936,11,0,2
1830358346,2008-01-01 16:52:26,-727316.997642516,-727316,-997642516,26,0,2,2299812417.0,137079,8424936,11,0,2
1830358356,2008-01-01 16:52:36,-727316.31556034,-727316,-315560340,26,0,2,2299812417.0,137079,8424936,11,0,2
1830358361,2008-01-01 16:52:41,-727315.98732376,-727315,-987323760,26,0,2,2299812417.0,137079,8424936,11,0,2
1830358366,2008-01-01 16:52:46,-727315.620133399,-727315,-620133399,26,0,2,2299812417.0,137079,8424936,11,0,2
1830358376,2008-01-01 16:52:56,-727315.050188064,-727315,-50188064,26,0,2,2299812417.0,137079,8424936,11,0,2
1830358386,2008-01-01 16:53:06,-727314.334604262,-727314,-334604262,26,0,2,2299812417.0,137079,8424936,11,0,2
1830358396,2008-01-01 16:53:16,-727313.668180465,-727313,-668180465,26,0,2,2299812417.0,137079,8424936,11,0,2
1830358406,2008-01-01 16:53:26,-727313.046175002,-727313,-46175002,26,0,2,2299812417.0,137079,8424936,11,0,2
1830358416,2008-01-01 16:53:36,-727312.4088068,-727312,-408806800,26,0,2,2299812417.0,137079,8424936,11,0,2
1830358421,2008-01-01 16:53:41,-727312.054800033,-727312,-54800033,26,0,2,2299812417.0,137079,8424936,11,0,2
1830358426,2008-01-01 16:53:46,-727311.697927474,-727311,-697927474,26,0,2,2299812417.0,137079,8424936,11,0,2
1830358436,2008-01-01 16:53:56,-727311.117951392,-727311,-117951392,26,0,2,2299812417.0,137079,8424936,11,0,2
1830358446,2008-01-01 16:54:06,-727310.389759063,-727310,-389759063,26,0,2,2299812417.0,137079,8424936,11,0,2
1830358456,2008-01-01 16:54:16,-727309.612601279,-727309,-612601279,26,0,2,2299812417.0,137079,8424936,11,0,2
1830358466,2008-01-01 16:54:26,-727308.938503264,-727308,-938503264,26,0,2,2299812417.0,137079,8424936,11,0,2
1830358476,2008-01-01 16:54:36,-727308.297442435,-727308,-297442435,26,0,2,2299812417.0,137079,8424936,11,0,2
1830358481,2008-01-01 16:54:41,-727307.906068801,-727307,-906068801,26,0,2,2299812417.0,137079,8424936,11,0,2
1830358486,2008-01-01 16:54:46,-727307.535531997,-727307,-535531997,26,0,2,2299812417.0,137079,8424936,11,0,2
1830358496,2008-01-01 16:54:56,-727306.887037276,-727306,-887037276,26,0,2,2299812417.0,137079,8424936,11,0,2
1830358506,2008-01-01 16:55:06,-727306.165299415,-727306,-165299415,26,0,2,2299812417.0,137079,8424936,11,0,2
1830358516,2008-01-01 16:55:16,-727305.439755439,-727305,-439755439,26,0,2,2299812417.0,137079,8424936,11,0,2
1830358526,2008-01-01 16:55:26,-727304.730683326,-727304,-730683326,26,0,2,2299812417.0,137079,8424936,11,0,2
1830358536,2008-01-01 16:55:36,-727304.039859771,-727304,-39859771,26,0,2,2299812417.0,137079,8424936,11,0,2
1830358541,2008-01-01 16:55:41,-727303.677754401,-727303,-677754401,26,0,2,2299812417.0,137079,8424936,11,0,2
1830358546,2008-01-01 16:55:46,-727303.369593619,-727303,-369593619,26,0,2,2299812417.0,137079,8424936,11,0,2
1830358556,2008-01-01 16:55:56,-727302.55246353,-727302,-552463530,26,0,2,2299812417.0,137079,8424936,11,0,2
1830358566,2008-01-01 16:56:06,-727301.934169768,-727301,-934169768,26,0,2,2299812417.0,137079,8424936,11,0,2
1830358576,2008-01-01 16:56:16,-727301.258202552,-727301,-258202552,26,0,2,2299812417.0,137079,8424936,11,0,2
1830358586,2008-01-01 16:56:26,-727300.411356925,-727300,-411356925,26,0,2,2299812417.0,137079,8424936,11,0,2
1830358596,2008-01-01 16:56:36,-727299.710496901,-727299,-710496901,26,0,2,2299812417.0,137079,8424936,11,0,2
1830358601,2008-01-01 16:56:41,-727299.360950469,-727299,-360950469,26,0,2,2299812417.0,137079,8424936,11,0,2
1830358606,2008-01-01 16:56:46,-727299.015233039,-727299,-15233039,26,0,2,2299812417.0,137079,8424936,11,0,2
1830358616,2008-01-01 16:56:56,-727298.248060225,-727298,-248060225,26,0,2,2299812417.0,137079,8424936,11,0,2
1830358626,2008-01-01 16:57:06,-727297.522356032,-727297,-522356032,26,0,2,2299812417.0,137079,8424936,11,0,2
1830358636,2008-01-01 16:57:16,-727296.735777854,-727296,-735777854,26,0,2,2299812417.0,137079,8424936,11,0,2
1830358646,2008-01-01 16:57:26,-727296.001759528,-727296,-1759528,26,0,2,2299812417.0,137079,8424936,11,0,2
1830358656,2008-01-01 16:57:36,-727295.205673217,-727295,-205673217,26,0,2,2299812417.0,137079,8424936,11,0,2
1830358661,2008-01-01 16:57:41,-727294.896086692,-727294,-896086692,26,0,2,2299812417.0,137079,8424936,11,0,2
1830358666,2008-01-01 16:57:46,-727294.521055221,-727294,-521055221,26,0,2,2299812417.0,137079,8424936,11,0,2
1830358676,2008-01-01 16:57:56,-727293.813817977,-727293,-813817977,26,0,2,2299812417.0,137079,8424936,11,0,2
1830358686,2008-01-01 16:58:06,-727293.098436355,-727293,-98436355,26,0,2,2299812417.0,137079,8424936,11,0,2
1830358696,2008-01-01 16:58:16,-727292.332719802,-727292,-332719802,26,0,2,2299812417.0,137079,8424936,11,0,2
1830358706,2008-01-01 16:58:26,-727291.537541388,-727291,-537541388,26,0,2,2299812417.0,137079,8424936,11,0,2
1830358716,2008-01-01 16:58:36,-727290.762925147,-727290,-762925147,26,0,2,2299812417.0,137079,8424936,11,0,2
1830358721,2008-01-01 16:58:41,-727290.368642806,-727290,-368642806,26,0,2,2299812417.0,137079,8424936,11,0,2
1830358726,2008-01-01 16:58:46,-727289.977552413,-727289,-977552413,26,0,2,2299812417.0,137079,8424936,11,0,2
1830358736,2008-01-01 16:58:56,-727289.220243453,-727289,-220243453,26,0,2,2299812417.0,137079,8424936,11,0,2
1830358746,2008-01-01 16:59:06,-727288.380873679,-727288,-380873679,26,0,2,2299812417.0,137079,8424936,11,0,2
1830358756,2008-01-01 16:59:16,-727287.574041366,-727287,-574041366,26,0,2,2299812417.0,137079,8424936,11,0,2
1830358766,2008-01-01 16:59:26,-727286.804835319,-727286,-804835319,26,0,2,2299812417.0,137079,8424936,11,0,2
1830358776,2008-01-01 16:59:36,-727286.013428687,-727286,-13428687,26,0,2,2299812417.0,137079,8424936,11,0,2
1830358781,2008-01-01 16:59:41,-727285.638468741,-727285,-638468741,26,0,2,2299812417.0,137079,8424936,11,0,2
1830358786,2008-01-01 16:59:46,-727285.275251388,-727285,-275251388,26,0,2,2299812417.0,137079,8424936,11,0,2
1830358796,2008-01-01 16:59:56,-727284.449228286,-727284,-449228286,26,0,2,2299812417.0,137079,8424936,11,0,2
1830358806,2008-01-01 17:00:06,-727283.714028357,-727283,-714028357,26,0,2,2299812417.0,137079,8424936,11,0,2
1830358816,2008-01-01 17:00:16,-727282.948843001,-727282,-948843001,26,0,2,2299812417.0,137079,8424936,11,0,2
1830358826,2008-01-01 17:00:26,-727282.187963485,-727282,-187963485,26,0,2,2299812417.0,137079,8424936,11,0,2
1830358836,2008-01-01 17:00:36,-727281.417728423,-727281,-417728423,26,0,2,2299812417.0,137079,8424936,11,0,2
1830358841,2008-01-01 17:00:41,-727280.955556869,-727280,-955556869,26,0,2,2299812417.0,137079,8424936,11,0,2
1830358846,2008-01-01 17:00:46,-727280.51909542,-727280,-519095420,26,0,2,2299812417.0,137079,8424936,11,0,2
1830358856,2008-01-01 17:00:56,-727279.700828551,-727279,-700828551,26,0,2,2299812417.0,137079,8424936,11,0,2
1830358866,2008-01-01 17:01:06,-727278.958880423,-727278,-958880423,26,0,2,2299812417.0,137079,8424936,11,0,2
1830358876,2008-01-01 17:01:16,-727278.115878104,-727278,-115878104,26,0,2,2299812417.0,137079,8424936,11,0,2
1830358886,2008-01-01 17:01:26,-727277.23597145,-727277,-235971450,26,0,2,2299812417.0,137079,8424936,11,0,2
1830358896,2008-01-01 17:01:36,-727276.39566326,-727276,-395663260,26,0,2,2299812417.0,137079,8424936,11,0,2
1830358901,2008-01-01 17:01:41,-727276.00395584,-727276,-3955840,26,0,2,2299812417.0,137079,8424936,11,0,2
1830358906,2008-01-01 17:01:46,-727275.563987731,-727275,-563987731,26,0,2,2299812417.0,137079,8424936,11,0,2
1830358916,2008-01-01 17:01:56,-727274.78112316,-727274,-781123160,26,0,2,2299812417.0,137079,8424936,11,0,2
1830358926,2008-01-01 17:02:06,-727273.931108474,-727273,-931108474,26,0,2,2299812417.0,137079,8424936,11,0,2
1830358936,2008-01-01 17:02:16,-727273.054745673,-727273,-54745673,26,0,2,2299812417.0,137079,8424936,11,0,2
1830358946,2008-01-01 17:02:26,-727272.261684417,-727272,-261684417,26,0,2,2299812417.0,137079,8424936,11,0,2
1830358956,2008-01-01 17:02:36,-727271.458630561,-727271,-458630561,26,0,2,2299812417.0,137079,8424936,11,0,2
1830358961,2008-01-01 17:02:41,-727271.045044898,-727271,-45044898,26,0,2,2299812417.0,137079,8424936,11,0,2
1830358966,2008-01-01 17:02:46,-727270.633116721,-727270,-633116721,26,0,2,2299812417.0,137079,8424936,11,0,2
1830358976,2008-01-01 17:02:56,-727269.812202453,-727269,-812202453,26,0,2,2299812417.0,137079,8424936,11,0,2
1830358986,2008-01-01 17:03:06,-727269.049891471,-727269,-49891471,26,0,2,2299812417.0,137079,8424936,11,0,2
1830358996,2008-01-01 17:03:16,-727268.136588096,-727268,-136588096,26,0,2,2299812417.0,137079,8424936,11,0,2
1830359006,2008-01-01 17:03:26,-727267.304825782,-727267,-304825782,26,0,2,2299812417.0,137079,8424936,11,0,2
1830359016,2008-01-01 17:03:36,-727266.468017577,-727266,-468017577,26,0,2,2299812417.0,137079,8424936,11,0,2
1830359021,2008-01-01 17:03:41,-727266.061490058,-727266,-61490058,26,0,2,2299812417.0,137079,8424936,11,0,2
1830359026,2008-01-01 17:03:46,-727265.726647376,-727265,-726647376,26,0,2,2299812417.0,137079,8424936,11,0,2
1830359036,2008-01-01 17:03:56,-727264.814939498,-727264,-814939498,26,0,2,2299812417.0,137079,8424936,11,0,2
1830359046,2008-01-01 17:04:06,-727263.917923926,-727263,-917923926,26,0,2,2299812417.0,137079,8424936,11,0,2
1830359056,2008-01-01 17:04:16,-727263.044232367,-727263,-44232367,26,0,2,2299812417.0,137079,8424936,11,0,2
1830359066,2008-01-01 17:04:26,-727262.196516036,-727262,-196516036,26,0,2,2299812417.0,137079,8424936,11,0,2
1830359076,2008-01-01 17:04:36,-727261.267624854,-727261,-267624854,26,0,2,2299812417.0,137079,8424936,11,0,2
1830359081,2008-01-01 17:04:41,-727260.845794677,-727260,-845794677,26,0,2,2299812417.0,137079,8424936,11,0,2
1830359086,2008-01-01 17:04:46,-727260.414190291,-727260,-414190291,26,0,2,2299812417.0,137079,8424936,11,0,2
1830359096,2008-01-01 17:04:56,-727259.480425834,-727259,-480425834,26,0,2,2299812417.0,137079,8424936,11,0,2
1830359106,2008-01-01 17:05:06,-727258.671781539,-727258,-671781539,26,0,2,2299812417.0,137079,8424936,11,0,2
1830359116,2008-01-01 17:05:16,-727257.816765784,-727257,-816765784,26,0,2,2299812417.0,137079,8424936,11,0,2
1830359126,2008-01-01 17:05:26,-727256.937647819,-727256,-937647819,26,0,2,2299812417.0,137079,8424936,11,0,2
1830359136,2008-01-01 17:05:36,-727256.071181296,-727256,-71181296,26,0,2,2299812417.0,137079,8424936,11,0,2
1830359141,2008-01-01 17:05:41,-727255.630112647,-727255,-630112647,26,0,2,2299812417.0,137079,8424936,11,0,2
1830359146,2008-01-01 17:05:46,-727255.19266796,-727255,-192667960,26,0,2,2299812417.0,137079,8424936,11,0,2
1830359156,2008-01-01 17:05:56,-727254.341139792,-727254,-341139792,26,0,2,2299812417.0,137079,8424936,11,0,2
1830359166,2008-01-01 17:06:06,-727253.421270369,-727253,-421270369,26,0,2,2299812417.0,137079,8424936,11,0,2
1830359176,2008-01-01 17:06:16,-727252.477235793,-727252,-477235793,26,0,2,2299812417.0,137079,8424936,11,0,2
1830359186,2008-01-01 17:06:26,-727251.556556701,-727251,-556556701,26,0,2,2299812417.0,137079,8424936,11,0,2
1830359196,2008-01-01 17:06:36,-727250.709421157,-727250,-709421157,26,0,2,2299812417.0,137079,8424936,11,0,2
1830359201,2008-01-01 17:06:41,-727250.216854094,-727250,-216854094,26,0,2,2299812417.0,137079,8424936,11,0,2
1830359206,2008-01-01 17:06:46,-727249.764347075,-727249,-764347075,26,0,2,2299812417.0,137079,8424936,11,0,2
1830359216,2008-01-01 17:06:56,-727248.850438117,-727248,-850438117,26,0,2,2299812417.0,137079,8424936,11,0,2
1830359226,2008-01-01 17:07:06,-727247.943125724,-727247,-943125724,26,0,2,2299812417.0,137079,8424936,11,0,2
1830359236,2008-01-01 17:07:16,-727247.011425017,-727247,-11425017,26,0,2,2299812417.0,137079,8424936,11,0,2
1830359246,2008-01-01 17:07:26,-727246.097128867,-727246,-97128867,26,0,2,2299812417.0,137079,8424936,11,0,2
1830359256,2008-01-01 17:07:36,-727245.116786956,-727245,-116786956,26,0,2,2299812417.0,137079,8424936,11,0,2
1830359261,2008-01-01 17:07:41,-727244.644472121,-727244,-644472121,26,0,2,2299812417.0,137079,8424936,11,0,2
1830359266,2008-01-01 17:07:46,-727244.156476973,-727244,-156476973,26,0,2,2299812417.0,137079,8424936,11,0,2
1830359276,2008-01-01 17:07:56,-727243.204312324,-727243,-204312324,26,0,2,2299812417.0,137079,8424936,11,0,2
1830359286,2008-01-01 17:08:06,-727242.28070259,-727242,-280702590,26,0,2,2299812417.0,137079,8424936,11,0,2
1830359296,2008-01-01 17:08:16,-727241.305627822,-727241,-305627822,26,0,2,2299812417.0,137079,8424936,11,0,2
1830359306,2008-01-01 17:08:26,-727240.434761046,-727240,-434761046,26,0,2,2299812417.0,137079,8424936,11,0,2
1830359316,2008-01-01 17:08:36,-727239.476762771,-727239,-476762771,26,0,2,2299812417.0,137079,8424936,11,0,2
1830359321,2008-01-01 17:08:41,-727238.994190215,-727238,-994190215,26,0,2,2299812417.0,137079,8424936,11,0,2
1830359326,2008-01-01 17:08:46,-727238.539399146,-727238,-539399146,26,0,2,2299812417.0,137079,8424936,11,0,2
1830359336,2008-01-01 17:08:56,-727237.559642791,-727237,-559642791,26,0,2,2299812417.0,137079,8424936,11,0,2
1830359346,2008-01-01 17:09:06,-727236.648948668,-727236,-648948668,26,0,2,2299812417.0,137079,8424936,11,0,2
1830359356,2008-01-01 17:09:16,-727235.670494079,-727235,-670494079,26,0,2,2299812417.0,137079,8424936,11,0,2
1830359366,2008-01-01 17:09:26,-727234.747771262,-727234,-747771262,26,0,2,2299812417.0,137079,8424936,11,0,2
1830359376,2008-01-01 17:09:36,-727233.735648154,-727233,-735648154,26,0,2,2299812417.0,137079,8424936,11,0,2
1830359381,2008-01-01 17:09:41,-727233.275348662,-727233,-275348662,26,0,2,2299812417.0,137079,8424936,11,0,2
1830359386,2008-01-01 17:09:46,-727232.801634788,-727232,-801634788,26,0,2,2299812417.0,137079,8424936,11,0,2
1830359396,2008-01-01 17:09:56,-727231.854360579,-727231,-854360579,26,0,2,2299812417.0,137079,8424936,11,0,2
1830359406,2008-01-01 17:10:06,-727230.842184066,-727230,-842184066,26,0,2,2299812417.0,137079,8424936,11,0,2
1830359416,2008-01-01 17:10:16,-727229.82713127,-727229,-827131270,26,0,2,2299812417.0,137079,8424936,11,0,2
1830359426,2008-01-01 17:10:26,-727228.802083014,-727228,-802083014,26,0,2,2299812417.0,137079,8424936,11,0,2
1830359436,2008-01-01 17:10:36,-727227.75390911,-727227,-753909110,26,0,2,2299812417.0,137079,8424936,11,0,2
1830359441,2008-01-01 17:10:41,-727227.299531936,-727227,-299531936,26,0,2,2299812417.0,137079,8424936,11,0,2
1830359446,2008-01-01 17:10:46,-727226.768032073,-727226,-768032073,26,0,2,2299812417.0,137079,8424936,11,0,2
1830359456,2008-01-01 17:10:56,-727225.814777373,-727225,-814777373,26,0,2,2299812417.0,137079,8424936,11,0,2
1830359466,2008-01-01 17:11:06,-727224.831258773,-727224,-831258773,26,0,2,2299812417.0,137079,8424936,11,0,2
1830359476,2008-01-01 17:11:16,-727223.739807128,-727223,-739807128,26,0,2,2299812417.0,137079,8424936,11,0,2
1830359486,2008-01-01 17:11:26,-727222.787776946,-727222,-787776946,26,0,2,2299812417.0,137079,8424936,11,0,2
1830359496,2008-01-01 17:11:36,-727221.811054229,-727221,-811054229,26,0,2,2299812417.0,137079,8424936,11,0,2
1830359501,2008-01-01 17:11:41,-727221.25750637,-727221,-257506370,26,0,2,2299812417.0,137079,8424936,11,0,2
1830359506,2008-01-01 17:11:46,-727220.789382934,-727220,-789382934,26,0,2,2299812417.0,137079,8424936,11,0,2
1830359516,2008-01-01 17:11:56,-727219.728219985,-727219,-728219985,26,0,2,2299812417.0,137079,8424936,11,0,2
1830359526,2008-01-01 17:12:06,-727218.68879795,-727218,-688797950,26,0,2,2299812417.0,137079,8424936,11,0,2
1830359536,2008-01-01 17:12:16,-727217.686139106,-727217,-686139106,26,0,2,2299812417.0,137079,8424936,11,0,2
1830359546,2008-01-01 17:12:26,-727216.645112037,-727216,-645112037,26,0,2,2299812417.0,137079,8424936,11,0,2
1830359556,2008-01-01 17:12:36,-727215.666921615,-727215,-666921615,26,0,2,2299812417.0,137079,8424936,11,0,2
1830359561,2008-01-01 17:12:41,-727215.059936522,-727215,-59936522,26,0,2,2299812417.0,137079,8424936,11,0,2
1830359566,2008-01-01 17:12:46,-727214.550495147,-727214,-550495147,26,0,2,2299812417.0,137079,8424936,11,0,2
1830359576,2008-01-01 17:12:56,-727213.404257773,-727213,-404257773,26,0,2,2299812417.0,137079,8424936,11,0,2
1830359586,2008-01-01 17:13:06,-727212.406696319,-727212,-406696319,26,0,2,2299812417.0,137079,8424936,11,0,2
1830359596,2008-01-01 17:13:16,-727211.365335463,-727211,-365335463,26,0,2,2299812417.0,137079,8424936,11,0,2
1830359606,2008-01-01 17:13:26,-727210.340599059,-727210,-340599059,26,0,2,2299812417.0,137079,8424936,11,0,2
1830359616,2008-01-01 17:13:36,-727209.222504615,-727209,-222504615,26,0,2,2299812417.0,137079,8424936,11,0,2
1830380730,2008-01-01 23:05:30,-721902.079785346,-721902,-79785346,26,0,2,2299812417.0,137079,8424936,11,0,2
1830380740,2008-01-01 23:05:40,-721887.132411956,-721887,-132411956,26,0,2,2299812417.0,137079,8424936,11,0,2
1830380750,2008-01-01 23:05:50,-721872.99647045,-721872,-996470450,26,0,2,2299812417.0,137079,8424936,11,0,2
1830380755,2008-01-01 23:05:55,-721867.306093215,-721867,-306093215,26,0,2,2299812417.0,137079,8424936,11,0,2
1830380760,2008-01-01 23:06:00,-721859.667653083,-721859,-667653083,26,0,2,2299812417.0,137079,8424936,11,0,2
1830380770,2008-01-01 23:06:10,-721847.00363922,-721847,-3639220,26,0,2,2299812417.0,137079,8424936,11,0,2
1830380780,2008-01-01 23:06:20,-721834.956598281,-721834,-956598281,26,0,2,2299812417.0,137079,8424936,11,0,2
1830380790,2008-01-01 23:06:30,-721823.480621337,-721823,-480621337,26,0,2,2299812417.0,137079,8424936,11,0,2
1830380800,2008-01-01 23:06:40,-721812.544836997,-721812,-544836997,26,0,2,2299812417.0,137079,8424936,11,0,2
1830380810,2008-01-01 23:06:50,-721802.005088805,-721802,-5088805,26,0,2,2299812417.0,137079,8424936,11,0,2
1830380815,2008-01-01 23:06:55,-721797.46229267,-721797,-462292670,26,0,2,2299812417.0,137079,8424936,11,0,2
1830380820,2008-01-01 23:07:00,-721791.889364242,-721791,-889364242,26,0,2,2299812417.0,137079,8424936,11,0,2
1830380830,2008-01-01 23:07:10,-721782.164563178,-721782,-164563178,26,0,2,2299812417.0,137079,8424936,11,0,2
1830380840,2008-01-01 23:07:20,-721772.689279555,-721772,-689279555,26,0,2,2299812417.0,137079,8424936,11,0,2
1830380850,2008-01-01 23:07:30,-721763.598158835,-721763,-598158835,26,0,2,2299812417.0,137079,8424936,11,0,2
1830380860,2008-01-01 23:07:40,-721754.865776061,-721754,-865776061,26,0,2,2299812417.0,137079,8424936,11,0,2
1830380870,2008-01-01 23:07:50,-721746.291481971,-721746,-291481971,26,0,2,2299812417.0,137079,8424936,11,0,2
1830380875,2008-01-01 23:07:55,-721742.469496726,-721742,-469496726,26,0,2,2299812417.0,137079,8424936,11,0,2
1830380880,2008-01-01 23:08:00,-721737.985295295,-721737,-985295295,26,0,2,2299812417.0,137079,8424936,11,0,2
1830380890,2008-01-01 23:08:10,-721729.926980018,-721729,-926980018,26,0,2,2299812417.0,137079,8424936,11,0,2
1830380900,2008-01-01 23:08:20,-721722.149285315,-721722,-149285315,26,0,2,2299812417.0,137079,8424936,11,0,2
1830380910,2008-01-01 23:08:30,-721714.576540946,-721714,-576540946,26,0,2,2299812417.0,137079,8424936,11,0,2
1830380920,2008-01-01 23:08:40,-721707.127866744,-721707,-127866744,26,0,2,2299812417.0,137079,8424936,11,0,2
1830380930,2008-01-01 23:08:50,-721699.949342727,-721699,-949342727,26,0,2,2299812417.0,137079,8424936,11,0,2
1830380935,2008-01-01 23:08:55,-721696.57902336,-721696,-579023360,26,0,2,2299812417.0,137079,8424936,11,0,2
1830380940,2008-01-01 23:09:00,-721692.854614257,-721692,-854614257,26,0,2,2299812417.0,137079,8424936,11,0,2
1830380950,2008-01-01 23:09:10,-721685.863821029,-721685,-863821029,26,0,2,2299812417.0,137079,8424936,11,0,2
1830380960,2008-01-01 23:09:20,-721679.101952552,-721679,-101952552,26,0,2,2299812417.0,137079,8424936,11,0,2
1830380970,2008-01-01 23:09:30,-721672.499003409,-721672,-499003409,26,0,2,2299812417.0,137079,8424936,11,0,2
1830380980,2008-01-01 23:09:40,-721666.018915175,-721666,-18915175,26,0,2,2299812417.0,137079,8424936,11,0,2
1830380990,2008-01-01 23:09:50,-721659.570895194,-721659,-570895194,26,0,2,2299812417.0,137079,8424936,11,0,2
1830380995,2008-01-01 23:09:55,-721656.590561866,-721656,-590561866,26,0,2,2299812417.0,137079,8424936,11,0,2
1830381000,2008-01-01 23:10:00,-721653.323824882,-721653,-323824882,26,0,2,2299812417.0,137079,8424936,11,0,2
1830381010,2008-01-01 23:10:10,-721647.101286887,-721647,-101286887,26,0,2,2299812417.0,137079,8424936,11,0,2
1830381015,2008-01-01 23:10:15,-735719.856342315,-735719,-856342315,34,0,2,2299812417.0,137079,8424936,11,0,2
1830381020,2008-01-01 23:10:20,-721641.029445647,-721641,-29445647,26,0,2,2299812417.0,137079,8424936,11,0,2
1830381025,2008-01-01 23:10:25,-735715.175415038,-735715,-175415038,34,0,2,2299812417.0,137079,8424936,11,0,2
1830381030,2008-01-01 23:10:30,-721634.918013572,-721634,-918013572,26,0,2,2299812417.0,137079,8424936,11,0,2
1830381035,2008-01-01 23:10:35,-735710.532433509,-735710,-532433509,34,0,2,2299812417.0,137079,8424936,11,0,2
1830381040,2008-01-01 23:10:40,-721629.011593818,-721629,-11593818,26,0,2,2299812417.0,137079,8424936,11,0,2
1830381040,2008-01-01 23:10:40,-735708.411789893,-735708,-411789893,34,0,2,2299812417.0,137079,8424936,11,0,2
1830381045,2008-01-01 23:10:45,-735706.04585266,-735706,-45852660,34,0,2,2299812417.0,137079,8424936,11,0,2
1830381050,2008-01-01 23:10:50,-721623.181626319,-721623,-181626319,26,0,2,2299812417.0,137079,8424936,11,0,2
1830381055,2008-01-01 23:10:55,-735701.628201484,-735701,-628201484,34,0,2,2299812417.0,137079,8424936,11,0,2
1830381055,2008-01-01 23:10:55,-721620.372574805,-721620,-372574805,26,0,2,2299812417.0,137079,8424936,11,0,2
1830381060,2008-01-01 23:11:00,-721617.406930922,-721617,-406930922,26,0,2,2299812417.0,137079,8424936,11,0,2
1830381065,2008-01-01 23:11:05,-735697.232496261,-735697,-232496261,34,0,2,2299812417.0,137079,8424936,11,0,2
1830381070,2008-01-01 23:11:10,-721611.702507972,-721611,-702507972,26,0,2,2299812417.0,137079,8424936,11,0,2
1830381075,2008-01-01 23:11:15,-735692.924575805,-735692,-924575805,34,0,2,2299812417.0,137079,8424936,11,0,2
1830381080,2008-01-01 23:11:20,-721606.014775275,-721606,-14775275,26,0,2,2299812417.0,137079,8424936,11,0,2
1830381085,2008-01-01 23:11:25,-735688.640751838,-735688,-640751838,34,0,2,2299812417.0,137079,8424936,11,0,2
1830381090,2008-01-01 23:11:30,-721600.475997924,-721600,-475997924,26,0,2,2299812417.0,137079,8424936,11,0,2
1830381095,2008-01-01 23:11:35,-735684.502107619,-735684,-502107619,34,0,2,2299812417.0,137079,8424936,11,0,2
1830381100,2008-01-01 23:11:40,-735682.524885177,-735682,-524885177,34,0,2,2299812417.0,137079,8424936,11,0,2
1830381100,2008-01-01 23:11:40,-721595.018738746,-721595,-18738746,26,0,2,2299812417.0,137079,8424936,11,0,2
1830381105,2008-01-01 23:11:45,-735680.370223044,-735680,-370223044,34,0,2,2299812417.0,137079,8424936,11,0,2
1830381110,2008-01-01 23:11:50,-721589.610900878,-721589,-610900878,26,0,2,2299812417.0,137079,8424936,11,0,2
1830381115,2008-01-01 23:11:55,-735676.382052421,-735676,-382052421,34,0,2,2299812417.0,137079,8424936,11,0,2
1830381115,2008-01-01 23:11:55,-721586.994392394,-721586,-994392394,26,0,2,2299812417.0,137079,8424936,11,0,2
1830381120,2008-01-01 23:12:00,-721584.278162002,-721584,-278162002,26,0,2,2299812417.0,137079,8424936,11,0,2
1830381125,2008-01-01 23:12:05,-735672.329601287,-735672,-329601287,34,0,2,2299812417.0,137079,8424936,11,0,2
1830381130,2008-01-01 23:12:10,-721578.919426917,-721578,-919426917,26,0,2,2299812417.0,137079,8424936,11,0,2
1830381135,2008-01-01 23:12:15,-735668.30654621,-735668,-306546210,34,0,2,2299812417.0,137079,8424936,11,0,2
1830381140,2008-01-01 23:12:20,-721573.663129806,-721573,-663129806,26,0,2,2299812417.0,137079,8424936,11,0,2
1830381145,2008-01-01 23:12:25,-735664.419010161,-735664,-419010161,34,0,2,2299812417.0,137079,8424936,11,0,2
1830381150,2008-01-01 23:12:30,-721568.459593772,-721568,-459593772,26,0,2,2299812417.0,137079,8424936,11,0,2
1830381155,2008-01-01 23:12:35,-735660.513780593,-735660,-513780593,34,0,2,2299812417.0,137079,8424936,11,0,2
1830381160,2008-01-01 23:12:40,-721563.246398925,-721563,-246398925,26,0,2,2299812417.0,137079,8424936,11,0,2
1830381165,2008-01-01 23:12:45,-735656.598082541,-735656,-598082541,34,0,2,2299812417.0,137079,8424936,11,0,2
1830381170,2008-01-01 23:12:50,-721558.101704596,-721558,-101704596,26,0,2,2299812417.0,137079,8424936,11,0,2
1830381175,2008-01-01 23:12:55,-735652.799044608,-735652,-799044608,34,0,2,2299812417.0,137079,8424936,11,0,2
1830381793,2008-01-01 23:23:13,-735448.305088996,-735448,-305088996,34,0,2,2299812417.0,137079,8424936,11,0,2
1830381795,2008-01-01 23:23:15,-721285.427928924,-721285,-427928924,26,0,2,2299812417.0,137079,8424936,11,0,2
1830381803,2008-01-01 23:23:23,-735445.245896338,-735445,-245896338,34,0,2,2299812417.0,137079,8424936,11,0,2
1830381805,2008-01-01 23:23:25,-721281.553298949,-721281,-553298949,26,0,2,2299812417.0,137079,8424936,11,0,2
1830381813,2008-01-01 23:23:33,-735442.234085082,-735442,-234085082,34,0,2,2299812417.0,137079,8424936,11,0,2
1830381815,2008-01-01 23:23:35,-721277.733854293,-721277,-733854293,26,0,2,2299812417.0,137079,8424936,11,0,2
1830381818,2008-01-01 23:23:38,-735440.740973472,-735440,-740973472,34,0,2,2299812417.0,137079,8424936,11,0,2
1830381820,2008-01-01 23:23:40,-721275.853678702,-721275,-853678702,26,0,2,2299812417.0,137079,8424936,11,0,2
1830381823,2008-01-01 23:23:43,-735439.223988532,-735439,-223988532,34,0,2,2299812417.0,137079,8424936,11,0,2
1830381825,2008-01-01 23:23:45,-721273.944947242,-721273,-944947242,26,0,2,2299812417.0,137079,8424936,11,0,2
1830381833,2008-01-01 23:23:53,-735436.236091613,-735436,-236091613,34,0,2,2299812417.0,137079,8424936,11,0,2
1830381835,2008-01-01 23:23:55,-721270.165689467,-721270,-165689467,26,0,2,2299812417.0,137079,8424936,11,0,2
1830381843,2008-01-01 23:24:03,-735433.200693129,-735433,-200693129,34,0,2,2299812417.0,137079,8424936,11,0,2
1830381845,2008-01-01 23:24:05,-721266.296352385,-721266,-296352385,26,0,2,2299812417.0,137079,8424936,11,0,2
1830381853,2008-01-01 23:24:13,-735430.169297217,-735430,-169297217,34,0,2,2299812417.0,137079,8424936,11,0,2
1830381855,2008-01-01 23:24:15,-721262.541813849,-721262,-541813849,26,0,2,2299812417.0,137079,8424936,11,0,2
1830381863,2008-01-01 23:24:23,-735427.188069343,-735427,-188069343,34,0,2,2299812417.0,137079,8424936,11,0,2
1830381865,2008-01-01 23:24:25,-721258.760980605,-721258,-760980605,26,0,2,2299812417.0,137079,8424936,11,0,2
1830381873,2008-01-01 23:24:33,-735424.17463684,-735424,-174636840,34,0,2,2299812417.0,137079,8424936,11,0,2
1830381875,2008-01-01 23:24:35,-721255.018580436,-721255,-18580436,26,0,2,2299812417.0,137079,8424936,11,0,2
1830381878,2008-01-01 23:24:38,-735422.647309302,-735422,-647309302,34,0,2,2299812417.0,137079,8424936,11,0,2
1830381880,2008-01-01 23:24:40,-721253.103193282,-721253,-103193282,26,0,2,2299812417.0,137079,8424936,11,0,2
1830381883,2008-01-01 23:24:43,-735421.187450408,-735421,-187450408,34,0,2,2299812417.0,137079,8424936,11,0,2
1830381885,2008-01-01 23:24:45,-721251.229065894,-721251,-229065894,26,0,2,2299812417.0,137079,8424936,11,0,2
1830381893,2008-01-01 23:24:53,-735418.079953193,-735418,-79953193,34,0,2,2299812417.0,137079,8424936,11,0,2
1830381895,2008-01-01 23:24:55,-721247.408276557,-721247,-408276557,26,0,2,2299812417.0,137079,8424936,11,0,2
1830381903,2008-01-01 23:25:03,-735415.08444786,-735415,-84447860,34,0,2,2299812417.0,137079,8424936,11,0,2
1830381905,2008-01-01 23:25:05,-721243.660440444,-721243,-660440444,26,0,2,2299812417.0,137079,8424936,11,0,2
1830381913,2008-01-01 23:25:13,-735412.072440146,-735412,-72440146,34,0,2,2299812417.0,137079,8424936,11,0,2
1830381915,2008-01-01 23:25:15,-721239.911344527,-721239,-911344527,26,0,2,2299812417.0,137079,8424936,11,0,2
1830381923,2008-01-01 23:25:23,-735409.002905845,-735409,-2905845,34,0,2,2299812417.0,137079,8424936,11,0,2
1830381925,2008-01-01 23:25:25,-721236.117341994,-721236,-117341994,26,0,2,2299812417.0,137079,8424936,11,0,2
1830381933,2008-01-01 23:25:33,-735405.962252616,-735405,-962252616,34,0,2,2299812417.0,137079,8424936,11,0,2
1830381935,2008-01-01 23:25:35,-721232.390546798,-721232,-390546798,26,0,2,2299812417.0,137079,8424936,11,0,2
1830381938,2008-01-01 23:25:38,-735404.536504744,-735404,-536504744,34,0,2,2299812417.0,137079,8424936,11,0,2
1830381940,2008-01-01 23:25:40,-721230.605161666,-721230,-605161666,26,0,2,2299812417.0,137079,8424936,11,0,2
1830381943,2008-01-01 23:25:43,-735403.028740882,-735403,-28740882,34,0,2,2299812417.0,137079,8424936,11,0,2
1830381945,2008-01-01 23:25:45,-721228.747317313,-721228,-747317313,26,0,2,2299812417.0,137079,8424936,11,0,2
1830381953,2008-01-01 23:25:53,-735400.06466484,-735400,-64664840,34,0,2,2299812417.0,137079,8424936,11,0,2
1830381955,2008-01-01 23:25:55,-721225.051942824,-721225,-51942824,26,0,2,2299812417.0,137079,8424936,11,0,2
1830381963,2008-01-01 23:26:03,-735397.088022231,-735397,-88022231,34,0,2,2299812417.0,137079,8424936,11,0,2
1830381965,2008-01-01 23:26:05,-721221.412473678,-721221,-412473678,26,0,2,2299812417.0,137079,8424936,11,0,2
1830381973,2008-01-01 23:26:13,-735394.094342231,-735394,-94342231,34,0,2,2299812417.0,137079,8424936,11,0,2
1830381975,2008-01-01 23:26:15,-721217.709380149,-721217,-709380149,26,0,2,2299812417.0,137079,8424936,11,0,2
1830381983,2008-01-01 23:26:23,-735391.131810187,-735391,-131810187,34,0,2,2299812417.0,137079,8424936,11,0,2
1830381985,2008-01-01 23:26:25,-721214.069208144,-721214,-69208144,26,0,2,2299812417.0,137079,8424936,11,0,2
1830381993,2008-01-01 23:26:33,-735388.149998664,-735388,-149998664,34,0,2,2299812417.0,137079,8424936,11,0,2
1830381995,2008-01-01 23:26:35,-721210.432889937,-721210,-432889937,26,0,2,2299812417.0,137079,8424936,11,0,2
1830381998,2008-01-01 23:26:38,-735386.641160964,-735386,-641160964,34,0,2,2299812417.0,137079,8424936,11,0,2
1830382000,2008-01-01 23:26:40,-721208.587084769,-721208,-587084769,26,0,2,2299812417.0,137079,8424936,11,0,2
1830382003,2008-01-01 23:26:43,-735385.157839774,-735385,-157839774,34,0,2,2299812417.0,137079,8424936,11,0,2
1830382005,2008-01-01 23:26:45,-721206.734969138,-721206,-734969138,26,0,2,2299812417.0,137079,8424936,11,0,2
1830382013,2008-01-01 23:26:53,-735382.140917777,-735382,-140917777,34,0,2,2299812417.0,137079,8424936,11,0,2
1830382015,2008-01-01 23:26:55,-721203.098730086,-721203,-98730086,26,0,2,2299812417.0,137079,8424936,11,0,2
1830382023,2008-01-01 23:27:03,-735379.172060965,-735379,-172060965,34,0,2,2299812417.0,137079,8424936,11,0,2
1830382025,2008-01-01 23:27:05,-721199.477330207,-721199,-477330207,26,0,2,2299812417.0,137079,8424936,11,0,2
1830382033,2008-01-01 23:27:13,-735376.198909759,-735376,-198909759,34,0,2,2299812417.0,137079,8424936,11,0,2
1830382035,2008-01-01 23:27:15,-721195.854927062,-721195,-854927062,26,0,2,2299812417.0,137079,8424936,11,0,2
1830382043,2008-01-01 23:27:23,-735373.256158828,-735373,-256158828,34,0,2,2299812417.0,137079,8424936,11,0,2
1830382045,2008-01-01 23:27:25,-721192.291683196,-721192,-291683196,26,0,2,2299812417.0,137079,8424936,11,0,2
1830382053,2008-01-01 23:27:33,-735370.312670707,-735370,-312670707,34,0,2,2299812417.0,137079,8424936,11,0,2
1830382055,2008-01-01 23:27:35,-721188.693224906,-721188,-693224906,26,0,2,2299812417.0,137079,8424936,11,0,2
1830382058,2008-01-01 23:27:38,-735368.78008747,-735368,-780087470,34,0,2,2299812417.0,137079,8424936,11,0,2
1830382060,2008-01-01 23:27:40,-721186.875863074,-721186,-875863074,26,0,2,2299812417.0,137079,8424936,11,0,2
1830382063,2008-01-01 23:27:43,-735367.314228057,-735367,-314228057,34,0,2,2299812417.0,137079,8424936,11,0,2
1830382065,2008-01-01 23:27:45,-721185.083625792,-721185,-83625792,26,0,2,2299812417.0,137079,8424936,11,0,2
1830382073,2008-01-01 23:27:53,-735364.274272918,-735364,-274272918,34,0,2,2299812417.0,137079,8424936,11,0,2
1830382075,2008-01-01 23:27:55,-721181.445435523,-721181,-445435523,26,0,2,2299812417.0,137079,8424936,11,0,2
1830382083,2008-01-01 23:28:03,-735361.324282645,-735361,-324282645,34,0,2,2299812417.0,137079,8424936,11,0,2
1830382085,2008-01-01 23:28:05,-721177.88628292,-721177,-886282920,26,0,2,2299812417.0,137079,8424936,11,0,2
1830382093,2008-01-01 23:28:13,-735358.399656295,-735358,-399656295,34,0,2,2299812417.0,137079,8424936,11,0,2
1830382095,2008-01-01 23:28:15,-721174.359464644,-721174,-359464644,26,0,2,2299812417.0,137079,8424936,11,0,2
1830382103,2008-01-01 23:28:23,-735355.430185317,-735355,-430185317,34,0,2,2299812417.0,137079,8424936,11,0,2
1830382105,2008-01-01 23:28:25,-721170.795941352,-721170,-795941352,26,0,2,2299812417.0,137079,8424936,11,0,2
1830382113,2008-01-01 23:28:33,-735352.530158996,-735352,-530158996,34,0,2,2299812417.0,137079,8424936,11,0,2
1830382115,2008-01-01 23:28:35,-721167.313970565,-721167,-313970565,26,0,2,2299812417.0,137079,8424936,11,0,2
1830382118,2008-01-01 23:28:38,-735350.993609427,-735350,-993609427,34,0,2,2299812417.0,137079,8424936,11,0,2
1830382120,2008-01-01 23:28:40,-721165.507016181,-721165,-507016181,26,0,2,2299812417.0,137079,8424936,11,0,2
1830382123,2008-01-01 23:28:43,-735349.482498168,-735349,-482498168,34,0,2,2299812417.0,137079,8424936,11,0,2
1830382125,2008-01-01 23:28:45,-721163.708874701,-721163,-708874701,26,0,2,2299812417.0,137079,8424936,11,0,2
1830382133,2008-01-01 23:28:53,-735346.521897315,-735346,-521897315,34,0,2,2299812417.0,137079,8424936,11,0,2
1830382135,2008-01-01 23:28:55,-721160.173614501,-721160,-173614501,26,0,2,2299812417.0,137079,8424936,11,0,2
1830382143,2008-01-01 23:29:03,-735343.597257613,-735343,-597257613,34,0,2,2299812417.0,137079,8424936,11,0,2
1830382145,2008-01-01 23:29:05,-721156.69023323,-721156,-690233230,26,0,2,2299812417.0,137079,8424936,11,0,2
1830382153,2008-01-01 23:29:13,-735340.694637298,-735340,-694637298,34,0,2,2299812417.0,137079,8424936,11,0,2
1830382155,2008-01-01 23:29:15,-721153.239848136,-721153,-239848136,26,0,2,2299812417.0,137079,8424936,11,0,2
1830382163,2008-01-01 23:29:23,-735337.720932006,-735337,-720932006,34,0,2,2299812417.0,137079,8424936,11,0,2
1830382165,2008-01-01 23:29:25,-721149.70375347,-721149,-703753470,26,0,2,2299812417.0,137079,8424936,11,0,2
1830382173,2008-01-01 23:29:33,-735334.779644011,-735334,-779644011,34,0,2,2299812417.0,137079,8424936,11,0,2
1830382175,2008-01-01 23:29:35,-721146.223812102,-721146,-223812102,26,0,2,2299812417.0,137079,8424936,11,0,2
1830382178,2008-01-01 23:29:38,-735333.312609672,-735333,-312609672,34,0,2,2299812417.0,137079,8424936,11,0,2
1830382180,2008-01-01 23:29:40,-721144.51054573,-721144,-510545730,26,0,2,2299812417.0,137079,8424936,11,0,2
1830382183,2008-01-01 23:29:43,-735331.784430503,-735331,-784430503,34,0,2,2299812417.0,137079,8424936,11,0,2
1830382185,2008-01-01 23:29:45,-721142.720315932,-721142,-720315932,26,0,2,2299812417.0,137079,8424936,11,0,2
1830382193,2008-01-01 23:29:53,-735328.908405303,-735328,-908405303,34,0,2,2299812417.0,137079,8424936,11,0,2
1830382195,2008-01-01 23:29:55,-721139.313328742,-721139,-313328742,26,0,2,2299812417.0,137079,8424936,11,0,2
1830382203,2008-01-01 23:30:03,-735325.98761177,-735325,-987611770,34,0,2,2299812417.0,137079,8424936,11,0,2
1830382205,2008-01-01 23:30:05,-721135.862213134,-721135,-862213134,26,0,2,2299812417.0,137079,8424936,11,0,2
1830382213,2008-01-01 23:30:13,-735322.990871428,-735322,-990871428,34,0,2,2299812417.0,137079,8424936,11,0,2
1830382215,2008-01-01 23:30:15,-721132.377786635,-721132,-377786635,26,0,2,2299812417.0,137079,8424936,11,0,2
1830382223,2008-01-01 23:30:23,-735320.070435523,-735320,-70435523,34,0,2,2299812417.0,137079,8424936,11,0,2
1830382225,2008-01-01 23:30:25,-721128.967174529,-721128,-967174529,26,0,2,2299812417.0,137079,8424936,11,0,2
1830382233,2008-01-01 23:30:33,-735317.160517692,-735317,-160517692,34,0,2,2299812417.0,137079,8424936,11,0,2
1830382235,2008-01-01 23:30:35,-721125.526454925,-721125,-526454925,26,0,2,2299812417.0,137079,8424936,11,0,2
1830382238,2008-01-01 23:30:38,-735315.680562972,-735315,-680562972,34,0,2,2299812417.0,137079,8424936,11,0,2
1830382240,2008-01-01 23:30:40,-721123.838593482,-721123,-838593482,26,0,2,2299812417.0,137079,8424936,11,0,2
1830382243,2008-01-01 23:30:43,-735314.183301925,-735314,-183301925,34,0,2,2299812417.0,137079,8424936,11,0,2
1830382245,2008-01-01 23:30:45,-721122.118597983,-721122,-118597983,26,0,2,2299812417.0,137079,8424936,11,0,2
1830382253,2008-01-01 23:30:53,-735311.311681746,-735311,-311681746,34,0,2,2299812417.0,137079,8424936,11,0,2
1830382255,2008-01-01 23:30:55,-721118.730053901,-721118,-730053901,26,0,2,2299812417.0,137079,8424936,11,0,2
1830382263,2008-01-01 23:31:03,-735308.366571425,-735308,-366571425,34,0,2,2299812417.0,137079,8424936,11,0,2
1830382265,2008-01-01 23:31:05,-721115.31149578,-721115,-311495780,26,0,2,2299812417.0,137079,8424936,11,0,2
1830382273,2008-01-01 23:31:13,-735305.449157714,-735305,-449157714,34,0,2,2299812417.0,137079,8424936,11,0,2
1830382275,2008-01-01 23:31:15,-721111.948580741,-721111,-948580741,26,0,2,2299812417.0,137079,8424936,11,0,2
1830382283,2008-01-01 23:31:23,-735302.503659247,-735302,-503659247,34,0,2,2299812417.0,137079,8424936,11,0,2
1830382285,2008-01-01 23:31:25,-721108.54241085,-721108,-542410850,26,0,2,2299812417.0,137079,8424936,11,0,2
1830382293,2008-01-01 23:31:33,-735299.576327323,-735299,-576327323,34,0,2,2299812417.0,137079,8424936,11,0,2
1830382295,2008-01-01 23:31:35,-721105.15689659,-721105,-156896590,26,0,2,2299812417.0,137079,8424936,11,0,2
1830382303,2008-01-01 23:31:43,-735296.619561194,-735296,-619561194,34,0,2,2299812417.0,137079,8424936,11,0,2
1830382305,2008-01-01 23:31:45,-721101.770983695,-721101,-770983695,26,0,2,2299812417.0,137079,8424936,11,0,2
1830382313,2008-01-01 23:31:53,-735293.653653144,-735293,-653653144,34,0,2,2299812417.0,137079,8424936,11,0,2
1830382315,2008-01-01 23:31:55,-721098.368541717,-721098,-368541717,26,0,2,2299812417.0,137079,8424936,11,0,2
1830383472,2008-01-01 23:51:12,-734952.850842475,-734952,-850842475,34,0,2,2299812417.0,137079,8424936,11,0,2
1830383475,2008-01-01 23:51:15,-720757.883638381,-720757,-883638381,26,0,2,2299812417.0,137079,8424936,11,0,2
1830383482,2008-01-01 23:51:22,-734949.943958281,-734949,-943958281,34,0,2,2299812417.0,137079,8424936,11,0,2
1830383485,2008-01-01 23:51:25,-720755.404207229,-720755,-404207229,26,0,2,2299812417.0,137079,8424936,11,0,2
1830383492,2008-01-01 23:51:32,-734946.983455657,-734946,-983455657,34,0,2,2299812417.0,137079,8424936,11,0,2
1830383495,2008-01-01 23:51:35,-720752.914734839,-720752,-914734839,26,0,2,2299812417.0,137079,8424936,11,0,2
1830383497,2008-01-01 23:51:37,-734945.452398299,-734945,-452398299,34,0,2,2299812417.0,137079,8424936,11,0,2
1830383500,2008-01-01 23:51:40,-720751.610098838,-720751,-610098838,26,0,2,2299812417.0,137079,8424936,11,0,2
1830383502,2008-01-01 23:51:42,-734943.95218563,-734943,-952185630,34,0,2,2299812417.0,137079,8424936,11,0,2
1830383505,2008-01-01 23:51:45,-720750.327532767,-720750,-327532767,26,0,2,2299812417.0,137079,8424936,11,0,2
1830383512,2008-01-01 23:51:52,-734941.002504348,-734941,-2504348,34,0,2,2299812417.0,137079,8424936,11,0,2
1830383515,2008-01-01 23:51:55,-720747.817442893,-720747,-817442893,26,0,2,2299812417.0,137079,8424936,11,0,2
1830383522,2008-01-01 23:52:02,-734937.981445312,-734937,-981445312,34,0,2,2299812417.0,137079,8424936,11,0,2
1830383525,2008-01-01 23:52:05,-720745.313036918,-720745,-313036918,26,0,2,2299812417.0,137079,8424936,11,0,2
1830383532,2008-01-01 23:52:12,-734935.078897475,-734935,-78897475,34,0,2,2299812417.0,137079,8424936,11,0,2
1830383535,2008-01-01 23:52:15,-720742.888648986,-720742,-888648986,26,0,2,2299812417.0,137079,8424936,11,0,2
1830383542,2008-01-01 23:52:22,-734932.073637008,-734932,-73637008,34,0,2,2299812417.0,137079,8424936,11,0,2
1830383545,2008-01-01 23:52:25,-720740.340577125,-720740,-340577125,26,0,2,2299812417.0,137079,8424936,11,0,2
1830383552,2008-01-01 23:52:32,-734929.123929023,-734929,-123929023,34,0,2,2299812417.0,137079,8424936,11,0,2
1830383555,2008-01-01 23:52:35,-720737.903376578,-720737,-903376578,26,0,2,2299812417.0,137079,8424936,11,0,2
1830383557,2008-01-01 23:52:37,-734927.633732795,-734927,-633732795,34,0,2,2299812417.0,137079,8424936,11,0,2
1830383560,2008-01-01 23:52:40,-720736.674739837,-720736,-674739837,26,0,2,2299812417.0,137079,8424936,11,0,2
1830383562,2008-01-01 23:52:42,-734926.141490935,-734926,-141490935,34,0,2,2299812417.0,137079,8424936,11,0,2
1830383565,2008-01-01 23:52:45,-720735.435836791,-720735,-435836791,26,0,2,2299812417.0,137079,8424936,11,0,2
1830383572,2008-01-01 23:52:52,-734923.191648482,-734923,-191648482,34,0,2,2299812417.0,137079,8424936,11,0,2
1830383575,2008-01-01 23:52:55,-720732.977138518,-720732,-977138518,26,0,2,2299812417.0,137079,8424936,11,0,2
1830383582,2008-01-01 23:53:02,-734920.192793845,-734920,-192793845,34,0,2,2299812417.0,137079,8424936,11,0,2
1830383585,2008-01-01 23:53:05,-720730.502859115,-720730,-502859115,26,0,2,2299812417.0,137079,8424936,11,0,2
1830383592,2008-01-01 23:53:12,-734917.225421905,-734917,-225421905,34,0,2,2299812417.0,137079,8424936,11,0,2
1830383595,2008-01-01 23:53:15,-720728.057976722,-720728,-57976722,26,0,2,2299812417.0,137079,8424936,11,0,2
1830383602,2008-01-01 23:53:22,-734914.272114753,-734914,-272114753,34,0,2,2299812417.0,137079,8424936,11,0,2
1830383605,2008-01-01 23:53:25,-720725.579761504,-720725,-579761504,26,0,2,2299812417.0,137079,8424936,11,0,2
1830383612,2008-01-01 23:53:32,-734911.185262679,-734911,-185262679,34,0,2,2299812417.0,137079,8424936,11,0,2
1830383615,2008-01-01 23:53:35,-720723.129758834,-720723,-129758834,26,0,2,2299812417.0,137079,8424936,11,0,2
1830383617,2008-01-01 23:53:37,-734909.78518772,-734909,-785187720,34,0,2,2299812417.0,137079,8424936,11,0,2
1830383620,2008-01-01 23:53:40,-720721.981659888,-720721,-981659888,26,0,2,2299812417.0,137079,8424936,11,0,2
1830383622,2008-01-01 23:53:42,-734908.297013282,-734908,-297013282,34,0,2,2299812417.0,137079,8424936,11,0,2
1830383625,2008-01-01 23:53:45,-720720.754861831,-720720,-754861831,26,0,2,2299812417.0,137079,8424936,11,0,2
1830383632,2008-01-01 23:53:52,-734905.338135718,-734905,-338135718,34,0,2,2299812417.0,137079,8424936,11,0,2
1830383635,2008-01-01 23:53:55,-720718.377301215,-720718,-377301215,26,0,2,2299812417.0,137079,8424936,11,0,2
1830383642,2008-01-01 23:54:02,-734902.393180846,-734902,-393180846,34,0,2,2299812417.0,137079,8424936,11,0,2
1830383645,2008-01-01 23:54:05,-720715.990297317,-720715,-990297317,26,0,2,2299812417.0,137079,8424936,11,0,2
1830383652,2008-01-01 23:54:12,-734899.41849327,-734899,-418493270,34,0,2,2299812417.0,137079,8424936,11,0,2
1830383655,2008-01-01 23:54:15,-720713.53392887,-720713,-533928870,26,0,2,2299812417.0,137079,8424936,11,0,2
1830383662,2008-01-01 23:54:22,-734896.368938445,-734896,-368938445,34,0,2,2299812417.0,137079,8424936,11,0,2
1830383665,2008-01-01 23:54:25,-720711.121097564,-720711,-121097564,26,0,2,2299812417.0,137079,8424936,11,0,2
1830383672,2008-01-01 23:54:32,-734893.438389777,-734893,-438389777,34,0,2,2299812417.0,137079,8424936,11,0,2
1830383675,2008-01-01 23:54:35,-720708.73736,-720708,-737360000,26,0,2,2299812417.0,137079,8424936,11,0,2
1830383677,2008-01-01 23:54:37,-734891.944431304,-734891,-944431304,34,0,2,2299812417.0,137079,8424936,11,0,2
1830383680,2008-01-01 23:54:40,-720707.561906814,-720707,-561906814,26,0,2,2299812417.0,137079,8424936,11,0,2
1830383682,2008-01-01 23:54:42,-734890.440315246,-734890,-440315246,34,0,2,2299812417.0,137079,8424936,11,0,2
1830383685,2008-01-01 23:54:45,-720706.350359916,-720706,-350359916,26,0,2,2299812417.0,137079,8424936,11,0,2
1830383692,2008-01-01 23:54:52,-734887.492615699,-734887,-492615699,34,0,2,2299812417.0,137079,8424936,11,0,2
1830383695,2008-01-01 23:54:55,-720703.990394591,-720703,-990394591,26,0,2,2299812417.0,137079,8424936,11,0,2
1830383702,2008-01-01 23:55:02,-734884.507834434,-734884,-507834434,34,0,2,2299812417.0,137079,8424936,11,0,2
1830383705,2008-01-01 23:55:05,-720701.638301848,-720701,-638301848,26,0,2,2299812417.0,137079,8424936,11,0,2
1830383712,2008-01-01 23:55:12,-734881.574292182,-734881,-574292182,34,0,2,2299812417.0,137079,8424936,11,0,2
1830383715,2008-01-01 23:55:15,-720699.301465033,-720699,-301465033,26,0,2,2299812417.0,137079,8424936,11,0,2
1830383722,2008-01-01 23:55:22,-734878.683089255,-734878,-683089255,34,0,2,2299812417.0,137079,8424936,11,0,2
1830383725,2008-01-01 23:55:25,-720697.036224364,-720697,-36224364,26,0,2,2299812417.0,137079,8424936,11,0,2
1830383732,2008-01-01 23:55:32,-734875.658320426,-734875,-658320426,34,0,2,2299812417.0,137079,8424936,11,0,2
1830383735,2008-01-01 23:55:35,-720694.637615203,-720694,-637615203,26,0,2,2299812417.0,137079,8424936,11,0,2
1830383737,2008-01-01 23:55:37,-734874.165570258,-734874,-165570258,34,0,2,2299812417.0,137079,8424936,11,0,2
1830383740,2008-01-01 23:55:40,-720693.469234466,-720693,-469234466,26,0,2,2299812417.0,137079,8424936,11,0,2
1830383742,2008-01-01 23:55:42,-734872.683606147,-734872,-683606147,34,0,2,2299812417.0,137079,8424936,11,0,2
1830383745,2008-01-01 23:55:45,-720692.29322338,-720692,-293223380,26,0,2,2299812417.0,137079,8424936,11,0,2
1830383752,2008-01-01 23:55:52,-734869.709927558,-734869,-709927558,34,0,2,2299812417.0,137079,8424936,11,0,2
1830383755,2008-01-01 23:55:55,-720689.942582129,-720689,-942582129,26,0,2,2299812417.0,137079,8424936,11,0,2
1830383762,2008-01-01 23:56:02,-734866.684188842,-734866,-684188842,34,0,2,2299812417.0,137079,8424936,11,0,2
1830383765,2008-01-01 23:56:05,-720687.604297637,-720687,-604297637,26,0,2,2299812417.0,137079,8424936,11,0,2
1830383772,2008-01-01 23:56:12,-734863.744275092,-734863,-744275092,34,0,2,2299812417.0,137079,8424936,11,0,2
1830383775,2008-01-01 23:56:15,-720685.329858779,-720685,-329858779,26,0,2,2299812417.0,137079,8424936,11,0,2
1830383782,2008-01-01 23:56:22,-734860.763682364,-734860,-763682364,34,0,2,2299812417.0,137079,8424936,11,0,2
1830383785,2008-01-01 23:56:25,-720682.993207931,-720682,-993207931,26,0,2,2299812417.0,137079,8424936,11,0,2
1830383792,2008-01-01 23:56:32,-734857.734704017,-734857,-734704017,34,0,2,2299812417.0,137079,8424936,11,0,2
1830383795,2008-01-01 23:56:35,-720680.666683196,-720680,-666683196,26,0,2,2299812417.0,137079,8424936,11,0,2
1830383797,2008-01-01 23:56:37,-734856.315606116,-734856,-315606116,34,0,2,2299812417.0,137079,8424936,11,0,2
1830383800,2008-01-01 23:56:40,-720679.588303565,-720679,-588303565,26,0,2,2299812417.0,137079,8424936,11,0,2
1830383802,2008-01-01 23:56:42,-734854.830945968,-734854,-830945968,34,0,2,2299812417.0,137079,8424936,11,0,2
1830383805,2008-01-01 23:56:45,-720678.465470313,-720678,-465470313,26,0,2,2299812417.0,137079,8424936,11,0,2
1830383812,2008-01-01 23:56:52,-734851.897441863,-734851,-897441863,34,0,2,2299812417.0,137079,8424936,11,0,2
1830383815,2008-01-01 23:56:55,-720676.19085884,-720676,-190858840,26,0,2,2299812417.0,137079,8424936,11,0,2
1830383822,2008-01-01 23:57:02,-734848.922587394,-734848,-922587394,34,0,2,2299812417.0,137079,8424936,11,0,2
1830383825,2008-01-01 23:57:05,-720673.883740424,-720673,-883740424,26,0,2,2299812417.0,137079,8424936,11,0,2
1830383832,2008-01-01 23:57:12,-734845.921034812,-734845,-921034812,34,0,2,2299812417.0,137079,8424936,11,0,2
1830383835,2008-01-01 23:57:15,-720671.631694793,-720671,-631694793,26,0,2,2299812417.0,137079,8424936,11,0,2
1830383842,2008-01-01 23:57:22,-734842.962124824,-734842,-962124824,34,0,2,2299812417.0,137079,8424936,11,0,2
1830383845,2008-01-01 23:57:25,-720669.371147155,-720669,-371147155,26,0,2,2299812417.0,137079,8424936,11,0,2
1830383852,2008-01-01 23:57:32,-734840.010102271,-734840,-10102271,34,0,2,2299812417.0,137079,8424936,11,0,2
1830383855,2008-01-01 23:57:35,-720667.127781867,-720667,-127781867,26,0,2,2299812417.0,137079,8424936,11,0,2
1830383857,2008-01-01 23:57:37,-734838.525474547,-734838,-525474547,34,0,2,2299812417.0,137079,8424936,11,0,2
1830383860,2008-01-01 23:57:40,-720666.035060882,-720666,-35060882,26,0,2,2299812417.0,137079,8424936,11,0,2
1830383862,2008-01-01 23:57:42,-734837.035347938,-734837,-35347938,34,0,2,2299812417.0,137079,8424936,11,0,2
1830383865,2008-01-01 23:57:45,-720664.918659209,-720664,-918659209,26,0,2,2299812417.0,137079,8424936,11,0,2
1830383872,2008-01-01 23:57:52,-734834.090241431,-734834,-90241431,34,0,2,2299812417.0,137079,8424936,11,0,2
1830383875,2008-01-01 23:57:55,-720662.681726455,-720662,-681726455,26,0,2,2299812417.0,137079,8424936,11,0,2
1830383882,2008-01-01 23:58:02,-734831.13399887,-734831,-133998870,34,0,2,2299812417.0,137079,8424936,11,0,2
1830383885,2008-01-01 23:58:05,-720660.479354857,-720660,-479354857,26,0,2,2299812417.0,137079,8424936,11,0,2
1830383892,2008-01-01 23:58:12,-734828.190486907,-734828,-190486907,34,0,2,2299812417.0,137079,8424936,11,0,2
1830383895,2008-01-01 23:58:15,-720658.250731467,-720658,-250731467,26,0,2,2299812417.0,137079,8424936,11,0,2
1830383902,2008-01-01 23:58:22,-734825.153041839,-734825,-153041839,34,0,2,2299812417.0,137079,8424936,11,0,2
1830383905,2008-01-01 23:58:25,-720655.991156577,-720655,-991156577,26,0,2,2299812417.0,137079,8424936,11,0,2
1830383912,2008-01-01 23:58:32,-734822.207571029,-734822,-207571029,34,0,2,2299812417.0,137079,8424936,11,0,2
1830383915,2008-01-01 23:58:35,-720653.785379409,-720653,-785379409,26,0,2,2299812417.0,137079,8424936,11,0,2
1830383917,2008-01-01 23:58:37,-734820.698029517,-734820,-698029517,34,0,2,2299812417.0,137079,8424936,11,0,2
1830383920,2008-01-01 23:58:40,-720652.696940421,-720652,-696940421,26,0,2,2299812417.0,137079,8424936,11,0,2
1830383922,2008-01-01 23:58:42,-734819.156888007,-734819,-156888007,34,0,2,2299812417.0,137079,8424936,11,0,2
1830383925,2008-01-01 23:58:45,-720651.547015189,-720651,-547015189,26,0,2,2299812417.0,137079,8424936,11,0,2
1830383932,2008-01-01 23:58:52,-734816.202355384,-734816,-202355384,34,0,2,2299812417.0,137079,8424936,11,0,2
1830383935,2008-01-01 23:58:55,-720649.365636825,-720649,-365636825,26,0,2,2299812417.0,137079,8424936,11,0,2
1830383942,2008-01-01 23:59:02,-734813.277833938,-734813,-277833938,34,0,2,2299812417.0,137079,8424936,11,0,2
1830383945,2008-01-01 23:59:05,-720647.241724013,-720647,-241724013,26,0,2,2299812417.0,137079,8424936,11,0,2
1830383952,2008-01-01 23:59:12,-734810.329215049,-734810,-329215049,34,0,2,2299812417.0,137079,8424936,11,0,2
1830383955,2008-01-01 23:59:15,-720645.072040557,-720645,-72040557,26,0,2,2299812417.0,137079,8424936,11,0,2
1830383962,2008-01-01 23:59:22,-734807.368979453,-734807,-368979453,34,0,2,2299812417.0,137079,8424936,11,0,2
1830383965,2008-01-01 23:59:25,-720642.935406684,-720642,-935406684,26,0,2,2299812417.0,137079,8424936,11,0,2
1830383972,2008-01-01 23:59:32,-734804.435944556,-734804,-435944556,34,0,2,2299812417.0,137079,8424936,11,0,2
1830383975,2008-01-01 23:59:35,-720640.765136718,-720640,-765136718,26,0,2,2299812417.0,137079,8424936,11,0,2
1830383982,2008-01-01 23:59:42,-734801.447676658,-734801,-447676658,34,0,2,2299812417.0,137079,8424936,11,0,2
1830383985,2008-01-01 23:59:45,-720638.616086005,-720638,-616086005,26,0,2,2299812417.0,137079,8424936,11,0,2
1830383992,2008-01-01 23:59:52,-734798.501298903,-734798,-501298903,34,0,2,2299812417.0,137079,8424936,11,0,2
1830383995,2008-01-01 23:59:55,-720636.482206344,-720636,-482206344,26,0,2,2299812417.0,137079,8424936,11,0,2
1830384606,2008-01-02 00:10:06,-734617.195019721,-734617,-195019721,34,0,2,2299812417.0,137079,8424936,11,0,2
1830384616,2008-01-02 00:10:16,-734614.272785186,-734614,-272785186,34,0,2,2299812417.0,137079,8424936,11,0,2
1830384621,2008-01-02 00:10:21,-720518.116059302,-720518,-116059302,26,0,2,2299812417.0,137079,8424936,11,0,2
1830384626,2008-01-02 00:10:26,-734611.279775619,-734611,-279775619,34,0,2,2299812417.0,137079,8424936,11,0,2
1830384631,2008-01-02 00:10:31,-734609.80766487,-734609,-807664870,34,0,2,2299812417.0,137079,8424936,11,0,2
1830384631,2008-01-02 00:10:31,-720516.438638686,-720516,-438638686,26,0,2,2299812417.0,137079,8424936,11,0,2
1830384636,2008-01-02 00:10:36,-734608.320920943,-734608,-320920943,34,0,2,2299812417.0,137079,8424936,11,0,2
1830384641,2008-01-02 00:10:41,-720514.8447237,-720514,-844723700,26,0,2,2299812417.0,137079,8424936,11,0,2
1830384646,2008-01-02 00:10:46,-734605.409331321,-734605,-409331321,34,0,2,2299812417.0,137079,8424936,11,0,2
1830384646,2008-01-02 00:10:46,-720513.988658904,-720513,-988658904,26,0,2,2299812417.0,137079,8424936,11,0,2
1830384651,2008-01-02 00:10:51,-720513.143586158,-720513,-143586158,26,0,2,2299812417.0,137079,8424936,11,0,2
1830384656,2008-01-02 00:10:56,-734602.368160247,-734602,-368160247,34,0,2,2299812417.0,137079,8424936,11,0,2
1830384661,2008-01-02 00:11:01,-720511.480282783,-720511,-480282783,26,0,2,2299812417.0,137079,8424936,11,0,2
1830384666,2008-01-02 00:11:06,-734599.430722236,-734599,-430722236,34,0,2,2299812417.0,137079,8424936,11,0,2
1830384671,2008-01-02 00:11:11,-720509.908660888,-720509,-908660888,26,0,2,2299812417.0,137079,8424936,11,0,2
1830384676,2008-01-02 00:11:16,-734596.563693046,-734596,-563693046,34,0,2,2299812417.0,137079,8424936,11,0,2
1830384681,2008-01-02 00:11:21,-720508.340582847,-720508,-340582847,26,0,2,2299812417.0,137079,8424936,11,0,2
1830384686,2008-01-02 00:11:26,-734593.598730086,-734593,-598730086,34,0,2,2299812417.0,137079,8424936,11,0,2
1830384691,2008-01-02 00:11:31,-720506.7142601,-720506,-714260100,26,0,2,2299812417.0,137079,8424936,11,0,2
1830384696,2008-01-02 00:11:36,-734590.653114318,-734590,-653114318,34,0,2,2299812417.0,137079,8424936,11,0,2
1830384701,2008-01-02 00:11:41,-720505.146134376,-720505,-146134376,26,0,2,2299812417.0,137079,8424936,11,0,2
1830384706,2008-01-02 00:11:46,-720504.3542881,-720504,-354288100,26,0,2,2299812417.0,137079,8424936,11,0,2
1830384711,2008-01-02 00:11:51,-720503.531694411,-720503,-531694411,26,0,2,2299812417.0,137079,8424936,11,0,2
1830384721,2008-01-02 00:12:01,-720502.025548934,-720502,-25548934,26,0,2,2299812417.0,137079,8424936,11,0,2
1830384731,2008-01-02 00:12:11,-720500.367508887,-720500,-367508887,26,0,2,2299812417.0,137079,8424936,11,0,2
1830384741,2008-01-02 00:12:21,-720498.910655021,-720498,-910655021,26,0,2,2299812417.0,137079,8424936,11,0,2
1830384751,2008-01-02 00:12:31,-720497.343244552,-720497,-343244552,26,0,2,2299812417.0,137079,8424936,11,0,2
1830384761,2008-01-02 00:12:41,-720495.816187858,-720495,-816187858,26,0,2,2299812417.0,137079,8424936,11,0,2
1830384766,2008-01-02 00:12:46,-720495.109786033,-720495,-109786033,26,0,2,2299812417.0,137079,8424936,11,0,2
1830384771,2008-01-02 00:12:51,-720494.335778235,-720494,-335778235,26,0,2,2299812417.0,137079,8424936,11,0,2
1830384781,2008-01-02 00:13:01,-720492.858851432,-720492,-858851432,26,0,2,2299812417.0,137079,8424936,11,0,2
1830384791,2008-01-02 00:13:11,-720491.393998145,-720491,-393998145,26,0,2,2299812417.0,137079,8424936,11,0,2
1830384801,2008-01-02 00:13:21,-720489.919250487,-720489,-919250487,26,0,2,2299812417.0,137079,8424936,11,0,2
1830384811,2008-01-02 00:13:31,-720488.35492134,-720488,-354921340,26,0,2,2299812417.0,137079,8424936,11,0,2
1830384821,2008-01-02 00:13:41,-720486.854345321,-720486,-854345321,26,0,2,2299812417.0,137079,8424936,11,0,2
1830384826,2008-01-02 00:13:46,-720486.139581679,-720486,-139581679,26,0,2,2299812417.0,137079,8424936,11,0,2
1830384831,2008-01-02 00:13:51,-720485.385991095,-720485,-385991095,26,0,2,2299812417.0,137079,8424936,11,0,2
1830384841,2008-01-02 00:14:01,-720483.895612716,-720483,-895612716,26,0,2,2299812417.0,137079,8424936,11,0,2
1830384851,2008-01-02 00:14:11,-720482.427371024,-720482,-427371024,26,0,2,2299812417.0,137079,8424936,11,0,2
1830384861,2008-01-02 00:14:21,-720481.044257163,-720481,-44257163,26,0,2,2299812417.0,137079,8424936,11,0,2
1830384871,2008-01-02 00:14:31,-720479.530405044,-720479,-530405044,26,0,2,2299812417.0,137079,8424936,11,0,2
1830384881,2008-01-02 00:14:41,-720478.07964611,-720478,-79646110,26,0,2,2299812417.0,137079,8424936,11,0,2
1830384891,2008-01-02 00:14:51,-720476.717023848,-720476,-717023848,26,0,2,2299812417.0,137079,8424936,11,0,2
