time_tag_seconds,record_time,full_observable,observable_int,observable_frac,receiving_station_id,transmitting_station_id,ref_freq_band_id,full_ref_freq,ref_freq_int,ref_freq_frac,data_type_id,data_validity,format_id
1898862636,2010-03-04 13:50:36,468397.434459686,468397,434459686,26,0,2,2299812417.0,137079,8424936,11,0,2
1898862696,2010-03-04 13:51:36,468425.708115578,468425,708115578,26,0,2,2299812417.0,137079,8424936,11,0,2
1898862756,2010-03-04 13:52:36,468451.753824234,468451,753824234,26,0,2,2299812417.0,137079,8424936,11,0,2
1898862816,2010-03-04 13:53:36,468476.025200844,468476,25200844,26,0,2,2299812417.0,137079,8424936,11,0,2
1898862876,2010-03-04 13:54:36,468498.814490318,468498,814490318,26,0,2,2299812417.0,137079,8424936,11,0,2
1898862936,2010-03-04 13:55:36,468520.461531639,468520,461531639,26,0,2,2299812417.0,137079,8424936,11,0,2
1898862996,2010-03-04 13:56:36,468541.322483063,468541,322483063,26,0,2,2299812417.0,137079,8424936,11,0,2
1898863056,2010-03-04 13:57:36,468561.552963257,468561,552963257,26,0,2,2299812417.0,137079,8424936,11,0,2
1898863116,2010-03-04 13:58:36,468581.380866051,468581,380866051,26,0,2,2299812417.0,137079,8424936,11,0,2
1898863176,2010-03-04 13:59:36,468600.758116722,468600,758116722,26,0,2,2299812417.0,137079,8424936,11,0,2
1898863236,2010-03-04 14:00:36,468619.982626915,468619,982626915,26,0,2,2299812417.0,137079,8424936,11,0,2
1898863296,2010-03-04 14:01:36,468638.94998455,468638,949984550,26,0,2,2299812417.0,137079,8424936,11,0,2
1898863356,2010-03-04 14:02:36,468657.802653313,468657,802653313,26,0,2,2299812417.0,137079,8424936,11,0,2
1898863416,2010-03-04 14:03:36,468676.676341057,468676,676341057,26,0,2,2299812417.0,137079,8424936,11,0,2
1898863476,2010-03-04 14:04:36,468695.431995392,468695,431995392,26,0,2,2299812417.0,137079,8424936,11,0,2
1898863536,2010-03-04 14:05:36,468714.046506882,468714,46506882,26,0,2,2299812417.0,137079,8424936,11,0,2
1898863596,2010-03-04 14:06:36,468732.744885445,468732,744885445,26,0,2,2299812417.0,137079,8424936,11,0,2
1898863656,2010-03-04 14:07:36,468751.342488289,468751,342488289,26,0,2,2299812417.0,137079,8424936,11,0,2
1898863716,2010-03-04 14:08:36,468769.882519722,468769,882519722,26,0,2,2299812417.0,137079,8424936,11,0,2
1898863776,2010-03-04 14:09:36,468788.440296173,468788,440296173,26,0,2,2299812417.0,137079,8424936,11,0,2
1898863836,2010-03-04 14:10:36,468806.998305321,468806,998305321,26,0,2,2299812417.0,137079,8424936,11,0,2
1898863896,2010-03-04 14:11:36,468825.713101387,468825,713101387,26,0,2,2299812417.0,137079,8424936,11,0,2
1898863956,2010-03-04 14:12:36,468844.389323235,468844,389323235,26,0,2,2299812417.0,137079,8424936,11,0,2
1898864016,2010-03-04 14:13:36,468863.038868904,468863,38868904,26,0,2,2299812417.0,137079,8424936,11,0,2
1898864076,2010-03-04 14:14:36,468881.782889366,468881,782889366,26,0,2,2299812417.0,137079,8424936,11,0,2
1898864136,2010-03-04 14:15:36,468900.62462616,468900,624626160,26,0,2,2299812417.0,137079,8424936,11,0,2
1898864196,2010-03-04 14:16:36,468919.517288208,468919,517288208,26,0,2,2299812417.0,137079,8424936,11,0,2
1898864256,2010-03-04 14:17:36,468938.446194649,468938,446194649,26,0,2,2299812417.0,137079,8424936,11,0,2
1898864316,2010-03-04 14:18:36,468957.508152008,468957,508152008,26,0,2,2299812417.0,137079,8424936,11,0,2
1898976636,2010-03-05 21:30:36,455587.820940018,455587,820940018,43,0,2,2299812417.0,137079,8424936,11,0,2
1898976696,2010-03-05 21:31:36,455617.324625969,455617,324625969,43,0,2,2299812417.0,137079,8424936,11,0,2
1898976756,2010-03-05 21:32:36,455646.50871563,455646,508715630,43,0,2,2299812417.0,137079,8424936,11,0,2
1898976816,2010-03-05 21:33:36,455675.459423065,455675,459423065,43,0,2,2299812417.0,137079,8424936,11,0,2
1898976876,2010-03-05 21:34:36,455704.245853424,455704,245853424,43,0,2,2299812417.0,137079,8424936,11,0,2
1898976936,2010-03-05 21:35:36,455732.939983368,455732,939983368,43,0,2,2299812417.0,137079,8424936,11,0,2
1898976996,2010-03-05 21:36:36,455761.510399818,455761,510399818,43,0,2,2299812417.0,137079,8424936,11,0,2
1898977056,2010-03-05 21:37:36,455790.044306755,455790,44306755,43,0,2,2299812417.0,137079,8424936,11,0,2
1898977116,2010-03-05 21:38:36,455818.684955597,455818,684955597,43,0,2,2299812417.0,137079,8424936,11,0,2
1898977176,2010-03-05 21:39:36,455847.335367203,455847,335367203,43,0,2,2299812417.0,137079,8424936,11,0,2
1898977236,2010-03-05 21:40:36,455875.842924118,455875,842924118,43,0,2,2299812417.0,137079,8424936,11,0,2
1898977296,2010-03-05 21:41:36,455904.518375397,455904,518375397,43,0,2,2299812417.0,137079,8424936,11,0,2
1898977356,2010-03-05 21:42:36,455933.148941994,455933,148941994,43,0,2,2299812417.0,137079,8424936,11,0,2
1898977416,2010-03-05 21:43:36,455961.840862274,455961,840862274,43,0,2,2299812417.0,137079,8424936,11,0,2
1898977476,2010-03-05 21:44:36,455990.628852844,455990,628852844,43,0,2,2299812417.0,137079,8424936,11,0,2
1898977536,2010-03-05 21:45:36,456019.412637711,456019,412637711,43,0,2,2299812417.0,137079,8424936,11,0,2
1898977596,2010-03-05 21:46:36,456048.274786949,456048,274786949,43,0,2,2299812417.0,137079,8424936,11,0,2
1898977656,2010-03-05 21:47:36,456077.179509163,456077,179509163,43,0,2,2299812417.0,137079,8424936,11,0,2
1898977716,2010-03-05 21:48:36,456106.057422638,456106,57422638,43,0,2,2299812417.0,137079,8424936,11,0,2
1898977776,2010-03-05 21:49:36,456135.036500931,456135,36500931,43,0,2,2299812417.0,137079,8424936,11,0,2
1898977836,2010-03-05 21:50:36,456164.101833344,456164,101833344,43,0,2,2299812417.0,137079,8424936,11,0,2
1898977896,2010-03-05 21:51:36,456193.171505928,456193,171505928,43,0,2,2299812417.0,137079,8424936,11,0,2
1898977956,2010-03-05 21:52:36,456222.31844902,456222,318449020,43,0,2,2299812417.0,137079,8424936,11,0,2
1898978016,2010-03-05 21:53:36,456251.545392036,456251,545392036,43,0,2,2299812417.0,137079,8424936,11,0,2
1898978076,2010-03-05 21:54:36,456280.917542458,456280,917542458,43,0,2,2299812417.0,137079,8424936,11,0,2
1899208283,2010-03-08 13:51:23,426465.881393433,426465,881393433,15,0,2,2299812417.0,137079,8424936,11,0,2
1899208343,2010-03-08 13:52:23,426488.107536316,426488,107536316,15,0,2,2299812417.0,137079,8424936,11,0,2
1899208403,2010-03-08 13:53:23,426508.853599548,426508,853599548,15,0,2,2299812417.0,137079,8424936,11,0,2
1899208463,2010-03-08 13:54:23,426528.407901764,426528,407901764,15,0,2,2299812417.0,137079,8424936,11,0,2
1899208523,2010-03-08 13:55:23,426547.201375961,426547,201375961,15,0,2,2299812417.0,137079,8424936,11,0,2
1899208583,2010-03-08 13:56:23,426565.301255226,426565,301255226,15,0,2,2299812417.0,137079,8424936,11,0,2
1899208643,2010-03-08 13:57:23,426582.876238823,426582,876238823,15,0,2,2299812417.0,137079,8424936,11,0,2
1899208703,2010-03-08 13:58:23,426600.080834389,426600,80834389,15,0,2,2299812417.0,137079,8424936,11,0,2
1899208763,2010-03-08 13:59:23,426617.066367149,426617,66367149,15,0,2,2299812417.0,137079,8424936,11,0,2
1899208823,2010-03-08 14:00:23,426633.899385452,426633,899385452,15,0,2,2299812417.0,137079,8424936,11,0,2
1899208883,2010-03-08 14:01:23,426650.659617424,426650,659617424,15,0,2,2299812417.0,137079,8424936,11,0,2
1899208943,2010-03-08 14:02:23,426667.448257446,426667,448257446,15,0,2,2299812417.0,137079,8424936,11,0,2
1899209003,2010-03-08 14:03:23,426684.162119865,426684,162119865,15,0,2,2299812417.0,137079,8424936,11,0,2
1899209063,2010-03-08 14:04:23,426700.857935905,426700,857935905,15,0,2,2299812417.0,137079,8424936,11,0,2
1899209123,2010-03-08 14:05:23,426717.564592361,426717,564592361,15,0,2,2299812417.0,137079,8424936,11,0,2
1899209183,2010-03-08 14:06:23,426734.385555267,426734,385555267,15,0,2,2299812417.0,137079,8424936,11,0,2
1899209243,2010-03-08 14:07:23,426751.230880737,426751,230880737,15,0,2,2299812417.0,137079,8424936,11,0,2
1899209303,2010-03-08 14:08:23,426768.244981766,426768,244981766,15,0,2,2299812417.0,137079,8424936,11,0,2
1899209363,2010-03-08 14:09:23,426785.287949562,426785,287949562,15,0,2,2299812417.0,137079,8424936,11,0,2
1899209423,2010-03-08 14:10:23,426802.447564125,426802,447564125,15,0,2,2299812417.0,137079,8424936,11,0,2
1899209483,2010-03-08 14:11:23,426819.755566597,426819,755566597,15,0,2,2299812417.0,137079,8424936,11,0,2
1899209543,2010-03-08 14:12:23,426837.16878891,426837,168788910,15,0,2,2299812417.0,137079,8424936,11,0,2
1899209603,2010-03-08 14:13:23,426854.721738815,426854,721738815,15,0,2,2299812417.0,137079,8424936,11,0,2
1899209663,2010-03-08 14:14:23,426872.408327103,426872,408327103,15,0,2,2299812417.0,137079,8424936,11,0,2
1899209723,2010-03-08 14:15:23,426890.206450462,426890,206450462,15,0,2,2299812417.0,137079,8424936,11,0,2
1899209783,2010-03-08 14:16:23,426908.185314178,426908,185314178,15,0,2,2299812417.0,137079,8424936,11,0,2
1899209843,2010-03-08 14:17:23,426926.344350815,426926,344350815,15,0,2,2299812417.0,137079,8424936,11,0,2
1899209903,2010-03-08 14:18:23,426944.644298553,426944,644298553,15,0,2,2299812417.0,137079,8424936,11,0,2
1899209963,2010-03-08 14:19:23,426963.160288811,426963,160288811,15,0,2,2299812417.0,137079,8424936,11,0,2
1899467576,2010-03-11 13:52:56,397963.174803734,397963,174803734,25,0,2,2299812417.0,137079,8424936,11,0,2
1899467636,2010-03-11 13:53:56,397987.661964417,397987,661964417,25,0,2,2299812417.0,137079,8424936,11,0,2
1899467696,2010-03-11 13:54:56,398010.845718384,398010,845718384,25,0,2,2299812417.0,137079,8424936,11,0,2
1899467756,2010-03-11 13:55:56,398033.124461174,398033,124461174,25,0,2,2299812417.0,137079,8424936,11,0,2
1899467816,2010-03-11 13:56:56,398054.708794594,398054,708794594,25,0,2,2299812417.0,137079,8424936,11,0,2
1899467876,2010-03-11 13:57:56,398075.700478554,398075,700478554,25,0,2,2299812417.0,137079,8424936,11,0,2
1899467936,2010-03-11 13:58:56,398096.327596664,398096,327596664,25,0,2,2299812417.0,137079,8424936,11,0,2
1899467996,2010-03-11 13:59:56,398116.665833473,398116,665833473,25,0,2,2299812417.0,137079,8424936,11,0,2
1899468056,2010-03-11 14:00:56,398136.767931938,398136,767931938,25,0,2,2299812417.0,137079,8424936,11,0,2
1899468116,2010-03-11 14:01:56,398156.780035973,398156,780035973,25,0,2,2299812417.0,137079,8424936,11,0,2
1899468176,2010-03-11 14:02:56,398176.670864105,398176,670864105,25,0,2,2299812417.0,137079,8424936,11,0,2
1899468236,2010-03-11 14:03:56,398196.607639313,398196,607639313,25,0,2,2299812417.0,137079,8424936,11,0,2
1899468296,2010-03-11 14:04:56,398216.508384705,398216,508384705,25,0,2,2299812417.0,137079,8424936,11,0,2
1899468356,2010-03-11 14:05:56,398236.286320686,398236,286320686,25,0,2,2299812417.0,137079,8424936,11,0,2
1899468416,2010-03-11 14:06:56,398256.08913517,398256,89135170,25,0,2,2299812417.0,137079,8424936,11,0,2
1899468476,2010-03-11 14:07:56,398275.891217232,398275,891217232,25,0,2,2299812417.0,137079,8424936,11,0,2
1899468536,2010-03-11 14:08:56,398295.766283989,398295,766283989,25,0,2,2299812417.0,137079,8424936,11,0,2
1899468596,2010-03-11 14:09:56,398315.642724991,398315,642724991,25,0,2,2299812417.0,137079,8424936,11,0,2
1899468656,2010-03-11 14:10:56,398335.543243408,398335,543243408,25,0,2,2299812417.0,137079,8424936,11,0,2
1899468716,2010-03-11 14:11:56,398355.562000275,398355,562000275,25,0,2,2299812417.0,137079,8424936,11,0,2
1899468776,2010-03-11 14:12:56,398375.553747177,398375,553747177,25,0,2,2299812417.0,137079,8424936,11,0,2
1899468836,2010-03-11 14:13:56,398395.711187363,398395,711187363,25,0,2,2299812417.0,137079,8424936,11,0,2
1899468896,2010-03-11 14:14:56,398415.876615524,398415,876615524,25,0,2,2299812417.0,137079,8424936,11,0,2
1899468956,2010-03-11 14:15:56,398436.057872772,398436,57872772,25,0,2,2299812417.0,137079,8424936,11,0,2
1899469016,2010-03-11 14:16:56,398456.411071777,398456,411071777,25,0,2,2299812417.0,137079,8424936,11,0,2
1899469076,2010-03-11 14:17:56,398476.820021629,398476,820021629,25,0,2,2299812417.0,137079,8424936,11,0,2
1899469136,2010-03-11 14:18:56,398497.449291229,398497,449291229,25,0,2,2299812417.0,137079,8424936,11,0,2
1899469196,2010-03-11 14:19:56,398518.192059517,398518,192059517,25,0,2,2299812417.0,137079,8424936,11,0,2
1899558037,2010-03-12 15:00:37,390307.404366493,390307,404366493,26,0,2,2299812417.0,137079,8424936,11,0,2
1899558097,2010-03-12 15:01:37,390341.365555763,390341,365555763,26,0,2,2299812417.0,137079,8424936,11,0,2
1899558157,2010-03-12 15:02:37,390374.079212189,390374,79212189,26,0,2,2299812417.0,137079,8424936,11,0,2
1899558217,2010-03-12 15:03:37,390405.605847359,390405,605847359,26,0,2,2299812417.0,137079,8424936,11,0,2
1899558277,2010-03-12 15:04:37,390436.234009743,390436,234009743,26,0,2,2299812417.0,137079,8424936,11,0,2
1899558337,2010-03-12 15:05:37,390465.955870628,390465,955870628,26,0,2,2299812417.0,137079,8424936,11,0,2
1899558397,2010-03-12 15:06:37,390495.133051872,390495,133051872,26,0,2,2299812417.0,137079,8424936,11,0,2
1899558457,2010-03-12 15:07:37,390523.921041489,390523,921041489,26,0,2,2299812417.0,137079,8424936,11,0,2
1899558517,2010-03-12 15:08:37,390552.485794067,390552,485794067,26,0,2,2299812417.0,137079,8424936,11,0,2
1899558577,2010-03-12 15:09:37,390580.858345985,390580,858345985,26,0,2,2299812417.0,137079,8424936,11,0,2
1899558637,2010-03-12 15:10:37,390609.066379547,390609,66379547,26,0,2,2299812417.0,137079,8424936,11,0,2
1899558697,2010-03-12 15:11:37,390637.154074669,390637,154074669,26,0,2,2299812417.0,137079,8424936,11,0,2
1899558757,2010-03-12 15:12:37,390665.16633606,390665,166336060,26,0,2,2299812417.0,137079,8424936,11,0,2
1899558817,2010-03-12 15:13:37,390693.163028717,390693,163028717,26,0,2,2299812417.0,137079,8424936,11,0,2
1899558877,2010-03-12 15:14:37,390721.152503014,390721,152503014,26,0,2,2299812417.0,137079,8424936,11,0,2
1899558937,2010-03-12 15:15:37,390749.165311813,390749,165311813,26,0,2,2299812417.0,137079,8424936,11,0,2
1899558997,2010-03-12 15:16:37,390777.219189644,390777,219189644,26,0,2,2299812417.0,137079,8424936,11,0,2
1899559057,2010-03-12 15:17:37,390805.235900879,390805,235900879,26,0,2,2299812417.0,137079,8424936,11,0,2
1899559117,2010-03-12 15:18:37,390833.380728722,390833,380728722,26,0,2,2299812417.0,137079,8424936,11,0,2
1899559177,2010-03-12 15:19:37,390861.502490044,390861,502490044,26,0,2,2299812417.0,137079,8424936,11,0,2
1899559237,2010-03-12 15:20:37,390889.78830719,390889,788307190,26,0,2,2299812417.0,137079,8424936,11,0,2
1899559297,2010-03-12 15:21:37,390918.149071693,390918,149071693,26,0,2,2299812417.0,137079,8424936,11,0,2
1899559357,2010-03-12 15:22:37,390946.555562973,390946,555562973,26,0,2,2299812417.0,137079,8424936,11,0,2
1899559417,2010-03-12 15:23:37,390975.111133575,390975,111133575,26,0,2,2299812417.0,137079,8424936,11,0,2
1899559477,2010-03-12 15:24:37,391003.747913361,391003,747913361,26,0,2,2299812417.0,137079,8424936,11,0,2
1899559537,2010-03-12 15:25:37,391032.508020401,391032,508020401,26,0,2,2299812417.0,137079,8424936,11,0,2
1899559597,2010-03-12 15:26:37,391061.348643303,391061,348643303,26,0,2,2299812417.0,137079,8424936,11,0,2
1899559657,2010-03-12 15:27:37,391090.337796211,391090,337796211,26,0,2,2299812417.0,137079,8424936,11,0,2
1899559717,2010-03-12 15:28:37,391119.443087578,391119,443087578,26,0,2,2299812417.0,137079,8424936,11,0,2
1899559777,2010-03-12 15:29:37,391148.686882973,391148,686882973,26,0,2,2299812417.0,137079,8424936,11,0,2
1899559837,2010-03-12 15:30:37,391178.119100571,391178,119100571,26,0,2,2299812417.0,137079,8424936,11,0,2
1899813373,2010-03-15 13:56:13,364979.027292252,364979,27292252,26,0,2,2299812417.0,137079,8424936,11,0,2
1899813433,2010-03-15 13:57:13,365002.954885483,365002,954885483,26,0,2,2299812417.0,137079,8424936,11,0,2
1899813493,2010-03-15 13:58:13,365025.501952171,365025,501952171,26,0,2,2299812417.0,137079,8424936,11,0,2
1899813553,2010-03-15 13:59:13,365046.976826668,365046,976826668,26,0,2,2299812417.0,137079,8424936,11,0,2
1899813613,2010-03-15 14:00:13,365067.565776825,365067,565776825,26,0,2,2299812417.0,137079,8424936,11,0,2
1899813673,2010-03-15 14:01:13,365087.544845581,365087,544845581,26,0,2,2299812417.0,137079,8424936,11,0,2
1899813733,2010-03-15 14:02:13,365106.925412178,365106,925412178,26,0,2,2299812417.0,137079,8424936,11,0,2
1899813793,2010-03-15 14:03:13,365126.000774384,365126,774384,26,0,2,2299812417.0,137079,8424936,11,0,2
1899813853,2010-03-15 14:04:13,365144.980271339,365144,980271339,26,0,2,2299812417.0,137079,8424936,11,0,2
1899813913,2010-03-15 14:05:13,365163.754065514,365163,754065514,26,0,2,2299812417.0,137079,8424936,11,0,2
1899813973,2010-03-15 14:06:13,365182.414867401,365182,414867401,26,0,2,2299812417.0,137079,8424936,11,0,2
1899814033,2010-03-15 14:07:13,365201.076981544,365201,76981544,26,0,2,2299812417.0,137079,8424936,11,0,2
1899814093,2010-03-15 14:08:13,365219.652025223,365219,652025223,26,0,2,2299812417.0,137079,8424936,11,0,2
1899814153,2010-03-15 14:09:13,365238.274410248,365238,274410248,26,0,2,2299812417.0,137079,8424936,11,0,2
1899814213,2010-03-15 14:10:13,365256.941159248,365256,941159248,26,0,2,2299812417.0,137079,8424936,11,0,2
1899814273,2010-03-15 14:11:13,365275.656250954,365275,656250954,26,0,2,2299812417.0,137079,8424936,11,0,2
1899814333,2010-03-15 14:12:13,365294.462791443,365294,462791443,26,0,2,2299812417.0,137079,8424936,11,0,2
1899814393,2010-03-15 14:13:13,365313.342950821,365313,342950821,26,0,2,2299812417.0,137079,8424936,11,0,2
1899814453,2010-03-15 14:14:13,365332.286708832,365332,286708832,26,0,2,2299812417.0,137079,8424936,11,0,2
1899814513,2010-03-15 14:15:13,365351.344233513,365351,344233513,26,0,2,2299812417.0,137079,8424936,11,0,2
1899814573,2010-03-15 14:16:13,365370.472643852,365370,472643852,26,0,2,2299812417.0,137079,8424936,11,0,2
1899814633,2010-03-15 14:17:13,365389.760780334,365389,760780334,26,0,2,2299812417.0,137079,8424936,11,0,2
1899814693,2010-03-15 14:18:13,365409.140399933,365409,140399933,26,0,2,2299812417.0,137079,8424936,11,0,2
1899814753,2010-03-15 14:19:13,365428.673347473,365428,673347473,26,0,2,2299812417.0,137079,8424936,11,0,2
1899814813,2010-03-15 14:20:13,365448.320155144,365448,320155144,26,0,2,2299812417.0,137079,8424936,11,0,2
1899814873,2010-03-15 14:21:13,365468.080113411,365468,80113411,26,0,2,2299812417.0,137079,8424936,11,0,2
1899814933,2010-03-15 14:22:13,365488.08837986,365488,88379860,26,0,2,2299812417.0,137079,8424936,11,0,2
1899814993,2010-03-15 14:23:13,365508.176418304,365508,176418304,26,0,2,2299812417.0,137079,8424936,11,0,2
1899815053,2010-03-15 14:24:13,365528.354423523,365528,354423523,26,0,2,2299812417.0,137079,8424936,11,0,2
1899815113,2010-03-15 14:25:13,365548.821930885,365548,821930885,26,0,2,2299812417.0,137079,8424936,11,0,2
1899989986,2010-03-17 14:59:46,351411.414668083,351411,414668083,15,0,2,2299812417.0,137079,8424936,11,0,2
1899990046,2010-03-17 15:00:46,351441.36726284,351441,367262840,15,0,2,2299812417.0,137079,8424936,11,0,2
1899990106,2010-03-17 15:01:46,351470.794381142,351470,794381142,15,0,2,2299812417.0,137079,8424936,11,0,2
1899990166,2010-03-17 15:02:46,351500.017525673,351500,17525673,15,0,2,2299812417.0,137079,8424936,11,0,2
1899990226,2010-03-17 15:03:46,351529.023657799,351529,23657799,15,0,2,2299812417.0,137079,8424936,11,0,2
1899990286,2010-03-17 15:04:46,351557.941719055,351557,941719055,15,0,2,2299812417.0,137079,8424936,11,0,2
1899990346,2010-03-17 15:05:46,351586.90305233,351586,903052330,15,0,2,2299812417.0,137079,8424936,11,0,2
1899990406,2010-03-17 15:06:46,351615.735064507,351615,735064507,15,0,2,2299812417.0,137079,8424936,11,0,2
1899990466,2010-03-17 15:07:46,351644.638072014,351644,638072014,15,0,2,2299812417.0,137079,8424936,11,0,2
1899990526,2010-03-17 15:08:46,351673.532219887,351673,532219887,15,0,2,2299812417.0,137079,8424936,11,0,2
1899990586,2010-03-17 15:09:46,351702.567186356,351702,567186356,15,0,2,2299812417.0,137079,8424936,11,0,2
1899990646,2010-03-17 15:10:46,351731.648591042,351731,648591042,15,0,2,2299812417.0,137079,8424936,11,0,2
1899990706,2010-03-17 15:11:46,351760.836466789,351760,836466789,15,0,2,2299812417.0,137079,8424936,11,0,2
1899990766,2010-03-17 15:12:46,351790.112947464,351790,112947464,15,0,2,2299812417.0,137079,8424936,11,0,2
1899990826,2010-03-17 15:13:46,351819.428608894,351819,428608894,15,0,2,2299812417.0,137079,8424936,11,0,2
1899990886,2010-03-17 15:14:46,351848.831832886,351848,831832886,15,0,2,2299812417.0,137079,8424936,11,0,2
1899990946,2010-03-17 15:15:46,351878.35639286,351878,356392860,15,0,2,2299812417.0,137079,8424936,11,0,2
1899991006,2010-03-17 15:16:46,351908.019544601,351908,19544601,15,0,2,2299812417.0,137079,8424936,11,0,2
1899991066,2010-03-17 15:17:46,351937.733850479,351937,733850479,15,0,2,2299812417.0,137079,8424936,11,0,2
1899991126,2010-03-17 15:18:46,351967.562929153,351967,562929153,15,0,2,2299812417.0,137079,8424936,11,0,2
1899991186,2010-03-17 15:19:46,351997.4560709,351997,456070900,15,0,2,2299812417.0,137079,8424936,11,0,2
1899991246,2010-03-17 15:20:46,352027.647646904,352027,647646904,15,0,2,2299812417.0,137079,8424936,11,0,2
1899991306,2010-03-17 15:21:46,352057.86262989,352057,862629890,15,0,2,2299812417.0,137079,8424936,11,0,2
1899991366,2010-03-17 15:22:46,352088.163594246,352088,163594246,15,0,2,2299812417.0,137079,8424936,11,0,2
1899991426,2010-03-17 15:23:46,352118.660449028,352118,660449028,15,0,2,2299812417.0,137079,8424936,11,0,2
1899991486,2010-03-17 15:24:46,352149.297260284,352149,297260284,15,0,2,2299812417.0,137079,8424936,11,0,2
1899991546,2010-03-17 15:25:46,352180.058516502,352180,58516502,15,0,2,2299812417.0,137079,8424936,11,0,2
1900147236,2010-03-19 10:40:36,346337.318750381,346337,318750381,55,0,2,2299812417.0,137079,8424936,11,0,2
1900147296,2010-03-19 10:41:36,346380.0227108,346380,22710800,55,0,2,2299812417.0,137079,8424936,11,0,2
1900147356,2010-03-19 10:42:36,346422.338315964,346422,338315964,55,0,2,2299812417.0,137079,8424936,11,0,2
1900147416,2010-03-19 10:43:36,346464.252029419,346464,252029419,55,0,2,2299812417.0,137079,8424936,11,0,2
1900147476,2010-03-19 10:44:36,346505.867026329,346505,867026329,55,0,2,2299812417.0,137079,8424936,11,0,2
1900147536,2010-03-19 10:45:36,346547.354627609,346547,354627609,55,0,2,2299812417.0,137079,8424936,11,0,2
1900147596,2010-03-19 10:46:36,346588.715843201,346588,715843201,55,0,2,2299812417.0,137079,8424936,11,0,2
1900147656,2010-03-19 10:47:36,346629.941908836,346629,941908836,55,0,2,2299812417.0,137079,8424936,11,0,2
1900147716,2010-03-19 10:48:36,346671.189430237,346671,189430237,55,0,2,2299812417.0,137079,8424936,11,0,2
1900147776,2010-03-19 10:49:36,346712.386645317,346712,386645317,55,0,2,2299812417.0,137079,8424936,11,0,2
1900147836,2010-03-19 10:50:36,346753.520536423,346753,520536423,55,0,2,2299812417.0,137079,8424936,11,0,2
1900147896,2010-03-19 10:51:36,346794.777858734,346794,777858734,55,0,2,2299812417.0,137079,8424936,11,0,2
1900147956,2010-03-19 10:52:36,346835.955211639,346835,955211639,55,0,2,2299812417.0,137079,8424936,11,0,2
1900148016,2010-03-19 10:53:36,346877.167383194,346877,167383194,55,0,2,2299812417.0,137079,8424936,11,0,2
1900148076,2010-03-19 10:54:36,346918.360045433,346918,360045433,55,0,2,2299812417.0,137079,8424936,11,0,2
1900148136,2010-03-19 10:55:36,346959.651574135,346959,651574135,55,0,2,2299812417.0,137079,8424936,11,0,2
1900148196,2010-03-19 10:56:36,347000.900229454,347000,900229454,55,0,2,2299812417.0,137079,8424936,11,0,2
1900148256,2010-03-19 10:57:36,347042.164888382,347042,164888382,55,0,2,2299812417.0,137079,8424936,11,0,2
1900148316,2010-03-19 10:58:36,347083.450885773,347083,450885773,55,0,2,2299812417.0,137079,8424936,11,0,2
1900148376,2010-03-19 10:59:36,347124.831637383,347124,831637383,55,0,2,2299812417.0,137079,8424936,11,0,2
1900148436,2010-03-19 11:00:36,347166.239923477,347166,239923477,55,0,2,2299812417.0,137079,8424936,11,0,2
1900148496,2010-03-19 11:01:36,347207.722380638,347207,722380638,55,0,2,2299812417.0,137079,8424936,11,0,2
1900148556,2010-03-19 11:02:36,347249.254977226,347249,254977226,55,0,2,2299812417.0,137079,8424936,11,0,2
1900148616,2010-03-19 11:03:36,347290.783466339,347290,783466339,55,0,2,2299812417.0,137079,8424936,11,0,2
1900148676,2010-03-19 11:04:36,347332.388863564,347332,388863564,55,0,2,2299812417.0,137079,8424936,11,0,2
1900148736,2010-03-19 11:05:36,347373.915548325,347373,915548325,55,0,2,2299812417.0,137079,8424936,11,0,2
1900420146,2010-03-22 14:29:06,318441.541544914,318441,541544914,26,0,2,2299812417.0,137079,8424936,11,0,2
1900420206,2010-03-22 14:30:06,318474.660949707,318474,660949707,26,0,2,2299812417.0,137079,8424936,11,0,2
1900420266,2010-03-22 14:31:06,318505.619307518,318505,619307518,26,0,2,2299812417.0,137079,8424936,11,0,2
1900420326,2010-03-22 14:32:06,318535.29565239,318535,295652390,26,0,2,2299812417.0,137079,8424936,11,0,2
1900420386,2010-03-22 14:33:06,318563.742182732,318563,742182732,26,0,2,2299812417.0,137079,8424936,11,0,2
1900420446,2010-03-22 14:34:06,318591.154902458,318591,154902458,26,0,2,2299812417.0,137079,8424936,11,0,2
1900420506,2010-03-22 14:35:06,318617.785750389,318617,785750389,26,0,2,2299812417.0,137079,8424936,11,0,2
1900420566,2010-03-22 14:36:06,318643.843142509,318643,843142509,26,0,2,2299812417.0,137079,8424936,11,0,2
1900420626,2010-03-22 14:37:06,318669.454403877,318669,454403877,26,0,2,2299812417.0,137079,8424936,11,0,2
1900420686,2010-03-22 14:38:06,318694.833971977,318694,833971977,26,0,2,2299812417.0,137079,8424936,11,0,2
1900420746,2010-03-22 14:39:06,318720.128822327,318720,128822327,26,0,2,2299812417.0,137079,8424936,11,0,2
1900420806,2010-03-22 14:40:06,318745.327116966,318745,327116966,26,0,2,2299812417.0,137079,8424936,11,0,2
1900420866,2010-03-22 14:41:06,318770.400762558,318770,400762558,26,0,2,2299812417.0,137079,8424936,11,0,2
1900420926,2010-03-22 14:42:06,318795.574259758,318795,574259758,26,0,2,2299812417.0,137079,8424936,11,0,2
1900420986,2010-03-22 14:43:06,318820.791550636,318820,791550636,26,0,2,2299812417.0,137079,8424936,11,0,2
1900421046,2010-03-22 14:44:06,318845.967294693,318845,967294693,26,0,2,2299812417.0,137079,8424936,11,0,2
1900421106,2010-03-22 14:45:06,318871.253204346,318871,253204346,26,0,2,2299812417.0,137079,8424936,11,0,2
1900421166,2010-03-22 14:46:06,318896.639489174,318896,639489174,26,0,2,2299812417.0,137079,8424936,11,0,2
1900421226,2010-03-22 14:47:06,318922.111130714,318922,111130714,26,0,2,2299812417.0,137079,8424936,11,0,2
1900421286,2010-03-22 14:48:06,318947.712284088,318947,712284088,26,0,2,2299812417.0,137079,8424936,11,0,2
1900421346,2010-03-22 14:49:06,318973.559083939,318973,559083939,26,0,2,2299812417.0,137079,8424936,11,0,2
1900421406,2010-03-22 14:50:06,318999.480786324,318999,480786324,26,0,2,2299812417.0,137079,8424936,11,0,2
1900421466,2010-03-22 14:51:06,319025.645949364,319025,645949364,26,0,2,2299812417.0,137079,8424936,11,0,2
1900421526,2010-03-22 14:52:06,319051.880913734,319051,880913734,26,0,2,2299812417.0,137079,8424936,11,0,2
1900421586,2010-03-22 14:53:06,319078.250126839,319078,250126839,26,0,2,2299812417.0,137079,8424936,11,0,2
1900421646,2010-03-22 14:54:06,319104.838942528,319104,838942528,26,0,2,2299812417.0,137079,8424936,11,0,2
1900421706,2010-03-22 14:55:06,319131.571232796,319131,571232796,26,0,2,2299812417.0,137079,8424936,11,0,2
1900421766,2010-03-22 14:56:06,319158.525733948,319158,525733948,26,0,2,2299812417.0,137079,8424936,11,0,2
1900421826,2010-03-22 14:57:06,319185.703931808,319185,703931808,26,0,2,2299812417.0,137079,8424936,11,0,2
1900421886,2010-03-22 14:58:06,319213.079201698,319213,79201698,26,0,2,2299812417.0,137079,8424936,11,0,2
1900421946,2010-03-22 14:59:06,319240.507118225,319240,507118225,26,0,2,2299812417.0,137079,8424936,11,0,2
1900422006,2010-03-22 15:00:06,319268.225196838,319268,225196838,26,0,2,2299812417.0,137079,8424936,11,0,2
1900422066,2010-03-22 15:01:06,319296.01299572,319296,12995720,26,0,2,2299812417.0,137079,8424936,11,0,2
1900591450,2010-03-24 14:04:10,307221.121200562,307221,121200562,15,0,2,2299812417.0,137079,8424936,11,0,2
1900591510,2010-03-24 14:05:10,307250.150714874,307250,150714874,15,0,2,2299812417.0,137079,8424936,11,0,2
1900591570,2010-03-24 14:06:10,307276.763126373,307276,763126373,15,0,2,2299812417.0,137079,8424936,11,0,2
1900591630,2010-03-24 14:07:10,307301.856636047,307301,856636047,15,0,2,2299812417.0,137079,8424936,11,0,2
1900591690,2010-03-24 14:08:10,307325.494894981,307325,494894981,15,0,2,2299812417.0,137079,8424936,11,0,2
1900591750,2010-03-24 14:09:10,307347.931818008,307347,931818008,15,0,2,2299812417.0,137079,8424936,11,0,2
1900591810,2010-03-24 14:10:10,307369.277528763,307369,277528763,15,0,2,2299812417.0,137079,8424936,11,0,2
1900591870,2010-03-24 14:11:10,307390.174121857,307390,174121857,15,0,2,2299812417.0,137079,8424936,11,0,2
1900591930,2010-03-24 14:12:10,307410.595032692,307410,595032692,15,0,2,2299812417.0,137079,8424936,11,0,2
1900591990,2010-03-24 14:13:10,307430.695914268,307430,695914268,15,0,2,2299812417.0,137079,8424936,11,0,2
1900592050,2010-03-24 14:14:10,307450.675541878,307450,675541878,15,0,2,2299812417.0,137079,8424936,11,0,2
1900592110,2010-03-24 14:15:10,307470.551095009,307470,551095009,15,0,2,2299812417.0,137079,8424936,11,0,2
1900592170,2010-03-24 14:16:10,307490.383687019,307490,383687019,15,0,2,2299812417.0,137079,8424936,11,0,2
1900592230,2010-03-24 14:17:10,307510.358082771,307510,358082771,15,0,2,2299812417.0,137079,8424936,11,0,2
1900592290,2010-03-24 14:18:10,307530.364311218,307530,364311218,15,0,2,2299812417.0,137079,8424936,11,0,2
1900592350,2010-03-24 14:19:10,307550.438369751,307550,438369751,15,0,2,2299812417.0,137079,8424936,11,0,2
1900592410,2010-03-24 14:20:10,307570.632846832,307570,632846832,15,0,2,2299812417.0,137079,8424936,11,0,2
1900592470,2010-03-24 14:21:10,307591.059970856,307591,59970856,15,0,2,2299812417.0,137079,8424936,11,0,2
1900592530,2010-03-24 14:22:10,307611.505331993,307611,505331993,15,0,2,2299812417.0,137079,8424936,11,0,2
1900592590,2010-03-24 14:23:10,307632.175161362,307632,175161362,15,0,2,2299812417.0,137079,8424936,11,0,2
1900592650,2010-03-24 14:24:10,307652.998723984,307652,998723984,15,0,2,2299812417.0,137079,8424936,11,0,2
1900592710,2010-03-24 14:25:10,307673.934556007,307673,934556007,15,0,2,2299812417.0,137079,8424936,11,0,2
1900592770,2010-03-24 14:26:10,307695.0881567,307695,88156700,15,0,2,2299812417.0,137079,8424936,11,0,2
1900592830,2010-03-24 14:27:10,307716.304632187,307716,304632187,15,0,2,2299812417.0,137079,8424936,11,0,2
1900592890,2010-03-24 14:28:10,307737.668623924,307737,668623924,15,0,2,2299812417.0,137079,8424936,11,0,2
1900592950,2010-03-24 14:29:10,307759.266010284,307759,266010284,15,0,2,2299812417.0,137079,8424936,11,0,2
1900593010,2010-03-24 14:30:10,307781.046709061,307781,46709061,15,0,2,2299812417.0,137079,8424936,11,0,2
1900593070,2010-03-24 14:31:10,307802.903828621,307802,903828621,15,0,2,2299812417.0,137079,8424936,11,0,2
1900593130,2010-03-24 14:32:10,307824.920354843,307824,920354843,15,0,2,2299812417.0,137079,8424936,11,0,2
1900593190,2010-03-24 14:33:10,307846.956615448,307846,956615448,15,0,2,2299812417.0,137079,8424936,11,0,2
1900593250,2010-03-24 14:34:10,307869.196806908,307869,196806908,15,0,2,2299812417.0,137079,8424936,11,0,2
1900593310,2010-03-24 14:35:10,307891.502313614,307891,502313614,15,0,2,2299812417.0,137079,8424936,11,0,2
1900593370,2010-03-24 14:36:10,307914.01052475,307914,10524750,15,0,2,2299812417.0,137079,8424936,11,0,2
1900763040,2010-03-26 13:44:00,295244.208922386,295244,208922386,25,0,2,2299812417.0,137079,8424936,11,0,2
1900763100,2010-03-26 13:45:00,295269.085399628,295269,85399628,25,0,2,2299812417.0,137079,8424936,11,0,2
1900763160,2010-03-26 13:46:00,295291.629792213,295291,629792213,25,0,2,2299812417.0,137079,8424936,11,0,2
1900763220,2010-03-26 13:47:00,295313.065822601,295313,65822601,25,0,2,2299812417.0,137079,8424936,11,0,2
1900763280,2010-03-26 13:48:00,295333.399425507,295333,399425507,25,0,2,2299812417.0,137079,8424936,11,0,2
1900763340,2010-03-26 13:49:00,295352.821220398,295352,821220398,25,0,2,2299812417.0,137079,8424936,11,0,2
1900763400,2010-03-26 13:50:00,295371.589557648,295371,589557648,25,0,2,2299812417.0,137079,8424936,11,0,2
1900763460,2010-03-26 13:51:00,295389.956869125,295389,956869125,25,0,2,2299812417.0,137079,8424936,11,0,2
1900763520,2010-03-26 13:52:00,295407.982919693,295407,982919693,25,0,2,2299812417.0,137079,8424936,11,0,2
1900763580,2010-03-26 13:53:00,295425.800154686,295425,800154686,25,0,2,2299812417.0,137079,8424936,11,0,2
1900763640,2010-03-26 13:54:00,295443.603071213,295443,603071213,25,0,2,2299812417.0,137079,8424936,11,0,2
1900763700,2010-03-26 13:55:00,295461.396876335,295461,396876335,25,0,2,2299812417.0,137079,8424936,11,0,2
1900763760,2010-03-26 13:56:00,295479.246542931,295479,246542931,25,0,2,2299812417.0,137079,8424936,11,0,2
1900763820,2010-03-26 13:57:00,295497.184889793,295497,184889793,25,0,2,2299812417.0,137079,8424936,11,0,2
1900763880,2010-03-26 13:58:00,295515.286824226,295515,286824226,25,0,2,2299812417.0,137079,8424936,11,0,2
1900763940,2010-03-26 13:59:00,295533.515288353,295533,515288353,25,0,2,2299812417.0,137079,8424936,11,0,2
1900764000,2010-03-26 14:00:00,295551.934264183,295551,934264183,25,0,2,2299812417.0,137079,8424936,11,0,2
1900764060,2010-03-26 14:01:00,295570.558131218,295570,558131218,25,0,2,2299812417.0,137079,8424936,11,0,2
1900764120,2010-03-26 14:02:00,295589.285349846,295589,285349846,25,0,2,2299812417.0,137079,8424936,11,0,2
1900764180,2010-03-26 14:03:00,295608.299957275,295608,299957275,25,0,2,2299812417.0,137079,8424936,11,0,2
1900764240,2010-03-26 14:04:00,295627.360198021,295627,360198021,25,0,2,2299812417.0,137079,8424936,11,0,2
1900764300,2010-03-26 14:05:00,295646.651307106,295646,651307106,25,0,2,2299812417.0,137079,8424936,11,0,2
1900764360,2010-03-26 14:06:00,295666.146284103,295666,146284103,25,0,2,2299812417.0,137079,8424936,11,0,2
1900764420,2010-03-26 14:07:00,295685.877414703,295685,877414703,25,0,2,2299812417.0,137079,8424936,11,0,2
1900764480,2010-03-26 14:08:00,295705.723052979,295705,723052979,25,0,2,2299812417.0,137079,8424936,11,0,2
1900764540,2010-03-26 14:09:00,295725.74068737,295725,740687370,25,0,2,2299812417.0,137079,8424936,11,0,2
1900764600,2010-03-26 14:10:00,295745.977789879,295745,977789879,25,0,2,2299812417.0,137079,8424936,11,0,2
1900764660,2010-03-26 14:11:00,295766.396047592,295766,396047592,25,0,2,2299812417.0,137079,8424936,11,0,2
1900764720,2010-03-26 14:12:00,295787.021567345,295787,21567345,25,0,2,2299812417.0,137079,8424936,11,0,2
1900764780,2010-03-26 14:13:00,295807.81552887,295807,815528870,25,0,2,2299812417.0,137079,8424936,11,0,2
1900764840,2010-03-26 14:14:00,295828.825259209,295828,825259209,25,0,2,2299812417.0,137079,8424936,11,0,2
1900764900,2010-03-26 14:15:00,295850.071221352,295850,71221352,25,0,2,2299812417.0,137079,8424936,11,0,2
1900764960,2010-03-26 14:16:00,295871.49689579,295871,496895790,25,0,2,2299812417.0,137079,8424936,11,0,2
1900765020,2010-03-26 14:17:00,295893.130596161,295893,130596161,25,0,2,2299812417.0,137079,8424936,11,0,2
1901030394,2010-03-29 15:59:54,284644.557882309,284644,557882309,15,0,2,2299812417.0,137079,8424936,11,0,2
1901030454,2010-03-29 16:00:54,284688.91710186,284688,917101860,15,0,2,2299812417.0,137079,8424936,11,0,2
1901030514,2010-03-29 16:01:54,284731.421800613,284731,421800613,15,0,2,2299812417.0,137079,8424936,11,0,2
1901030574,2010-03-29 16:02:54,284772.538233757,284772,538233757,15,0,2,2299812417.0,137079,8424936,11,0,2
1901030634,2010-03-29 16:03:54,284812.471149445,284812,471149445,15,0,2,2299812417.0,137079,8424936,11,0,2
1901030694,2010-03-29 16:04:54,284851.481751442,284851,481751442,15,0,2,2299812417.0,137079,8424936,11,0,2
1901030754,2010-03-29 16:05:54,284889.709684372,284889,709684372,15,0,2,2299812417.0,137079,8424936,11,0,2
1901030814,2010-03-29 16:06:54,284927.452070236,284927,452070236,15,0,2,2299812417.0,137079,8424936,11,0,2
1901030874,2010-03-29 16:07:54,284964.983854294,284964,983854294,15,0,2,2299812417.0,137079,8424936,11,0,2
1901030934,2010-03-29 16:08:54,285002.34645462,285002,346454620,15,0,2,2299812417.0,137079,8424936,11,0,2
1901030994,2010-03-29 16:09:54,285039.600991249,285039,600991249,15,0,2,2299812417.0,137079,8424936,11,0,2
1901031054,2010-03-29 16:10:54,285076.957841873,285076,957841873,15,0,2,2299812417.0,137079,8424936,11,0,2
1901031114,2010-03-29 16:11:54,285114.275182724,285114,275182724,15,0,2,2299812417.0,137079,8424936,11,0,2
1901031174,2010-03-29 16:12:54,285151.702669144,285151,702669144,15,0,2,2299812417.0,137079,8424936,11,0,2
1901031234,2010-03-29 16:13:54,285189.148509979,285189,148509979,15,0,2,2299812417.0,137079,8424936,11,0,2
1901031294,2010-03-29 16:14:54,285226.774169922,285226,774169922,15,0,2,2299812417.0,137079,8424936,11,0,2
1901031354,2010-03-29 16:15:54,285264.484389305,285264,484389305,15,0,2,2299812417.0,137079,8424936,11,0,2
1901031414,2010-03-29 16:16:54,285302.285743713,285302,285743713,15,0,2,2299812417.0,137079,8424936,11,0,2
1901031474,2010-03-29 16:17:54,285340.11541748,285340,115417480,15,0,2,2299812417.0,137079,8424936,11,0,2
1901031534,2010-03-29 16:18:54,285378.067722321,285378,67722321,15,0,2,2299812417.0,137079,8424936,11,0,2
1901031594,2010-03-29 16:19:54,285416.240550995,285416,240550995,15,0,2,2299812417.0,137079,8424936,11,0,2
1901031654,2010-03-29 16:20:54,285454.407132149,285454,407132149,15,0,2,2299812417.0,137079,8424936,11,0,2
1901031714,2010-03-29 16:21:54,285492.66638279,285492,666382790,15,0,2,2299812417.0,137079,8424936,11,0,2
1901031774,2010-03-29 16:22:54,285531.007017136,285531,7017136,15,0,2,2299812417.0,137079,8424936,11,0,2
1901031834,2010-03-29 16:23:54,285569.445977211,285569,445977211,15,0,2,2299812417.0,137079,8424936,11,0,2
1901031894,2010-03-29 16:24:54,285607.976844788,285607,976844788,15,0,2,2299812417.0,137079,8424936,11,0,2
1901031954,2010-03-29 16:25:54,285646.612621307,285646,612621307,15,0,2,2299812417.0,137079,8424936,11,0,2
1901032014,2010-03-29 16:26:54,285685.333929062,285685,333929062,15,0,2,2299812417.0,137079,8424936,11,0,2
1901032074,2010-03-29 16:27:54,285724.110895157,285724,110895157,15,0,2,2299812417.0,137079,8424936,11,0,2
1901032134,2010-03-29 16:28:54,285762.908281326,285762,908281326,15,0,2,2299812417.0,137079,8424936,11,0,2
1901032194,2010-03-29 16:29:54,285801.75412941,285801,754129410,15,0,2,2299812417.0,137079,8424936,11,0,2
1901032254,2010-03-29 16:30:54,285840.764143944,285840,764143944,15,0,2,2299812417.0,137079,8424936,11,0,2
1901032314,2010-03-29 16:31:54,285879.790409088,285879,790409088,15,0,2,2299812417.0,137079,8424936,11,0,2
1901092153,2010-03-30 09:09:13,282813.752370834,282813,752370834,55,0,2,2299812417.0,137079,8424936,11,0,2
1901092213,2010-03-30 09:10:13,282868.288825989,282868,288825989,55,0,2,2299812417.0,137079,8424936,11,0,2
1901092273,2010-03-30 09:11:13,282919.053161621,282919,53161621,55,0,2,2299812417.0,137079,8424936,11,0,2
1901092333,2010-03-30 09:12:13,282967.342373848,282967,342373848,55,0,2,2299812417.0,137079,8424936,11,0,2
1901092393,2010-03-30 09:13:13,283013.555549622,283013,555549622,55,0,2,2299812417.0,137079,8424936,11,0,2
1901092453,2010-03-30 09:14:13,283058.163080215,283058,163080215,55,0,2,2299812417.0,137079,8424936,11,0,2
1901092513,2010-03-30 09:15:13,283101.619383812,283101,619383812,55,0,2,2299812417.0,137079,8424936,11,0,2
1901092573,2010-03-30 09:16:13,283144.131074905,283144,131074905,55,0,2,2299812417.0,137079,8424936,11,0,2
1901092633,2010-03-30 09:17:13,283186.096135139,283186,96135139,55,0,2,2299812417.0,137079,8424936,11,0,2
1901092693,2010-03-30 09:18:13,283227.621546745,283227,621546745,55,0,2,2299812417.0,137079,8424936,11,0,2
1901092753,2010-03-30 09:19:13,283268.728546143,283268,728546143,55,0,2,2299812417.0,137079,8424936,11,0,2
1901092813,2010-03-30 09:20:13,283309.646176338,283309,646176338,55,0,2,2299812417.0,137079,8424936,11,0,2
1901092873,2010-03-30 09:21:13,283350.473042488,283350,473042488,55,0,2,2299812417.0,137079,8424936,11,0,2
1901092933,2010-03-30 09:22:13,283391.221058846,283391,221058846,55,0,2,2299812417.0,137079,8424936,11,0,2
1901092993,2010-03-30 09:23:13,283431.948563576,283431,948563576,55,0,2,2299812417.0,137079,8424936,11,0,2
1901093053,2010-03-30 09:24:13,283472.685052872,283472,685052872,55,0,2,2299812417.0,137079,8424936,11,0,2
1901093113,2010-03-30 09:25:13,283513.329769135,283513,329769135,55,0,2,2299812417.0,137079,8424936,11,0,2
1901093173,2010-03-30 09:26:13,283553.979676247,283553,979676247,55,0,2,2299812417.0,137079,8424936,11,0,2
1901093233,2010-03-30 09:27:13,283594.720451355,283594,720451355,55,0,2,2299812417.0,137079,8424936,11,0,2
1901093293,2010-03-30 09:28:13,283635.461839676,283635,461839676,55,0,2,2299812417.0,137079,8424936,11,0,2
1901093353,2010-03-30 09:29:13,283676.188332558,283676,188332558,55,0,2,2299812417.0,137079,8424936,11,0,2
1901093413,2010-03-30 09:30:13,283716.893352509,283716,893352509,55,0,2,2299812417.0,137079,8424936,11,0,2
1901093473,2010-03-30 09:31:13,283757.670693398,283757,670693398,55,0,2,2299812417.0,137079,8424936,11,0,2
1901093533,2010-03-30 09:32:13,283798.400369644,283798,400369644,55,0,2,2299812417.0,137079,8424936,11,0,2
1901093593,2010-03-30 09:33:13,283839.214839935,283839,214839935,55,0,2,2299812417.0,137079,8424936,11,0,2
1901093653,2010-03-30 09:34:13,283880.041210175,283880,41210175,55,0,2,2299812417.0,137079,8424936,11,0,2
1901093713,2010-03-30 09:35:13,283920.809978485,283920,809978485,55,0,2,2299812417.0,137079,8424936,11,0,2
1901093773,2010-03-30 09:36:13,283961.558164597,283961,558164597,55,0,2,2299812417.0,137079,8424936,11,0,2
1901093833,2010-03-30 09:37:13,284002.352478027,284002,352478027,55,0,2,2299812417.0,137079,8424936,11,0,2
1901093893,2010-03-30 09:38:13,284043.129183769,284043,129183769,55,0,2,2299812417.0,137079,8424936,11,0,2
1901093953,2010-03-30 09:39:13,284083.869862556,284083,869862556,55,0,2,2299812417.0,137079,8424936,11,0,2
1901094013,2010-03-30 09:40:13,284124.600400925,284124,600400925,55,0,2,2299812417.0,137079,8424936,11,0,2
1901094073,2010-03-30 09:41:13,284165.293157578,284165,293157578,55,0,2,2299812417.0,137079,8424936,11,0,2
1901094133,2010-03-30 09:42:13,284205.973535538,284205,973535538,55,0,2,2299812417.0,137079,8424936,11,0,2
1901202264,2010-03-31 15:44:24,273471.724010468,273471,724010468,25,0,2,2299812417.0,137079,8424936,11,0,2
1901202324,2010-03-31 15:45:24,273513.999497414,273513,999497414,25,0,2,2299812417.0,137079,8424936,11,0,2
1901202384,2010-03-31 15:46:24,273554.177960396,273554,177960396,25,0,2,2299812417.0,137079,8424936,11,0,2
1901202444,2010-03-31 15:47:24,273592.85477829,273592,854778290,25,0,2,2299812417.0,137079,8424936,11,0,2
1901202504,2010-03-31 15:48:24,273630.266122818,273630,266122818,25,0,2,2299812417.0,137079,8424936,11,0,2
1901202564,2010-03-31 15:49:24,273666.563147545,273666,563147545,25,0,2,2299812417.0,137079,8424936,11,0,2
1901202624,2010-03-31 15:50:24,273702.151918411,273702,151918411,25,0,2,2299812417.0,137079,8424936,11,0,2
1901202684,2010-03-31 15:51:24,273737.062655449,273737,62655449,25,0,2,2299812417.0,137079,8424936,11,0,2
1901202744,2010-03-31 15:52:24,273771.513034821,273771,513034821,25,0,2,2299812417.0,137079,8424936,11,0,2
1901202804,2010-03-31 15:53:24,273805.608019829,273805,608019829,25,0,2,2299812417.0,137079,8424936,11,0,2
1901202864,2010-03-31 15:54:24,273839.52751255,273839,527512550,25,0,2,2299812417.0,137079,8424936,11,0,2
1901202924,2010-03-31 15:55:24,273873.326294899,273873,326294899,25,0,2,2299812417.0,137079,8424936,11,0,2
1901202984,2010-03-31 15:56:24,273907.024726868,273907,24726868,25,0,2,2299812417.0,137079,8424936,11,0,2
1901203044,2010-03-31 15:57:24,273940.598168373,273940,598168373,25,0,2,2299812417.0,137079,8424936,11,0,2
1901203104,2010-03-31 15:58:24,273974.126505852,273974,126505852,25,0,2,2299812417.0,137079,8424936,11,0,2
1901203164,2010-03-31 15:59:24,274007.683115005,274007,683115005,25,0,2,2299812417.0,137079,8424936,11,0,2
1901203224,2010-03-31 16:00:24,274041.277793884,274041,277793884,25,0,2,2299812417.0,137079,8424936,11,0,2
1901203284,2010-03-31 16:01:24,274074.830260277,274074,830260277,25,0,2,2299812417.0,137079,8424936,11,0,2
1901203344,2010-03-31 16:02:24,274108.466236115,274108,466236115,25,0,2,2299812417.0,137079,8424936,11,0,2
1901203404,2010-03-31 16:03:24,274142.024730682,274142,24730682,25,0,2,2299812417.0,137079,8424936,11,0,2
1901203464,2010-03-31 16:04:24,274175.64819622,274175,648196220,25,0,2,2299812417.0,137079,8424936,11,0,2
1901203524,2010-03-31 16:05:24,274209.348658562,274209,348658562,25,0,2,2299812417.0,137079,8424936,11,0,2
1901203584,2010-03-31 16:06:24,274243.007925034,274243,7925034,25,0,2,2299812417.0,137079,8424936,11,0,2
1901203644,2010-03-31 16:07:24,274276.807323456,274276,807323456,25,0,2,2299812417.0,137079,8424936,11,0,2
1901203704,2010-03-31 16:08:24,274310.660306931,274310,660306931,25,0,2,2299812417.0,137079,8424936,11,0,2
1901203764,2010-03-31 16:09:24,274344.469364166,274344,469364166,25,0,2,2299812417.0,137079,8424936,11,0,2
1901203824,2010-03-31 16:10:24,274378.464888573,274378,464888573,25,0,2,2299812417.0,137079,8424936,11,0,2
1901203884,2010-03-31 16:11:24,274412.527950287,274412,527950287,25,0,2,2299812417.0,137079,8424936,11,0,2
1901203944,2010-03-31 16:12:24,274446.617946625,274446,617946625,25,0,2,2299812417.0,137079,8424936,11,0,2
1901204004,2010-03-31 16:13:24,274480.798345566,274480,798345566,25,0,2,2299812417.0,137079,8424936,11,0,2
1901204064,2010-03-31 16:14:24,274515.05460453,274515,54604530,25,0,2,2299812417.0,137079,8424936,11,0,2
1901204124,2010-03-31 16:15:24,274549.39073658,274549,390736580,25,0,2,2299812417.0,137079,8424936,11,0,2
1901204184,2010-03-31 16:16:24,274583.840449333,274583,840449333,25,0,2,2299812417.0,137079,8424936,11,0,2
1901204244,2010-03-31 16:17:24,274618.339450836,274618,339450836,25,0,2,2299812417.0,137079,8424936,11,0,2
1901367860,2010-04-02 13:44:20,260850.273392677,260850,273392677,26,0,2,2299812417.0,137079,8424936,11,0,2
1901367920,2010-04-02 13:45:20,260872.844630241,260872,844630241,26,0,2,2299812417.0,137079,8424936,11,0,2
1901367980,2010-04-02 13:46:20,260892.628460884,260892,628460884,26,0,2,2299812417.0,137079,8424936,11,0,2
1901368040,2010-04-02 13:47:20,260910.555352211,260910,555352211,26,0,2,2299812417.0,137079,8424936,11,0,2
1901368100,2010-04-02 13:48:20,260926.955071449,260926,955071449,26,0,2,2299812417.0,137079,8424936,11,0,2
1901368160,2010-04-02 13:49:20,260942.094887733,260942,94887733,26,0,2,2299812417.0,137079,8424936,11,0,2
1901368220,2010-04-02 13:50:20,260956.335306168,260956,335306168,26,0,2,2299812417.0,137079,8424936,11,0,2
1901368280,2010-04-02 13:51:20,260969.874925613,260969,874925613,26,0,2,2299812417.0,137079,8424936,11,0,2
1901368340,2010-04-02 13:52:20,260982.92732811,260982,927328110,26,0,2,2299812417.0,137079,8424936,11,0,2
1901368400,2010-04-02 13:53:20,260995.761094093,260995,761094093,26,0,2,2299812417.0,137079,8424936,11,0,2
1901368460,2010-04-02 13:54:20,261008.406536102,261008,406536102,26,0,2,2299812417.0,137079,8424936,11,0,2
1901368520,2010-04-02 13:55:20,261020.964412689,261020,964412689,26,0,2,2299812417.0,137079,8424936,11,0,2
1901368580,2010-04-02 13:56:20,261033.461607933,261033,461607933,26,0,2,2299812417.0,137079,8424936,11,0,2
1901368640,2010-04-02 13:57:20,261045.97568512,261045,975685120,26,0,2,2299812417.0,137079,8424936,11,0,2
1901368700,2010-04-02 13:58:20,261058.663508415,261058,663508415,26,0,2,2299812417.0,137079,8424936,11,0,2
1901368760,2010-04-02 13:59:20,261071.479651451,261071,479651451,26,0,2,2299812417.0,137079,8424936,11,0,2
1901368820,2010-04-02 14:00:20,261084.351471901,261084,351471901,26,0,2,2299812417.0,137079,8424936,11,0,2
1901368880,2010-04-02 14:01:20,261097.401520729,261097,401520729,26,0,2,2299812417.0,137079,8424936,11,0,2
1901368940,2010-04-02 14:02:20,261110.603816032,261110,603816032,26,0,2,2299812417.0,137079,8424936,11,0,2
1901369000,2010-04-02 14:03:20,261123.888716698,261123,888716698,26,0,2,2299812417.0,137079,8424936,11,0,2
1901369060,2010-04-02 14:04:20,261137.331735611,261137,331735611,26,0,2,2299812417.0,137079,8424936,11,0,2
1901369120,2010-04-02 14:05:20,261150.943252563,261150,943252563,26,0,2,2299812417.0,137079,8424936,11,0,2
1901369180,2010-04-02 14:06:20,261164.772638321,261164,772638321,26,0,2,2299812417.0,137079,8424936,11,0,2
1901369240,2010-04-02 14:07:20,261178.693331718,261178,693331718,26,0,2,2299812417.0,137079,8424936,11,0,2
1901369300,2010-04-02 14:08:20,261192.773290634,261192,773290634,26,0,2,2299812417.0,137079,8424936,11,0,2
1901369360,2010-04-02 14:09:20,261207.042990685,261207,42990685,26,0,2,2299812417.0,137079,8424936,11,0,2
1901369420,2010-04-02 14:10:20,261221.306789398,261221,306789398,26,0,2,2299812417.0,137079,8424936,11,0,2
1901369480,2010-04-02 14:11:20,261235.839288712,261235,839288712,26,0,2,2299812417.0,137079,8424936,11,0,2
1901369540,2010-04-02 14:12:20,261250.506135941,261250,506135941,26,0,2,2299812417.0,137079,8424936,11,0,2
1901369600,2010-04-02 14:13:20,261265.298257828,261265,298257828,26,0,2,2299812417.0,137079,8424936,11,0,2
1901369660,2010-04-02 14:14:20,261280.180604935,261280,180604935,26,0,2,2299812417.0,137079,8424936,11,0,2
1901369720,2010-04-02 14:15:20,261295.141609192,261295,141609192,26,0,2,2299812417.0,137079,8424936,11,0,2
1901369780,2010-04-02 14:16:20,261310.416511536,261310,416511536,26,0,2,2299812417.0,137079,8424936,11,0,2
1901369840,2010-04-02 14:17:20,261325.832019806,261325,832019806,26,0,2,2299812417.0,137079,8424936,11,0,2
1902243306,2010-04-12 16:55:06,179918.114103317,179918,114103317,26,0,2,2299812417.0,137079,8424936,11,0,2
1902243366,2010-04-12 16:56:06,179967.638785362,179967,638785362,26,0,2,2299812417.0,137079,8424936,11,0,2
1902243426,2010-04-12 16:57:06,180014.247495651,180014,247495651,26,0,2,2299812417.0,137079,8424936,11,0,2
1902243486,2010-04-12 16:58:06,180058.671736717,180058,671736717,26,0,2,2299812417.0,137079,8424936,11,0,2
1902243546,2010-04-12 16:59:06,180101.309653282,180101,309653282,26,0,2,2299812417.0,137079,8424936,11,0,2
1902243606,2010-04-12 17:00:06,180142.502223969,180142,502223969,26,0,2,2299812417.0,137079,8424936,11,0,2
1902243666,2010-04-12 17:01:06,180182.817409515,180182,817409515,26,0,2,2299812417.0,137079,8424936,11,0,2
1902243726,2010-04-12 17:02:06,180222.27441597,180222,274415970,26,0,2,2299812417.0,137079,8424936,11,0,2
1902243786,2010-04-12 17:03:06,180261.228096962,180261,228096962,26,0,2,2299812417.0,137079,8424936,11,0,2
1902243846,2010-04-12 17:04:06,180299.663205147,180299,663205147,26,0,2,2299812417.0,137079,8424936,11,0,2
1902243906,2010-04-12 17:05:06,180337.811401367,180337,811401367,26,0,2,2299812417.0,137079,8424936,11,0,2
1902243966,2010-04-12 17:06:06,180375.755208015,180375,755208015,26,0,2,2299812417.0,137079,8424936,11,0,2
1902244026,2010-04-12 17:07:06,180413.487630844,180413,487630844,26,0,2,2299812417.0,137079,8424936,11,0,2
1902244086,2010-04-12 17:08:06,180451.167800903,180451,167800903,26,0,2,2299812417.0,137079,8424936,11,0,2
1902244146,2010-04-12 17:09:06,180488.631874084,180488,631874084,26,0,2,2299812417.0,137079,8424936,11,0,2
1902244206,2010-04-12 17:10:06,180525.964631081,180525,964631081,26,0,2,2299812417.0,137079,8424936,11,0,2
1902244266,2010-04-12 17:11:06,180563.215296745,180563,215296745,26,0,2,2299812417.0,137079,8424936,11,0,2
1902244326,2010-04-12 17:12:06,180600.431502342,180600,431502342,26,0,2,2299812417.0,137079,8424936,11,0,2
1902244386,2010-04-12 17:13:06,180637.6659832,180637,665983200,26,0,2,2299812417.0,137079,8424936,11,0,2
1902244446,2010-04-12 17:14:06,180674.827753067,180674,827753067,26,0,2,2299812417.0,137079,8424936,11,0,2
1902244506,2010-04-12 17:15:06,180711.878468513,180711,878468513,26,0,2,2299812417.0,137079,8424936,11,0,2
1902244566,2010-04-12 17:16:06,180748.91544342,180748,915443420,26,0,2,2299812417.0,137079,8424936,11,0,2
1902244626,2010-04-12 17:17:06,180785.933555603,180785,933555603,26,0,2,2299812417.0,137079,8424936,11,0,2
1902244686,2010-04-12 17:18:06,180822.919439316,180822,919439316,26,0,2,2299812417.0,137079,8424936,11,0,2
1902244746,2010-04-12 17:19:06,180859.921722412,180859,921722412,26,0,2,2299812417.0,137079,8424936,11,0,2
1902244806,2010-04-12 17:20:06,180896.942764282,180896,942764282,26,0,2,2299812417.0,137079,8424936,11,0,2
1902244866,2010-04-12 17:21:06,180933.993278503,180933,993278503,26,0,2,2299812417.0,137079,8424936,11,0,2
1902244926,2010-04-12 17:22:06,180971.067290306,180971,67290306,26,0,2,2299812417.0,137079,8424936,11,0,2
1902244986,2010-04-12 17:23:06,181008.117339134,181008,117339134,26,0,2,2299812417.0,137079,8424936,11,0,2
1902245046,2010-04-12 17:24:06,181045.249867439,181045,249867439,26,0,2,2299812417.0,137079,8424936,11,0,2
1902245106,2010-04-12 17:25:06,181082.359127045,181082,359127045,26,0,2,2299812417.0,137079,8424936,11,0,2
1902245166,2010-04-12 17:26:06,181119.504498482,181119,504498482,26,0,2,2299812417.0,137079,8424936,11,0,2
1902245226,2010-04-12 17:27:06,181156.746109009,181156,746109009,26,0,2,2299812417.0,137079,8424936,11,0,2
1902245286,2010-04-12 17:28:06,181194.103887558,181194,103887558,26,0,2,2299812417.0,137079,8424936,11,0,2
1902326274,2010-04-13 15:57:54,165681.739483833,165681,739483833,25,0,2,2299812417.0,137079,8424936,11,0,2
1902326334,2010-04-13 15:58:54,165715.197813988,165715,197813988,25,0,2,2299812417.0,137079,8424936,11,0,2
1902326394,2010-04-13 15:59:54,165747.251511574,165747,251511574,25,0,2,2299812417.0,137079,8424936,11,0,2
1902326454,2010-04-13 16:00:54,165778.371518135,165778,371518135,25,0,2,2299812417.0,137079,8424936,11,0,2
1902326514,2010-04-13 16:01:54,165808.669124603,165808,669124603,25,0,2,2299812417.0,137079,8424936,11,0,2
1902326574,2010-04-13 16:02:54,165838.491927147,165838,491927147,25,0,2,2299812417.0,137079,8424936,11,0,2
1902326634,2010-04-13 16:03:54,165867.885725975,165867,885725975,25,0,2,2299812417.0,137079,8424936,11,0,2
1902326694,2010-04-13 16:04:54,165897.105467796,165897,105467796,25,0,2,2299812417.0,137079,8424936,11,0,2
1902326754,2010-04-13 16:05:54,165926.014764786,165926,14764786,25,0,2,2299812417.0,137079,8424936,11,0,2
1902326814,2010-04-13 16:06:54,165954.800070763,165954,800070763,25,0,2,2299812417.0,137079,8424936,11,0,2
1902326874,2010-04-13 16:07:54,165983.474002838,165983,474002838,25,0,2,2299812417.0,137079,8424936,11,0,2
1902326934,2010-04-13 16:08:54,166012.049995422,166012,49995422,25,0,2,2299812417.0,137079,8424936,11,0,2
1902326994,2010-04-13 16:09:54,166040.569943428,166040,569943428,25,0,2,2299812417.0,137079,8424936,11,0,2
1902327054,2010-04-13 16:10:54,166069.041152954,166069,41152954,25,0,2,2299812417.0,137079,8424936,11,0,2
1902327114,2010-04-13 16:11:54,166097.396783829,166097,396783829,25,0,2,2299812417.0,137079,8424936,11,0,2
1902327174,2010-04-13 16:12:54,166125.801499367,166125,801499367,25,0,2,2299812417.0,137079,8424936,11,0,2
1902327234,2010-04-13 16:13:54,166154.212546349,166154,212546349,25,0,2,2299812417.0,137079,8424936,11,0,2
1902327294,2010-04-13 16:14:54,166182.556731224,166182,556731224,25,0,2,2299812417.0,137079,8424936,11,0,2
1902327354,2010-04-13 16:15:54,166210.876563072,166210,876563072,25,0,2,2299812417.0,137079,8424936,11,0,2
1902327414,2010-04-13 16:16:54,166239.292359352,166239,292359352,25,0,2,2299812417.0,137079,8424936,11,0,2
1902327474,2010-04-13 16:17:54,166267.682594299,166267,682594299,25,0,2,2299812417.0,137079,8424936,11,0,2
1902327534,2010-04-13 16:18:54,166296.072788239,166296,72788239,25,0,2,2299812417.0,137079,8424936,11,0,2
1902327594,2010-04-13 16:19:54,166324.552097321,166324,552097321,25,0,2,2299812417.0,137079,8424936,11,0,2
1902327654,2010-04-13 16:20:54,166352.944092751,166352,944092751,25,0,2,2299812417.0,137079,8424936,11,0,2
1902327714,2010-04-13 16:21:54,166381.460969925,166381,460969925,25,0,2,2299812417.0,137079,8424936,11,0,2
1902327774,2010-04-13 16:22:54,166410.018247604,166410,18247604,25,0,2,2299812417.0,137079,8424936,11,0,2
1902327834,2010-04-13 16:23:54,166438.660708427,166438,660708427,25,0,2,2299812417.0,137079,8424936,11,0,2
1902327894,2010-04-13 16:24:54,166467.359874725,166467,359874725,25,0,2,2299812417.0,137079,8424936,11,0,2
1902327954,2010-04-13 16:25:54,166496.040117264,166496,40117264,25,0,2,2299812417.0,137079,8424936,11,0,2
1902328014,2010-04-13 16:26:54,166524.791592598,166524,791592598,25,0,2,2299812417.0,137079,8424936,11,0,2
1902328074,2010-04-13 16:27:54,166553.653036118,166553,653036118,25,0,2,2299812417.0,137079,8424936,11,0,2
1902394182,2010-04-14 10:49:42,159435.200817108,159435,200817108,55,0,2,2299812417.0,137079,8424936,11,0,2
1902394242,2010-04-14 10:50:42,159485.709586143,159485,709586143,55,0,2,2299812417.0,137079,8424936,11,0,2
1902394302,2010-04-14 10:51:42,159532.450638771,159532,450638771,55,0,2,2299812417.0,137079,8424936,11,0,2
1902394362,2010-04-14 10:52:42,159576.673905373,159576,673905373,55,0,2,2299812417.0,137079,8424936,11,0,2
1902394422,2010-04-14 10:53:42,159618.928823471,159618,928823471,55,0,2,2299812417.0,137079,8424936,11,0,2
1902394482,2010-04-14 10:54:42,159659.656399727,159659,656399727,55,0,2,2299812417.0,137079,8424936,11,0,2
1902394542,2010-04-14 10:55:42,159699.279741287,159699,279741287,55,0,2,2299812417.0,137079,8424936,11,0,2
1902394602,2010-04-14 10:56:42,159738.070188522,159738,70188522,55,0,2,2299812417.0,137079,8424936,11,0,2
1902394662,2010-04-14 10:57:42,159776.287996292,159776,287996292,55,0,2,2299812417.0,137079,8424936,11,0,2
1902394722,2010-04-14 10:58:42,159814.006347656,159814,6347656,55,0,2,2299812417.0,137079,8424936,11,0,2
1902394782,2010-04-14 10:59:42,159851.406525612,159851,406525612,55,0,2,2299812417.0,137079,8424936,11,0,2
1902394842,2010-04-14 11:00:42,159888.574924469,159888,574924469,55,0,2,2299812417.0,137079,8424936,11,0,2
1902394902,2010-04-14 11:01:42,159925.564055443,159925,564055443,55,0,2,2299812417.0,137079,8424936,11,0,2
1902394962,2010-04-14 11:02:42,159962.316074371,159962,316074371,55,0,2,2299812417.0,137079,8424936,11,0,2
1902395022,2010-04-14 11:03:42,159999.019111633,159999,19111633,55,0,2,2299812417.0,137079,8424936,11,0,2
1902395082,2010-04-14 11:04:42,160035.606915474,160035,606915474,55,0,2,2299812417.0,137079,8424936,11,0,2
1902395142,2010-04-14 11:05:42,160072.104730606,160072,104730606,55,0,2,2299812417.0,137079,8424936,11,0,2
1902395202,2010-04-14 11:06:42,160108.487526894,160108,487526894,55,0,2,2299812417.0,137079,8424936,11,0,2
1902395262,2010-04-14 11:07:42,160144.877544403,160144,877544403,55,0,2,2299812417.0,137079,8424936,11,0,2
1902395322,2010-04-14 11:08:42,160181.140324593,160181,140324593,55,0,2,2299812417.0,137079,8424936,11,0,2
1902395382,2010-04-14 11:09:42,160217.38380146,160217,383801460,55,0,2,2299812417.0,137079,8424936,11,0,2
1902395442,2010-04-14 11:10:42,160253.537396431,160253,537396431,55,0,2,2299812417.0,137079,8424936,11,0,2
1902395502,2010-04-14 11:11:42,160289.505038261,160289,505038261,55,0,2,2299812417.0,137079,8424936,11,0,2
1902395562,2010-04-14 11:12:42,160325.5304842,160325,530484200,55,0,2,2299812417.0,137079,8424936,11,0,2
1902395622,2010-04-14 11:13:42,160361.371575356,160361,371575356,55,0,2,2299812417.0,137079,8424936,11,0,2
1902395682,2010-04-14 11:14:42,160397.237627983,160397,237627983,55,0,2,2299812417.0,137079,8424936,11,0,2
1902395742,2010-04-14 11:15:42,160432.984287262,160432,984287262,55,0,2,2299812417.0,137079,8424936,11,0,2
1902395802,2010-04-14 11:16:42,160468.719981194,160468,719981194,55,0,2,2299812417.0,137079,8424936,11,0,2
1902395862,2010-04-14 11:17:42,160504.381771088,160504,381771088,55,0,2,2299812417.0,137079,8424936,11,0,2
1902395922,2010-04-14 11:18:42,160539.932840347,160539,932840347,55,0,2,2299812417.0,137079,8424936,11,0,2
1902395982,2010-04-14 11:19:42,160575.337511063,160575,337511063,55,0,2,2299812417.0,137079,8424936,11,0,2
1902396042,2010-04-14 11:20:42,160610.832843781,160610,832843781,55,0,2,2299812417.0,137079,8424936,11,0,2
1902396102,2010-04-14 11:21:42,160646.19702816,160646,197028160,55,0,2,2299812417.0,137079,8424936,11,0,2
1902396162,2010-04-14 11:22:42,160681.474496841,160681,474496841,55,0,2,2299812417.0,137079,8424936,11,0,2
1902524425,2010-04-15 23:00:25,128018.027050018,128018,27050018,34,0,2,2299812417.0,137079,8424936,11,0,2
1902524485,2010-04-15 23:01:25,128052.506389618,128052,506389618,34,0,2,2299812417.0,137079,8424936,11,0,2
1902524545,2010-04-15 23:02:25,128084.987143517,128084,987143517,34,0,2,2299812417.0,137079,8424936,11,0,2
1902524605,2010-04-15 23:03:25,128116.03020668,128116,30206680,34,0,2,2299812417.0,137079,8424936,11,0,2
1902524665,2010-04-15 23:04:25,128145.847710609,128145,847710609,34,0,2,2299812417.0,137079,8424936,11,0,2
1902524725,2010-04-15 23:05:25,128174.736847878,128174,736847878,34,0,2,2299812417.0,137079,8424936,11,0,2
1902524785,2010-04-15 23:06:25,128202.977719307,128202,977719307,34,0,2,2299812417.0,137079,8424936,11,0,2
1902524845,2010-04-15 23:07:25,128230.808577538,128230,808577538,34,0,2,2299812417.0,137079,8424936,11,0,2
1902524905,2010-04-15 23:08:25,128258.13092804,128258,130928040,34,0,2,2299812417.0,137079,8424936,11,0,2
1902524965,2010-04-15 23:09:25,128285.217996597,128285,217996597,34,0,2,2299812417.0,137079,8424936,11,0,2
1902525025,2010-04-15 23:10:25,128312.194074631,128312,194074631,34,0,2,2299812417.0,137079,8424936,11,0,2
1902525085,2010-04-15 23:11:25,128339.012138367,128339,12138367,34,0,2,2299812417.0,137079,8424936,11,0,2
1902525145,2010-04-15 23:12:25,128365.744391441,128365,744391441,34,0,2,2299812417.0,137079,8424936,11,0,2
1902525205,2010-04-15 23:13:25,128392.410479546,128392,410479546,34,0,2,2299812417.0,137079,8424936,11,0,2
1902525265,2010-04-15 23:14:25,128418.992796898,128418,992796898,34,0,2,2299812417.0,137079,8424936,11,0,2
1902525325,2010-04-15 23:15:25,128445.558359146,128445,558359146,34,0,2,2299812417.0,137079,8424936,11,0,2
1902525385,2010-04-15 23:16:25,128472.147306442,128472,147306442,34,0,2,2299812417.0,137079,8424936,11,0,2
1902525445,2010-04-15 23:17:25,128498.773820877,128498,773820877,34,0,2,2299812417.0,137079,8424936,11,0,2
1902525505,2010-04-15 23:18:25,128525.349594116,128525,349594116,34,0,2,2299812417.0,137079,8424936,11,0,2
1902525565,2010-04-15 23:19:25,128551.925348282,128551,925348282,34,0,2,2299812417.0,137079,8424936,11,0,2
1902525625,2010-04-15 23:20:25,128578.595667839,128578,595667839,34,0,2,2299812417.0,137079,8424936,11,0,2
1902525685,2010-04-15 23:21:25,128605.295416832,128605,295416832,34,0,2,2299812417.0,137079,8424936,11,0,2
1902525745,2010-04-15 23:22:25,128632.082652092,128632,82652092,34,0,2,2299812417.0,137079,8424936,11,0,2
1902525805,2010-04-15 23:23:25,128658.817815781,128658,817815781,34,0,2,2299812417.0,137079,8424936,11,0,2
1902525865,2010-04-15 23:24:25,128685.648884773,128685,648884773,34,0,2,2299812417.0,137079,8424936,11,0,2
1902525925,2010-04-15 23:25:25,128712.676697731,128712,676697731,34,0,2,2299812417.0,137079,8424936,11,0,2
1902525985,2010-04-15 23:26:25,128739.768136024,128739,768136024,34,0,2,2299812417.0,137079,8424936,11,0,2
1902526045,2010-04-15 23:27:25,128766.939928055,128766,939928055,34,0,2,2299812417.0,137079,8424936,11,0,2
1902526105,2010-04-15 23:28:25,128794.178864479,128794,178864479,34,0,2,2299812417.0,137079,8424936,11,0,2
1902526165,2010-04-15 23:29:25,128821.496376038,128821,496376038,34,0,2,2299812417.0,137079,8424936,11,0,2
1902526225,2010-04-15 23:30:25,128848.957146645,128848,957146645,34,0,2,2299812417.0,137079,8424936,11,0,2
1902526285,2010-04-15 23:31:25,128876.501842499,128876,501842499,34,0,2,2299812417.0,137079,8424936,11,0,2
1902526345,2010-04-15 23:32:25,128904.232200623,128904,232200623,34,0,2,2299812417.0,137079,8424936,11,0,2
1902526405,2010-04-15 23:33:25,128932.096552849,128932,96552849,34,0,2,2299812417.0,137079,8424936,11,0,2
1902577540,2010-04-16 13:45:40,111469.776040077,111469,776040077,25,0,2,2299812417.0,137079,8424936,11,0,2
1902577600,2010-04-16 13:46:40,111472.891921997,111472,891921997,25,0,2,2299812417.0,137079,8424936,11,0,2
1902577660,2010-04-16 13:47:40,111474.16332531,111474,163325310,25,0,2,2299812417.0,137079,8424936,11,0,2
1902577720,2010-04-16 13:48:40,111474.026292801,111474,26292801,25,0,2,2299812417.0,137079,8424936,11,0,2
1902577780,2010-04-16 13:49:40,111472.896966934,111472,896966934,25,0,2,2299812417.0,137079,8424936,11,0,2
1902577840,2010-04-16 13:50:40,111471.027163506,111471,27163506,25,0,2,2299812417.0,137079,8424936,11,0,2
1902577900,2010-04-16 13:51:40,111468.635350227,111468,635350227,25,0,2,2299812417.0,137079,8424936,11,0,2
1902577960,2010-04-16 13:52:40,111465.916471481,111465,916471481,25,0,2,2299812417.0,137079,8424936,11,0,2
1902578020,2010-04-16 13:53:40,111463.049401283,111463,49401283,25,0,2,2299812417.0,137079,8424936,11,0,2
1902578080,2010-04-16 13:54:40,111460.181546211,111460,181546211,25,0,2,2299812417.0,137079,8424936,11,0,2
1902578140,2010-04-16 13:55:40,111457.161201477,111457,161201477,25,0,2,2299812417.0,137079,8424936,11,0,2
1902578200,2010-04-16 13:56:40,111454.141313553,111454,141313553,25,0,2,2299812417.0,137079,8424936,11,0,2
1902578260,2010-04-16 13:57:40,111451.270567894,111451,270567894,25,0,2,2299812417.0,137079,8424936,11,0,2
1902578320,2010-04-16 13:58:40,111448.470277786,111448,470277786,25,0,2,2299812417.0,137079,8424936,11,0,2
1902578380,2010-04-16 13:59:40,111445.782357216,111445,782357216,25,0,2,2299812417.0,137079,8424936,11,0,2
1902578440,2010-04-16 14:00:40,111443.205706596,111443,205706596,25,0,2,2299812417.0,137079,8424936,11,0,2
1902578500,2010-04-16 14:01:40,111440.706710815,111440,706710815,25,0,2,2299812417.0,137079,8424936,11,0,2
1902578560,2010-04-16 14:02:40,111438.324613571,111438,324613571,25,0,2,2299812417.0,137079,8424936,11,0,2
1902578620,2010-04-16 14:03:40,111436.130378723,111436,130378723,25,0,2,2299812417.0,137079,8424936,11,0,2
1902578680,2010-04-16 14:04:40,111434.085417747,111434,85417747,25,0,2,2299812417.0,137079,8424936,11,0,2
1902578740,2010-04-16 14:05:40,111432.121296883,111432,121296883,25,0,2,2299812417.0,137079,8424936,11,0,2
1902578800,2010-04-16 14:06:40,111430.396961212,111430,396961212,25,0,2,2299812417.0,137079,8424936,11,0,2
1902578860,2010-04-16 14:07:40,111428.691290855,111428,691290855,25,0,2,2299812417.0,137079,8424936,11,0,2
1902578920,2010-04-16 14:08:40,111427.254803658,111427,254803658,25,0,2,2299812417.0,137079,8424936,11,0,2
1902578980,2010-04-16 14:09:40,111425.844102859,111425,844102859,25,0,2,2299812417.0,137079,8424936,11,0,2
1902579040,2010-04-16 14:10:40,111424.687412262,111424,687412262,25,0,2,2299812417.0,137079,8424936,11,0,2
1902579100,2010-04-16 14:11:40,111423.593149185,111423,593149185,25,0,2,2299812417.0,137079,8424936,11,0,2
1902579160,2010-04-16 14:12:40,111422.717567444,111422,717567444,25,0,2,2299812417.0,137079,8424936,11,0,2
1902579220,2010-04-16 14:13:40,111421.897740364,111421,897740364,25,0,2,2299812417.0,137079,8424936,11,0,2
1902579280,2010-04-16 14:14:40,111421.207631111,111421,207631111,25,0,2,2299812417.0,137079,8424936,11,0,2
1902579340,2010-04-16 14:15:40,111420.714633942,111420,714633942,25,0,2,2299812417.0,137079,8424936,11,0,2
1902579400,2010-04-16 14:16:40,111420.318089485,111420,318089485,25,0,2,2299812417.0,137079,8424936,11,0,2
1902579460,2010-04-16 14:17:40,111420.072004318,111420,72004318,25,0,2,2299812417.0,137079,8424936,11,0,2
1902579520,2010-04-16 14:18:40,111420.047234535,111420,47234535,25,0,2,2299812417.0,137079,8424936,11,0,2
1902841240,2010-04-19 15:00:40,35615.033379555,35615,33379555,26,0,2,2299812417.0,137079,8424936,11,0,2
1902841300,2010-04-19 15:01:40,35619.273414612,35619,273414612,26,0,2,2299812417.0,137079,8424936,11,0,2
1902841360,2010-04-19 15:02:40,35623.185085297,35623,185085297,26,0,2,2299812417.0,137079,8424936,11,0,2
1902841420,2010-04-19 15:03:40,35626.915206909,35626,915206909,26,0,2,2299812417.0,137079,8424936,11,0,2
1902841480,2010-04-19 15:04:40,35630.425828934,35630,425828934,26,0,2,2299812417.0,137079,8424936,11,0,2
1902841540,2010-04-19 15:05:40,35633.879745483,35633,879745483,26,0,2,2299812417.0,137079,8424936,11,0,2
1902841600,2010-04-19 15:06:40,35637.376127243,35637,376127243,26,0,2,2299812417.0,137079,8424936,11,0,2
1902841660,2010-04-19 15:07:40,35640.888978004,35640,888978004,26,0,2,2299812417.0,137079,8424936,11,0,2
1902841720,2010-04-19 15:08:40,35644.438141823,35644,438141823,26,0,2,2299812417.0,137079,8424936,11,0,2
1902841780,2010-04-19 15:09:40,35648.033537865,35648,33537865,26,0,2,2299812417.0,137079,8424936,11,0,2
1902841840,2010-04-19 15:10:40,35651.653924942,35651,653924942,26,0,2,2299812417.0,137079,8424936,11,0,2
1902841900,2010-04-19 15:11:40,35655.338785172,35655,338785172,26,0,2,2299812417.0,137079,8424936,11,0,2
1902841960,2010-04-19 15:12:40,35659.173491478,35659,173491478,26,0,2,2299812417.0,137079,8424936,11,0,2
1902842020,2010-04-19 15:13:40,35662.900113106,35662,900113106,26,0,2,2299812417.0,137079,8424936,11,0,2
1902842080,2010-04-19 15:14:40,35666.801774025,35666,801774025,26,0,2,2299812417.0,137079,8424936,11,0,2
1902842140,2010-04-19 15:15:40,35670.940579414,35670,940579414,26,0,2,2299812417.0,137079,8424936,11,0,2
1902842200,2010-04-19 15:16:40,35674.999769211,35674,999769211,26,0,2,2299812417.0,137079,8424936,11,0,2
1902842260,2010-04-19 15:17:40,35679.161206245,35679,161206245,26,0,2,2299812417.0,137079,8424936,11,0,2
1902842320,2010-04-19 15:18:40,35683.465251923,35683,465251923,26,0,2,2299812417.0,137079,8424936,11,0,2
1902842380,2010-04-19 15:19:40,35687.706084251,35687,706084251,26,0,2,2299812417.0,137079,8424936,11,0,2
1902842440,2010-04-19 15:20:40,35692.075012207,35692,75012207,26,0,2,2299812417.0,137079,8424936,11,0,2
1902842500,2010-04-19 15:21:40,35696.517507553,35696,517507553,26,0,2,2299812417.0,137079,8424936,11,0,2
1902842560,2010-04-19 15:22:40,35701.097498894,35701,97498894,26,0,2,2299812417.0,137079,8424936,11,0,2
1902842620,2010-04-19 15:23:40,35705.715560913,35705,715560913,26,0,2,2299812417.0,137079,8424936,11,0,2
1902842680,2010-04-19 15:24:40,35710.428487778,35710,428487778,26,0,2,2299812417.0,137079,8424936,11,0,2
1902842740,2010-04-19 15:25:40,35715.151283264,35715,151283264,26,0,2,2299812417.0,137079,8424936,11,0,2
1902842800,2010-04-19 15:26:40,35719.981895447,35719,981895447,26,0,2,2299812417.0,137079,8424936,11,0,2
1902842860,2010-04-19 15:27:40,35724.873635292,35724,873635292,26,0,2,2299812417.0,137079,8424936,11,0,2
1902842920,2010-04-19 15:28:40,35729.810963631,35729,810963631,26,0,2,2299812417.0,137079,8424936,11,0,2
1903017240,2010-04-21 15:54:00,-29468.912493705,-29468,-912493705,15,0,2,2299812417.0,137079,8424936,11,0,2
1903017300,2010-04-21 15:55:00,-29448.679332732,-29448,-679332732,15,0,2,2299812417.0,137079,8424936,11,0,2
1903017360,2010-04-21 15:56:00,-29433.875455855,-29433,-875455855,15,0,2,2299812417.0,137079,8424936,11,0,2
1903017420,2010-04-21 15:57:00,-29421.636709212,-29421,-636709212,15,0,2,2299812417.0,137079,8424936,11,0,2
1903017480,2010-04-21 15:58:00,-29411.348112105,-29411,-348112105,15,0,2,2299812417.0,137079,8424936,11,0,2
1903017540,2010-04-21 15:59:00,-29402.356983184,-29402,-356983184,15,0,2,2299812417.0,137079,8424936,11,0,2
1903017600,2010-04-21 16:00:00,-29394.337290763,-29394,-337290763,15,0,2,2299812417.0,137079,8424936,11,0,2
1903017660,2010-04-21 16:01:00,-29387.057471274,-29387,-57471274,15,0,2,2299812417.0,137079,8424936,11,0,2
1903017720,2010-04-21 16:02:00,-29380.397274016,-29380,-397274016,15,0,2,2299812417.0,137079,8424936,11,0,2
1903017780,2010-04-21 16:03:00,-29373.958779334,-29373,-958779334,15,0,2,2299812417.0,137079,8424936,11,0,2
1903017840,2010-04-21 16:04:00,-29367.860722541,-29367,-860722541,15,0,2,2299812417.0,137079,8424936,11,0,2
1903017900,2010-04-21 16:05:00,-29361.746390342,-29361,-746390342,15,0,2,2299812417.0,137079,8424936,11,0,2
1903017960,2010-04-21 16:06:00,-29355.762623786,-29355,-762623786,15,0,2,2299812417.0,137079,8424936,11,0,2
1903018020,2010-04-21 16:07:00,-29349.791831016,-29349,-791831016,15,0,2,2299812417.0,137079,8424936,11,0,2
1903018080,2010-04-21 16:08:00,-29343.735956191,-29343,-735956191,15,0,2,2299812417.0,137079,8424936,11,0,2
1903018140,2010-04-21 16:09:00,-29337.647456168,-29337,-647456168,15,0,2,2299812417.0,137079,8424936,11,0,2
1903018200,2010-04-21 16:10:00,-29331.458686828,-29331,-458686828,15,0,2,2299812417.0,137079,8424936,11,0,2
1903018260,2010-04-21 16:11:00,-29325.166603087,-29325,-166603087,15,0,2,2299812417.0,137079,8424936,11,0,2
1903018320,2010-04-21 16:12:00,-29318.803579329,-29318,-803579329,15,0,2,2299812417.0,137079,8424936,11,0,2
1903018380,2010-04-21 16:13:00,-29312.309960364,-29312,-309960364,15,0,2,2299812417.0,137079,8424936,11,0,2
1903018440,2010-04-21 16:14:00,-29305.555228232,-29305,-555228232,15,0,2,2299812417.0,137079,8424936,11,0,2
1903018500,2010-04-21 16:15:00,-29298.791240691,-29298,-791240691,15,0,2,2299812417.0,137079,8424936,11,0,2
1903018560,2010-04-21 16:16:00,-29291.885120391,-29291,-885120391,15,0,2,2299812417.0,137079,8424936,11,0,2
1903018620,2010-04-21 16:17:00,-29284.776080131,-29284,-776080131,15,0,2,2299812417.0,137079,8424936,11,0,2
1903018680,2010-04-21 16:18:00,-29277.566264152,-29277,-566264152,15,0,2,2299812417.0,137079,8424936,11,0,2
1903018740,2010-04-21 16:19:00,-29270.224488257,-29270,-224488257,15,0,2,2299812417.0,137079,8424936,11,0,2
1903018800,2010-04-21 16:20:00,-29262.836129188,-29262,-836129188,15,0,2,2299812417.0,137079,8424936,11,0,2
1903018860,2010-04-21 16:21:00,-29255.233004569,-29255,-233004569,15,0,2,2299812417.0,137079,8424936,11,0,2
1903018920,2010-04-21 16:22:00,-29247.507949828,-29247,-507949828,15,0,2,2299812417.0,137079,8424936,11,0,2
1903018980,2010-04-21 16:23:00,-29239.718242644,-29239,-718242644,15,0,2,2299812417.0,137079,8424936,11,0,2
1903019040,2010-04-21 16:24:00,-29231.778645514,-29231,-778645514,15,0,2,2299812417.0,137079,8424936,11,0,2
1903019100,2010-04-21 16:25:00,-29223.72216606,-29223,-722166060,15,0,2,2299812417.0,137079,8424936,11,0,2
1903019160,2010-04-21 16:26:00,-29215.536863326,-29215,-536863326,15,0,2,2299812417.0,137079,8424936,11,0,2
1903019220,2010-04-21 16:27:00,-29207.301148414,-29207,-301148414,15,0,2,2299812417.0,137079,8424936,11,0,2
1903019280,2010-04-21 16:28:00,-29198.883582114,-29198,-883582114,15,0,2,2299812417.0,137079,8424936,11,0,2
1903186603,2010-04-23 14:56:43,-109906.307266234,-109906,-307266234,26,0,2,2299812417.0,137079,8424936,11,0,2
1903186663,2010-04-23 14:57:43,-109907.904603957,-109907,-904603957,26,0,2,2299812417.0,137079,8424936,11,0,2
1903186723,2010-04-23 14:58:43,-109911.458724021,-109911,-458724021,26,0,2,2299812417.0,137079,8424936,11,0,2
1903186783,2010-04-23 14:59:43,-109916.434659003,-109916,-434659003,26,0,2,2299812417.0,137079,8424936,11,0,2
1903186843,2010-04-23 15:00:43,-109922.402535438,-109922,-402535438,26,0,2,2299812417.0,137079,8424936,11,0,2
1903186903,2010-04-23 15:01:43,-109929.102303504,-109929,-102303504,26,0,2,2299812417.0,137079,8424936,11,0,2
1903186963,2010-04-23 15:02:43,-109936.399700164,-109936,-399700164,26,0,2,2299812417.0,137079,8424936,11,0,2
1903187023,2010-04-23 15:03:43,-109944.030394553,-109944,-30394553,26,0,2,2299812417.0,137079,8424936,11,0,2
1903187083,2010-04-23 15:04:43,-109951.889785766,-109951,-889785766,26,0,2,2299812417.0,137079,8424936,11,0,2
1903187143,2010-04-23 15:05:43,-109959.947754859,-109959,-947754859,26,0,2,2299812417.0,137079,8424936,11,0,2
1903187203,2010-04-23 15:06:43,-109968.101620673,-109968,-101620673,26,0,2,2299812417.0,137079,8424936,11,0,2
1903187263,2010-04-23 15:07:43,-109976.29427719,-109976,-294277190,26,0,2,2299812417.0,137079,8424936,11,0,2
1903187323,2010-04-23 15:08:43,-109984.52694702,-109984,-526947020,26,0,2,2299812417.0,137079,8424936,11,0,2
1903187383,2010-04-23 15:09:43,-109992.667770385,-109992,-667770385,26,0,2,2299812417.0,137079,8424936,11,0,2
1903187443,2010-04-23 15:10:43,-110000.915320395,-110000,-915320395,26,0,2,2299812417.0,137079,8424936,11,0,2
1903187503,2010-04-23 15:11:43,-110008.969078063,-110008,-969078063,26,0,2,2299812417.0,137079,8424936,11,0,2
1903187563,2010-04-23 15:12:43,-110016.977165221,-110016,-977165221,26,0,2,2299812417.0,137079,8424936,11,0,2
1903187623,2010-04-23 15:13:43,-110024.944386481,-110024,-944386481,26,0,2,2299812417.0,137079,8424936,11,0,2
1903187683,2010-04-23 15:14:43,-110032.756548881,-110032,-756548881,26,0,2,2299812417.0,137079,8424936,11,0,2
1903187743,2010-04-23 15:15:43,-110040.50601673,-110040,-506016730,26,0,2,2299812417.0,137079,8424936,11,0,2
1903187803,2010-04-23 15:16:43,-110048.161355018,-110048,-161355018,26,0,2,2299812417.0,137079,8424936,11,0,2
1903187863,2010-04-23 15:17:43,-110055.677950858,-110055,-677950858,26,0,2,2299812417.0,137079,8424936,11,0,2
1903187923,2010-04-23 15:18:43,-110062.995771407,-110062,-995771407,26,0,2,2299812417.0,137079,8424936,11,0,2
1903187983,2010-04-23 15:19:43,-110070.18712902,-110070,-187129020,26,0,2,2299812417.0,137079,8424936,11,0,2
1903188043,2010-04-23 15:20:43,-110077.208045005,-110077,-208045005,26,0,2,2299812417.0,137079,8424936,11,0,2
1903188103,2010-04-23 15:21:43,-110084.089523314,-110084,-89523314,26,0,2,2299812417.0,137079,8424936,11,0,2
1903188163,2010-04-23 15:22:43,-110090.758866309,-110090,-758866309,26,0,2,2299812417.0,137079,8424936,11,0,2
1903188223,2010-04-23 15:23:43,-110097.227658271,-110097,-227658271,26,0,2,2299812417.0,137079,8424936,11,0,2
1903188283,2010-04-23 15:24:43,-110103.550279616,-110103,-550279616,26,0,2,2299812417.0,137079,8424936,11,0,2
1903188343,2010-04-23 15:25:43,-110109.750424384,-110109,-750424384,26,0,2,2299812417.0,137079,8424936,11,0,2
1903188403,2010-04-23 15:26:43,-110115.716614722,-110115,-716614722,26,0,2,2299812417.0,137079,8424936,11,0,2
1903188463,2010-04-23 15:27:43,-110121.527779578,-110121,-527779578,26,0,2,2299812417.0,137079,8424936,11,0,2
1903188523,2010-04-23 15:28:43,-110127.093058585,-110127,-93058585,26,0,2,2299812417.0,137079,8424936,11,0,2
1903271340,2010-04-24 14:29:00,-154727.042424201,-154727,-42424201,25,0,2,2299812417.0,137079,8424936,11,0,2
1903271400,2010-04-24 14:30:00,-154740.996015548,-154740,-996015548,25,0,2,2299812417.0,137079,8424936,11,0,2
1903271460,2010-04-24 14:31:00,-154755.941102027,-154755,-941102027,25,0,2,2299812417.0,137079,8424936,11,0,2
1903271520,2010-04-24 14:32:00,-154771.515087127,-154771,-515087127,25,0,2,2299812417.0,137079,8424936,11,0,2
1903271580,2010-04-24 14:33:00,-154787.531679152,-154787,-531679152,25,0,2,2299812417.0,137079,8424936,11,0,2
1903271640,2010-04-24 14:34:00,-154803.989686965,-154803,-989686965,25,0,2,2299812417.0,137079,8424936,11,0,2
1903271700,2010-04-24 14:35:00,-154820.593543052,-154820,-593543052,25,0,2,2299812417.0,137079,8424936,11,0,2
1903271760,2010-04-24 14:36:00,-154837.333774566,-154837,-333774566,25,0,2,2299812417.0,137079,8424936,11,0,2
1903271820,2010-04-24 14:37:00,-154854.313197135,-154854,-313197135,25,0,2,2299812417.0,137079,8424936,11,0,2
1903271880,2010-04-24 14:38:00,-154871.310566901,-154871,-310566901,25,0,2,2299812417.0,137079,8424936,11,0,2
1903271940,2010-04-24 14:39:00,-154888.419106482,-154888,-419106482,25,0,2,2299812417.0,137079,8424936,11,0,2
1903272000,2010-04-24 14:40:00,-154905.541241645,-154905,-541241645,25,0,2,2299812417.0,137079,8424936,11,0,2
1903272060,2010-04-24 14:41:00,-154922.590867995,-154922,-590867995,25,0,2,2299812417.0,137079,8424936,11,0,2
1903272120,2010-04-24 14:42:00,-154939.663400649,-154939,-663400649,25,0,2,2299812417.0,137079,8424936,11,0,2
1903272180,2010-04-24 14:43:00,-154956.788207053,-154956,-788207053,25,0,2,2299812417.0,137079,8424936,11,0,2
1903272240,2010-04-24 14:44:00,-154973.890218734,-154973,-890218734,25,0,2,2299812417.0,137079,8424936,11,0,2
1903272300,2010-04-24 14:45:00,-154990.943175315,-154990,-943175315,25,0,2,2299812417.0,137079,8424936,11,0,2
1903272360,2010-04-24 14:46:00,-155007.99962902,-155007,-999629020,25,0,2,2299812417.0,137079,8424936,11,0,2
1903272420,2010-04-24 14:47:00,-155024.898132323,-155024,-898132323,25,0,2,2299812417.0,137079,8424936,11,0,2
1903272480,2010-04-24 14:48:00,-155041.861923217,-155041,-861923217,25,0,2,2299812417.0,137079,8424936,11,0,2
1903272540,2010-04-24 14:49:00,-155058.731160163,-155058,-731160163,25,0,2,2299812417.0,137079,8424936,11,0,2
1903272600,2010-04-24 14:50:00,-155075.576654433,-155075,-576654433,25,0,2,2299812417.0,137079,8424936,11,0,2
1903272660,2010-04-24 14:51:00,-155092.427103042,-155092,-427103042,25,0,2,2299812417.0,137079,8424936,11,0,2
1903272720,2010-04-24 14:52:00,-155109.165284156,-155109,-165284156,25,0,2,2299812417.0,137079,8424936,11,0,2
1903272780,2010-04-24 14:53:00,-155125.749628066,-155125,-749628066,25,0,2,2299812417.0,137079,8424936,11,0,2
1903272840,2010-04-24 14:54:00,-155142.33841896,-155142,-338418960,25,0,2,2299812417.0,137079,8424936,11,0,2
1903272900,2010-04-24 14:55:00,-155158.690862655,-155158,-690862655,25,0,2,2299812417.0,137079,8424936,11,0,2
1903272960,2010-04-24 14:56:00,-155175.05461502,-155175,-54615020,25,0,2,2299812417.0,137079,8424936,11,0,2
1903273020,2010-04-24 14:57:00,-155191.305123328,-155191,-305123328,25,0,2,2299812417.0,137079,8424936,11,0,2
1903273080,2010-04-24 14:58:00,-155207.409588813,-155207,-409588813,25,0,2,2299812417.0,137079,8424936,11,0,2
1903622160,2010-04-28 15:56:00,-378331.186677932,-378331,-186677932,15,0,2,2299812417.0,137079,8424936,11,0,2
1903622220,2010-04-28 15:57:00,-378336.832831382,-378336,-832831382,15,0,2,2299812417.0,137079,8424936,11,0,2
1903622280,2010-04-28 15:58:00,-378344.777313231,-378344,-777313231,15,0,2,2299812417.0,137079,8424936,11,0,2
1903622340,2010-04-28 15:59:00,-378354.446493148,-378354,-446493148,15,0,2,2299812417.0,137079,8424936,11,0,2
1903622400,2010-04-28 16:00:00,-378365.39789009,-378365,-397890090,15,0,2,2299812417.0,137079,8424936,11,0,2
1903622460,2010-04-28 16:01:00,-378377.263574599,-378377,-263574599,15,0,2,2299812417.0,137079,8424936,11,0,2
1903622520,2010-04-28 16:02:00,-378389.981937407,-378389,-981937407,15,0,2,2299812417.0,137079,8424936,11,0,2
1903622580,2010-04-28 16:03:00,-378403.02597618,-378403,-25976180,15,0,2,2299812417.0,137079,8424936,11,0,2
1903622640,2010-04-28 16:04:00,-378416.340283393,-378416,-340283393,15,0,2,2299812417.0,137079,8424936,11,0,2
1903622700,2010-04-28 16:05:00,-378429.908987998,-378429,-908987998,15,0,2,2299812417.0,137079,8424936,11,0,2
1903622760,2010-04-28 16:06:00,-378443.648149489,-378443,-648149489,15,0,2,2299812417.0,137079,8424936,11,0,2
1903622820,2010-04-28 16:07:00,-378457.545874595,-378457,-545874595,15,0,2,2299812417.0,137079,8424936,11,0,2
1903622880,2010-04-28 16:08:00,-378471.494860648,-378471,-494860648,15,0,2,2299812417.0,137079,8424936,11,0,2
1903622940,2010-04-28 16:09:00,-378485.427562713,-378485,-427562713,15,0,2,2299812417.0,137079,8424936,11,0,2
1903623000,2010-04-28 16:10:00,-378499.279479979,-378499,-279479979,15,0,2,2299812417.0,137079,8424936,11,0,2
1903623060,2010-04-28 16:11:00,-378513.057470321,-378513,-57470321,15,0,2,2299812417.0,137079,8424936,11,0,2
1903623120,2010-04-28 16:12:00,-378526.806501388,-378526,-806501388,15,0,2,2299812417.0,137079,8424936,11,0,2
1903623180,2010-04-28 16:13:00,-378540.418506621,-378540,-418506621,15,0,2,2299812417.0,137079,8424936,11,0,2
1903623240,2010-04-28 16:14:00,-378553.972685813,-378553,-972685813,15,0,2,2299812417.0,137079,8424936,11,0,2
1903623300,2010-04-28 16:15:00,-378567.496372222,-378567,-496372222,15,0,2,2299812417.0,137079,8424936,11,0,2
1903623360,2010-04-28 16:16:00,-378581.000045775,-378581,-45775,15,0,2,2299812417.0,137079,8424936,11,0,2
1903623420,2010-04-28 16:17:00,-378594.134732245,-378594,-134732245,15,0,2,2299812417.0,137079,8424936,11,0,2
1903623480,2010-04-28 16:18:00,-378607.263748168,-378607,-263748168,15,0,2,2299812417.0,137079,8424936,11,0,2
1903623540,2010-04-28 16:19:00,-378620.196546554,-378620,-196546554,15,0,2,2299812417.0,137079,8424936,11,0,2
1903623600,2010-04-28 16:20:00,-378632.962953567,-378632,-962953567,15,0,2,2299812417.0,137079,8424936,11,0,2
1903623660,2010-04-28 16:21:00,-378645.602828025,-378645,-602828025,15,0,2,2299812417.0,137079,8424936,11,0,2
1903623720,2010-04-28 16:22:00,-378658.048186301,-378658,-48186301,15,0,2,2299812417.0,137079,8424936,11,0,2
1903623780,2010-04-28 16:23:00,-378670.311709403,-378670,-311709403,15,0,2,2299812417.0,137079,8424936,11,0,2
1903623840,2010-04-28 16:24:00,-378682.48814392,-378682,-488143920,15,0,2,2299812417.0,137079,8424936,11,0,2
1903623900,2010-04-28 16:25:00,-378694.378004073,-378694,-378004073,15,0,2,2299812417.0,137079,8424936,11,0,2
1903623960,2010-04-28 16:26:00,-378706.102057456,-378706,-102057456,15,0,2,2299812417.0,137079,8424936,11,0,2
1903624020,2010-04-28 16:27:00,-378717.729174613,-378717,-729174613,15,0,2,2299812417.0,137079,8424936,11,0,2
1903624080,2010-04-28 16:28:00,-378729.1308012,-378729,-130801200,15,0,2,2299812417.0,137079,8424936,11,0,2
1903716761,2010-04-29 18:12:41,-441950.581799506,-441950,-581799506,25,0,2,2299812417.0,137079,8424936,11,0,2
1903716821,2010-04-29 18:13:41,-441942.923464774,-441942,-923464774,25,0,2,2299812417.0,137079,8424936,11,0,2
1903716881,2010-04-29 18:14:41,-441936.732217788,-441936,-732217788,25,0,2,2299812417.0,137079,8424936,11,0,2
1903716941,2010-04-29 18:15:41,-441931.737159728,-441931,-737159728,25,0,2,2299812417.0,137079,8424936,11,0,2
1903717001,2010-04-29 18:16:41,-441927.561774253,-441927,-561774253,25,0,2,2299812417.0,137079,8424936,11,0,2
1903717061,2010-04-29 18:17:41,-441924.086754798,-441924,-86754798,25,0,2,2299812417.0,137079,8424936,11,0,2
1903717121,2010-04-29 18:18:41,-441921.043729781,-441921,-43729781,25,0,2,2299812417.0,137079,8424936,11,0,2
1903717181,2010-04-29 18:19:41,-441918.388018607,-441918,-388018607,25,0,2,2299812417.0,137079,8424936,11,0,2
1903717241,2010-04-29 18:20:41,-441916.001896857,-441916,-1896857,25,0,2,2299812417.0,137079,8424936,11,0,2
1903717301,2010-04-29 18:21:41,-441913.863802909,-441913,-863802909,25,0,2,2299812417.0,137079,8424936,11,0,2
1903717361,2010-04-29 18:22:41,-441911.933061599,-441911,-933061599,25,0,2,2299812417.0,137079,8424936,11,0,2
1903717421,2010-04-29 18:23:41,-441910.254025458,-441910,-254025458,25,0,2,2299812417.0,137079,8424936,11,0,2
1903717481,2010-04-29 18:24:41,-441908.712225913,-441908,-712225913,25,0,2,2299812417.0,137079,8424936,11,0,2
1903717541,2010-04-29 18:25:41,-441907.277126311,-441907,-277126311,25,0,2,2299812417.0,137079,8424936,11,0,2
1903717601,2010-04-29 18:26:41,-441905.939653396,-441905,-939653396,25,0,2,2299812417.0,137079,8424936,11,0,2
1903717661,2010-04-29 18:27:41,-441904.758894919,-441904,-758894919,25,0,2,2299812417.0,137079,8424936,11,0,2
1903717721,2010-04-29 18:28:41,-441903.661479949,-441903,-661479949,25,0,2,2299812417.0,137079,8424936,11,0,2
1903717781,2010-04-29 18:29:41,-441902.630497931,-441902,-630497931,25,0,2,2299812417.0,137079,8424936,11,0,2
1903717841,2010-04-29 18:30:41,-441901.662979125,-441901,-662979125,25,0,2,2299812417.0,137079,8424936,11,0,2
1903717901,2010-04-29 18:31:41,-441900.739210128,-441900,-739210128,25,0,2,2299812417.0,137079,8424936,11,0,2
1903717961,2010-04-29 18:32:41,-441899.898124694,-441899,-898124694,25,0,2,2299812417.0,137079,8424936,11,0,2
1903718021,2010-04-29 18:33:41,-441899.187428473,-441899,-187428473,25,0,2,2299812417.0,137079,8424936,11,0,2
1903718081,2010-04-29 18:34:41,-441898.451792716,-441898,-451792716,25,0,2,2299812417.0,137079,8424936,11,0,2
1903718141,2010-04-29 18:35:41,-441897.872983931,-441897,-872983931,25,0,2,2299812417.0,137079,8424936,11,0,2
1903718201,2010-04-29 18:36:41,-441897.385785102,-441897,-385785102,25,0,2,2299812417.0,137079,8424936,11,0,2
1903718261,2010-04-29 18:37:41,-441897.006756782,-441897,-6756782,25,0,2,2299812417.0,137079,8424936,11,0,2
1903718321,2010-04-29 18:38:41,-441896.523209571,-441896,-523209571,25,0,2,2299812417.0,137079,8424936,11,0,2
1903718381,2010-04-29 18:39:41,-441896.109506606,-441896,-109506606,25,0,2,2299812417.0,137079,8424936,11,0,2
1903718441,2010-04-29 18:40:41,-441895.808276175,-441895,-808276175,25,0,2,2299812417.0,137079,8424936,11,0,2
1903718501,2010-04-29 18:41:41,-441895.54153633,-441895,-541536330,25,0,2,2299812417.0,137079,8424936,11,0,2
1903718561,2010-04-29 18:42:41,-441895.285722732,-441895,-285722732,25,0,2,2299812417.0,137079,8424936,11,0,2
1903803843,2010-04-30 18:24:03,-506586.051605224,-506586,-51605224,26,0,2,2299812417.0,137079,8424936,11,0,2
1903803903,2010-04-30 18:25:03,-506567.167416572,-506567,-167416572,26,0,2,2299812417.0,137079,8424936,11,0,2
1903803963,2010-04-30 18:26:03,-506554.705973624,-506554,-705973624,26,0,2,2299812417.0,137079,8424936,11,0,2
1903804023,2010-04-30 18:27:03,-506545.555051803,-506545,-555051803,26,0,2,2299812417.0,137079,8424936,11,0,2
1903804083,2010-04-30 18:28:03,-506538.752680778,-506538,-752680778,26,0,2,2299812417.0,137079,8424936,11,0,2
1903804143,2010-04-30 18:29:03,-506533.627942084,-506533,-627942084,26,0,2,2299812417.0,137079,8424936,11,0,2
1903804203,2010-04-30 18:30:03,-506529.859916686,-506529,-859916686,26,0,2,2299812417.0,137079,8424936,11,0,2
1903804263,2010-04-30 18:31:03,-506527.133931159,-506527,-133931159,26,0,2,2299812417.0,137079,8424936,11,0,2
1903804323,2010-04-30 18:32:03,-506525.001852988,-506525,-1852988,26,0,2,2299812417.0,137079,8424936,11,0,2
1903804383,2010-04-30 18:33:03,-506523.458295821,-506523,-458295821,26,0,2,2299812417.0,137079,8424936,11,0,2
1903804443,2010-04-30 18:34:03,-506522.178670882,-506522,-178670882,26,0,2,2299812417.0,137079,8424936,11,0,2
1903804503,2010-04-30 18:35:03,-506521.261442183,-506521,-261442183,26,0,2,2299812417.0,137079,8424936,11,0,2
1903804563,2010-04-30 18:36:03,-506520.686146735,-506520,-686146735,26,0,2,2299812417.0,137079,8424936,11,0,2
1903804623,2010-04-30 18:37:03,-506520.132082938,-506520,-132082938,26,0,2,2299812417.0,137079,8424936,11,0,2
1903804683,2010-04-30 18:38:03,-506519.669653892,-506519,-669653892,26,0,2,2299812417.0,137079,8424936,11,0,2
1903804743,2010-04-30 18:39:03,-506519.389349936,-506519,-389349936,26,0,2,2299812417.0,137079,8424936,11,0,2
1903804803,2010-04-30 18:40:03,-506519.18201065,-506519,-182010650,26,0,2,2299812417.0,137079,8424936,11,0,2
1903804863,2010-04-30 18:41:03,-506519.043570517,-506519,-43570517,26,0,2,2299812417.0,137079,8424936,11,0,2
1903804923,2010-04-30 18:42:03,-506518.92004013,-506518,-920040130,26,0,2,2299812417.0,137079,8424936,11,0,2
1903804983,2010-04-30 18:43:03,-506518.760470389,-506518,-760470389,26,0,2,2299812417.0,137079,8424936,11,0,2
1903805043,2010-04-30 18:44:03,-506518.782970427,-506518,-782970427,26,0,2,2299812417.0,137079,8424936,11,0,2
1903805103,2010-04-30 18:45:03,-506518.784688949,-506518,-784688949,26,0,2,2299812417.0,137079,8424936,11,0,2
1903805163,2010-04-30 18:46:03,-506518.770192145,-506518,-770192145,26,0,2,2299812417.0,137079,8424936,11,0,2
1903805223,2010-04-30 18:47:03,-506518.737311362,-506518,-737311362,26,0,2,2299812417.0,137079,8424936,11,0,2
1903805283,2010-04-30 18:48:03,-506518.745939254,-506518,-745939254,26,0,2,2299812417.0,137079,8424936,11,0,2
1903805343,2010-04-30 18:49:03,-506518.849742888,-506518,-849742888,26,0,2,2299812417.0,137079,8424936,11,0,2
1903805403,2010-04-30 18:50:03,-506518.875640868,-506518,-875640868,26,0,2,2299812417.0,137079,8424936,11,0,2
1903805463,2010-04-30 18:51:03,-506518.820014953,-506518,-820014953,26,0,2,2299812417.0,137079,8424936,11,0,2
1903805523,2010-04-30 18:52:03,-506518.805811881,-506518,-805811881,26,0,2,2299812417.0,137079,8424936,11,0,2
1903805583,2010-04-30 18:53:03,-506518.755403518,-506518,-755403518,26,0,2,2299812417.0,137079,8424936,11,0,2
1903805643,2010-04-30 18:54:03,-506518.705837249,-506518,-705837249,26,0,2,2299812417.0,137079,8424936,11,0,2
1903805703,2010-04-30 18:55:03,-506518.613554,-506518,-613554000,26,0,2,2299812417.0,137079,8424936,11,0,2
1903805763,2010-04-30 18:56:03,-506518.42926979,-506518,-429269790,26,0,2,2299812417.0,137079,8424936,11,0,2
1903805823,2010-04-30 18:57:03,-506518.259144782,-506518,-259144782,26,0,2,2299812417.0,137079,8424936,11,0,2
1904048057,2010-05-03 14:14:17,-689764.810771941,-689764,-810771941,26,0,2,2299812417.0,137079,8424936,11,0,2
1904048117,2010-05-03 14:15:17,-689799.938776015,-689799,-938776015,26,0,2,2299812417.0,137079,8424936,11,0,2
1904048177,2010-05-03 14:16:17,-689835.617614745,-689835,-617614745,26,0,2,2299812417.0,137079,8424936,11,0,2
1904048237,2010-05-03 14:17:17,-689871.919330596,-689871,-919330596,26,0,2,2299812417.0,137079,8424936,11,0,2
1904048297,2010-05-03 14:18:17,-689908.515467643,-689908,-515467643,26,0,2,2299812417.0,137079,8424936,11,0,2
1904048357,2010-05-03 14:19:17,-689945.28224182,-689945,-282241820,26,0,2,2299812417.0,137079,8424936,11,0,2
1904048417,2010-05-03 14:20:17,-689982.104159354,-689982,-104159354,26,0,2,2299812417.0,137079,8424936,11,0,2
1904048477,2010-05-03 14:21:17,-690018.931184768,-690018,-931184768,26,0,2,2299812417.0,137079,8424936,11,0,2
1904048537,2010-05-03 14:22:17,-690055.829661368,-690055,-829661368,26,0,2,2299812417.0,137079,8424936,11,0,2
1904048597,2010-05-03 14:23:17,-690092.629212378,-690092,-629212378,26,0,2,2299812417.0,137079,8424936,11,0,2
1904048657,2010-05-03 14:24:17,-690129.38741207,-690129,-387412070,26,0,2,2299812417.0,137079,8424936,11,0,2
1904048717,2010-05-03 14:25:17,-690165.980826377,-690165,-980826377,26,0,2,2299812417.0,137079,8424936,11,0,2
1904048777,2010-05-03 14:26:17,-690202.567458152,-690202,-567458152,26,0,2,2299812417.0,137079,8424936,11,0,2
1904048837,2010-05-03 14:27:17,-690238.994112014,-690238,-994112014,26,0,2,2299812417.0,137079,8424936,11,0,2
1904048897,2010-05-03 14:28:17,-690275.339744567,-690275,-339744567,26,0,2,2299812417.0,137079,8424936,11,0,2
1904048957,2010-05-03 14:29:17,-690311.637820243,-690311,-637820243,26,0,2,2299812417.0,137079,8424936,11,0,2
1904049017,2010-05-03 14:30:17,-690347.689944266,-690347,-689944266,26,0,2,2299812417.0,137079,8424936,11,0,2
1904049077,2010-05-03 14:31:17,-690383.568649291,-690383,-568649291,26,0,2,2299812417.0,137079,8424936,11,0,2
1904049137,2010-05-03 14:32:17,-690419.362143516,-690419,-362143516,26,0,2,2299812417.0,137079,8424936,11,0,2
1904049197,2010-05-03 14:33:17,-690455.112693786,-690455,-112693786,26,0,2,2299812417.0,137079,8424936,11,0,2
1904049257,2010-05-03 14:34:17,-690490.637421607,-690490,-637421607,26,0,2,2299812417.0,137079,8424936,11,0,2
1904049317,2010-05-03 14:35:17,-690526.053423881,-690526,-53423881,26,0,2,2299812417.0,137079,8424936,11,0,2
1904049377,2010-05-03 14:36:17,-690561.322116851,-690561,-322116851,26,0,2,2299812417.0,137079,8424936,11,0,2
1904049437,2010-05-03 14:37:17,-690596.38081932,-690596,-380819320,26,0,2,2299812417.0,137079,8424936,11,0,2
1904049497,2010-05-03 14:38:17,-690631.393855094,-690631,-393855094,26,0,2,2299812417.0,137079,8424936,11,0,2
1904049557,2010-05-03 14:39:17,-690666.26089096,-690666,-260890960,26,0,2,2299812417.0,137079,8424936,11,0,2
1904049617,2010-05-03 14:40:17,-690700.936190604,-690700,-936190604,26,0,2,2299812417.0,137079,8424936,11,0,2
1904049677,2010-05-03 14:41:17,-690735.46587181,-690735,-465871810,26,0,2,2299812417.0,137079,8424936,11,0,2
1904049737,2010-05-03 14:42:17,-690769.913948058,-690769,-913948058,26,0,2,2299812417.0,137079,8424936,11,0,2
1904204176,2010-05-05 09:36:16,-790475.11870861,-790475,-118708610,55,0,2,2299812417.0,137079,8424936,11,0,2
1904204236,2010-05-05 09:37:16,-790471.594852447,-790471,-594852447,55,0,2,2299812417.0,137079,8424936,11,0,2
1904204296,2010-05-05 09:38:16,-790470.267612456,-790470,-267612456,55,0,2,2299812417.0,137079,8424936,11,0,2
1904204356,2010-05-05 09:39:16,-790470.550724029,-790470,-550724029,55,0,2,2299812417.0,137079,8424936,11,0,2
1904204416,2010-05-05 09:40:16,-790471.815913199,-790471,-815913199,55,0,2,2299812417.0,137079,8424936,11,0,2
1904204476,2010-05-05 09:41:16,-790474.162277221,-790474,-162277221,55,0,2,2299812417.0,137079,8424936,11,0,2
1904204536,2010-05-05 09:42:16,-790477.06143093,-790477,-61430930,55,0,2,2299812417.0,137079,8424936,11,0,2
1904204596,2010-05-05 09:43:16,-790480.342020034,-790480,-342020034,55,0,2,2299812417.0,137079,8424936,11,0,2
1904204656,2010-05-05 09:44:16,-790484.075580596,-790484,-75580596,55,0,2,2299812417.0,137079,8424936,11,0,2
1904204716,2010-05-05 09:45:16,-790487.865230559,-790487,-865230559,55,0,2,2299812417.0,137079,8424936,11,0,2
1904204776,2010-05-05 09:46:16,-790491.831482886,-790491,-831482886,55,0,2,2299812417.0,137079,8424936,11,0,2
1904204836,2010-05-05 09:47:16,-790495.896999358,-790495,-896999358,55,0,2,2299812417.0,137079,8424936,11,0,2
1904204896,2010-05-05 09:48:16,-790500.04736328,-790500,-47363280,55,0,2,2299812417.0,137079,8424936,11,0,2
1904204956,2010-05-05 09:49:16,-790504.240581511,-790504,-240581511,55,0,2,2299812417.0,137079,8424936,11,0,2
1904205016,2010-05-05 09:50:16,-790508.352280616,-790508,-352280616,55,0,2,2299812417.0,137079,8424936,11,0,2
1904205076,2010-05-05 09:51:16,-790512.413998603,-790512,-413998603,55,0,2,2299812417.0,137079,8424936,11,0,2
1904205136,2010-05-05 09:52:16,-790516.572839736,-790516,-572839736,55,0,2,2299812417.0,137079,8424936,11,0,2
1904205196,2010-05-05 09:53:16,-790520.670910834,-790520,-670910834,55,0,2,2299812417.0,137079,8424936,11,0,2
1904205256,2010-05-05 09:54:16,-790524.797862052,-790524,-797862052,55,0,2,2299812417.0,137079,8424936,11,0,2
1904205316,2010-05-05 09:55:16,-790528.796527862,-790528,-796527862,55,0,2,2299812417.0,137079,8424936,11,0,2
1904205376,2010-05-05 09:56:16,-790532.796472548,-790532,-796472548,55,0,2,2299812417.0,137079,8424936,11,0,2
1904205436,2010-05-05 09:57:16,-790536.733397483,-790536,-733397483,55,0,2,2299812417.0,137079,8424936,11,0,2
1904205496,2010-05-05 09:58:16,-790540.637503623,-790540,-637503623,55,0,2,2299812417.0,137079,8424936,11,0,2
1904205556,2010-05-05 09:59:16,-790544.391267775,-790544,-391267775,55,0,2,2299812417.0,137079,8424936,11,0,2
1904205616,2010-05-05 10:00:16,-790548.173078536,-790548,-173078536,55,0,2,2299812417.0,137079,8424936,11,0,2
1904205676,2010-05-05 10:01:16,-790551.949402808,-790551,-949402808,55,0,2,2299812417.0,137079,8424936,11,0,2
1904205736,2010-05-05 10:02:16,-790555.659067153,-790555,-659067153,55,0,2,2299812417.0,137079,8424936,11,0,2
1904205796,2010-05-05 10:03:16,-790559.230628013,-790559,-230628013,55,0,2,2299812417.0,137079,8424936,11,0,2
1904205856,2010-05-05 10:04:16,-790562.712577819,-790562,-712577819,55,0,2,2299812417.0,137079,8424936,11,0,2
1904205916,2010-05-05 10:05:16,-790566.132852553,-790566,-132852553,55,0,2,2299812417.0,137079,8424936,11,0,2
1904205976,2010-05-05 10:06:16,-790569.592347144,-790569,-592347144,55,0,2,2299812417.0,137079,8424936,11,0,2
1904396433,2010-05-07 15:00:33,-898678.853363036,-898678,-853363036,26,0,2,2299812417.0,137079,8424936,11,0,2
1904396493,2010-05-07 15:01:33,-898692.6540699,-898692,-654069900,26,0,2,2299812417.0,137079,8424936,11,0,2
1904396553,2010-05-07 15:02:33,-898708.282227515,-898708,-282227515,26,0,2,2299812417.0,137079,8424936,11,0,2
1904396613,2010-05-07 15:03:33,-898725.14936447,-898725,-149364470,26,0,2,2299812417.0,137079,8424936,11,0,2
1904396673,2010-05-07 15:04:33,-898743.04677391,-898743,-46773910,26,0,2,2299812417.0,137079,8424936,11,0,2
1904396733,2010-05-07 15:05:33,-898761.594150542,-898761,-594150542,26,0,2,2299812417.0,137079,8424936,11,0,2
1904396793,2010-05-07 15:06:33,-898780.639856338,-898780,-639856338,26,0,2,2299812417.0,137079,8424936,11,0,2
1904396853,2010-05-07 15:07:33,-898800.013553618,-898800,-13553618,26,0,2,2299812417.0,137079,8424936,11,0,2
1904396913,2010-05-07 15:08:33,-898819.580215453,-898819,-580215453,26,0,2,2299812417.0,137079,8424936,11,0,2
1904396973,2010-05-07 15:09:33,-898839.223875045,-898839,-223875045,26,0,2,2299812417.0,137079,8424936,11,0,2
1904397033,2010-05-07 15:10:33,-898858.814690589,-898858,-814690589,26,0,2,2299812417.0,137079,8424936,11,0,2
1904397093,2010-05-07 15:11:33,-898878.386006354,-898878,-386006354,26,0,2,2299812417.0,137079,8424936,11,0,2
1904397153,2010-05-07 15:12:33,-898897.942018508,-898897,-942018508,26,0,2,2299812417.0,137079,8424936,11,0,2
1904397213,2010-05-07 15:13:33,-898917.409991263,-898917,-409991263,26,0,2,2299812417.0,137079,8424936,11,0,2
1904397273,2010-05-07 15:14:33,-898936.757393836,-898936,-757393836,26,0,2,2299812417.0,137079,8424936,11,0,2
1904397333,2010-05-07 15:15:33,-898955.924281119,-898955,-924281119,26,0,2,2299812417.0,137079,8424936,11,0,2
1904397393,2010-05-07 15:16:33,-898975.038050651,-898975,-38050651,26,0,2,2299812417.0,137079,8424936,11,0,2
1904397453,2010-05-07 15:17:33,-898994.065164565,-898994,-65164565,26,0,2,2299812417.0,137079,8424936,11,0,2
1904397513,2010-05-07 15:18:33,-899012.931083678,-899012,-931083678,26,0,2,2299812417.0,137079,8424936,11,0,2
1904397573,2010-05-07 15:19:33,-899031.664917945,-899031,-664917945,26,0,2,2299812417.0,137079,8424936,11,0,2
1904397633,2010-05-07 15:20:33,-899050.23307228,-899050,-233072280,26,0,2,2299812417.0,137079,8424936,11,0,2
1904397693,2010-05-07 15:21:33,-899068.711939811,-899068,-711939811,26,0,2,2299812417.0,137079,8424936,11,0,2
1904397753,2010-05-07 15:22:33,-899087.108524322,-899087,-108524322,26,0,2,2299812417.0,137079,8424936,11,0,2
1904397813,2010-05-07 15:23:33,-899105.353693961,-899105,-353693961,26,0,2,2299812417.0,137079,8424936,11,0,2
1904397873,2010-05-07 15:24:33,-899123.361740111,-899123,-361740111,26,0,2,2299812417.0,137079,8424936,11,0,2
1904397933,2010-05-07 15:25:33,-899141.333687781,-899141,-333687781,26,0,2,2299812417.0,137079,8424936,11,0,2
1904397993,2010-05-07 15:26:33,-899159.102686881,-899159,-102686881,26,0,2,2299812417.0,137079,8424936,11,0,2
1904398053,2010-05-07 15:27:33,-899176.703036307,-899176,-703036307,26,0,2,2299812417.0,137079,8424936,11,0,2
1904398113,2010-05-07 15:28:33,-899194.17002201,-899194,-170022010,26,0,2,2299812417.0,137079,8424936,11,0,2
1904398173,2010-05-07 15:29:33,-899211.46216297,-899211,-462162970,26,0,2,2299812417.0,137079,8424936,11,0,2
1904398233,2010-05-07 15:30:33,-899228.657563209,-899228,-657563209,26,0,2,2299812417.0,137079,8424936,11,0,2
1904425214,2010-05-07 23:00:14,-910161.938777923,-910161,-938777923,45,0,2,2299812417.0,137079,8424936,11,0,2
1904425274,2010-05-07 23:01:14,-910162.221168517,-910162,-221168517,45,0,2,2299812417.0,137079,8424936,11,0,2
1904425334,2010-05-07 23:02:14,-910162.476320266,-910162,-476320266,45,0,2,2299812417.0,137079,8424936,11,0,2
1904425394,2010-05-07 23:03:14,-910162.651149749,-910162,-651149749,45,0,2,2299812417.0,137079,8424936,11,0,2
1904425454,2010-05-07 23:04:14,-910162.735434531,-910162,-735434531,45,0,2,2299812417.0,137079,8424936,11,0,2
1904425514,2010-05-07 23:05:14,-910162.755449294,-910162,-755449294,45,0,2,2299812417.0,137079,8424936,11,0,2
1904425574,2010-05-07 23:06:14,-910162.651846885,-910162,-651846885,45,0,2,2299812417.0,137079,8424936,11,0,2
1904425634,2010-05-07 23:07:14,-910162.402980803,-910162,-402980803,45,0,2,2299812417.0,137079,8424936,11,0,2
1904425694,2010-05-07 23:08:14,-910162.003596305,-910162,-3596305,45,0,2,2299812417.0,137079,8424936,11,0,2
1904425754,2010-05-07 23:09:14,-910161.60124874,-910161,-601248740,45,0,2,2299812417.0,137079,8424936,11,0,2
1904425814,2010-05-07 23:10:14,-910160.950019835,-910160,-950019835,45,0,2,2299812417.0,137079,8424936,11,0,2
1904425874,2010-05-07 23:11:14,-910160.19157791,-910160,-191577910,45,0,2,2299812417.0,137079,8424936,11,0,2
1904425934,2010-05-07 23:12:14,-910159.279585837,-910159,-279585837,45,0,2,2299812417.0,137079,8424936,11,0,2
1904425994,2010-05-07 23:13:14,-910158.274882316,-910158,-274882316,45,0,2,2299812417.0,137079,8424936,11,0,2
1904426054,2010-05-07 23:14:14,-910157.119131087,-910157,-119131087,45,0,2,2299812417.0,137079,8424936,11,0,2
1904426114,2010-05-07 23:15:14,-910155.765865325,-910155,-765865325,45,0,2,2299812417.0,137079,8424936,11,0,2
1904426174,2010-05-07 23:16:14,-910154.251179694,-910154,-251179694,45,0,2,2299812417.0,137079,8424936,11,0,2
1904426234,2010-05-07 23:17:14,-910152.57685852,-910152,-576858520,45,0,2,2299812417.0,137079,8424936,11,0,2
1904426294,2010-05-07 23:18:14,-910150.713506698,-910150,-713506698,45,0,2,2299812417.0,137079,8424936,11,0,2
1904426354,2010-05-07 23:19:14,-910148.683143615,-910148,-683143615,45,0,2,2299812417.0,137079,8424936,11,0,2
1904426414,2010-05-07 23:20:14,-910146.490444182,-910146,-490444182,45,0,2,2299812417.0,137079,8424936,11,0,2
1904426474,2010-05-07 23:21:14,-910144.126013755,-910144,-126013755,45,0,2,2299812417.0,137079,8424936,11,0,2
1904426534,2010-05-07 23:22:14,-910141.572816848,-910141,-572816848,45,0,2,2299812417.0,137079,8424936,11,0,2
1904426594,2010-05-07 23:23:14,-910138.875866889,-910138,-875866889,45,0,2,2299812417.0,137079,8424936,11,0,2
1904426654,2010-05-07 23:24:14,-910135.999116897,-910135,-999116897,45,0,2,2299812417.0,137079,8424936,11,0,2
1904426714,2010-05-07 23:25:14,-910132.84837818,-910132,-848378180,45,0,2,2299812417.0,137079,8424936,11,0,2
1904426774,2010-05-07 23:26:14,-910129.719094275,-910129,-719094275,45,0,2,2299812417.0,137079,8424936,11,0,2
1904642721,2010-05-10 11:25:21,-982832.819489478,-982832,-819489478,54,0,2,2299812417.0,137079,8424936,11,0,2
1904642781,2010-05-10 11:26:21,-982806.396758079,-982806,-396758079,54,0,2,2299812417.0,137079,8424936,11,0,2
1904642841,2010-05-10 11:27:21,-982780.619137763,-982780,-619137763,54,0,2,2299812417.0,137079,8424936,11,0,2
1904642901,2010-05-10 11:28:21,-982755.177887916,-982755,-177887916,54,0,2,2299812417.0,137079,8424936,11,0,2
1904642961,2010-05-10 11:29:21,-982730.133100509,-982730,-133100509,54,0,2,2299812417.0,137079,8424936,11,0,2
1904643021,2010-05-10 11:30:21,-982705.411195754,-982705,-411195754,54,0,2,2299812417.0,137079,8424936,11,0,2
1904643081,2010-05-10 11:31:21,-982680.929397582,-982680,-929397582,54,0,2,2299812417.0,137079,8424936,11,0,2
1904643141,2010-05-10 11:32:21,-982656.548931121,-982656,-548931121,54,0,2,2299812417.0,137079,8424936,11,0,2
1904643201,2010-05-10 11:33:21,-982632.330604552,-982632,-330604552,54,0,2,2299812417.0,137079,8424936,11,0,2
1904643261,2010-05-10 11:34:21,-982608.132249831,-982608,-132249831,54,0,2,2299812417.0,137079,8424936,11,0,2
1904643321,2010-05-10 11:35:21,-982583.984908103,-982583,-984908103,54,0,2,2299812417.0,137079,8424936,11,0,2
1904643381,2010-05-10 11:36:21,-982559.935967444,-982559,-935967444,54,0,2,2299812417.0,137079,8424936,11,0,2
1904643441,2010-05-10 11:37:21,-982535.955014228,-982535,-955014228,54,0,2,2299812417.0,137079,8424936,11,0,2
1904643501,2010-05-10 11:38:21,-982512.017888068,-982512,-17888068,54,0,2,2299812417.0,137079,8424936,11,0,2
1904643561,2010-05-10 11:39:21,-982488.044119834,-982488,-44119834,54,0,2,2299812417.0,137079,8424936,11,0,2
1904643621,2010-05-10 11:40:21,-982464.118953704,-982464,-118953704,54,0,2,2299812417.0,137079,8424936,11,0,2
1904643681,2010-05-10 11:41:21,-982440.212287902,-982440,-212287902,54,0,2,2299812417.0,137079,8424936,11,0,2
1904643741,2010-05-10 11:42:21,-982416.387908935,-982416,-387908935,54,0,2,2299812417.0,137079,8424936,11,0,2
1904643801,2010-05-10 11:43:21,-982392.531585692,-982392,-531585692,54,0,2,2299812417.0,137079,8424936,11,0,2
1904643861,2010-05-10 11:44:21,-982368.711945533,-982368,-711945533,54,0,2,2299812417.0,137079,8424936,11,0,2
1904643921,2010-05-10 11:45:21,-982344.866996764,-982344,-866996764,54,0,2,2299812417.0,137079,8424936,11,0,2
1904643981,2010-05-10 11:46:21,-982321.083382606,-982321,-83382606,54,0,2,2299812417.0,137079,8424936,11,0,2
1904644041,2010-05-10 11:47:21,-982297.230282783,-982297,-230282783,54,0,2,2299812417.0,137079,8424936,11,0,2
1904644101,2010-05-10 11:48:21,-982273.436127662,-982273,-436127662,54,0,2,2299812417.0,137079,8424936,11,0,2
1904644161,2010-05-10 11:49:21,-982249.684452056,-982249,-684452056,54,0,2,2299812417.0,137079,8424936,11,0,2
1904644221,2010-05-10 11:50:21,-982225.94543743,-982225,-945437430,54,0,2,2299812417.0,137079,8424936,11,0,2
1904842538,2010-05-12 18:55:38,-1020913.759358405,-1020913,-759358405,26,0,2,2299812417.0,137079,8424936,11,0,2
1904842598,2010-05-12 18:56:38,-1020868.089928626,-1020868,-89928626,26,0,2,2299812417.0,137079,8424936,11,0,2
1904842658,2010-05-12 18:57:38,-1020825.064607619,-1020825,-64607619,26,0,2,2299812417.0,137079,8424936,11,0,2
1904842718,2010-05-12 18:58:38,-1020784.086913108,-1020784,-86913108,26,0,2,2299812417.0,137079,8424936,11,0,2
1904842778,2010-05-12 18:59:38,-1020744.589823722,-1020744,-589823722,26,0,2,2299812417.0,137079,8424936,11,0,2
1904842838,2010-05-12 19:00:38,-1020706.297887801,-1020706,-297887801,26,0,2,2299812417.0,137079,8424936,11,0,2
1904842898,2010-05-12 19:01:38,-1020668.966174125,-1020668,-966174125,26,0,2,2299812417.0,137079,8424936,11,0,2
1904842958,2010-05-12 19:02:38,-1020632.288257598,-1020632,-288257598,26,0,2,2299812417.0,137079,8424936,11,0,2
1904843018,2010-05-12 19:03:38,-1020596.053517341,-1020596,-53517341,26,0,2,2299812417.0,137079,8424936,11,0,2
1904843078,2010-05-12 19:04:38,-1020560.123634337,-1020560,-123634337,26,0,2,2299812417.0,137079,8424936,11,0,2
1904843138,2010-05-12 19:05:38,-1020524.550232886,-1020524,-550232886,26,0,2,2299812417.0,137079,8424936,11,0,2
1904843198,2010-05-12 19:06:38,-1020489.269055366,-1020489,-269055366,26,0,2,2299812417.0,137079,8424936,11,0,2
1904843258,2010-05-12 19:07:38,-1020453.974077224,-1020453,-974077224,26,0,2,2299812417.0,137079,8424936,11,0,2
1904843318,2010-05-12 19:08:38,-1020418.805421828,-1020418,-805421828,26,0,2,2299812417.0,137079,8424936,11,0,2
1904843378,2010-05-12 19:09:38,-1020383.788783072,-1020383,-788783072,26,0,2,2299812417.0,137079,8424936,11,0,2
1904843438,2010-05-12 19:10:38,-1020348.788440703,-1020348,-788440703,26,0,2,2299812417.0,137079,8424936,11,0,2
1904843498,2010-05-12 19:11:38,-1020313.759745597,-1020313,-759745597,26,0,2,2299812417.0,137079,8424936,11,0,2
1904843558,2010-05-12 19:12:38,-1020278.809858321,-1020278,-809858321,26,0,2,2299812417.0,137079,8424936,11,0,2
1904843618,2010-05-12 19:13:38,-1020243.832728385,-1020243,-832728385,26,0,2,2299812417.0,137079,8424936,11,0,2
1904843678,2010-05-12 19:14:38,-1020208.848791121,-1020208,-848791121,26,0,2,2299812417.0,137079,8424936,11,0,2
1904843738,2010-05-12 19:15:38,-1020173.848672866,-1020173,-848672866,26,0,2,2299812417.0,137079,8424936,11,0,2
1904843798,2010-05-12 19:16:38,-1020138.694850921,-1020138,-694850921,26,0,2,2299812417.0,137079,8424936,11,0,2
1904843858,2010-05-12 19:17:38,-1020103.496297835,-1020103,-496297835,26,0,2,2299812417.0,137079,8424936,11,0,2
1904843918,2010-05-12 19:18:38,-1020068.289351462,-1020068,-289351462,26,0,2,2299812417.0,137079,8424936,11,0,2
1904843978,2010-05-12 19:19:38,-1020032.965342521,-1020032,-965342521,26,0,2,2299812417.0,137079,8424936,11,0,2
1904844038,2010-05-12 19:20:38,-1019997.549592971,-1019997,-549592971,26,0,2,2299812417.0,137079,8424936,11,0,2
1904844098,2010-05-12 19:21:38,-1019962.013550757,-1019962,-13550757,26,0,2,2299812417.0,137079,8424936,11,0,2
1904844158,2010-05-12 19:22:38,-1019926.501517295,-1019926,-501517295,26,0,2,2299812417.0,137079,8424936,11,0,2
1904844218,2010-05-12 19:23:38,-1019890.868803977,-1019890,-868803977,26,0,2,2299812417.0,137079,8424936,11,0,2
1904844278,2010-05-12 19:24:38,-1019855.024254798,-1019855,-24254798,26,0,2,2299812417.0,137079,8424936,11,0,2
1905000636,2010-05-14 14:50:36,-1035089.536390304,-1035089,-536390304,25,0,2,2299812417.0,137079,8424936,11,0,2
1905000696,2010-05-14 14:51:36,-1035077.254030227,-1035077,-254030227,25,0,2,2299812417.0,137079,8424936,11,0,2
1905000756,2010-05-14 14:52:36,-1035067.329259871,-1035067,-329259871,25,0,2,2299812417.0,137079,8424936,11,0,2
1905000816,2010-05-14 14:53:36,-1035059.309784888,-1035059,-309784888,25,0,2,2299812417.0,137079,8424936,11,0,2
1905000876,2010-05-14 14:54:36,-1035052.739622115,-1035052,-739622115,25,0,2,2299812417.0,137079,8424936,11,0,2
1905000936,2010-05-14 14:55:36,-1035047.276956557,-1035047,-276956557,25,0,2,2299812417.0,137079,8424936,11,0,2
1905000996,2010-05-14 14:56:36,-1035042.512648581,-1035042,-512648581,25,0,2,2299812417.0,137079,8424936,11,0,2
1905001056,2010-05-14 14:57:36,-1035038.239706038,-1035038,-239706038,25,0,2,2299812417.0,137079,8424936,11,0,2
1905001116,2010-05-14 14:58:36,-1035034.325319289,-1035034,-325319289,25,0,2,2299812417.0,137079,8424936,11,0,2
1905001176,2010-05-14 14:59:36,-1035030.595452308,-1035030,-595452308,25,0,2,2299812417.0,137079,8424936,11,0,2
1905001236,2010-05-14 15:00:36,-1035027.025727271,-1035027,-25727271,25,0,2,2299812417.0,137079,8424936,11,0,2
1905001296,2010-05-14 15:01:36,-1035023.471117019,-1035023,-471117019,25,0,2,2299812417.0,137079,8424936,11,0,2
1905001356,2010-05-14 15:02:36,-1035019.827944755,-1035019,-827944755,25,0,2,2299812417.0,137079,8424936,11,0,2
1905001416,2010-05-14 15:03:36,-1035016.182633399,-1035016,-182633399,25,0,2,2299812417.0,137079,8424936,11,0,2
1905001476,2010-05-14 15:04:36,-1035012.504732131,-1035012,-504732131,25,0,2,2299812417.0,137079,8424936,11,0,2
1905001536,2010-05-14 15:05:36,-1035008.608154296,-1035008,-608154296,25,0,2,2299812417.0,137079,8424936,11,0,2
1905001596,2010-05-14 15:06:36,-1035004.735383033,-1035004,-735383033,25,0,2,2299812417.0,137079,8424936,11,0,2
1905001656,2010-05-14 15:07:36,-1035000.65839672,-1035000,-658396720,25,0,2,2299812417.0,137079,8424936,11,0,2
1905001716,2010-05-14 15:08:36,-1034996.566503524,-1034996,-566503524,25,0,2,2299812417.0,137079,8424936,11,0,2
1905001776,2010-05-14 15:09:36,-1034992.249020575,-1034992,-249020575,25,0,2,2299812417.0,137079,8424936,11,0,2
1905001836,2010-05-14 15:10:36,-1034987.778941153,-1034987,-778941153,25,0,2,2299812417.0,137079,8424936,11,0,2
1905001896,2010-05-14 15:11:36,-1034983.215985297,-1034983,-215985297,25,0,2,2299812417.0,137079,8424936,11,0,2
1905001956,2010-05-14 15:12:36,-1034978.497721671,-1034978,-497721671,25,0,2,2299812417.0,137079,8424936,11,0,2
1905002016,2010-05-14 15:13:36,-1034973.683292388,-1034973,-683292388,25,0,2,2299812417.0,137079,8424936,11,0,2
1905002076,2010-05-14 15:14:36,-1034968.638397216,-1034968,-638397216,25,0,2,2299812417.0,137079,8424936,11,0,2
1905002136,2010-05-14 15:15:36,-1034963.516551017,-1034963,-516551017,25,0,2,2299812417.0,137079,8424936,11,0,2
1905002196,2010-05-14 15:16:36,-1034958.291956901,-1034958,-291956901,25,0,2,2299812417.0,137079,8424936,11,0,2
1905002256,2010-05-14 15:17:36,-1034952.931508063,-1034952,-931508063,25,0,2,2299812417.0,137079,8424936,11,0,2
1905002316,2010-05-14 15:18:36,-1034947.474583625,-1034947,-474583625,25,0,2,2299812417.0,137079,8424936,11,0,2
1905259789,2010-05-17 14:49:49,-1021150.922191619,-1021150,-922191619,26,0,2,2299812417.0,137079,8424936,11,0,2
1905259849,2010-05-17 14:50:49,-1021135.717437743,-1021135,-717437743,26,0,2,2299812417.0,137079,8424936,11,0,2
1905259909,2010-05-17 14:51:49,-1021122.461044311,-1021122,-461044311,26,0,2,2299812417.0,137079,8424936,11,0,2
1905259969,2010-05-17 14:52:49,-1021110.616912841,-1021110,-616912841,26,0,2,2299812417.0,137079,8424936,11,0,2
1905260029,2010-05-17 14:53:49,-1021100.004018783,-1021100,-4018783,26,0,2,2299812417.0,137079,8424936,11,0,2
1905260089,2010-05-17 14:54:49,-1021090.341825484,-1021090,-341825484,26,0,2,2299812417.0,137079,8424936,11,0,2
1905260149,2010-05-17 14:55:49,-1021081.30423355,-1021081,-304233550,26,0,2,2299812417.0,137079,8424936,11,0,2
1905260209,2010-05-17 14:56:49,-1021072.682930945,-1021072,-682930945,26,0,2,2299812417.0,137079,8424936,11,0,2
1905260269,2010-05-17 14:57:49,-1021064.338457107,-1021064,-338457107,26,0,2,2299812417.0,137079,8424936,11,0,2
1905260329,2010-05-17 14:58:49,-1021056.213480948,-1021056,-213480948,26,0,2,2299812417.0,137079,8424936,11,0,2
1905260389,2010-05-17 14:59:49,-1021048.132848739,-1021048,-132848739,26,0,2,2299812417.0,137079,8424936,11,0,2
1905260449,2010-05-17 15:00:49,-1021040.070222854,-1021040,-70222854,26,0,2,2299812417.0,137079,8424936,11,0,2
1905260509,2010-05-17 15:01:49,-1021031.951683043,-1021031,-951683043,26,0,2,2299812417.0,137079,8424936,11,0,2
1905260569,2010-05-17 15:02:49,-1021023.79232788,-1021023,-792327880,26,0,2,2299812417.0,137079,8424936,11,0,2
1905260629,2010-05-17 15:03:49,-1021015.532080649,-1021015,-532080649,26,0,2,2299812417.0,137079,8424936,11,0,2
1905260689,2010-05-17 15:04:49,-1021007.266313552,-1021007,-266313552,26,0,2,2299812417.0,137079,8424936,11,0,2
1905260749,2010-05-17 15:05:49,-1020998.820803641,-1020998,-820803641,26,0,2,2299812417.0,137079,8424936,11,0,2
1905260809,2010-05-17 15:06:49,-1020990.255668639,-1020990,-255668639,26,0,2,2299812417.0,137079,8424936,11,0,2
1905260869,2010-05-17 15:07:49,-1020981.646039008,-1020981,-646039008,26,0,2,2299812417.0,137079,8424936,11,0,2
1905260929,2010-05-17 15:08:49,-1020972.891531943,-1020972,-891531943,26,0,2,2299812417.0,137079,8424936,11,0,2
1905260989,2010-05-17 15:09:49,-1020963.99224758,-1020963,-992247580,26,0,2,2299812417.0,137079,8424936,11,0,2
1905261049,2010-05-17 15:10:49,-1020954.928133964,-1020954,-928133964,26,0,2,2299812417.0,137079,8424936,11,0,2
1905261109,2010-05-17 15:11:49,-1020945.750496863,-1020945,-750496863,26,0,2,2299812417.0,137079,8424936,11,0,2
1905261169,2010-05-17 15:12:49,-1020936.491786002,-1020936,-491786002,26,0,2,2299812417.0,137079,8424936,11,0,2
1905261229,2010-05-17 15:13:49,-1020927.109770774,-1020927,-109770774,26,0,2,2299812417.0,137079,8424936,11,0,2
1905261289,2010-05-17 15:14:49,-1020917.508402823,-1020917,-508402823,26,0,2,2299812417.0,137079,8424936,11,0,2
1905261349,2010-05-17 15:15:49,-1020907.820116042,-1020907,-820116042,26,0,2,2299812417.0,137079,8424936,11,0,2
1905261409,2010-05-17 15:16:49,-1020898.016684531,-1020898,-16684531,26,0,2,2299812417.0,137079,8424936,11,0,2
1905261469,2010-05-17 15:17:49,-1020888.056654929,-1020888,-56654929,26,0,2,2299812417.0,137079,8424936,11,0,2
1905432886,2010-05-19 14:54:46,-996017.206492423,-996017,-206492423,25,0,2,2299812417.0,137079,8424936,11,0,2
1905432946,2010-05-19 14:55:46,-996005.53639984,-996005,-536399840,25,0,2,2299812417.0,137079,8424936,11,0,2
1905433006,2010-05-19 14:56:46,-995995.381559371,-995995,-381559371,25,0,2,2299812417.0,137079,8424936,11,0,2
1905433066,2010-05-19 14:57:46,-995986.197023391,-995986,-197023391,25,0,2,2299812417.0,137079,8424936,11,0,2
1905433126,2010-05-19 14:58:46,-995977.86758232,-995977,-867582320,25,0,2,2299812417.0,137079,8424936,11,0,2
1905433186,2010-05-19 14:59:46,-995970.145294188,-995970,-145294188,25,0,2,2299812417.0,137079,8424936,11,0,2
1905433246,2010-05-19 15:00:46,-995962.893808364,-995962,-893808364,25,0,2,2299812417.0,137079,8424936,11,0,2
1905433306,2010-05-19 15:01:46,-995955.849955558,-995955,-849955558,25,0,2,2299812417.0,137079,8424936,11,0,2
1905433366,2010-05-19 15:02:46,-995949.001149177,-995949,-1149177,25,0,2,2299812417.0,137079,8424936,11,0,2
1905433426,2010-05-19 15:03:46,-995942.125113486,-995942,-125113486,25,0,2,2299812417.0,137079,8424936,11,0,2
1905433486,2010-05-19 15:04:46,-995935.297570228,-995935,-297570228,25,0,2,2299812417.0,137079,8424936,11,0,2
1905433546,2010-05-19 15:05:46,-995928.440469741,-995928,-440469741,25,0,2,2299812417.0,137079,8424936,11,0,2
1905433606,2010-05-19 15:06:46,-995921.427269935,-995921,-427269935,25,0,2,2299812417.0,137079,8424936,11,0,2
1905433666,2010-05-19 15:07:46,-995914.177962302,-995914,-177962302,25,0,2,2299812417.0,137079,8424936,11,0,2
1905433726,2010-05-19 15:08:46,-995906.988859176,-995906,-988859176,25,0,2,2299812417.0,137079,8424936,11,0,2
1905433786,2010-05-19 15:09:46,-995899.628608703,-995899,-628608703,25,0,2,2299812417.0,137079,8424936,11,0,2
1905433846,2010-05-19 15:10:46,-995892.11230564,-995892,-112305640,25,0,2,2299812417.0,137079,8424936,11,0,2
1905433906,2010-05-19 15:11:46,-995884.431472777,-995884,-431472777,25,0,2,2299812417.0,137079,8424936,11,0,2
1905433966,2010-05-19 15:12:46,-995876.609687804,-995876,-609687804,25,0,2,2299812417.0,137079,8424936,11,0,2
1905434026,2010-05-19 15:13:46,-995868.573999404,-995868,-573999404,25,0,2,2299812417.0,137079,8424936,11,0,2
1905434086,2010-05-19 15:14:46,-995860.388944625,-995860,-388944625,25,0,2,2299812417.0,137079,8424936,11,0,2
1905434146,2010-05-19 15:15:46,-995852.099782943,-995852,-99782943,25,0,2,2299812417.0,137079,8424936,11,0,2
1905434206,2010-05-19 15:16:46,-995843.644684791,-995843,-644684791,25,0,2,2299812417.0,137079,8424936,11,0,2
1905434266,2010-05-19 15:17:46,-995835.001496314,-995835,-1496314,25,0,2,2299812417.0,137079,8424936,11,0,2
1905434326,2010-05-19 15:18:46,-995826.120216369,-995826,-120216369,25,0,2,2299812417.0,137079,8424936,11,0,2
1905434386,2010-05-19 15:19:46,-995817.137581824,-995817,-137581824,25,0,2,2299812417.0,137079,8424936,11,0,2
1905434446,2010-05-19 15:20:46,-995808.001065253,-995808,-1065253,25,0,2,2299812417.0,137079,8424936,11,0,2
1905434506,2010-05-19 15:21:46,-995798.768254279,-995798,-768254279,25,0,2,2299812417.0,137079,8424936,11,0,2
1905606317,2010-05-21 15:05:17,-973713.889632224,-973713,-889632224,26,0,2,2299812417.0,137079,8424936,11,0,2
1905606377,2010-05-21 15:06:17,-973657.271071433,-973657,-271071433,26,0,2,2299812417.0,137079,8424936,11,0,2
1905606437,2010-05-21 15:07:17,-973603.650063514,-973603,-650063514,26,0,2,2299812417.0,137079,8424936,11,0,2
1905606497,2010-05-21 15:08:17,-973552.475441932,-973552,-475441932,26,0,2,2299812417.0,137079,8424936,11,0,2
1905606557,2010-05-21 15:09:17,-973503.203713416,-973503,-203713416,26,0,2,2299812417.0,137079,8424936,11,0,2
1905606617,2010-05-21 15:10:17,-973455.159973144,-973455,-159973144,26,0,2,2299812417.0,137079,8424936,11,0,2
1905606677,2010-05-21 15:11:17,-973408.321207046,-973408,-321207046,26,0,2,2299812417.0,137079,8424936,11,0,2
1905606737,2010-05-21 15:12:17,-973362.269131659,-973362,-269131659,26,0,2,2299812417.0,137079,8424936,11,0,2
1905606797,2010-05-21 15:13:17,-973316.967169761,-973316,-967169761,26,0,2,2299812417.0,137079,8424936,11,0,2
1905606857,2010-05-21 15:14:17,-973272.186070441,-973272,-186070441,26,0,2,2299812417.0,137079,8424936,11,0,2
1905606917,2010-05-21 15:15:17,-973227.97632408,-973227,-976324080,26,0,2,2299812417.0,137079,8424936,11,0,2
1905606977,2010-05-21 15:16:17,-973184.151781081,-973184,-151781081,26,0,2,2299812417.0,137079,8424936,11,0,2
1905607037,2010-05-21 15:17:17,-973140.893287658,-973140,-893287658,26,0,2,2299812417.0,137079,8424936,11,0,2
1905607097,2010-05-21 15:18:17,-973097.929901122,-973097,-929901122,26,0,2,2299812417.0,137079,8424936,11,0,2
1905607157,2010-05-21 15:19:17,-973055.485000609,-973055,-485000609,26,0,2,2299812417.0,137079,8424936,11,0,2
1905607217,2010-05-21 15:20:17,-973013.421268462,-973013,-421268462,26,0,2,2299812417.0,137079,8424936,11,0,2
1905607277,2010-05-21 15:21:17,-972971.600563048,-972971,-600563048,26,0,2,2299812417.0,137079,8424936,11,0,2
1905607337,2010-05-21 15:22:17,-972930.088456153,-972930,-88456153,26,0,2,2299812417.0,137079,8424936,11,0,2
1905607397,2010-05-21 15:23:17,-972888.828521728,-972888,-828521728,26,0,2,2299812417.0,137079,8424936,11,0,2
1905607457,2010-05-21 15:24:17,-972847.884044646,-972847,-884044646,26,0,2,2299812417.0,137079,8424936,11,0,2
1905607517,2010-05-21 15:25:17,-972807.06982994,-972807,-69829940,26,0,2,2299812417.0,137079,8424936,11,0,2
1905607577,2010-05-21 15:26:17,-972766.448513984,-972766,-448513984,26,0,2,2299812417.0,137079,8424936,11,0,2
1905607637,2010-05-21 15:27:17,-972726.081227302,-972726,-81227302,26,0,2,2299812417.0,137079,8424936,11,0,2
1905607697,2010-05-21 15:28:17,-972685.865033149,-972685,-865033149,26,0,2,2299812417.0,137079,8424936,11,0,2
1905607757,2010-05-21 15:29:17,-972645.858912467,-972645,-858912467,26,0,2,2299812417.0,137079,8424936,11,0,2
1905607817,2010-05-21 15:30:17,-972606.040355681,-972606,-40355681,26,0,2,2299812417.0,137079,8424936,11,0,2
1905607877,2010-05-21 15:31:17,-972566.419734,-972566,-419734000,26,0,2,2299812417.0,137079,8424936,11,0,2
1905865855,2010-05-24 15:10:55,-915075.234689712,-915075,-234689712,25,0,2,2299812417.0,137079,8424936,11,0,2
1905865915,2010-05-24 15:11:55,-915059.131738662,-915059,-131738662,25,0,2,2299812417.0,137079,8424936,11,0,2
1905865975,2010-05-24 15:12:55,-915043.737907409,-915043,-737907409,25,0,2,2299812417.0,137079,8424936,11,0,2
1905866035,2010-05-24 15:13:55,-915028.737784385,-915028,-737784385,25,0,2,2299812417.0,137079,8424936,11,0,2
1905866095,2010-05-24 15:14:55,-915014.080602645,-915014,-80602645,25,0,2,2299812417.0,137079,8424936,11,0,2
1905866155,2010-05-24 15:15:55,-914999.55044937,-914999,-550449370,25,0,2,2299812417.0,137079,8424936,11,0,2
1905866215,2010-05-24 15:16:55,-914985.116396903,-914985,-116396903,25,0,2,2299812417.0,137079,8424936,11,0,2
1905866275,2010-05-24 15:17:55,-914970.465970992,-914970,-465970992,25,0,2,2299812417.0,137079,8424936,11,0,2
1905866335,2010-05-24 15:18:55,-914955.783435821,-914955,-783435821,25,0,2,2299812417.0,137079,8424936,11,0,2
1905866395,2010-05-24 15:19:55,-914940.977653502,-914940,-977653502,25,0,2,2299812417.0,137079,8424936,11,0,2
1905866455,2010-05-24 15:20:55,-914925.981487273,-914925,-981487273,25,0,2,2299812417.0,137079,8424936,11,0,2
1905866515,2010-05-24 15:21:55,-914910.853237151,-914910,-853237151,25,0,2,2299812417.0,137079,8424936,11,0,2
1905866575,2010-05-24 15:22:55,-914895.605792045,-914895,-605792045,25,0,2,2299812417.0,137079,8424936,11,0,2
1905866635,2010-05-24 15:23:55,-914880.399004935,-914880,-399004935,25,0,2,2299812417.0,137079,8424936,11,0,2
1905866695,2010-05-24 15:24:55,-914864.905299186,-914864,-905299186,25,0,2,2299812417.0,137079,8424936,11,0,2
1905866755,2010-05-24 15:25:55,-914849.361932754,-914849,-361932754,25,0,2,2299812417.0,137079,8424936,11,0,2
1905866815,2010-05-24 15:26:55,-914833.730458259,-914833,-730458259,25,0,2,2299812417.0,137079,8424936,11,0,2
1905866875,2010-05-24 15:27:55,-914817.916043281,-914817,-916043281,25,0,2,2299812417.0,137079,8424936,11,0,2
1905866935,2010-05-24 15:28:55,-914802.091601371,-914802,-91601371,25,0,2,2299812417.0,137079,8424936,11,0,2
1905866995,2010-05-24 15:29:55,-914786.189128875,-914786,-189128875,25,0,2,2299812417.0,137079,8424936,11,0,2
1905867055,2010-05-24 15:30:55,-914770.052009582,-914770,-52009582,25,0,2,2299812417.0,137079,8424936,11,0,2
1905867115,2010-05-24 15:31:55,-914753.960823058,-914753,-960823058,25,0,2,2299812417.0,137079,8424936,11,0,2
1905867175,2010-05-24 15:32:55,-914737.734260558,-914737,-734260558,25,0,2,2299812417.0,137079,8424936,11,0,2
1905867235,2010-05-24 15:33:55,-914721.321818351,-914721,-321818351,25,0,2,2299812417.0,137079,8424936,11,0,2
1905867295,2010-05-24 15:34:55,-914704.743115424,-914704,-743115424,25,0,2,2299812417.0,137079,8424936,11,0,2
1906039493,2010-05-26 15:24:53,-873662.372791289,-873662,-372791289,15,0,2,2299812417.0,137079,8424936,11,0,2
1906039553,2010-05-26 15:25:53,-873642.847392081,-873642,-847392081,15,0,2,2299812417.0,137079,8424936,11,0,2
1906039613,2010-05-26 15:26:53,-873624.284632682,-873624,-284632682,15,0,2,2299812417.0,137079,8424936,11,0,2
1906039673,2010-05-26 15:27:53,-873606.487580298,-873606,-487580298,15,0,2,2299812417.0,137079,8424936,11,0,2
1906039733,2010-05-26 15:28:53,-873589.215143203,-873589,-215143203,15,0,2,2299812417.0,137079,8424936,11,0,2
1906039793,2010-05-26 15:29:53,-873572.300977706,-873572,-300977706,15,0,2,2299812417.0,137079,8424936,11,0,2
1906039853,2010-05-26 15:30:53,-873555.55620861,-873555,-556208610,15,0,2,2299812417.0,137079,8424936,11,0,2
1906039913,2010-05-26 15:31:53,-873538.932016372,-873538,-932016372,15,0,2,2299812417.0,137079,8424936,11,0,2
1906039973,2010-05-26 15:32:53,-873522.270156859,-873522,-270156859,15,0,2,2299812417.0,137079,8424936,11,0,2
1906040033,2010-05-26 15:33:53,-873505.59699726,-873505,-596997260,15,0,2,2299812417.0,137079,8424936,11,0,2
1906040093,2010-05-26 15:34:53,-873488.770560264,-873488,-770560264,15,0,2,2299812417.0,137079,8424936,11,0,2
1906040153,2010-05-26 15:35:53,-873471.831774711,-873471,-831774711,15,0,2,2299812417.0,137079,8424936,11,0,2
1906040213,2010-05-26 15:36:53,-873454.897723197,-873454,-897723197,15,0,2,2299812417.0,137079,8424936,11,0,2
1906040273,2010-05-26 15:37:53,-873437.710539817,-873437,-710539817,15,0,2,2299812417.0,137079,8424936,11,0,2
1906040333,2010-05-26 15:38:53,-873420.521265029,-873420,-521265029,15,0,2,2299812417.0,137079,8424936,11,0,2
1906040393,2010-05-26 15:39:53,-873403.178171157,-873403,-178171157,15,0,2,2299812417.0,137079,8424936,11,0,2
1906040453,2010-05-26 15:40:53,-873385.770915984,-873385,-770915984,15,0,2,2299812417.0,137079,8424936,11,0,2
1906040513,2010-05-26 15:41:53,-873368.155665397,-873368,-155665397,15,0,2,2299812417.0,137079,8424936,11,0,2
1906040573,2010-05-26 15:42:53,-873350.528002738,-873350,-528002738,15,0,2,2299812417.0,137079,8424936,11,0,2
1906040633,2010-05-26 15:43:53,-873332.624978064,-873332,-624978064,15,0,2,2299812417.0,137079,8424936,11,0,2
1906040693,2010-05-26 15:44:53,-873314.626327514,-873314,-626327514,15,0,2,2299812417.0,137079,8424936,11,0,2
1906040753,2010-05-26 15:45:53,-873296.486824035,-873296,-486824035,15,0,2,2299812417.0,137079,8424936,11,0,2
1906040813,2010-05-26 15:46:53,-873278.163843154,-873278,-163843154,15,0,2,2299812417.0,137079,8424936,11,0,2
1906040873,2010-05-26 15:47:53,-873259.74583435,-873259,-745834350,15,0,2,2299812417.0,137079,8424936,11,0,2
1906040933,2010-05-26 15:48:53,-873241.299406051,-873241,-299406051,15,0,2,2299812417.0,137079,8424936,11,0,2
1906040993,2010-05-26 15:49:53,-873222.70325756,-873222,-703257560,15,0,2,2299812417.0,137079,8424936,11,0,2
1906212362,2010-05-28 15:26:02,-831776.869215964,-831776,-869215964,26,0,2,2299812417.0,137079,8424936,11,0,2
1906212422,2010-05-28 15:27:02,-831758.176146506,-831758,-176146506,26,0,2,2299812417.0,137079,8424936,11,0,2
1906212482,2010-05-28 15:28:02,-831740.260646819,-831740,-260646819,26,0,2,2299812417.0,137079,8424936,11,0,2
1906212542,2010-05-28 15:29:02,-831722.741274833,-831722,-741274833,26,0,2,2299812417.0,137079,8424936,11,0,2
1906212602,2010-05-28 15:30:02,-831705.469986915,-831705,-469986915,26,0,2,2299812417.0,137079,8424936,11,0,2
1906212662,2010-05-28 15:31:02,-831688.23971939,-831688,-239719390,26,0,2,2299812417.0,137079,8424936,11,0,2
1906212722,2010-05-28 15:32:02,-831671.025085448,-831671,-25085448,26,0,2,2299812417.0,137079,8424936,11,0,2
1906212782,2010-05-28 15:33:02,-831653.645609855,-831653,-645609855,26,0,2,2299812417.0,137079,8424936,11,0,2
1906212842,2010-05-28 15:34:02,-831636.145798682,-831636,-145798682,26,0,2,2299812417.0,137079,8424936,11,0,2
1906212902,2010-05-28 15:35:02,-831618.519913672,-831618,-519913672,26,0,2,2299812417.0,137079,8424936,11,0,2
1906212962,2010-05-28 15:36:02,-831600.728569983,-831600,-728569983,26,0,2,2299812417.0,137079,8424936,11,0,2
1906213022,2010-05-28 15:37:02,-831582.667874335,-831582,-667874335,26,0,2,2299812417.0,137079,8424936,11,0,2
1906213082,2010-05-28 15:38:02,-831564.437482833,-831564,-437482833,26,0,2,2299812417.0,137079,8424936,11,0,2
1906213142,2010-05-28 15:39:02,-831546.068535804,-831546,-68535804,26,0,2,2299812417.0,137079,8424936,11,0,2
1906213202,2010-05-28 15:40:02,-831527.557611464,-831527,-557611464,26,0,2,2299812417.0,137079,8424936,11,0,2
1906213262,2010-05-28 15:41:02,-831508.726860045,-831508,-726860045,26,0,2,2299812417.0,137079,8424936,11,0,2
1906213322,2010-05-28 15:42:02,-831489.746139525,-831489,-746139525,26,0,2,2299812417.0,137079,8424936,11,0,2
1906213382,2010-05-28 15:43:02,-831470.645428657,-831470,-645428657,26,0,2,2299812417.0,137079,8424936,11,0,2
1906213442,2010-05-28 15:44:02,-831451.344772338,-831451,-344772338,26,0,2,2299812417.0,137079,8424936,11,0,2
1906213502,2010-05-28 15:45:02,-831431.904067992,-831431,-904067992,26,0,2,2299812417.0,137079,8424936,11,0,2
1906213562,2010-05-28 15:46:02,-831412.182980536,-831412,-182980536,26,0,2,2299812417.0,137079,8424936,11,0,2
1906213622,2010-05-28 15:47:02,-831392.355334281,-831392,-355334281,26,0,2,2299812417.0,137079,8424936,11,0,2
1906213682,2010-05-28 15:48:02,-831372.319604873,-831372,-319604873,26,0,2,2299812417.0,137079,8424936,11,0,2
1906213742,2010-05-28 15:49:02,-831352.125736236,-831352,-125736236,26,0,2,2299812417.0,137079,8424936,11,0,2
1906471179,2010-05-31 15:19:39,-768152.749461173,-768152,-749461173,25,0,2,2299812417.0,137079,8424936,11,0,2
1906471239,2010-05-31 15:20:39,-768134.252010344,-768134,-252010344,25,0,2,2299812417.0,137079,8424936,11,0,2
1906471299,2010-05-31 15:21:39,-768116.522409438,-768116,-522409438,25,0,2,2299812417.0,137079,8424936,11,0,2
1906471359,2010-05-31 15:22:39,-768099.650002479,-768099,-650002479,25,0,2,2299812417.0,137079,8424936,11,0,2
1906471419,2010-05-31 15:23:39,-768083.380703925,-768083,-380703925,25,0,2,2299812417.0,137079,8424936,11,0,2
1906471479,2010-05-31 15:24:39,-768067.35931301,-768067,-359313010,25,0,2,2299812417.0,137079,8424936,11,0,2
1906471539,2010-05-31 15:25:39,-768051.433739661,-768051,-433739661,25,0,2,2299812417.0,137079,8424936,11,0,2
1906471599,2010-05-31 15:26:39,-768035.610892295,-768035,-610892295,25,0,2,2299812417.0,137079,8424936,11,0,2
1906471659,2010-05-31 15:27:39,-768019.788889884,-768019,-788889884,25,0,2,2299812417.0,137079,8424936,11,0,2
1906471719,2010-05-31 15:28:39,-768003.95809555,-768003,-958095550,25,0,2,2299812417.0,137079,8424936,11,0,2
1906471779,2010-05-31 15:29:39,-767987.88853073,-767987,-888530730,25,0,2,2299812417.0,137079,8424936,11,0,2
1906471839,2010-05-31 15:30:39,-767971.803530692,-767971,-803530692,25,0,2,2299812417.0,137079,8424936,11,0,2
1906471899,2010-05-31 15:31:39,-767955.535572051,-767955,-535572051,25,0,2,2299812417.0,137079,8424936,11,0,2
1906471959,2010-05-31 15:32:39,-767939.177504538,-767939,-177504538,25,0,2,2299812417.0,137079,8424936,11,0,2
1906472019,2010-05-31 15:33:39,-767922.737309455,-767922,-737309455,25,0,2,2299812417.0,137079,8424936,11,0,2
1906472079,2010-05-31 15:34:39,-767906.141376494,-767906,-141376494,25,0,2,2299812417.0,137079,8424936,11,0,2
1906472139,2010-05-31 15:35:39,-767889.429175376,-767889,-429175376,25,0,2,2299812417.0,137079,8424936,11,0,2
1906472199,2010-05-31 15:36:39,-767872.594017028,-767872,-594017028,25,0,2,2299812417.0,137079,8424936,11,0,2
1906472259,2010-05-31 15:37:39,-767855.792907714,-767855,-792907714,25,0,2,2299812417.0,137079,8424936,11,0,2
1906472319,2010-05-31 15:38:39,-767838.726184844,-767838,-726184844,25,0,2,2299812417.0,137079,8424936,11,0,2
1906472379,2010-05-31 15:39:39,-767821.521363257,-767821,-521363257,25,0,2,2299812417.0,137079,8424936,11,0,2
1906472439,2010-05-31 15:40:39,-767804.181589126,-767804,-181589126,25,0,2,2299812417.0,137079,8424936,11,0,2
1906472499,2010-05-31 15:41:39,-767786.812729835,-767786,-812729835,25,0,2,2299812417.0,137079,8424936,11,0,2
1906472559,2010-05-31 15:42:39,-767769.289795875,-767769,-289795875,25,0,2,2299812417.0,137079,8424936,11,0,2
1906557715,2010-06-01 15:21:55,-747389.488973617,-747389,-488973617,25,0,2,2299812417.0,137079,8424936,11,0,2
1906557775,2010-06-01 15:22:55,-747373.550609588,-747373,-550609588,25,0,2,2299812417.0,137079,8424936,11,0,2
1906557835,2010-06-01 15:23:55,-747358.062353133,-747358,-62353133,25,0,2,2299812417.0,137079,8424936,11,0,2
1906557895,2010-06-01 15:24:55,-747342.862513541,-747342,-862513541,25,0,2,2299812417.0,137079,8424936,11,0,2
1906557955,2010-06-01 15:25:55,-747327.753075599,-747327,-753075599,25,0,2,2299812417.0,137079,8424936,11,0,2
1906558015,2010-06-01 15:26:55,-747312.638044356,-747312,-638044356,25,0,2,2299812417.0,137079,8424936,11,0,2
1906558075,2010-06-01 15:27:55,-747297.529289245,-747297,-529289245,25,0,2,2299812417.0,137079,8424936,11,0,2
1906558135,2010-06-01 15:28:55,-747282.29679489,-747282,-296794890,25,0,2,2299812417.0,137079,8424936,11,0,2
1906558195,2010-06-01 15:29:55,-747266.904728888,-747266,-904728888,25,0,2,2299812417.0,137079,8424936,11,0,2
1906558255,2010-06-01 15:30:55,-747251.413675307,-747251,-413675307,25,0,2,2299812417.0,137079,8424936,11,0,2
1906558315,2010-06-01 15:31:55,-747235.836534499,-747235,-836534499,25,0,2,2299812417.0,137079,8424936,11,0,2
1906558375,2010-06-01 15:32:55,-747220.12092018,-747220,-120920180,25,0,2,2299812417.0,137079,8424936,11,0,2
1906558435,2010-06-01 15:33:55,-747204.335630416,-747204,-335630416,25,0,2,2299812417.0,137079,8424936,11,0,2
1906558495,2010-06-01 15:34:55,-747188.302316665,-747188,-302316665,25,0,2,2299812417.0,137079,8424936,11,0,2
1906558555,2010-06-01 15:35:55,-747172.153104781,-747172,-153104781,25,0,2,2299812417.0,137079,8424936,11,0,2
1906558615,2010-06-01 15:36:55,-747155.920370101,-747155,-920370101,25,0,2,2299812417.0,137079,8424936,11,0,2
1906558675,2010-06-01 15:37:55,-747139.544102668,-747139,-544102668,25,0,2,2299812417.0,137079,8424936,11,0,2
1906558735,2010-06-01 15:38:55,-747122.995161056,-747122,-995161056,25,0,2,2299812417.0,137079,8424936,11,0,2
1906558795,2010-06-01 15:39:55,-747106.346063613,-747106,-346063613,25,0,2,2299812417.0,137079,8424936,11,0,2
1906558855,2010-06-01 15:40:55,-747089.419948577,-747089,-419948577,25,0,2,2299812417.0,137079,8424936,11,0,2
1906558915,2010-06-01 15:41:55,-747072.456834792,-747072,-456834792,25,0,2,2299812417.0,137079,8424936,11,0,2
1906558975,2010-06-01 15:42:55,-747055.350344657,-747055,-350344657,25,0,2,2299812417.0,137079,8424936,11,0,2
1906644045,2010-06-02 15:20:45,-726320.904596328,-726320,-904596328,26,0,2,2299812417.0,137079,8424936,11,0,2
1906644105,2010-06-02 15:21:45,-726304.327439307,-726304,-327439307,26,0,2,2299812417.0,137079,8424936,11,0,2
1906644165,2010-06-02 15:22:45,-726288.478005408,-726288,-478005408,26,0,2,2299812417.0,137079,8424936,11,0,2
1906644225,2010-06-02 15:23:45,-726273.098582267,-726273,-98582267,26,0,2,2299812417.0,137079,8424936,11,0,2
1906644285,2010-06-02 15:24:45,-726258.027332305,-726258,-27332305,26,0,2,2299812417.0,137079,8424936,11,0,2
1906644345,2010-06-02 15:25:45,-726243.091566085,-726243,-91566085,26,0,2,2299812417.0,137079,8424936,11,0,2
1906644405,2010-06-02 15:26:45,-726228.243409156,-726228,-243409156,26,0,2,2299812417.0,137079,8424936,11,0,2
1906644465,2010-06-02 15:27:45,-726213.360774039,-726213,-360774039,26,0,2,2299812417.0,137079,8424936,11,0,2
1906644525,2010-06-02 15:28:45,-726198.382767676,-726198,-382767676,26,0,2,2299812417.0,137079,8424936,11,0,2
1906644585,2010-06-02 15:29:45,-726183.224044799,-726183,-224044799,26,0,2,2299812417.0,137079,8424936,11,0,2
1906644645,2010-06-02 15:30:45,-726167.935368537,-726167,-935368537,26,0,2,2299812417.0,137079,8424936,11,0,2
1906644705,2010-06-02 15:31:45,-726152.551667212,-726152,-551667212,26,0,2,2299812417.0,137079,8424936,11,0,2
1906644765,2010-06-02 15:32:45,-726136.885691642,-726136,-885691642,26,0,2,2299812417.0,137079,8424936,11,0,2
1906644825,2010-06-02 15:33:45,-726121.10009098,-726121,-100090980,26,0,2,2299812417.0,137079,8424936,11,0,2
1906644885,2010-06-02 15:34:45,-726105.062773704,-726105,-62773704,26,0,2,2299812417.0,137079,8424936,11,0,2
1906644945,2010-06-02 15:35:45,-726089.045433997,-726089,-45433997,26,0,2,2299812417.0,137079,8424936,11,0,2
1906645005,2010-06-02 15:36:45,-726072.732564925,-726072,-732564925,26,0,2,2299812417.0,137079,8424936,11,0,2
1906645065,2010-06-02 15:37:45,-726056.311205863,-726056,-311205863,26,0,2,2299812417.0,137079,8424936,11,0,2
1906645125,2010-06-02 15:38:45,-726039.72118473,-726039,-721184730,26,0,2,2299812417.0,137079,8424936,11,0,2
1906645185,2010-06-02 15:39:45,-726022.903541564,-726022,-903541564,26,0,2,2299812417.0,137079,8424936,11,0,2
1906645245,2010-06-02 15:40:45,-726005.872914313,-726005,-872914313,26,0,2,2299812417.0,137079,8424936,11,0,2
1906645305,2010-06-02 15:41:45,-725988.630733489,-725988,-630733489,26,0,2,2299812417.0,137079,8424936,11,0,2
1906645365,2010-06-02 15:42:45,-725971.224284171,-725971,-224284171,26,0,2,2299812417.0,137079,8424936,11,0,2
1906935032,2010-06-06 00:10:32,-653909.682518958,-653909,-682518958,43,0,2,2299812417.0,137079,8424936,11,0,2
1906935092,2010-06-06 00:11:32,-653865.433854102,-653865,-433854102,43,0,2,2299812417.0,137079,8424936,11,0,2
1906935152,2010-06-06 00:12:32,-653821.854855536,-653821,-854855536,43,0,2,2299812417.0,137079,8424936,11,0,2
1906935212,2010-06-06 00:13:32,-653778.82497692,-653778,-824976920,43,0,2,2299812417.0,137079,8424936,11,0,2
1906935272,2010-06-06 00:14:32,-653736.331621169,-653736,-331621169,43,0,2,2299812417.0,137079,8424936,11,0,2
1906935332,2010-06-06 00:15:32,-653693.976636886,-653693,-976636886,43,0,2,2299812417.0,137079,8424936,11,0,2
1906935392,2010-06-06 00:16:32,-653651.665016173,-653651,-665016173,43,0,2,2299812417.0,137079,8424936,11,0,2
1906935452,2010-06-06 00:17:32,-653609.345142364,-653609,-345142364,43,0,2,2299812417.0,137079,8424936,11,0,2
1906935512,2010-06-06 00:18:32,-653566.916051864,-653566,-916051864,43,0,2,2299812417.0,137079,8424936,11,0,2
1906935572,2010-06-06 00:19:32,-653524.503749846,-653524,-503749846,43,0,2,2299812417.0,137079,8424936,11,0,2
1906935632,2010-06-06 00:20:32,-653481.892414092,-653481,-892414092,43,0,2,2299812417.0,137079,8424936,11,0,2
1906935692,2010-06-06 00:21:32,-653439.115974425,-653439,-115974425,43,0,2,2299812417.0,137079,8424936,11,0,2
1906935752,2010-06-06 00:22:32,-653396.247773169,-653396,-247773169,43,0,2,2299812417.0,137079,8424936,11,0,2
1906935812,2010-06-06 00:23:32,-653353.285972594,-653353,-285972594,43,0,2,2299812417.0,137079,8424936,11,0,2
1906935872,2010-06-06 00:24:32,-653310.253578185,-653310,-253578185,43,0,2,2299812417.0,137079,8424936,11,0,2
1906935932,2010-06-06 00:25:32,-653267.027163505,-653267,-27163505,43,0,2,2299812417.0,137079,8424936,11,0,2
1906935992,2010-06-06 00:26:32,-653223.722847938,-653223,-722847938,43,0,2,2299812417.0,137079,8424936,11,0,2
1906936052,2010-06-06 00:27:32,-653180.36075878,-653180,-360758780,43,0,2,2299812417.0,137079,8424936,11,0,2
1906936112,2010-06-06 00:28:32,-653136.975665091,-653136,-975665091,43,0,2,2299812417.0,137079,8424936,11,0,2
1906936172,2010-06-06 00:29:32,-653093.273601531,-653093,-273601531,43,0,2,2299812417.0,137079,8424936,11,0,2
1906936232,2010-06-06 00:30:32,-653049.578941344,-653049,-578941344,43,0,2,2299812417.0,137079,8424936,11,0,2
1906936292,2010-06-06 00:31:32,-653005.776140212,-653005,-776140212,43,0,2,2299812417.0,137079,8424936,11,0,2
1907076397,2010-06-07 15:26:37,-622260.600602149,-622260,-600602149,26,0,2,2299812417.0,137079,8424936,11,0,2
1907076457,2010-06-07 15:27:37,-622244.088035582,-622244,-88035582,26,0,2,2299812417.0,137079,8424936,11,0,2
1907076517,2010-06-07 15:28:37,-622228.032872199,-622228,-32872199,26,0,2,2299812417.0,137079,8424936,11,0,2
1907076577,2010-06-07 15:29:37,-622212.207993506,-622212,-207993506,26,0,2,2299812417.0,137079,8424936,11,0,2
1907076637,2010-06-07 15:30:37,-622196.517808913,-622196,-517808913,26,0,2,2299812417.0,137079,8424936,11,0,2
1907076697,2010-06-07 15:31:37,-622180.687028884,-622180,-687028884,26,0,2,2299812417.0,137079,8424936,11,0,2
1907076757,2010-06-07 15:32:37,-622164.881945609,-622164,-881945609,26,0,2,2299812417.0,137079,8424936,11,0,2
1907076817,2010-06-07 15:33:37,-622148.923688888,-622148,-923688888,26,0,2,2299812417.0,137079,8424936,11,0,2
1907076877,2010-06-07 15:34:37,-622132.887155532,-622132,-887155532,26,0,2,2299812417.0,137079,8424936,11,0,2
1907076937,2010-06-07 15:35:37,-622116.674592971,-622116,-674592971,26,0,2,2299812417.0,137079,8424936,11,0,2
1907076997,2010-06-07 15:36:37,-622100.258233069,-622100,-258233069,26,0,2,2299812417.0,137079,8424936,11,0,2
1907077057,2010-06-07 15:37:37,-622083.685048102,-622083,-685048102,26,0,2,2299812417.0,137079,8424936,11,0,2
1907077117,2010-06-07 15:38:37,-622066.844488143,-622066,-844488143,26,0,2,2299812417.0,137079,8424936,11,0,2
1907077177,2010-06-07 15:39:37,-622049.864216804,-622049,-864216804,26,0,2,2299812417.0,137079,8424936,11,0,2
1907077237,2010-06-07 15:40:37,-622032.778890609,-622032,-778890609,26,0,2,2299812417.0,137079,8424936,11,0,2
1907077297,2010-06-07 15:41:37,-622015.474279403,-622015,-474279403,26,0,2,2299812417.0,137079,8424936,11,0,2
1907077357,2010-06-07 15:42:37,-621997.899352073,-621997,-899352073,26,0,2,2299812417.0,137079,8424936,11,0,2
1907077417,2010-06-07 15:43:37,-621980.158955573,-621980,-158955573,26,0,2,2299812417.0,137079,8424936,11,0,2
1907077477,2010-06-07 15:44:37,-621962.292734145,-621962,-292734145,26,0,2,2299812417.0,137079,8424936,11,0,2
1907077537,2010-06-07 15:45:37,-621944.210627555,-621944,-210627555,26,0,2,2299812417.0,137079,8424936,11,0,2
1907077597,2010-06-07 15:46:37,-621925.887330054,-621925,-887330054,26,0,2,2299812417.0,137079,8424936,11,0,2
1907249075,2010-06-09 15:24:35,-580816.776725768,-580816,-776725768,26,0,2,2299812417.0,137079,8424936,11,0,2
1907249135,2010-06-09 15:25:35,-580798.469368934,-580798,-469368934,26,0,2,2299812417.0,137079,8424936,11,0,2
1907249195,2010-06-09 15:26:35,-580780.900491713,-580780,-900491713,26,0,2,2299812417.0,137079,8424936,11,0,2
1907249255,2010-06-09 15:27:35,-580764.038228988,-580764,-38228988,26,0,2,2299812417.0,137079,8424936,11,0,2
1907249315,2010-06-09 15:28:35,-580747.631512641,-580747,-631512641,26,0,2,2299812417.0,137079,8424936,11,0,2
1907249375,2010-06-09 15:29:35,-580731.608591079,-580731,-608591079,26,0,2,2299812417.0,137079,8424936,11,0,2
1907249435,2010-06-09 15:30:35,-580715.497529029,-580715,-497529029,26,0,2,2299812417.0,137079,8424936,11,0,2
1907249495,2010-06-09 15:31:35,-580699.498468398,-580699,-498468398,26,0,2,2299812417.0,137079,8424936,11,0,2
1907249555,2010-06-09 15:32:35,-580683.406987189,-580683,-406987189,26,0,2,2299812417.0,137079,8424936,11,0,2
1907249615,2010-06-09 15:33:35,-580667.185177802,-580667,-185177802,26,0,2,2299812417.0,137079,8424936,11,0,2
1907249675,2010-06-09 15:34:35,-580650.859524726,-580650,-859524726,26,0,2,2299812417.0,137079,8424936,11,0,2
1907249735,2010-06-09 15:35:35,-580634.240073203,-580634,-240073203,26,0,2,2299812417.0,137079,8424936,11,0,2
1907249795,2010-06-09 15:36:35,-580617.419273375,-580617,-419273375,26,0,2,2299812417.0,137079,8424936,11,0,2
1907249855,2010-06-09 15:37:35,-580600.503573417,-580600,-503573417,26,0,2,2299812417.0,137079,8424936,11,0,2
1907249915,2010-06-09 15:38:35,-580583.312680243,-580583,-312680243,26,0,2,2299812417.0,137079,8424936,11,0,2
1907249975,2010-06-09 15:39:35,-580566.025930404,-580566,-25930404,26,0,2,2299812417.0,137079,8424936,11,0,2
1907250035,2010-06-09 15:40:35,-580548.492702483,-580548,-492702483,26,0,2,2299812417.0,137079,8424936,11,0,2
1907250095,2010-06-09 15:41:35,-580530.744924544,-580530,-744924544,26,0,2,2299812417.0,137079,8424936,11,0,2
1907250155,2010-06-09 15:42:35,-580512.98245716,-580512,-982457160,26,0,2,2299812417.0,137079,8424936,11,0,2
1907250215,2010-06-09 15:43:35,-580495.064977645,-580495,-64977645,26,0,2,2299812417.0,137079,8424936,11,0,2
1907250275,2010-06-09 15:44:35,-580476.996726989,-580476,-996726989,26,0,2,2299812417.0,137079,8424936,11,0,2
1907250335,2010-06-09 15:45:35,-580458.728603362,-580458,-728603362,26,0,2,2299812417.0,137079,8424936,11,0,2
1907250395,2010-06-09 15:46:35,-580440.297148704,-580440,-297148704,26,0,2,2299812417.0,137079,8424936,11,0,2
1907422160,2010-06-11 15:29:20,-539120.40745449,-539120,-407454490,25,0,2,2299812417.0,137079,8424936,11,0,2
1907422220,2010-06-11 15:30:20,-539104.246006965,-539104,-246006965,25,0,2,2299812417.0,137079,8424936,11,0,2
1907422280,2010-06-11 15:31:20,-539088.115770339,-539088,-115770339,25,0,2,2299812417.0,137079,8424936,11,0,2
1907422340,2010-06-11 15:32:20,-539072.026513099,-539072,-26513099,25,0,2,2299812417.0,137079,8424936,11,0,2
1907422400,2010-06-11 15:33:20,-539055.866178512,-539055,-866178512,25,0,2,2299812417.0,137079,8424936,11,0,2
1907422460,2010-06-11 15:34:20,-539039.712476729,-539039,-712476729,25,0,2,2299812417.0,137079,8424936,11,0,2
1907422520,2010-06-11 15:35:20,-539023.338251113,-539023,-338251113,25,0,2,2299812417.0,137079,8424936,11,0,2
1907422580,2010-06-11 15:36:20,-539006.777904509,-539006,-777904509,25,0,2,2299812417.0,137079,8424936,11,0,2
1907422640,2010-06-11 15:37:20,-538990.075237273,-538990,-75237273,25,0,2,2299812417.0,137079,8424936,11,0,2
1907422700,2010-06-11 15:38:20,-538973.192103385,-538973,-192103385,25,0,2,2299812417.0,137079,8424936,11,0,2
1907422760,2010-06-11 15:39:20,-538956.11690235,-538956,-116902350,25,0,2,2299812417.0,137079,8424936,11,0,2
1907422820,2010-06-11 15:40:20,-538938.948608397,-538938,-948608397,25,0,2,2299812417.0,137079,8424936,11,0,2
1907422880,2010-06-11 15:41:20,-538921.559318541,-538921,-559318541,25,0,2,2299812417.0,137079,8424936,11,0,2
1907422940,2010-06-11 15:42:20,-538904.068722724,-538904,-68722724,25,0,2,2299812417.0,137079,8424936,11,0,2
1907423000,2010-06-11 15:43:20,-538886.413342475,-538886,-413342475,25,0,2,2299812417.0,137079,8424936,11,0,2
1907423060,2010-06-11 15:44:20,-538868.621048926,-538868,-621048926,25,0,2,2299812417.0,137079,8424936,11,0,2
1907423120,2010-06-11 15:45:20,-538850.65032482,-538850,-650324820,25,0,2,2299812417.0,137079,8424936,11,0,2
1907452835,2010-06-12 00:00:35,-530383.587354659,-530383,-587354659,43,0,2,2299812417.0,137079,8424936,11,0,2
1907452895,2010-06-12 00:01:35,-530342.534708976,-530342,-534708976,43,0,2,2299812417.0,137079,8424936,11,0,2
1907452955,2010-06-12 00:02:35,-530301.347017287,-530301,-347017287,43,0,2,2299812417.0,137079,8424936,11,0,2
1907453015,2010-06-12 00:03:35,-530260.131490706,-530260,-131490706,43,0,2,2299812417.0,137079,8424936,11,0,2
1907453075,2010-06-12 00:04:35,-530218.74044609,-530218,-740446090,43,0,2,2299812417.0,137079,8424936,11,0,2
1907453135,2010-06-12 00:05:35,-530177.317795752,-530177,-317795752,43,0,2,2299812417.0,137079,8424936,11,0,2
1907453195,2010-06-12 00:06:35,-530135.641628264,-530135,-641628264,43,0,2,2299812417.0,137079,8424936,11,0,2
1907453255,2010-06-12 00:07:35,-530093.700698852,-530093,-700698852,43,0,2,2299812417.0,137079,8424936,11,0,2
1907453315,2010-06-12 00:08:35,-530051.732452392,-530051,-732452392,43,0,2,2299812417.0,137079,8424936,11,0,2
1907453375,2010-06-12 00:09:35,-530009.643014907,-530009,-643014907,43,0,2,2299812417.0,137079,8424936,11,0,2
1907453435,2010-06-12 00:10:35,-529967.389931678,-529967,-389931678,43,0,2,2299812417.0,137079,8424936,11,0,2
1907453495,2010-06-12 00:11:35,-529925.032099723,-529925,-32099723,43,0,2,2299812417.0,137079,8424936,11,0,2
1907453555,2010-06-12 00:12:35,-529882.532039641,-529882,-532039641,43,0,2,2299812417.0,137079,8424936,11,0,2
1907453615,2010-06-12 00:13:35,-529839.864265441,-529839,-864265441,43,0,2,2299812417.0,137079,8424936,11,0,2
1907453675,2010-06-12 00:14:35,-529796.966267585,-529796,-966267585,43,0,2,2299812417.0,137079,8424936,11,0,2
1907453735,2010-06-12 00:15:35,-529753.959474563,-529753,-959474563,43,0,2,2299812417.0,137079,8424936,11,0,2
1910437938,2010-07-16 13:12:18,461249.140334129,461249,140334129,25,0,2,2299812417.0,137079,8424936,11,0,2
1910437998,2010-07-16 13:13:18,461277.062160492,461277,62160492,25,0,2,2299812417.0,137079,8424936,11,0,2
1910438058,2010-07-16 13:14:18,461304.636013985,461304,636013985,25,0,2,2299812417.0,137079,8424936,11,0,2
1910438118,2010-07-16 13:15:18,461332.03450489,461332,34504890,25,0,2,2299812417.0,137079,8424936,11,0,2
1910438178,2010-07-16 13:16:18,461359.425724983,461359,425724983,25,0,2,2299812417.0,137079,8424936,11,0,2
1910438238,2010-07-16 13:17:18,461386.809124947,461386,809124947,25,0,2,2299812417.0,137079,8424936,11,0,2
1910438298,2010-07-16 13:18:18,461414.263985634,461414,263985634,25,0,2,2299812417.0,137079,8424936,11,0,2
1910438358,2010-07-16 13:19:18,461441.921486855,461441,921486855,25,0,2,2299812417.0,137079,8424936,11,0,2
1910438418,2010-07-16 13:20:18,461469.76108551,461469,761085510,25,0,2,2299812417.0,137079,8424936,11,0,2
1910438478,2010-07-16 13:21:18,461497.703894615,461497,703894615,25,0,2,2299812417.0,137079,8424936,11,0,2
1910438538,2010-07-16 13:22:18,461525.977530479,461525,977530479,25,0,2,2299812417.0,137079,8424936,11,0,2
1910438598,2010-07-16 13:23:18,461554.366082191,461554,366082191,25,0,2,2299812417.0,137079,8424936,11,0,2
1910438658,2010-07-16 13:24:18,461582.927352905,461582,927352905,25,0,2,2299812417.0,137079,8424936,11,0,2
1910438718,2010-07-16 13:25:18,461611.740551949,461611,740551949,25,0,2,2299812417.0,137079,8424936,11,0,2
1910438778,2010-07-16 13:26:18,461640.669413567,461640,669413567,25,0,2,2299812417.0,137079,8424936,11,0,2
1910438838,2010-07-16 13:27:18,461669.813167572,461669,813167572,25,0,2,2299812417.0,137079,8424936,11,0,2
1910438898,2010-07-16 13:28:18,461699.107133865,461699,107133865,25,0,2,2299812417.0,137079,8424936,11,0,2
1910438958,2010-07-16 13:29:18,461728.566767693,461728,566767693,25,0,2,2299812417.0,137079,8424936,11,0,2
1910678956,2010-07-19 08:09:16,569672.941226959,569672,941226959,65,0,2,2299812417.0,137079,8424936,11,0,2
1910679016,2010-07-19 08:10:16,569731.090314865,569731,90314865,65,0,2,2299812417.0,137079,8424936,11,0,2
1910679076,2010-07-19 08:11:16,569788.319215775,569788,319215775,65,0,2,2299812417.0,137079,8424936,11,0,2
1910679136,2010-07-19 08:12:16,569844.734972954,569844,734972954,65,0,2,2299812417.0,137079,8424936,11,0,2
1910679196,2010-07-19 08:13:16,569900.54418087,569900,544180870,65,0,2,2299812417.0,137079,8424936,11,0,2
1910679256,2010-07-19 08:14:16,569955.983783722,569955,983783722,65,0,2,2299812417.0,137079,8424936,11,0,2
1910679316,2010-07-19 08:15:16,570011.19993782,570011,199937820,65,0,2,2299812417.0,137079,8424936,11,0,2
1910679376,2010-07-19 08:16:16,570066.319275856,570066,319275856,65,0,2,2299812417.0,137079,8424936,11,0,2
1910679436,2010-07-19 08:17:16,570121.517720222,570121,517720222,65,0,2,2299812417.0,137079,8424936,11,0,2
1910679496,2010-07-19 08:18:16,570176.737138748,570176,737138748,65,0,2,2299812417.0,137079,8424936,11,0,2
1910679556,2010-07-19 08:19:16,570232.103386879,570232,103386879,65,0,2,2299812417.0,137079,8424936,11,0,2
1910679616,2010-07-19 08:20:16,570287.67873764,570287,678737640,65,0,2,2299812417.0,137079,8424936,11,0,2
1910679676,2010-07-19 08:21:16,570343.397519112,570343,397519112,65,0,2,2299812417.0,137079,8424936,11,0,2
1910679736,2010-07-19 08:22:16,570399.083105087,570399,83105087,65,0,2,2299812417.0,137079,8424936,11,0,2
1910679796,2010-07-19 08:23:16,570454.975764275,570454,975764275,65,0,2,2299812417.0,137079,8424936,11,0,2
1910679856,2010-07-19 08:24:16,570510.95749855,570510,957498550,65,0,2,2299812417.0,137079,8424936,11,0,2
1910679916,2010-07-19 08:25:16,570567.097784996,570567,97784996,65,0,2,2299812417.0,137079,8424936,11,0,2
1910679976,2010-07-19 08:26:16,570623.360179901,570623,360179901,65,0,2,2299812417.0,137079,8424936,11,0,2
1910680036,2010-07-19 08:27:16,570679.72730732,570679,727307320,65,0,2,2299812417.0,137079,8424936,11,0,2
1910680096,2010-07-19 08:28:16,570736.209674835,570736,209674835,65,0,2,2299812417.0,137079,8424936,11,0,2
1910680156,2010-07-19 08:29:16,570792.793731689,570792,793731689,65,0,2,2299812417.0,137079,8424936,11,0,2
1910680216,2010-07-19 08:30:16,570849.489721298,570849,489721298,65,0,2,2299812417.0,137079,8424936,11,0,2
1910954793,2010-07-22 12:46:33,689231.937522888,689231,937522888,26,0,2,2299812417.0,137079,8424936,11,0,2
1910954853,2010-07-22 12:47:33,689265.093737602,689265,93737602,26,0,2,2299812417.0,137079,8424936,11,0,2
1910954913,2010-07-22 12:48:33,689297.687578201,689297,687578201,26,0,2,2299812417.0,137079,8424936,11,0,2
1910954973,2010-07-22 12:49:33,689329.859284401,689329,859284401,26,0,2,2299812417.0,137079,8424936,11,0,2
1910955033,2010-07-22 12:50:33,689361.886807442,689361,886807442,26,0,2,2299812417.0,137079,8424936,11,0,2
1910955093,2010-07-22 12:51:33,689393.949185371,689393,949185371,26,0,2,2299812417.0,137079,8424936,11,0,2
1910955153,2010-07-22 12:52:33,689425.985555649,689425,985555649,26,0,2,2299812417.0,137079,8424936,11,0,2
1910955213,2010-07-22 12:53:33,689458.188150406,689458,188150406,26,0,2,2299812417.0,137079,8424936,11,0,2
1910955273,2010-07-22 12:54:33,689490.550495148,689490,550495148,26,0,2,2299812417.0,137079,8424936,11,0,2
1910955333,2010-07-22 12:55:33,689523.125590324,689523,125590324,26,0,2,2299812417.0,137079,8424936,11,0,2
1910955393,2010-07-22 12:56:33,689555.90245533,689555,902455330,26,0,2,2299812417.0,137079,8424936,11,0,2
1910955453,2010-07-22 12:57:33,689588.672028542,689588,672028542,26,0,2,2299812417.0,137079,8424936,11,0,2
1910955513,2010-07-22 12:58:33,689621.641845703,689621,641845703,26,0,2,2299812417.0,137079,8424936,11,0,2
1910955573,2010-07-22 12:59:33,689654.793469429,689654,793469429,26,0,2,2299812417.0,137079,8424936,11,0,2
1910955633,2010-07-22 13:00:33,689688.11192894,689688,111928940,26,0,2,2299812417.0,137079,8424936,11,0,2
1910955693,2010-07-22 13:01:33,689721.511271477,689721,511271477,26,0,2,2299812417.0,137079,8424936,11,0,2
1910955753,2010-07-22 13:02:33,689754.999320984,689754,999320984,26,0,2,2299812417.0,137079,8424936,11,0,2
1910955813,2010-07-22 13:03:33,689788.798662186,689788,798662186,26,0,2,2299812417.0,137079,8424936,11,0,2
1910955873,2010-07-22 13:04:33,689822.706768036,689822,706768036,26,0,2,2299812417.0,137079,8424936,11,0,2
1910955933,2010-07-22 13:05:33,689856.768177032,689856,768177032,26,0,2,2299812417.0,137079,8424936,11,0,2
1911042260,2010-07-23 13:04:20,727859.473940849,727859,473940849,25,0,2,2299812417.0,137079,8424936,11,0,2
1911042320,2010-07-23 13:05:20,727894.89192009,727894,891920090,25,0,2,2299812417.0,137079,8424936,11,0,2
1911042380,2010-07-23 13:06:20,727929.426984787,727929,426984787,25,0,2,2299812417.0,137079,8424936,11,0,2
1911042440,2010-07-23 13:07:20,727963.270252228,727963,270252228,25,0,2,2299812417.0,137079,8424936,11,0,2
1911042500,2010-07-23 13:08:20,727996.539620399,727996,539620399,25,0,2,2299812417.0,137079,8424936,11,0,2
1911042560,2010-07-23 13:09:20,728029.479839325,728029,479839325,25,0,2,2299812417.0,137079,8424936,11,0,2
1911042620,2010-07-23 13:10:20,728062.224266052,728062,224266052,25,0,2,2299812417.0,137079,8424936,11,0,2
1911042680,2010-07-23 13:11:20,728094.939377785,728094,939377785,25,0,2,2299812417.0,137079,8424936,11,0,2
1911042740,2010-07-23 13:12:20,728127.691719055,728127,691719055,25,0,2,2299812417.0,137079,8424936,11,0,2
1911042800,2010-07-23 13:13:20,728160.519566536,728160,519566536,25,0,2,2299812417.0,137079,8424936,11,0,2
1911042860,2010-07-23 13:14:20,728193.420624733,728193,420624733,25,0,2,2299812417.0,137079,8424936,11,0,2
1911042920,2010-07-23 13:15:20,728226.528608322,728226,528608322,25,0,2,2299812417.0,137079,8424936,11,0,2
1911042980,2010-07-23 13:16:20,728259.86810112,728259,868101120,25,0,2,2299812417.0,137079,8424936,11,0,2
1911043040,2010-07-23 13:17:20,728293.270223618,728293,270223618,25,0,2,2299812417.0,137079,8424936,11,0,2
1911043100,2010-07-23 13:18:20,728326.947922707,728326,947922707,25,0,2,2299812417.0,137079,8424936,11,0,2
1911043160,2010-07-23 13:19:20,728360.857241631,728360,857241631,25,0,2,2299812417.0,137079,8424936,11,0,2
1911043220,2010-07-23 13:20:20,728394.850213051,728394,850213051,25,0,2,2299812417.0,137079,8424936,11,0,2
1911043280,2010-07-23 13:21:20,728429.103666306,728429,103666306,25,0,2,2299812417.0,137079,8424936,11,0,2
1911043340,2010-07-23 13:22:20,728463.438620567,728463,438620567,25,0,2,2299812417.0,137079,8424936,11,0,2
1911043400,2010-07-23 13:23:20,728497.924420357,728497,924420357,25,0,2,2299812417.0,137079,8424936,11,0,2
1911043460,2010-07-23 13:24:20,728532.630467415,728532,630467415,25,0,2,2299812417.0,137079,8424936,11,0,2
1911043520,2010-07-23 13:25:20,728567.581539154,728567,581539154,25,0,2,2299812417.0,137079,8424936,11,0,2
1911043580,2010-07-23 13:26:20,728602.594065666,728602,594065666,25,0,2,2299812417.0,137079,8424936,11,0,2
1911299489,2010-07-26 12:31:29,843101.056750298,843101,56750298,25,0,2,2299812417.0,137079,8424936,11,0,2
1911299549,2010-07-26 12:32:29,843132.752331734,843132,752331734,25,0,2,2299812417.0,137079,8424936,11,0,2
1911299609,2010-07-26 12:33:29,843163.88820076,843163,888200760,25,0,2,2299812417.0,137079,8424936,11,0,2
1911299669,2010-07-26 12:34:29,843194.690043449,843194,690043449,25,0,2,2299812417.0,137079,8424936,11,0,2
1911299729,2010-07-26 12:35:29,843225.275019646,843225,275019646,25,0,2,2299812417.0,137079,8424936,11,0,2
1911299789,2010-07-26 12:36:29,843255.760087013,843255,760087013,25,0,2,2299812417.0,137079,8424936,11,0,2
1911299849,2010-07-26 12:37:29,843286.242835045,843286,242835045,25,0,2,2299812417.0,137079,8424936,11,0,2
1911299909,2010-07-26 12:38:29,843316.830762863,843316,830762863,25,0,2,2299812417.0,137079,8424936,11,0,2
1911299969,2010-07-26 12:39:29,843347.50600338,843347,506003380,25,0,2,2299812417.0,137079,8424936,11,0,2
1911300029,2010-07-26 12:40:29,843378.356247902,843378,356247902,25,0,2,2299812417.0,137079,8424936,11,0,2
1911300089,2010-07-26 12:41:29,843409.228471756,843409,228471756,25,0,2,2299812417.0,137079,8424936,11,0,2
1911300149,2010-07-26 12:42:29,843440.2794981,843440,279498100,25,0,2,2299812417.0,137079,8424936,11,0,2
1911300209,2010-07-26 12:43:29,843471.388018608,843471,388018608,25,0,2,2299812417.0,137079,8424936,11,0,2
1911300269,2010-07-26 12:44:29,843502.745720863,843502,745720863,25,0,2,2299812417.0,137079,8424936,11,0,2
1911300329,2010-07-26 12:45:29,843534.263293266,843534,263293266,25,0,2,2299812417.0,137079,8424936,11,0,2
1911300389,2010-07-26 12:46:29,843565.848312378,843565,848312378,25,0,2,2299812417.0,137079,8424936,11,0,2
1911300449,2010-07-26 12:47:29,843597.571198463,843597,571198463,25,0,2,2299812417.0,137079,8424936,11,0,2
1911300509,2010-07-26 12:48:29,843629.4321661,843629,432166100,25,0,2,2299812417.0,137079,8424936,11,0,2
1911300569,2010-07-26 12:49:29,843661.416294098,843661,416294098,25,0,2,2299812417.0,137079,8424936,11,0,2
1911300629,2010-07-26 12:50:29,843693.527085304,843693,527085304,25,0,2,2299812417.0,137079,8424936,11,0,2
1911300689,2010-07-26 12:51:29,843725.755387306,843725,755387306,25,0,2,2299812417.0,137079,8424936,11,0,2
1911516336,2010-07-29 00:45:36,948624.376987457,948624,376987457,43,0,2,2299812417.0,137079,8424936,11,0,2
1911516396,2010-07-29 00:46:36,948696.478526115,948696,478526115,43,0,2,2299812417.0,137079,8424936,11,0,2
1911516456,2010-07-29 00:47:36,948768.452847481,948768,452847481,43,0,2,2299812417.0,137079,8424936,11,0,2
1911516516,2010-07-29 00:48:36,948840.390969276,948840,390969276,43,0,2,2299812417.0,137079,8424936,11,0,2
1911516576,2010-07-29 00:49:36,948912.362644196,948912,362644196,43,0,2,2299812417.0,137079,8424936,11,0,2
1911516636,2010-07-29 00:50:36,948984.368961334,948984,368961334,43,0,2,2299812417.0,137079,8424936,11,0,2
1911516696,2010-07-29 00:51:36,949056.388814926,949056,388814926,43,0,2,2299812417.0,137079,8424936,11,0,2
1911516756,2010-07-29 00:52:36,949128.562479019,949128,562479019,43,0,2,2299812417.0,137079,8424936,11,0,2
1911516816,2010-07-29 00:53:36,949200.675297737,949200,675297737,43,0,2,2299812417.0,137079,8424936,11,0,2
1911516876,2010-07-29 00:54:36,949272.854746819,949272,854746819,43,0,2,2299812417.0,137079,8424936,11,0,2
1911516936,2010-07-29 00:55:36,949344.882214546,949344,882214546,43,0,2,2299812417.0,137079,8424936,11,0,2
1911516996,2010-07-29 00:56:36,949417.004845619,949417,4845619,43,0,2,2299812417.0,137079,8424936,11,0,2
1911517056,2010-07-29 00:57:36,949489.168976784,949489,168976784,43,0,2,2299812417.0,137079,8424936,11,0,2
1911517116,2010-07-29 00:58:36,949561.340026855,949561,340026855,43,0,2,2299812417.0,137079,8424936,11,0,2
1911517176,2010-07-29 00:59:36,949633.504712105,949633,504712105,43,0,2,2299812417.0,137079,8424936,11,0,2
1911517236,2010-07-29 01:00:36,949705.633426666,949705,633426666,43,0,2,2299812417.0,137079,8424936,11,0,2
1911517296,2010-07-29 01:01:36,949777.799165726,949777,799165726,43,0,2,2299812417.0,137079,8424936,11,0,2
1911517356,2010-07-29 01:02:36,949849.972829819,949849,972829819,43,0,2,2299812417.0,137079,8424936,11,0,2
1911558401,2010-07-29 12:26:41,956567.212669373,956567,212669373,26,0,2,2299812417.0,137079,8424936,11,0,2
1911558461,2010-07-29 12:27:41,956597.799791336,956597,799791336,26,0,2,2299812417.0,137079,8424936,11,0,2
1911558521,2010-07-29 12:28:41,956627.97136879,956627,971368790,26,0,2,2299812417.0,137079,8424936,11,0,2
1911558581,2010-07-29 12:29:41,956657.817454338,956657,817454338,26,0,2,2299812417.0,137079,8424936,11,0,2
1911558641,2010-07-29 12:30:41,956687.485785484,956687,485785484,26,0,2,2299812417.0,137079,8424936,11,0,2
1911558701,2010-07-29 12:31:41,956717.179321289,956717,179321289,26,0,2,2299812417.0,137079,8424936,11,0,2
1911558761,2010-07-29 12:32:41,956746.950359344,956746,950359344,26,0,2,2299812417.0,137079,8424936,11,0,2
1911558821,2010-07-29 12:33:41,956776.718227386,956776,718227386,26,0,2,2299812417.0,137079,8424936,11,0,2
1911558881,2010-07-29 12:34:41,956806.723620415,956806,723620415,26,0,2,2299812417.0,137079,8424936,11,0,2
1911558941,2010-07-29 12:35:41,956836.765200615,956836,765200615,26,0,2,2299812417.0,137079,8424936,11,0,2
1911559001,2010-07-29 12:36:41,956867.139461517,956867,139461517,26,0,2,2299812417.0,137079,8424936,11,0,2
1911559061,2010-07-29 12:37:41,956897.632247925,956897,632247925,26,0,2,2299812417.0,137079,8424936,11,0,2
1911559121,2010-07-29 12:38:41,956928.379502296,956928,379502296,26,0,2,2299812417.0,137079,8424936,11,0,2
1911559181,2010-07-29 12:39:41,956959.24545002,956959,245450020,26,0,2,2299812417.0,137079,8424936,11,0,2
1911559241,2010-07-29 12:40:41,956990.256705284,956990,256705284,26,0,2,2299812417.0,137079,8424936,11,0,2
1911559301,2010-07-29 12:41:41,957021.549438477,957021,549438477,26,0,2,2299812417.0,137079,8424936,11,0,2
1911559361,2010-07-29 12:42:41,957052.984539032,957052,984539032,26,0,2,2299812417.0,137079,8424936,11,0,2
1911559421,2010-07-29 12:43:41,957084.590162277,957084,590162277,26,0,2,2299812417.0,137079,8424936,11,0,2
1911559481,2010-07-29 12:44:41,957116.389431,957116,389431000,26,0,2,2299812417.0,137079,8424936,11,0,2
1911559541,2010-07-29 12:45:41,957148.407653809,957148,407653809,26,0,2,2299812417.0,137079,8424936,11,0,2
1911559601,2010-07-29 12:46:41,957180.563768387,957180,563768387,26,0,2,2299812417.0,137079,8424936,11,0,2
1911559661,2010-07-29 12:47:41,957212.898514748,957212,898514748,26,0,2,2299812417.0,137079,8424936,11,0,2
1911644672,2010-07-30 12:24:32,992750.721522331,992750,721522331,25,0,2,2299812417.0,137079,8424936,11,0,2
1911644732,2010-07-30 12:25:32,992782.416373253,992782,416373253,25,0,2,2299812417.0,137079,8424936,11,0,2
1911644792,2010-07-30 12:26:32,992813.306408882,992813,306408882,25,0,2,2299812417.0,137079,8424936,11,0,2
1911644852,2010-07-30 12:27:32,992843.447510719,992843,447510719,25,0,2,2299812417.0,137079,8424936,11,0,2
1911644912,2010-07-30 12:28:32,992873.04282856,992873,42828560,25,0,2,2299812417.0,137079,8424936,11,0,2
1911644972,2010-07-30 12:29:32,992902.256369591,992902,256369591,25,0,2,2299812417.0,137079,8424936,11,0,2
1911645032,2010-07-30 12:30:32,992931.255513191,992931,255513191,25,0,2,2299812417.0,137079,8424936,11,0,2
1911645092,2010-07-30 12:31:32,992960.287035942,992960,287035942,25,0,2,2299812417.0,137079,8424936,11,0,2
1911645152,2010-07-30 12:32:32,992989.23347187,992989,233471870,25,0,2,2299812417.0,137079,8424936,11,0,2
1911645212,2010-07-30 12:33:32,993018.332121849,993018,332121849,25,0,2,2299812417.0,137079,8424936,11,0,2
1911645272,2010-07-30 12:34:32,993047.623152733,993047,623152733,25,0,2,2299812417.0,137079,8424936,11,0,2
1911645332,2010-07-30 12:35:32,993077.102606773,993077,102606773,25,0,2,2299812417.0,137079,8424936,11,0,2
1911645392,2010-07-30 12:36:32,993106.775125504,993106,775125504,25,0,2,2299812417.0,137079,8424936,11,0,2
1911645452,2010-07-30 12:37:32,993136.641446114,993136,641446114,25,0,2,2299812417.0,137079,8424936,11,0,2
1911645512,2010-07-30 12:38:32,993166.665942192,993166,665942192,25,0,2,2299812417.0,137079,8424936,11,0,2
1911645572,2010-07-30 12:39:32,993196.704273224,993196,704273224,25,0,2,2299812417.0,137079,8424936,11,0,2
1911645632,2010-07-30 12:40:32,993226.917297363,993226,917297363,25,0,2,2299812417.0,137079,8424936,11,0,2
1911645692,2010-07-30 12:41:32,993257.293769836,993257,293769836,25,0,2,2299812417.0,137079,8424936,11,0,2
1911645752,2010-07-30 12:42:32,141503287.8171692,141503287,817169189,25,0,2,2299812417.0,137079,8424936,11,0,2
1911645812,2010-07-30 12:43:32,993318.592629433,993318,592629433,25,0,2,2299812417.0,137079,8424936,11,0,2
1911645872,2010-07-30 12:44:32,993349.488669395,993349,488669395,25,0,2,2299812417.0,137079,8424936,11,0,2
1911645932,2010-07-30 12:45:32,993380.586112976,993380,586112976,25,0,2,2299812417.0,137079,8424936,11,0,2
1911645992,2010-07-30 12:46:32,993411.746904373,993411,746904373,25,0,2,2299812417.0,137079,8424936,11,0,2
1911646052,2010-07-30 12:47:32,993443.088062286,993443,88062286,25,0,2,2299812417.0,137079,8424936,11,0,2
1911646112,2010-07-30 12:48:32,993474.555239677,993474,555239677,25,0,2,2299812417.0,137079,8424936,11,0,2
1911903648,2010-08-02 12:20:48,1097074.799405098,1097074,799405098,15,0,2,2299812417.0,137079,8424936,11,0,2
1911903708,2010-08-02 12:21:48,1097101.920013428,1097101,920013428,15,0,2,2299812417.0,137079,8424936,11,0,2
1911903768,2010-08-02 12:22:48,1097127.843744278,1097127,843744278,15,0,2,2299812417.0,137079,8424936,11,0,2
1911903828,2010-08-02 12:23:48,1097152.93266964,1097152,932669640,15,0,2,2299812417.0,137079,8424936,11,0,2
1911903888,2010-08-02 12:24:48,1097177.428869247,1097177,428869247,15,0,2,2299812417.0,137079,8424936,11,0,2
1911903948,2010-08-02 12:25:48,1097201.683847427,1097201,683847427,15,0,2,2299812417.0,137079,8424936,11,0,2
1911904008,2010-08-02 12:26:48,1097225.81584549,1097225,815845490,15,0,2,2299812417.0,137079,8424936,11,0,2
1911904068,2010-08-02 12:27:48,1097249.90421772,1097249,904217720,15,0,2,2299812417.0,137079,8424936,11,0,2
1911904128,2010-08-02 12:28:48,1097274.032780647,1097274,32780647,15,0,2,2299812417.0,137079,8424936,11,0,2
1911904188,2010-08-02 12:29:48,1097298.258735657,1097298,258735657,15,0,2,2299812417.0,137079,8424936,11,0,2
1911904248,2010-08-02 12:30:48,1097322.586434364,1097322,586434364,15,0,2,2299812417.0,137079,8424936,11,0,2
1911904308,2010-08-02 12:31:48,1097346.905889511,1097346,905889511,15,0,2,2299812417.0,137079,8424936,11,0,2
1911904368,2010-08-02 12:32:48,1097371.338271141,1097371,338271141,15,0,2,2299812417.0,137079,8424936,11,0,2
1911904428,2010-08-02 12:33:48,1097395.809277534,1097395,809277534,15,0,2,2299812417.0,137079,8424936,11,0,2
1911904488,2010-08-02 12:34:48,1097420.300589561,1097420,300589561,15,0,2,2299812417.0,137079,8424936,11,0,2
1911904548,2010-08-02 12:35:48,1097444.772101402,1097444,772101402,15,0,2,2299812417.0,137079,8424936,11,0,2
1911904608,2010-08-02 12:36:48,1097469.094889641,1097469,94889641,15,0,2,2299812417.0,137079,8424936,11,0,2
1911904668,2010-08-02 12:37:48,1097493.415739059,1097493,415739059,15,0,2,2299812417.0,137079,8424936,11,0,2
1911904728,2010-08-02 12:38:48,1097517.709115982,1097517,709115982,15,0,2,2299812417.0,137079,8424936,11,0,2
1911904788,2010-08-02 12:39:48,1097541.957891464,1097541,957891464,15,0,2,2299812417.0,137079,8424936,11,0,2
1911904848,2010-08-02 12:40:48,1097566.101861954,1097566,101861954,15,0,2,2299812417.0,137079,8424936,11,0,2
1911904908,2010-08-02 12:41:48,1097590.100357056,1097590,100357056,15,0,2,2299812417.0,137079,8424936,11,0,2
1911904968,2010-08-02 12:42:48,1097614.043212891,1097614,43212891,15,0,2,2299812417.0,137079,8424936,11,0,2
1911905028,2010-08-02 12:43:48,1097637.972986221,1097637,972986221,15,0,2,2299812417.0,137079,8424936,11,0,2
1911905088,2010-08-02 12:44:48,1097661.795645714,1097661,795645714,15,0,2,2299812417.0,137079,8424936,11,0,2
1912078548,2010-08-04 12:55:48,1160108.88735199,1160108,887351990,26,0,2,2299812417.0,137079,8424936,11,0,2
1912078608,2010-08-04 12:56:48,1160141.409878731,1160141,409878731,26,0,2,2299812417.0,137079,8424936,11,0,2
1912078668,2010-08-04 12:57:48,1160173.199597359,1160173,199597359,26,0,2,2299812417.0,137079,8424936,11,0,2
1912078728,2010-08-04 12:58:48,1160204.483208656,1160204,483208656,26,0,2,2299812417.0,137079,8424936,11,0,2
1912078788,2010-08-04 12:59:48,1160235.453710556,1160235,453710556,26,0,2,2299812417.0,137079,8424936,11,0,2
1912078848,2010-08-04 13:00:48,1160266.3214674,1160266,321467400,26,0,2,2299812417.0,137079,8424936,11,0,2
1912078908,2010-08-04 13:01:48,1160297.180774689,1160297,180774689,26,0,2,2299812417.0,137079,8424936,11,0,2
1912078968,2010-08-04 13:02:48,1160328.081144333,1160328,81144333,26,0,2,2299812417.0,137079,8424936,11,0,2
1912079028,2010-08-04 13:03:48,1160359.096263885,1160359,96263885,26,0,2,2299812417.0,137079,8424936,11,0,2
1912079088,2010-08-04 13:04:48,1160390.290336609,1160390,290336609,26,0,2,2299812417.0,137079,8424936,11,0,2
1912079148,2010-08-04 13:05:48,1160421.675505638,1160421,675505638,26,0,2,2299812417.0,137079,8424936,11,0,2
1912079208,2010-08-04 13:06:48,1160453.161628723,1160453,161628723,26,0,2,2299812417.0,137079,8424936,11,0,2
1912079268,2010-08-04 13:07:48,1160484.987371445,1160484,987371445,26,0,2,2299812417.0,137079,8424936,11,0,2
1912079328,2010-08-04 13:08:48,1160516.947742462,1160516,947742462,26,0,2,2299812417.0,137079,8424936,11,0,2
1912079388,2010-08-04 13:09:48,1160549.020792007,1160549,20792007,26,0,2,2299812417.0,137079,8424936,11,0,2
1912079448,2010-08-04 13:10:48,1160581.275614738,1160581,275614738,26,0,2,2299812417.0,137079,8424936,11,0,2
1912079508,2010-08-04 13:11:48,1160613.761349678,1160613,761349678,26,0,2,2299812417.0,137079,8424936,11,0,2
1912079568,2010-08-04 13:12:48,1160646.470586777,1160646,470586777,26,0,2,2299812417.0,137079,8424936,11,0,2
1912079628,2010-08-04 13:13:48,1160679.32838726,1160679,328387260,26,0,2,2299812417.0,137079,8424936,11,0,2
1912079688,2010-08-04 13:14:48,1160712.394885063,1160712,394885063,26,0,2,2299812417.0,137079,8424936,11,0,2
1912079748,2010-08-04 13:15:48,1160745.632506371,1160745,632506371,26,0,2,2299812417.0,137079,8424936,11,0,2
1912079808,2010-08-04 13:16:48,1160779.041460991,1160779,41460991,26,0,2,2299812417.0,137079,8424936,11,0,2
1912079868,2010-08-04 13:17:48,1160812.542448997,1160812,542448997,26,0,2,2299812417.0,137079,8424936,11,0,2
1912079928,2010-08-04 13:18:48,1160846.299149513,1160846,299149513,26,0,2,2299812417.0,137079,8424936,11,0,2
1912079988,2010-08-04 13:19:48,1160880.194770813,1160880,194770813,26,0,2,2299812417.0,137079,8424936,11,0,2
1912106435,2010-08-04 20:40:35,1171585.583741188,1171585,583741188,43,0,2,2299812417.0,137079,8424936,11,0,2
1912106495,2010-08-04 20:41:35,1171629.885497093,1171629,885497093,43,0,2,2299812417.0,137079,8424936,11,0,2
1912106555,2010-08-04 20:42:35,1171674.276873589,1171674,276873589,43,0,2,2299812417.0,137079,8424936,11,0,2
1912106615,2010-08-04 20:43:35,1171718.656029701,1171718,656029701,43,0,2,2299812417.0,137079,8424936,11,0,2
1912106675,2010-08-04 20:44:35,1171763.2015028,1171763,201502800,43,0,2,2299812417.0,137079,8424936,11,0,2
1912106735,2010-08-04 20:45:35,1171807.96377182,1171807,963771820,43,0,2,2299812417.0,137079,8424936,11,0,2
1912106795,2010-08-04 20:46:35,1171852.822286606,1171852,822286606,43,0,2,2299812417.0,137079,8424936,11,0,2
1912106855,2010-08-04 20:47:35,1171897.732235909,1171897,732235909,43,0,2,2299812417.0,137079,8424936,11,0,2
1912106915,2010-08-04 20:48:35,1171942.895339966,1171942,895339966,43,0,2,2299812417.0,137079,8424936,11,0,2
1912106975,2010-08-04 20:49:35,1171988.120653152,1171988,120653152,43,0,2,2299812417.0,137079,8424936,11,0,2
1912107035,2010-08-04 20:50:35,1172033.441459656,1172033,441459656,43,0,2,2299812417.0,137079,8424936,11,0,2
1912107095,2010-08-04 20:51:35,1172078.910658836,1172078,910658836,43,0,2,2299812417.0,137079,8424936,11,0,2
1912107155,2010-08-04 20:52:35,1172124.593493462,1172124,593493462,43,0,2,2299812417.0,137079,8424936,11,0,2
1912107215,2010-08-04 20:53:35,1172170.389062881,1172170,389062881,43,0,2,2299812417.0,137079,8424936,11,0,2
1912107275,2010-08-04 20:54:35,1172216.232089043,1172216,232089043,43,0,2,2299812417.0,137079,8424936,11,0,2
1912107335,2010-08-04 20:55:35,1172262.328264236,1172262,328264236,43,0,2,2299812417.0,137079,8424936,11,0,2
1912107395,2010-08-04 20:56:35,1172308.470843315,1172308,470843315,43,0,2,2299812417.0,137079,8424936,11,0,2
1912107455,2010-08-04 20:57:35,1172354.851277351,1172354,851277351,43,0,2,2299812417.0,137079,8424936,11,0,2
1912107515,2010-08-04 20:58:35,1172401.300871849,1172401,300871849,43,0,2,2299812417.0,137079,8424936,11,0,2
1912107575,2010-08-04 20:59:35,1172448.021316528,1172448,21316528,43,0,2,2299812417.0,137079,8424936,11,0,2
1912107635,2010-08-04 21:00:35,1172494.838536263,1172494,838536263,43,0,2,2299812417.0,137079,8424936,11,0,2
1912249385,2010-08-06 12:23:05,1211110.490091324,1211110,490091324,25,0,2,2299812417.0,137079,8424936,11,0,2
1912249445,2010-08-06 12:24:05,1211128.924383163,1211128,924383163,25,0,2,2299812417.0,137079,8424936,11,0,2
1912249505,2010-08-06 12:25:05,1211147.169133186,1211147,169133186,25,0,2,2299812417.0,137079,8424936,11,0,2
1912249565,2010-08-06 12:26:05,1211165.252991676,1211165,252991676,25,0,2,2299812417.0,137079,8424936,11,0,2
1912249625,2010-08-06 12:27:05,1211183.402638435,1211183,402638435,25,0,2,2299812417.0,137079,8424936,11,0,2
1912249685,2010-08-06 12:28:05,1211201.600463867,1211201,600463867,25,0,2,2299812417.0,137079,8424936,11,0,2
1912249745,2010-08-06 12:29:05,1211219.965214729,1211219,965214729,25,0,2,2299812417.0,137079,8424936,11,0,2
1912249805,2010-08-06 12:30:05,1211238.517431259,1211238,517431259,25,0,2,2299812417.0,137079,8424936,11,0,2
1912249865,2010-08-06 12:31:05,1211257.249046326,1211257,249046326,25,0,2,2299812417.0,137079,8424936,11,0,2
1912249925,2010-08-06 12:32:05,1211276.025499344,1211276,25499344,25,0,2,2299812417.0,137079,8424936,11,0,2
1912249985,2010-08-06 12:33:05,1211294.996418953,1211294,996418953,25,0,2,2299812417.0,137079,8424936,11,0,2
1912250045,2010-08-06 12:34:05,1211314.130600929,1211314,130600929,25,0,2,2299812417.0,137079,8424936,11,0,2
1912250105,2010-08-06 12:35:05,1211333.433286667,1211333,433286667,25,0,2,2299812417.0,137079,8424936,11,0,2
1912250165,2010-08-06 12:36:05,1211352.907829285,1211352,907829285,25,0,2,2299812417.0,137079,8424936,11,0,2
1912250225,2010-08-06 12:37:05,1211372.472818375,1211372,472818375,25,0,2,2299812417.0,137079,8424936,11,0,2
1912250285,2010-08-06 12:38:05,1211392.212329865,1211392,212329865,25,0,2,2299812417.0,137079,8424936,11,0,2
1912250345,2010-08-06 12:39:05,1211412.155627251,1211412,155627251,25,0,2,2299812417.0,137079,8424936,11,0,2
1912250405,2010-08-06 12:40:05,1211432.208235741,1211432,208235741,25,0,2,2299812417.0,137079,8424936,11,0,2
1912250465,2010-08-06 12:41:05,1211452.389545441,1211452,389545441,25,0,2,2299812417.0,137079,8424936,11,0,2
1912250525,2010-08-06 12:42:05,1211472.794351578,1211472,794351578,25,0,2,2299812417.0,137079,8424936,11,0,2
1912250585,2010-08-06 12:43:05,1211493.280028343,1211493,280028343,25,0,2,2299812417.0,137079,8424936,11,0,2
1912250645,2010-08-06 12:44:05,1211513.965285301,1211513,965285301,25,0,2,2299812417.0,137079,8424936,11,0,2
1912250705,2010-08-06 12:45:05,1211534.825469971,1211534,825469971,25,0,2,2299812417.0,137079,8424936,11,0,2
1912250765,2010-08-06 12:46:05,1211555.921649933,1211555,921649933,25,0,2,2299812417.0,137079,8424936,11,0,2
1912574137,2010-08-10 06:35:37,1267652.145303726,1267652,145303726,54,0,2,2299812417.0,137079,8424936,11,0,2
1912574197,2010-08-10 06:36:37,1267743.336315155,1267743,336315155,54,0,2,2299812417.0,137079,8424936,11,0,2
1912574257,2010-08-10 06:37:37,1267831.159947395,1267831,159947395,54,0,2,2299812417.0,137079,8424936,11,0,2
1912574317,2010-08-10 06:38:37,1267916.225547791,1267916,225547791,54,0,2,2299812417.0,137079,8424936,11,0,2
1912574377,2010-08-10 06:39:37,1267998.823018074,1267998,823018074,54,0,2,2299812417.0,137079,8424936,11,0,2
1912574437,2010-08-10 06:40:37,1268079.387901306,1268079,387901306,54,0,2,2299812417.0,137079,8424936,11,0,2
1912574497,2010-08-10 06:41:37,1268158.135951996,1268158,135951996,54,0,2,2299812417.0,137079,8424936,11,0,2
1912574557,2010-08-10 06:42:37,1268235.211899757,1268235,211899757,54,0,2,2299812417.0,137079,8424936,11,0,2
1912574617,2010-08-10 06:43:37,1268310.749354362,1268310,749354362,54,0,2,2299812417.0,137079,8424936,11,0,2
1912574677,2010-08-10 06:44:37,1268385.070132256,1268385,70132256,54,0,2,2299812417.0,137079,8424936,11,0,2
1912574737,2010-08-10 06:45:37,1268458.140284538,1268458,140284538,54,0,2,2299812417.0,137079,8424936,11,0,2
1912574797,2010-08-10 06:46:37,1268530.035593033,1268530,35593033,54,0,2,2299812417.0,137079,8424936,11,0,2
1912574857,2010-08-10 06:47:37,1268600.840031624,1268600,840031624,54,0,2,2299812417.0,137079,8424936,11,0,2
1912574917,2010-08-10 06:48:37,1268670.672513008,1268670,672513008,54,0,2,2299812417.0,137079,8424936,11,0,2
1912574977,2010-08-10 06:49:37,1268739.56999588,1268739,569995880,54,0,2,2299812417.0,137079,8424936,11,0,2
1912575037,2010-08-10 06:50:37,1268807.558361053,1268807,558361053,54,0,2,2299812417.0,137079,8424936,11,0,2
1912575097,2010-08-10 06:51:37,1268874.637824059,1268874,637824059,54,0,2,2299812417.0,137079,8424936,11,0,2
1912575157,2010-08-10 06:52:37,1268940.96352005,1268940,963520050,54,0,2,2299812417.0,137079,8424936,11,0,2
1912575217,2010-08-10 06:53:37,1269006.392888069,1269006,392888069,54,0,2,2299812417.0,137079,8424936,11,0,2
1912575277,2010-08-10 06:54:37,1269071.24535656,1269071,245356560,54,0,2,2299812417.0,137079,8424936,11,0,2
1912575337,2010-08-10 06:55:37,1269135.394164085,1269135,394164085,54,0,2,2299812417.0,137079,8424936,11,0,2
1912575397,2010-08-10 06:56:37,1269198.771692276,1269198,771692276,54,0,2,2299812417.0,137079,8424936,11,0,2
1912575457,2010-08-10 06:57:37,1269261.570358276,1269261,570358276,54,0,2,2299812417.0,137079,8424936,11,0,2
1912595472,2010-08-10 12:31:12,1282925.45528698,1282925,455286980,54,0,2,2299812417.0,137079,8424936,11,0,2
1912595532,2010-08-10 12:32:12,1283006.185424805,1283006,185424805,54,0,2,2299812417.0,137079,8424936,11,0,2
1912595592,2010-08-10 12:33:12,1283075.288589478,1283075,288589478,54,0,2,2299812417.0,137079,8424936,11,0,2
1912595617,2010-08-10 12:33:37,1269614.550648689,1269614,550648689,26,0,2,2299812417.0,137079,8424936,11,0,2
1912595652,2010-08-10 12:34:12,1283138.510872841,1283138,510872841,54,0,2,2299812417.0,137079,8424936,11,0,2
1912595677,2010-08-10 12:34:37,1269638.127877235,1269638,127877235,26,0,2,2299812417.0,137079,8424936,11,0,2
1912595712,2010-08-10 12:35:12,1283198.526978493,1283198,526978493,54,0,2,2299812417.0,137079,8424936,11,0,2
1912595737,2010-08-10 12:35:37,1269659.26348114,1269659,263481140,26,0,2,2299812417.0,137079,8424936,11,0,2
1912595772,2010-08-10 12:36:12,1283256.37240696,1283256,372406960,54,0,2,2299812417.0,137079,8424936,11,0,2
1912595797,2010-08-10 12:36:37,1269678.847261429,1269678,847261429,26,0,2,2299812417.0,137079,8424936,11,0,2
1912595832,2010-08-10 12:37:12,1283312.847672462,1283312,847672462,54,0,2,2299812417.0,137079,8424936,11,0,2
1912596505,2010-08-10 12:48:25,1269886.102280617,1269886,102280617,26,0,2,2299812417.0,137079,8424936,11,0,2
1912596507,2010-08-10 12:48:27,1283913.108510017,1283913,108510017,54,0,2,2299812417.0,137079,8424936,11,0,2
1912596565,2010-08-10 12:49:25,1269903.40234375,1269903,402343750,26,0,2,2299812417.0,137079,8424936,11,0,2
1912596567,2010-08-10 12:49:27,1283964.6686306,1283964,668630600,54,0,2,2299812417.0,137079,8424936,11,0,2
1912596625,2010-08-10 12:50:25,1269920.742443085,1269920,742443085,26,0,2,2299812417.0,137079,8424936,11,0,2
1912596627,2010-08-10 12:50:27,1284015.99160862,1284015,991608620,54,0,2,2299812417.0,137079,8424936,11,0,2
1912596685,2010-08-10 12:51:25,1269938.11342144,1269938,113421440,26,0,2,2299812417.0,137079,8424936,11,0,2
1912596687,2010-08-10 12:51:27,1284067.072738647,1284067,72738647,54,0,2,2299812417.0,137079,8424936,11,0,2
1912596745,2010-08-10 12:52:25,1269955.507787704,1269955,507787704,26,0,2,2299812417.0,137079,8424936,11,0,2
1912596747,2010-08-10 12:52:27,1284117.916472435,1284117,916472435,54,0,2,2299812417.0,137079,8424936,11,0,2
1912596805,2010-08-10 12:53:25,1269972.946876526,1269972,946876526,26,0,2,2299812417.0,137079,8424936,11,0,2
1912596807,2010-08-10 12:53:27,1284168.522852898,1284168,522852898,54,0,2,2299812417.0,137079,8424936,11,0,2
1912596865,2010-08-10 12:54:25,1269990.346651077,1269990,346651077,26,0,2,2299812417.0,137079,8424936,11,0,2
1912596867,2010-08-10 12:54:27,1284218.841051102,1284218,841051102,54,0,2,2299812417.0,137079,8424936,11,0,2
1912596925,2010-08-10 12:55:25,1270007.851502419,1270007,851502419,26,0,2,2299812417.0,137079,8424936,11,0,2
1912596927,2010-08-10 12:55:27,1284268.97645092,1284268,976450920,54,0,2,2299812417.0,137079,8424936,11,0,2
1912596985,2010-08-10 12:56:25,1270025.329454422,1270025,329454422,26,0,2,2299812417.0,137079,8424936,11,0,2
1912596987,2010-08-10 12:56:27,1284318.826936722,1284318,826936722,54,0,2,2299812417.0,137079,8424936,11,0,2
1912598150,2010-08-10 13:15:50,1270346.858859062,1270346,858859062,26,0,2,2299812417.0,137079,8424936,11,0,2
1912598186,2010-08-10 13:16:26,1285238.103593826,1285238,103593826,54,0,2,2299812417.0,137079,8424936,11,0,2
1912598210,2010-08-10 13:16:50,1270362.10512352,1270362,105123520,26,0,2,2299812417.0,137079,8424936,11,0,2
1912598246,2010-08-10 13:17:26,1285279.780851364,1285279,780851364,54,0,2,2299812417.0,137079,8424936,11,0,2
1912598270,2010-08-10 13:17:50,1270377.205993652,1270377,205993652,26,0,2,2299812417.0,137079,8424936,11,0,2
1912598306,2010-08-10 13:18:26,1285321.10633564,1285321,106335640,54,0,2,2299812417.0,137079,8424936,11,0,2
1912598330,2010-08-10 13:18:50,1270392.232618332,1270392,232618332,26,0,2,2299812417.0,137079,8424936,11,0,2
1912598366,2010-08-10 13:19:26,1285362.068097115,1285362,68097115,54,0,2,2299812417.0,137079,8424936,11,0,2
1912598390,2010-08-10 13:19:50,1270407.182768822,1270407,182768822,26,0,2,2299812417.0,137079,8424936,11,0,2
1912598426,2010-08-10 13:20:26,1285402.684069633,1285402,684069633,54,0,2,2299812417.0,137079,8424936,11,0,2
1912598450,2010-08-10 13:20:50,1270422.013896942,1270422,13896942,26,0,2,2299812417.0,137079,8424936,11,0,2
1912598486,2010-08-10 13:21:26,1285442.799555779,1285442,799555779,54,0,2,2299812417.0,137079,8424936,11,0,2
1912598510,2010-08-10 13:21:50,1270436.62932682,1270436,629326820,26,0,2,2299812417.0,137079,8424936,11,0,2
1912598546,2010-08-10 13:22:26,1285482.498921394,1285482,498921394,54,0,2,2299812417.0,137079,8424936,11,0,2
1912598570,2010-08-10 13:22:50,1270451.22367382,1270451,223673820,26,0,2,2299812417.0,137079,8424936,11,0,2
1912598606,2010-08-10 13:23:26,1285521.96675396,1285521,966753960,54,0,2,2299812417.0,137079,8424936,11,0,2
1912598630,2010-08-10 13:23:50,1270465.789141655,1270465,789141655,26,0,2,2299812417.0,137079,8424936,11,0,2
1912598666,2010-08-10 13:24:26,1285560.993916512,1285560,993916512,54,0,2,2299812417.0,137079,8424936,11,0,2
1912599317,2010-08-10 13:35:17,1270627.020379066,1270627,20379066,26,0,2,2299812417.0,137079,8424936,11,0,2
1912599325,2010-08-10 13:35:25,1285966.276154518,1285966,276154518,54,0,2,2299812417.0,137079,8424936,11,0,2
1912599377,2010-08-10 13:36:17,1270640.77794838,1270640,777948380,26,0,2,2299812417.0,137079,8424936,11,0,2
1912599385,2010-08-10 13:36:25,1286001.126004219,1286001,126004219,54,0,2,2299812417.0,137079,8424936,11,0,2
1912599437,2010-08-10 13:37:17,1270654.425283432,1270654,425283432,26,0,2,2299812417.0,137079,8424936,11,0,2
1912599445,2010-08-10 13:37:25,1286035.548179626,1286035,548179626,54,0,2,2299812417.0,137079,8424936,11,0,2
1912599497,2010-08-10 13:38:17,1270667.897658348,1270667,897658348,26,0,2,2299812417.0,137079,8424936,11,0,2
1912768728,2010-08-12 12:38:48,1259090.010763168,1259090,10763168,26,0,2,2299812417.0,137079,8424936,11,0,2
1912768783,2010-08-12 12:39:43,1259088.25245285,1259088,252452850,25,0,2,2299812417.0,137079,8424936,11,0,2
1912768788,2010-08-12 12:39:48,1259087.768304825,1259087,768304825,26,0,2,2299812417.0,137079,8424936,11,0,2
1912768843,2010-08-12 12:40:43,1259085.049657822,1259085,49657822,25,0,2,2299812417.0,137079,8424936,11,0,2
1912768848,2010-08-12 12:40:48,1259084.493240356,1259084,493240356,26,0,2,2299812417.0,137079,8424936,11,0,2
1912768903,2010-08-12 12:41:43,1259081.133797646,1259081,133797646,25,0,2,2299812417.0,137079,8424936,11,0,2
1912768908,2010-08-12 12:41:48,1259080.536566734,1259080,536566734,26,0,2,2299812417.0,137079,8424936,11,0,2
1912768963,2010-08-12 12:42:43,1259076.811038017,1259076,811038017,25,0,2,2299812417.0,137079,8424936,11,0,2
1912768968,2010-08-12 12:42:48,1259076.182339668,1259076,182339668,26,0,2,2299812417.0,137079,8424936,11,0,2
1912769023,2010-08-12 12:43:43,1259072.130805016,1259072,130805016,25,0,2,2299812417.0,137079,8424936,11,0,2
1912769028,2010-08-12 12:43:48,1259071.476238251,1259071,476238251,26,0,2,2299812417.0,137079,8424936,11,0,2
1912769083,2010-08-12 12:44:43,1259067.220830917,1259067,220830917,25,0,2,2299812417.0,137079,8424936,11,0,2
1912769088,2010-08-12 12:44:48,1259066.571527481,1259066,571527481,26,0,2,2299812417.0,137079,8424936,11,0,2
1912769143,2010-08-12 12:45:43,1259062.236325264,1259062,236325264,25,0,2,2299812417.0,137079,8424936,11,0,2
1912769148,2010-08-12 12:45:48,1259061.565372467,1259061,565372467,26,0,2,2299812417.0,137079,8424936,11,0,2
1912769203,2010-08-12 12:46:43,1259057.155085564,1259057,155085564,25,0,2,2299812417.0,137079,8424936,11,0,2
1912769208,2010-08-12 12:46:48,1259056.490496635,1259056,490496635,26,0,2,2299812417.0,137079,8424936,11,0,2
1912769263,2010-08-12 12:47:43,1259052.021125793,1259052,21125793,25,0,2,2299812417.0,137079,8424936,11,0,2
1912769268,2010-08-12 12:47:48,1259051.352433205,1259051,352433205,26,0,2,2299812417.0,137079,8424936,11,0,2
1912769323,2010-08-12 12:48:43,1259046.867434502,1259046,867434502,25,0,2,2299812417.0,137079,8424936,11,0,2
1912769328,2010-08-12 12:48:48,1259046.190821648,1259046,190821648,26,0,2,2299812417.0,137079,8424936,11,0,2
1912769383,2010-08-12 12:49:43,1259041.628452301,1259041,628452301,25,0,2,2299812417.0,137079,8424936,11,0,2
1912769388,2010-08-12 12:49:48,1259040.959982872,1259040,959982872,26,0,2,2299812417.0,137079,8424936,11,0,2
1912769443,2010-08-12 12:50:43,1259036.470007896,1259036,470007896,25,0,2,2299812417.0,137079,8424936,11,0,2
1912769448,2010-08-12 12:50:48,1259035.805003166,1259035,805003166,26,0,2,2299812417.0,137079,8424936,11,0,2
1912769503,2010-08-12 12:51:43,1259031.291976929,1259031,291976929,25,0,2,2299812417.0,137079,8424936,11,0,2
1912769508,2010-08-12 12:51:48,1259030.63405323,1259030,634053230,26,0,2,2299812417.0,137079,8424936,11,0,2
1912769563,2010-08-12 12:52:43,1259026.315769196,1259026,315769196,25,0,2,2299812417.0,137079,8424936,11,0,2
1912769568,2010-08-12 12:52:48,1259025.670629501,1259025,670629501,26,0,2,2299812417.0,137079,8424936,11,0,2
1912769623,2010-08-12 12:53:43,1259021.38520813,1259021,385208130,25,0,2,2299812417.0,137079,8424936,11,0,2
1912769628,2010-08-12 12:53:48,1259020.745257378,1259020,745257378,26,0,2,2299812417.0,137079,8424936,11,0,2
1912769683,2010-08-12 12:54:43,1259016.435339928,1259016,435339928,25,0,2,2299812417.0,137079,8424936,11,0,2
1912769688,2010-08-12 12:54:48,1259015.798039436,1259015,798039436,26,0,2,2299812417.0,137079,8424936,11,0,2
1912769743,2010-08-12 12:55:43,1259011.613476753,1259011,613476753,25,0,2,2299812417.0,137079,8424936,11,0,2
1912769748,2010-08-12 12:55:48,1259010.987722397,1259010,987722397,26,0,2,2299812417.0,137079,8424936,11,0,2
1912769803,2010-08-12 12:56:43,1259006.83649826,1259006,836498260,25,0,2,2299812417.0,137079,8424936,11,0,2
1912769808,2010-08-12 12:56:48,1259006.220901489,1259006,220901489,26,0,2,2299812417.0,137079,8424936,11,0,2
1912769863,2010-08-12 12:57:43,1259002.147386551,1259002,147386551,25,0,2,2299812417.0,137079,8424936,11,0,2
1912769868,2010-08-12 12:57:48,1259001.539767265,1259001,539767265,26,0,2,2299812417.0,137079,8424936,11,0,2
1912769923,2010-08-12 12:58:43,1258997.51433754,1258997,514337540,25,0,2,2299812417.0,137079,8424936,11,0,2
1912769928,2010-08-12 12:58:48,1258996.90968895,1258996,909688950,26,0,2,2299812417.0,137079,8424936,11,0,2
1912769983,2010-08-12 12:59:43,1258993.06049633,1258993,60496330,25,0,2,2299812417.0,137079,8424936,11,0,2
1912769988,2010-08-12 12:59:48,1258992.476976395,1258992,476976395,26,0,2,2299812417.0,137079,8424936,11,0,2
1912770043,2010-08-12 13:00:43,1258988.774834633,1258988,774834633,25,0,2,2299812417.0,137079,8424936,11,0,2
1912770048,2010-08-12 13:00:48,1258988.202897072,1258988,202897072,26,0,2,2299812417.0,137079,8424936,11,0,2
1912770103,2010-08-12 13:01:43,1258984.463335037,1258984,463335037,25,0,2,2299812417.0,137079,8424936,11,0,2
1912770108,2010-08-12 13:01:48,1258983.893620491,1258983,893620491,26,0,2,2299812417.0,137079,8424936,11,0,2
1912770163,2010-08-12 13:02:43,1258980.290540695,1258980,290540695,25,0,2,2299812417.0,137079,8424936,11,0,2
1912770168,2010-08-12 13:02:48,1392313.076733589,1392313,76733589,26,0,2,2299812417.0,137079,8424936,11,0,2
1912770223,2010-08-12 13:03:43,1258976.285545349,1258976,285545349,25,0,2,2299812417.0,137079,8424936,11,0,2
1912770228,2010-08-12 13:03:48,1367309.07293129,1367309,72931290,26,0,2,2299812417.0,137079,8424936,11,0,2
1912770283,2010-08-12 13:04:43,1258972.391097069,1258972,391097069,25,0,2,2299812417.0,137079,8424936,11,0,2
1912770288,2010-08-12 13:04:48,1258971.863500595,1258971,863500595,26,0,2,2299812417.0,137079,8424936,11,0,2
1912770343,2010-08-12 13:05:43,1258968.549275398,1258968,549275398,25,0,2,2299812417.0,137079,8424936,11,0,2
1912770348,2010-08-12 13:05:48,1258968.021396637,1258968,21396637,26,0,2,2299812417.0,137079,8424936,11,0,2
1912770403,2010-08-12 13:06:43,1258964.864533424,1258964,864533424,25,0,2,2299812417.0,137079,8424936,11,0,2
1912770408,2010-08-12 13:06:48,1258964.357539177,1258964,357539177,26,0,2,2299812417.0,137079,8424936,11,0,2
1912770463,2010-08-12 13:07:43,1258961.3045578,1258961,304557800,25,0,2,2299812417.0,137079,8424936,11,0,2
1912770468,2010-08-12 13:07:48,1258960.816087723,1258960,816087723,26,0,2,2299812417.0,137079,8424936,11,0,2
1912770523,2010-08-12 13:08:43,1258957.938996315,1258957,938996315,25,0,2,2299812417.0,137079,8424936,11,0,2
1912770528,2010-08-12 13:08:48,1258957.461185455,1258957,461185455,26,0,2,2299812417.0,137079,8424936,11,0,2
1912856345,2010-08-13 12:59:05,1242735.738402367,1242735,738402367,26,0,2,2299812417.0,137079,8424936,11,0,2
1912856405,2010-08-13 13:00:05,1242747.952764511,1242747,952764511,26,0,2,2299812417.0,137079,8424936,11,0,2
1912856465,2010-08-13 13:01:05,1242753.48678875,1242753,486788750,26,0,2,2299812417.0,137079,8424936,11,0,2
1912856525,2010-08-13 13:02:05,1242755.598419189,1242755,598419189,26,0,2,2299812417.0,137079,8424936,11,0,2
1912856585,2010-08-13 13:03:05,1242755.559394836,1242755,559394836,26,0,2,2299812417.0,137079,8424936,11,0,2
1912856645,2010-08-13 13:04:05,1242753.884738922,1242753,884738922,26,0,2,2299812417.0,137079,8424936,11,0,2
1912856705,2010-08-13 13:05:05,1242751.073850632,1242751,73850632,26,0,2,2299812417.0,137079,8424936,11,0,2
1912856765,2010-08-13 13:06:05,1242747.479753494,1242747,479753494,26,0,2,2299812417.0,137079,8424936,11,0,2
1912856825,2010-08-13 13:07:05,1242743.256159782,1242743,256159782,26,0,2,2299812417.0,137079,8424936,11,0,2
1912856885,2010-08-13 13:08:05,1242738.599565506,1242738,599565506,26,0,2,2299812417.0,137079,8424936,11,0,2
1912856945,2010-08-13 13:09:05,1242733.743272781,1242733,743272781,26,0,2,2299812417.0,137079,8424936,11,0,2
1912857005,2010-08-13 13:10:05,1242728.654661179,1242728,654661179,26,0,2,2299812417.0,137079,8424936,11,0,2
1912857065,2010-08-13 13:11:05,1242723.538561821,1242723,538561821,26,0,2,2299812417.0,137079,8424936,11,0,2
1912857125,2010-08-13 13:12:05,1242718.439211845,1242718,439211845,26,0,2,2299812417.0,137079,8424936,11,0,2
1912857185,2010-08-13 13:13:05,1242713.265908241,1242713,265908241,26,0,2,2299812417.0,137079,8424936,11,0,2
1912857245,2010-08-13 13:14:05,1242708.045004845,1242708,45004845,26,0,2,2299812417.0,137079,8424936,11,0,2
1912857305,2010-08-13 13:15:05,1242703.038038254,1242703,38038254,26,0,2,2299812417.0,137079,8424936,11,0,2
1912857365,2010-08-13 13:16:05,1242697.947838783,1242697,947838783,26,0,2,2299812417.0,137079,8424936,11,0,2
1912857425,2010-08-13 13:17:05,1242692.96762085,1242692,967620850,26,0,2,2299812417.0,137079,8424936,11,0,2
1912857485,2010-08-13 13:18:05,1242687.977422714,1242687,977422714,26,0,2,2299812417.0,137079,8424936,11,0,2
1912857545,2010-08-13 13:19:05,1242683.105894089,1242683,105894089,26,0,2,2299812417.0,137079,8424936,11,0,2
1912857605,2010-08-13 13:20:05,1242678.274869919,1242678,274869919,26,0,2,2299812417.0,137079,8424936,11,0,2
1912857665,2010-08-13 13:21:05,1242673.590272903,1242673,590272903,26,0,2,2299812417.0,137079,8424936,11,0,2
1912857725,2010-08-13 13:22:05,1242669.052845001,1242669,52845001,26,0,2,2299812417.0,137079,8424936,11,0,2
1912857785,2010-08-13 13:23:05,1242664.587561607,1242664,587561607,26,0,2,2299812417.0,137079,8424936,11,0,2
1912857845,2010-08-13 13:24:05,1242660.186051369,1242660,186051369,26,0,2,2299812417.0,137079,8424936,11,0,2
1912857905,2010-08-13 13:25:05,1242655.941444397,1242655,941444397,26,0,2,2299812417.0,137079,8424936,11,0,2
1912857965,2010-08-13 13:26:05,1242651.773163795,1242651,773163795,26,0,2,2299812417.0,137079,8424936,11,0,2
1912858025,2010-08-13 13:27:05,1242647.729899406,1242647,729899406,26,0,2,2299812417.0,137079,8424936,11,0,2
1912858085,2010-08-13 13:28:05,1242643.763655663,1242643,763655663,26,0,2,2299812417.0,137079,8424936,11,0,2
1912858145,2010-08-13 13:29:05,1242639.872413635,1242639,872413635,26,0,2,2299812417.0,137079,8424936,11,0,2
1912941988,2010-08-14 12:46:28,1232965.757321358,1232965,757321358,54,0,2,2299812417.0,137079,8424936,11,0,2
1912942054,2010-08-14 12:47:34,1219395.447459221,1219395,447459221,26,0,2,2299812417.0,137079,8424936,11,0,2
1912942114,2010-08-14 12:48:34,1219384.292650223,1219384,292650223,26,0,2,2299812417.0,137079,8424936,11,0,2
1912942116,2010-08-14 12:48:36,1233024.994438171,1233024,994438171,54,0,2,2299812417.0,137079,8424936,11,0,2
1912942174,2010-08-14 12:49:34,1219371.884086609,1219371,884086609,26,0,2,2299812417.0,137079,8424936,11,0,2
1912942176,2010-08-14 12:49:36,1233050.023450851,1233050,23450851,54,0,2,2299812417.0,137079,8424936,11,0,2
1912942234,2010-08-14 12:50:34,1219358.592420578,1219358,592420578,26,0,2,2299812417.0,137079,8424936,11,0,2
1912942236,2010-08-14 12:50:36,1233073.898015022,1233073,898015022,54,0,2,2299812417.0,137079,8424936,11,0,2
1912942294,2010-08-14 12:51:34,1219344.635359764,1219344,635359764,26,0,2,2299812417.0,137079,8424936,11,0,2
1912942296,2010-08-14 12:51:36,1233096.865398407,1233096,865398407,54,0,2,2299812417.0,137079,8424936,11,0,2
1912943005,2010-08-14 13:03:25,1219167.148394585,1219167,148394585,26,0,2,2299812417.0,137079,8424936,11,0,2
1912943005,2010-08-14 13:03:25,1233336.41900444,1233336,419004440,54,0,2,2299812417.0,137079,8424936,11,0,2
1912943065,2010-08-14 13:04:25,1219152.361053467,1219152,361053467,26,0,2,2299812417.0,137079,8424936,11,0,2
1912943065,2010-08-14 13:04:25,1233355.178577423,1233355,178577423,54,0,2,2299812417.0,137079,8424936,11,0,2
1912943125,2010-08-14 13:05:25,1233373.677353859,1233373,677353859,54,0,2,2299812417.0,137079,8424936,11,0,2
1912943125,2010-08-14 13:05:25,1219137.581213951,1219137,581213951,26,0,2,2299812417.0,137079,8424936,11,0,2
1912943185,2010-08-14 13:06:25,1233392.09723568,1233392,97235680,54,0,2,2299812417.0,137079,8424936,11,0,2
1912943185,2010-08-14 13:06:25,1219122.989104271,1219122,989104271,26,0,2,2299812417.0,137079,8424936,11,0,2
1912943245,2010-08-14 13:07:25,1219108.562849998,1219108,562849998,26,0,2,2299812417.0,137079,8424936,11,0,2
1912943245,2010-08-14 13:07:25,1233410.412675858,1233410,412675858,54,0,2,2299812417.0,137079,8424936,11,0,2
1912943305,2010-08-14 13:08:25,1219094.217421532,1219094,217421532,26,0,2,2299812417.0,137079,8424936,11,0,2
1912943305,2010-08-14 13:08:25,1233428.533438683,1233428,533438683,54,0,2,2299812417.0,137079,8424936,11,0,2
1912943365,2010-08-14 13:09:25,1233446.354473114,1233446,354473114,54,0,2,2299812417.0,137079,8424936,11,0,2
1912943365,2010-08-14 13:09:25,1219079.841820717,1219079,841820717,26,0,2,2299812417.0,137079,8424936,11,0,2
1912943425,2010-08-14 13:10:25,1233464.036371231,1233464,36371231,54,0,2,2299812417.0,137079,8424936,11,0,2
1912943425,2010-08-14 13:10:25,1219065.597970009,1219065,597970009,26,0,2,2299812417.0,137079,8424936,11,0,2
1912943485,2010-08-14 13:11:25,1233481.636719704,1233481,636719704,54,0,2,2299812417.0,137079,8424936,11,0,2
1912943485,2010-08-14 13:11:25,1219051.545563698,1219051,545563698,26,0,2,2299812417.0,137079,8424936,11,0,2
1912944685,2010-08-14 13:31:25,1218801.612383842,1218801,612383842,26,0,2,2299812417.0,137079,8424936,11,0,2
1912944686,2010-08-14 13:31:26,1233806.852144241,1233806,852144241,54,0,2,2299812417.0,137079,8424936,11,0,2
1912944745,2010-08-14 13:32:25,1218791.153804779,1218791,153804779,26,0,2,2299812417.0,137079,8424936,11,0,2
1912944746,2010-08-14 13:32:26,1233822.186516762,1233822,186516762,54,0,2,2299812417.0,137079,8424936,11,0,2
1912944805,2010-08-14 13:33:25,1218780.89173317,1218780,891733170,26,0,2,2299812417.0,137079,8424936,11,0,2
1912944806,2010-08-14 13:33:26,1233837.431051254,1233837,431051254,54,0,2,2299812417.0,137079,8424936,11,0,2
1912944865,2010-08-14 13:34:25,1218770.808392525,1218770,808392525,26,0,2,2299812417.0,137079,8424936,11,0,2
1912944866,2010-08-14 13:34:26,1233852.574661255,1233852,574661255,54,0,2,2299812417.0,137079,8424936,11,0,2
1912944925,2010-08-14 13:35:25,1218760.990407944,1218760,990407944,26,0,2,2299812417.0,137079,8424936,11,0,2
1912944926,2010-08-14 13:35:26,1233867.693987846,1233867,693987846,54,0,2,2299812417.0,137079,8424936,11,0,2
1912944985,2010-08-14 13:36:25,1218751.417375565,1218751,417375565,26,0,2,2299812417.0,137079,8424936,11,0,2
1912944986,2010-08-14 13:36:26,1233882.771409988,1233882,771409988,54,0,2,2299812417.0,137079,8424936,11,0,2
1912945045,2010-08-14 13:37:25,1218742.162358284,1218742,162358284,26,0,2,2299812417.0,137079,8424936,11,0,2
1912945046,2010-08-14 13:37:26,1233897.884153366,1233897,884153366,54,0,2,2299812417.0,137079,8424936,11,0,2
1912945105,2010-08-14 13:38:25,1218733.096456528,1218733,96456528,26,0,2,2299812417.0,137079,8424936,11,0,2
1912945106,2010-08-14 13:38:26,1233912.89191246,1233912,891912460,54,0,2,2299812417.0,137079,8424936,11,0,2
1912945165,2010-08-14 13:39:25,1218724.151331902,1218724,151331902,26,0,2,2299812417.0,137079,8424936,11,0,2
1912945166,2010-08-14 13:39:26,1233927.741679192,1233927,741679192,54,0,2,2299812417.0,137079,8424936,11,0,2
1912945825,2010-08-14 13:50:25,1218639.145436287,1218639,145436287,26,0,2,2299812417.0,137079,8424936,11,0,2
1912945826,2010-08-14 13:50:26,1234085.321200371,1234085,321200371,54,0,2,2299812417.0,137079,8424936,11,0,2
1912945886,2010-08-14 13:51:26,1234099.045912743,1234099,45912743,54,0,2,2299812417.0,137079,8424936,11,0,2
1912945946,2010-08-14 13:52:26,1234112.467391014,1234112,467391014,54,0,2,2299812417.0,137079,8424936,11,0,2
1912946006,2010-08-14 13:53:26,1234125.707772255,1234125,707772255,54,0,2,2299812417.0,137079,8424936,11,0,2
1912946066,2010-08-14 13:54:26,1234138.845253944,1234138,845253944,54,0,2,2299812417.0,137079,8424936,11,0,2
1912972012,2010-08-14 21:06:52,1225198.506878853,1225198,506878853,15,0,2,2299812417.0,137079,8424936,11,0,2
1912972072,2010-08-14 21:07:52,1225223.34693718,1225223,346937180,15,0,2,2299812417.0,137079,8424936,11,0,2
1912972132,2010-08-14 21:08:52,1225246.601553917,1225246,601553917,15,0,2,2299812417.0,137079,8424936,11,0,2
1912972192,2010-08-14 21:09:52,1225268.711900711,1225268,711900711,15,0,2,2299812417.0,137079,8424936,11,0,2
1912972252,2010-08-14 21:10:52,1225289.915669441,1225289,915669441,15,0,2,2299812417.0,137079,8424936,11,0,2
1912972284,2010-08-14 21:11:24,1210909.594945908,1210909,594945908,45,0,2,2299812417.0,137079,8424936,11,0,2
1912972312,2010-08-14 21:11:52,1225310.256498337,1225310,256498337,15,0,2,2299812417.0,137079,8424936,11,0,2
1912972344,2010-08-14 21:12:24,1210916.840794563,1210916,840794563,45,0,2,2299812417.0,137079,8424936,11,0,2
1912973005,2010-08-14 21:23:25,1225517.848053932,1225517,848053932,15,0,2,2299812417.0,137079,8424936,11,0,2
1912973006,2010-08-14 21:23:26,1210991.400810242,1210991,400810242,45,0,2,2299812417.0,137079,8424936,11,0,2
1912973065,2010-08-14 21:24:25,1225534.139434814,1225534,139434814,15,0,2,2299812417.0,137079,8424936,11,0,2
1912973066,2010-08-14 21:24:26,1210998.22118187,1210998,221181870,45,0,2,2299812417.0,137079,8424936,11,0,2
1912973125,2010-08-14 21:25:25,1208550.782515526,1208550,782515526,15,0,2,2299812417.0,137079,8424936,11,0,2
1912973126,2010-08-14 21:25:26,1211005.174372673,1211005,174372673,45,0,2,2299812417.0,137079,8424936,11,0,2
1912973185,2010-08-14 21:26:25,141749232.3098154,141749232,309815407,15,0,2,2299812417.0,137079,8424936,11,0,2
1912973186,2010-08-14 21:26:26,1211012.089759827,1211012,89759827,45,0,2,2299812417.0,137079,8424936,11,0,2
1912973245,2010-08-14 21:27:25,1225581.754840851,1225581,754840851,15,0,2,2299812417.0,137079,8424936,11,0,2
1912973246,2010-08-14 21:27:26,1211019.063694954,1211019,63694954,45,0,2,2299812417.0,137079,8424936,11,0,2
1912973305,2010-08-14 21:28:25,1225597.108537674,1225597,108537674,15,0,2,2299812417.0,137079,8424936,11,0,2
1912973306,2010-08-14 21:28:26,1211026.05421257,1211026,54212570,45,0,2,2299812417.0,137079,8424936,11,0,2
1912973365,2010-08-14 21:29:25,1225612.333415985,1225612,333415985,15,0,2,2299812417.0,137079,8424936,11,0,2
1912973366,2010-08-14 21:29:26,1211033.176024437,1211033,176024437,45,0,2,2299812417.0,137079,8424936,11,0,2
1912973425,2010-08-14 21:30:25,1225627.326390266,1225627,326390266,15,0,2,2299812417.0,137079,8424936,11,0,2
1912973426,2010-08-14 21:30:26,1211040.350623131,1211040,350623131,45,0,2,2299812417.0,137079,8424936,11,0,2
1912973485,2010-08-14 21:31:25,1225642.130716324,1225642,130716324,15,0,2,2299812417.0,137079,8424936,11,0,2
1912973486,2010-08-14 21:31:26,1211047.605160713,1211047,605160713,45,0,2,2299812417.0,137079,8424936,11,0,2
1912974685,2010-08-14 21:51:25,1225900.740764618,1225900,740764618,15,0,2,2299812417.0,137079,8424936,11,0,2
1912974686,2010-08-14 21:51:26,1211213.539058685,1211213,539058685,45,0,2,2299812417.0,137079,8424936,11,0,2
1912974745,2010-08-14 21:52:25,1225912.218888283,1225912,218888283,15,0,2,2299812417.0,137079,8424936,11,0,2
1912974746,2010-08-14 21:52:26,1211223.296577454,1211223,296577454,45,0,2,2299812417.0,137079,8424936,11,0,2
1912974805,2010-08-14 21:53:25,1225923.670454979,1225923,670454979,15,0,2,2299812417.0,137079,8424936,11,0,2
1912974806,2010-08-14 21:53:26,1211233.311133385,1211233,311133385,45,0,2,2299812417.0,137079,8424936,11,0,2
1912974865,2010-08-14 21:54:25,1225934.839427948,1225934,839427948,15,0,2,2299812417.0,137079,8424936,11,0,2
1912974866,2010-08-14 21:54:26,1211243.316877365,1211243,316877365,45,0,2,2299812417.0,137079,8424936,11,0,2
1912974925,2010-08-14 21:55:25,1225946.036566734,1225946,36566734,15,0,2,2299812417.0,137079,8424936,11,0,2
1912974926,2010-08-14 21:55:26,1211253.630121231,1211253,630121231,45,0,2,2299812417.0,137079,8424936,11,0,2
1912974985,2010-08-14 21:56:25,1225957.061278343,1225957,61278343,15,0,2,2299812417.0,137079,8424936,11,0,2
1912974986,2010-08-14 21:56:26,1211264.051289558,1211264,51289558,45,0,2,2299812417.0,137079,8424936,11,0,2
1912975045,2010-08-14 21:57:25,1225967.976448059,1225967,976448059,15,0,2,2299812417.0,137079,8424936,11,0,2
1912975046,2010-08-14 21:57:26,1211274.637283325,1211274,637283325,45,0,2,2299812417.0,137079,8424936,11,0,2
1912975105,2010-08-14 21:58:25,1225978.823405266,1225978,823405266,15,0,2,2299812417.0,137079,8424936,11,0,2
1912975106,2010-08-14 21:58:26,1211285.436132431,1211285,436132431,45,0,2,2299812417.0,137079,8424936,11,0,2
1912975165,2010-08-14 21:59:25,1225989.487183571,1225989,487183571,15,0,2,2299812417.0,137079,8424936,11,0,2
1912975166,2010-08-14 21:59:26,1211296.327944756,1211296,327944756,45,0,2,2299812417.0,137079,8424936,11,0,2
1912975825,2010-08-14 22:10:25,1226097.157657623,1226097,157657623,15,0,2,2299812417.0,137079,8424936,11,0,2
1912975826,2010-08-14 22:10:26,1211424.86806488,1211424,868064880,45,0,2,2299812417.0,137079,8424936,11,0,2
1912975885,2010-08-14 22:11:25,1226105.970920563,1226105,970920563,15,0,2,2299812417.0,137079,8424936,11,0,2
1912975886,2010-08-14 22:11:26,1211437.244151115,1211437,244151115,45,0,2,2299812417.0,137079,8424936,11,0,2
1913153968,2010-08-16 23:39:28,1138014.889099121,1138014,889099121,34,0,2,2299812417.0,137079,8424936,11,0,2
1913154028,2010-08-16 23:40:28,1138032.606518745,1138032,606518745,34,0,2,2299812417.0,137079,8424936,11,0,2
1913154088,2010-08-16 23:41:28,1138046.950852394,1138046,950852394,34,0,2,2299812417.0,137079,8424936,11,0,2
1913154148,2010-08-16 23:42:28,1138059.675430298,1138059,675430298,34,0,2,2299812417.0,137079,8424936,11,0,2
1913154208,2010-08-16 23:43:28,1138071.363083839,1138071,363083839,34,0,2,2299812417.0,137079,8424936,11,0,2
1913154268,2010-08-16 23:44:28,1138082.175964355,1138082,175964355,34,0,2,2299812417.0,137079,8424936,11,0,2
1913154328,2010-08-16 23:45:28,1138092.379780769,1138092,379780769,34,0,2,2299812417.0,137079,8424936,11,0,2
1913154388,2010-08-16 23:46:28,1138102.04150486,1138102,41504860,34,0,2,2299812417.0,137079,8424936,11,0,2
1913154448,2010-08-16 23:47:28,1138111.354743004,1138111,354743004,34,0,2,2299812417.0,137079,8424936,11,0,2
1913154508,2010-08-16 23:48:28,1138120.519787788,1138120,519787788,34,0,2,2299812417.0,137079,8424936,11,0,2
1913154568,2010-08-16 23:49:28,1138129.482057571,1138129,482057571,34,0,2,2299812417.0,137079,8424936,11,0,2
1913154628,2010-08-16 23:50:28,1138138.355446815,1138138,355446815,34,0,2,2299812417.0,137079,8424936,11,0,2
1913154688,2010-08-16 23:51:28,1138147.13007164,1138147,130071640,34,0,2,2299812417.0,137079,8424936,11,0,2
1913154748,2010-08-16 23:52:28,1138155.86419487,1138155,864194870,34,0,2,2299812417.0,137079,8424936,11,0,2
1913154808,2010-08-16 23:53:28,1138164.539245605,1138164,539245605,34,0,2,2299812417.0,137079,8424936,11,0,2
1913154868,2010-08-16 23:54:28,1138173.264396667,1138173,264396667,34,0,2,2299812417.0,137079,8424936,11,0,2
1913154928,2010-08-16 23:55:28,1138181.997833252,1138181,997833252,34,0,2,2299812417.0,137079,8424936,11,0,2
1913154988,2010-08-16 23:56:28,1138190.736609459,1138190,736609459,34,0,2,2299812417.0,137079,8424936,11,0,2
1913155048,2010-08-16 23:57:28,1138199.492433548,1138199,492433548,34,0,2,2299812417.0,137079,8424936,11,0,2
1913155108,2010-08-16 23:58:28,1138208.291704178,1138208,291704178,34,0,2,2299812417.0,137079,8424936,11,0,2
1913155168,2010-08-16 23:59:28,1138217.046796799,1138217,46796799,34,0,2,2299812417.0,137079,8424936,11,0,2
1913155228,2010-08-17 00:00:28,1138225.904676437,1138225,904676437,34,0,2,2299812417.0,137079,8424936,11,0,2
1913155288,2010-08-17 00:01:28,1138234.780961037,1138234,780961037,34,0,2,2299812417.0,137079,8424936,11,0,2
1913155348,2010-08-17 00:02:28,1138243.730793953,1138243,730793953,34,0,2,2299812417.0,137079,8424936,11,0,2
1913155408,2010-08-17 00:03:28,1138252.770216942,1138252,770216942,34,0,2,2299812417.0,137079,8424936,11,0,2
1913155468,2010-08-17 00:04:28,1138261.798522949,1138261,798522949,34,0,2,2299812417.0,137079,8424936,11,0,2
1913155528,2010-08-17 00:05:28,1138270.801900864,1138270,801900864,34,0,2,2299812417.0,137079,8424936,11,0,2
1913155588,2010-08-17 00:06:28,1138279.901018143,1138279,901018143,34,0,2,2299812417.0,137079,8424936,11,0,2
1913155648,2010-08-17 00:07:28,1138289.066988945,1138289,66988945,34,0,2,2299812417.0,137079,8424936,11,0,2
1913155708,2010-08-17 00:08:28,1138298.272849083,1138298,272849083,34,0,2,2299812417.0,137079,8424936,11,0,2
1913155768,2010-08-17 00:09:28,1138307.441523552,1138307,441523552,34,0,2,2299812417.0,137079,8424936,11,0,2
1913155828,2010-08-17 00:10:28,1138316.678724289,1138316,678724289,34,0,2,2299812417.0,137079,8424936,11,0,2
1913194217,2010-08-17 10:50:17,1119446.978240967,1119446,978240967,55,0,2,2299812417.0,137079,8424936,11,0,2
1913194277,2010-08-17 10:51:17,1119468.030369759,1119468,30369759,55,0,2,2299812417.0,137079,8424936,11,0,2
1913194337,2010-08-17 10:52:17,1119486.302433968,1119486,302433968,55,0,2,2299812417.0,137079,8424936,11,0,2
1913194397,2010-08-17 10:53:17,1119502.760568619,1119502,760568619,55,0,2,2299812417.0,137079,8424936,11,0,2
1913194457,2010-08-17 10:54:17,1119517.961455345,1119517,961455345,55,0,2,2299812417.0,137079,8424936,11,0,2
1913194517,2010-08-17 10:55:17,1119532.044700623,1119532,44700623,55,0,2,2299812417.0,137079,8424936,11,0,2
1913194577,2010-08-17 10:56:17,1119545.355397224,1119545,355397224,55,0,2,2299812417.0,137079,8424936,11,0,2
1913194637,2010-08-17 10:57:17,1119558.23665905,1119558,236659050,55,0,2,2299812417.0,137079,8424936,11,0,2
1913194697,2010-08-17 10:58:17,1119570.468117714,1119570,468117714,55,0,2,2299812417.0,137079,8424936,11,0,2
1913194757,2010-08-17 10:59:17,1119582.379550934,1119582,379550934,55,0,2,2299812417.0,137079,8424936,11,0,2
1913194817,2010-08-17 11:00:17,1119594.082043648,1119594,82043648,55,0,2,2299812417.0,137079,8424936,11,0,2
1913194877,2010-08-17 11:01:17,1119605.550962448,1119605,550962448,55,0,2,2299812417.0,137079,8424936,11,0,2
1913194937,2010-08-17 11:02:17,1119616.773317337,1119616,773317337,55,0,2,2299812417.0,137079,8424936,11,0,2
1913194997,2010-08-17 11:03:17,1119627.750162125,1119627,750162125,55,0,2,2299812417.0,137079,8424936,11,0,2
1913195057,2010-08-17 11:04:17,1119638.493038177,1119638,493038177,55,0,2,2299812417.0,137079,8424936,11,0,2
1913195117,2010-08-17 11:05:17,1119649.151334763,1119649,151334763,55,0,2,2299812417.0,137079,8424936,11,0,2
1913195177,2010-08-17 11:06:17,1119659.635310173,1119659,635310173,55,0,2,2299812417.0,137079,8424936,11,0,2
1913195237,2010-08-17 11:07:17,1119669.927610397,1119669,927610397,55,0,2,2299812417.0,137079,8424936,11,0,2
1913195297,2010-08-17 11:08:17,1119680.21408844,1119680,214088440,55,0,2,2299812417.0,137079,8424936,11,0,2
1913195357,2010-08-17 11:09:17,1119690.28704834,1119690,287048340,55,0,2,2299812417.0,137079,8424936,11,0,2
1913195417,2010-08-17 11:10:17,1119700.207837105,1119700,207837105,55,0,2,2299812417.0,137079,8424936,11,0,2
1913195477,2010-08-17 11:11:17,1119710.035687447,1119710,35687447,55,0,2,2299812417.0,137079,8424936,11,0,2
1913195537,2010-08-17 11:12:17,1119719.754455566,1119719,754455566,55,0,2,2299812417.0,137079,8424936,11,0,2
1913195597,2010-08-17 11:13:17,1119729.346318245,1119729,346318245,55,0,2,2299812417.0,137079,8424936,11,0,2
1913195657,2010-08-17 11:14:17,1119738.816022873,1119738,816022873,55,0,2,2299812417.0,137079,8424936,11,0,2
1913195717,2010-08-17 11:15:17,1119748.168839455,1119748,168839455,55,0,2,2299812417.0,137079,8424936,11,0,2
1913195777,2010-08-17 11:16:17,1119757.430724144,1119757,430724144,55,0,2,2299812417.0,137079,8424936,11,0,2
1913195837,2010-08-17 11:17:17,1119766.441369057,1119766,441369057,55,0,2,2299812417.0,137079,8424936,11,0,2
1913195897,2010-08-17 11:18:17,1119775.405229568,1119775,405229568,55,0,2,2299812417.0,137079,8424936,11,0,2
1913202947,2010-08-17 13:15:47,1099329.259281158,1099329,259281158,25,0,2,2299812417.0,137079,8424936,11,0,2
1913203007,2010-08-17 13:16:47,1099299.28375721,1099299,283757210,25,0,2,2299812417.0,137079,8424936,11,0,2
1913203067,2010-08-17 13:17:47,1099269.431818008,1099269,431818008,25,0,2,2299812417.0,137079,8424936,11,0,2
1913203127,2010-08-17 13:18:47,1099239.702671051,1099239,702671051,25,0,2,2299812417.0,137079,8424936,11,0,2
1913203187,2010-08-17 13:19:47,1099210.090900421,1099210,90900421,25,0,2,2299812417.0,137079,8424936,11,0,2
1913203247,2010-08-17 13:20:47,1099180.591106415,1099180,591106415,25,0,2,2299812417.0,137079,8424936,11,0,2
1913203307,2010-08-17 13:21:47,1099151.208499908,1099151,208499908,25,0,2,2299812417.0,137079,8424936,11,0,2
1913203367,2010-08-17 13:22:47,1099121.966340065,1099121,966340065,25,0,2,2299812417.0,137079,8424936,11,0,2
1913203427,2010-08-17 13:23:47,1099093.634373665,1099093,634373665,25,0,2,2299812417.0,137079,8424936,11,0,2
1913203487,2010-08-17 13:24:47,1099065.758888245,1099065,758888245,25,0,2,2299812417.0,137079,8424936,11,0,2
1913203547,2010-08-17 13:25:47,1099037.999808311,1099037,999808311,25,0,2,2299812417.0,137079,8424936,11,0,2
1913203607,2010-08-17 13:26:47,1099010.34058857,1099010,340588570,25,0,2,2299812417.0,137079,8424936,11,0,2
1913203667,2010-08-17 13:27:47,1098982.790787697,1098982,790787697,25,0,2,2299812417.0,137079,8424936,11,0,2
1913203727,2010-08-17 13:28:47,1098955.363866806,1098955,363866806,25,0,2,2299812417.0,137079,8424936,11,0,2
1913203787,2010-08-17 13:29:47,1098928.038291931,1098928,38291931,25,0,2,2299812417.0,137079,8424936,11,0,2
1913203847,2010-08-17 13:30:47,1098900.820700645,1098900,820700645,25,0,2,2299812417.0,137079,8424936,11,0,2
1913203907,2010-08-17 13:31:47,1098873.711746216,1098873,711746216,25,0,2,2299812417.0,137079,8424936,11,0,2
1913203967,2010-08-17 13:32:47,1098846.706018448,1098846,706018448,25,0,2,2299812417.0,137079,8424936,11,0,2
1913204027,2010-08-17 13:33:47,1098819.811901093,1098819,811901093,25,0,2,2299812417.0,137079,8424936,11,0,2
1913204087,2010-08-17 13:34:47,1098793.016379356,1098793,16379356,25,0,2,2299812417.0,137079,8424936,11,0,2
1913204147,2010-08-17 13:35:47,1098766.324712753,1098766,324712753,25,0,2,2299812417.0,137079,8424936,11,0,2
1913204207,2010-08-17 13:36:47,1098739.741316795,1098739,741316795,25,0,2,2299812417.0,137079,8424936,11,0,2
1913204327,2010-08-17 13:38:47,1098687.476313591,1098687,476313591,25,0,2,2299812417.0,137079,8424936,11,0,2
1913204481,2010-08-17 13:41:21,1119747.706686974,1119747,706686974,55,0,2,2299812417.0,137079,8424936,11,0,2
1913204488,2010-08-17 13:41:28,1104700.409552574,1104700,409552574,25,0,2,2299812417.0,137079,8424936,11,0,2
1913204541,2010-08-17 13:42:21,1119778.252670288,1119778,252670288,55,0,2,2299812417.0,137079,8424936,11,0,2
1913204548,2010-08-17 13:42:28,1104703.037432671,1104703,37432671,25,0,2,2299812417.0,137079,8424936,11,0,2
1913204601,2010-08-17 13:43:21,1119798.634447098,1119798,634447098,55,0,2,2299812417.0,137079,8424936,11,0,2
1913204608,2010-08-17 13:43:28,1104696.655574799,1104696,655574799,25,0,2,2299812417.0,137079,8424936,11,0,2
1913204661,2010-08-17 13:44:21,1119813.780417442,1119813,780417442,55,0,2,2299812417.0,137079,8424936,11,0,2
1913204668,2010-08-17 13:44:28,1104685.663193703,1104685,663193703,25,0,2,2299812417.0,137079,8424936,11,0,2
1913204721,2010-08-17 13:45:21,1119825.847496033,1119825,847496033,55,0,2,2299812417.0,137079,8424936,11,0,2
1913204728,2010-08-17 13:45:28,1104672.043088913,1104672,43088913,25,0,2,2299812417.0,137079,8424936,11,0,2
1913204781,2010-08-17 13:46:21,1119835.932014465,1119835,932014465,55,0,2,2299812417.0,137079,8424936,11,0,2
1913204788,2010-08-17 13:46:28,1104656.819478989,1104656,819478989,25,0,2,2299812417.0,137079,8424936,11,0,2
1913204841,2010-08-17 13:47:21,1119844.598626137,1119844,598626137,55,0,2,2299812417.0,137079,8424936,11,0,2
1913204848,2010-08-17 13:47:28,1104640.513829231,1104640,513829231,25,0,2,2299812417.0,137079,8424936,11,0,2
1913205505,2010-08-17 13:58:25,1104446.523776054,1104446,523776054,25,0,2,2299812417.0,137079,8424936,11,0,2
1913205506,2010-08-17 13:58:26,1119904.634741783,1119904,634741783,55,0,2,2299812417.0,137079,8424936,11,0,2
1913205565,2010-08-17 13:59:25,1104428.578042984,1104428,578042984,25,0,2,2299812417.0,137079,8424936,11,0,2
1913205566,2010-08-17 13:59:26,1119908.058229446,1119908,58229446,55,0,2,2299812417.0,137079,8424936,11,0,2
1913205625,2010-08-17 14:00:25,1104410.659060478,1104410,659060478,25,0,2,2299812417.0,137079,8424936,11,0,2
1913205626,2010-08-17 14:00:26,1119911.203548431,1119911,203548431,55,0,2,2299812417.0,137079,8424936,11,0,2
1913205685,2010-08-17 14:01:25,1104392.780838013,1104392,780838013,25,0,2,2299812417.0,137079,8424936,11,0,2
1913205686,2010-08-17 14:01:26,1119914.10585022,1119914,105850220,55,0,2,2299812417.0,137079,8424936,11,0,2
1913205745,2010-08-17 14:02:25,1104374.983940125,1104374,983940125,25,0,2,2299812417.0,137079,8424936,11,0,2
1913205746,2010-08-17 14:02:26,1119916.789888382,1119916,789888382,55,0,2,2299812417.0,137079,8424936,11,0,2
1913205805,2010-08-17 14:03:25,1104357.198726654,1104357,198726654,25,0,2,2299812417.0,137079,8424936,11,0,2
1913205806,2010-08-17 14:03:26,1119919.191580772,1119919,191580772,55,0,2,2299812417.0,137079,8424936,11,0,2
1913205865,2010-08-17 14:04:25,1104339.374519348,1104339,374519348,25,0,2,2299812417.0,137079,8424936,11,0,2
1913205866,2010-08-17 14:04:26,1119921.262481689,1119921,262481689,55,0,2,2299812417.0,137079,8424936,11,0,2
1913205925,2010-08-17 14:05:25,1104321.687574387,1104321,687574387,25,0,2,2299812417.0,137079,8424936,11,0,2
1913205926,2010-08-17 14:05:26,1119923.175861359,1119923,175861359,55,0,2,2299812417.0,137079,8424936,11,0,2
1913205985,2010-08-17 14:06:25,1104304.111797333,1104304,111797333,25,0,2,2299812417.0,137079,8424936,11,0,2
1913205986,2010-08-17 14:06:26,1119924.905506134,1119924,905506134,55,0,2,2299812417.0,137079,8424936,11,0,2
1913207185,2010-08-17 14:26:25,1103968.9047966,1103968,904796600,25,0,2,2299812417.0,137079,8424936,11,0,2
1913207185,2010-08-17 14:26:25,1119913.292385101,1119913,292385101,55,0,2,2299812417.0,137079,8424936,11,0,2
1913207245,2010-08-17 14:27:25,1103953.257110596,1103953,257110596,25,0,2,2299812417.0,137079,8424936,11,0,2
1913207245,2010-08-17 14:27:25,1119910.674357414,1119910,674357414,55,0,2,2299812417.0,137079,8424936,11,0,2
1913207305,2010-08-17 14:28:25,1103937.743038177,1103937,743038177,25,0,2,2299812417.0,137079,8424936,11,0,2
1913207305,2010-08-17 14:28:25,1119907.888795853,1119907,888795853,55,0,2,2299812417.0,137079,8424936,11,0,2
1913207365,2010-08-17 14:29:25,1103922.380634308,1103922,380634308,25,0,2,2299812417.0,137079,8424936,11,0,2
1913207365,2010-08-17 14:29:25,1119904.952230453,1119904,952230453,55,0,2,2299812417.0,137079,8424936,11,0,2
1913207425,2010-08-17 14:30:25,1103907.153820038,1103907,153820038,25,0,2,2299812417.0,137079,8424936,11,0,2
1913207425,2010-08-17 14:30:25,1119901.851284027,1119901,851284027,55,0,2,2299812417.0,137079,8424936,11,0,2
1913207485,2010-08-17 14:31:25,1103892.160888672,1103892,160888672,25,0,2,2299812417.0,137079,8424936,11,0,2
1913207485,2010-08-17 14:31:25,1119898.676956177,1119898,676956177,55,0,2,2299812417.0,137079,8424936,11,0,2
1913207545,2010-08-17 14:32:25,1103877.174836159,1103877,174836159,25,0,2,2299812417.0,137079,8424936,11,0,2
1913207545,2010-08-17 14:32:25,1119895.208647728,1119895,208647728,55,0,2,2299812417.0,137079,8424936,11,0,2
1913207605,2010-08-17 14:33:25,1119891.743114471,1119891,743114471,55,0,2,2299812417.0,137079,8424936,11,0,2
1913207605,2010-08-17 14:33:25,1103862.494969368,1103862,494969368,25,0,2,2299812417.0,137079,8424936,11,0,2
1913207665,2010-08-17 14:34:25,1119888.125535011,1119888,125535011,55,0,2,2299812417.0,137079,8424936,11,0,2
1913207665,2010-08-17 14:34:25,1103847.96617794,1103847,966177940,25,0,2,2299812417.0,137079,8424936,11,0,2
1913208325,2010-08-17 14:45:25,1103700.089266777,1103700,89266777,25,0,2,2299812417.0,137079,8424936,11,0,2
1913208325,2010-08-17 14:45:25,1119840.183990479,1119840,183990479,55,0,2,2299812417.0,137079,8424936,11,0,2
1913208385,2010-08-17 14:46:25,1103687.80682373,1103687,806823730,25,0,2,2299812417.0,137079,8424936,11,0,2
1913208445,2010-08-17 14:47:25,1103675.495697975,1103675,495697975,25,0,2,2299812417.0,137079,8424936,11,0,2
1913208505,2010-08-17 14:48:25,1103663.277874947,1103663,277874947,25,0,2,2299812417.0,137079,8424936,11,0,2
1913208565,2010-08-17 14:49:25,1103651.133293152,1103651,133293152,25,0,2,2299812417.0,137079,8424936,11,0,2
1913208625,2010-08-17 14:50:25,1103639.148522377,1103639,148522377,25,0,2,2299812417.0,137079,8424936,11,0,2
1913208685,2010-08-17 14:51:25,1103627.367823601,1103627,367823601,25,0,2,2299812417.0,137079,8424936,11,0,2
1913208745,2010-08-17 14:52:25,1103615.686730385,1103615,686730385,25,0,2,2299812417.0,137079,8424936,11,0,2
1913208805,2010-08-17 14:53:25,1103604.103176117,1103604,103176117,25,0,2,2299812417.0,137079,8424936,11,0,2
1913208865,2010-08-17 14:54:25,1103592.639590263,1103592,639590263,25,0,2,2299812417.0,137079,8424936,11,0,2
1913208925,2010-08-17 14:55:25,1103581.388448715,1103581,388448715,25,0,2,2299812417.0,137079,8424936,11,0,2
1913208985,2010-08-17 14:56:25,1103570.232098579,1103570,232098579,25,0,2,2299812417.0,137079,8424936,11,0,2
1913209045,2010-08-17 14:57:25,1103559.191543579,1103559,191543579,25,0,2,2299812417.0,137079,8424936,11,0,2
1913209105,2010-08-17 14:58:25,1103548.426768303,1103548,426768303,25,0,2,2299812417.0,137079,8424936,11,0,2
1913209165,2010-08-17 14:59:25,1103537.648352623,1103537,648352623,25,0,2,2299812417.0,137079,8424936,11,0,2
1913209225,2010-08-17 15:00:25,1103527.01930809,1103527,19308090,25,0,2,2299812417.0,137079,8424936,11,0,2
1913209285,2010-08-17 15:01:25,1103516.543771744,1103516,543771744,25,0,2,2299812417.0,137079,8424936,11,0,2
1913209345,2010-08-17 15:02:25,1103506.326481819,1103506,326481819,25,0,2,2299812417.0,137079,8424936,11,0,2
1913209405,2010-08-17 15:03:25,1103496.082740784,1103496,82740784,25,0,2,2299812417.0,137079,8424936,11,0,2
1913209465,2010-08-17 15:04:25,1103486.092292786,1103486,92292786,25,0,2,2299812417.0,137079,8424936,11,0,2
1913209525,2010-08-17 15:05:25,1103476.145012856,1103476,145012856,25,0,2,2299812417.0,137079,8424936,11,0,2
1913209585,2010-08-17 15:06:25,1103466.351439476,1103466,351439476,25,0,2,2299812417.0,137079,8424936,11,0,2
1913209645,2010-08-17 15:07:25,1103456.712126732,1103456,712126732,25,0,2,2299812417.0,137079,8424936,11,0,2
1913209705,2010-08-17 15:08:25,1103447.19794178,1103447,197941780,25,0,2,2299812417.0,137079,8424936,11,0,2
1913209765,2010-08-17 15:09:25,1103437.814693451,1103437,814693451,25,0,2,2299812417.0,137079,8424936,11,0,2
1913280492,2010-08-18 10:48:12,1069185.281471252,1069185,281471252,54,0,2,2299812417.0,137079,8424936,11,0,2
1913280552,2010-08-18 10:49:12,1069201.398768425,1069201,398768425,54,0,2,2299812417.0,137079,8424936,11,0,2
1913280612,2010-08-18 10:50:12,1069214.443227768,1069214,443227768,54,0,2,2299812417.0,137079,8424936,11,0,2
1913280672,2010-08-18 10:51:12,1069225.477481842,1069225,477481842,54,0,2,2299812417.0,137079,8424936,11,0,2
1913280732,2010-08-18 10:52:12,1069235.082176208,1069235,82176208,54,0,2,2299812417.0,137079,8424936,11,0,2
1913280792,2010-08-18 10:53:12,1069243.609239578,1069243,609239578,54,0,2,2299812417.0,137079,8424936,11,0,2
1913280852,2010-08-18 10:54:12,1069251.376614571,1069251,376614571,54,0,2,2299812417.0,137079,8424936,11,0,2
1913280912,2010-08-18 10:55:12,1069258.629465103,1069258,629465103,54,0,2,2299812417.0,137079,8424936,11,0,2
1913280972,2010-08-18 10:56:12,1069265.398022652,1069265,398022652,54,0,2,2299812417.0,137079,8424936,11,0,2
1913281032,2010-08-18 10:57:12,1069271.853675842,1069271,853675842,54,0,2,2299812417.0,137079,8424936,11,0,2
1913281092,2010-08-18 10:58:12,1069277.978339195,1069277,978339195,54,0,2,2299812417.0,137079,8424936,11,0,2
1913281152,2010-08-18 10:59:12,1069284.009283066,1069284,9283066,54,0,2,2299812417.0,137079,8424936,11,0,2
1913281212,2010-08-18 11:00:12,1069289.814821243,1069289,814821243,54,0,2,2299812417.0,137079,8424936,11,0,2
1913281272,2010-08-18 11:01:12,1069295.5732584,1069295,573258400,54,0,2,2299812417.0,137079,8424936,11,0,2
1913281332,2010-08-18 11:02:12,1069301.297424316,1069301,297424316,54,0,2,2299812417.0,137079,8424936,11,0,2
1913281392,2010-08-18 11:03:12,1069306.862194061,1069306,862194061,54,0,2,2299812417.0,137079,8424936,11,0,2
1913281452,2010-08-18 11:04:12,1069312.458175659,1069312,458175659,54,0,2,2299812417.0,137079,8424936,11,0,2
1913281512,2010-08-18 11:05:12,1069317.903824806,1069317,903824806,54,0,2,2299812417.0,137079,8424936,11,0,2
1913281572,2010-08-18 11:06:12,1069323.378095627,1069323,378095627,54,0,2,2299812417.0,137079,8424936,11,0,2
1913281632,2010-08-18 11:07:12,1069328.721591949,1069328,721591949,54,0,2,2299812417.0,137079,8424936,11,0,2
1913281692,2010-08-18 11:08:12,1069334.053695679,1069334,53695679,54,0,2,2299812417.0,137079,8424936,11,0,2
1913281752,2010-08-18 11:09:12,1069339.38412571,1069339,384125710,54,0,2,2299812417.0,137079,8424936,11,0,2
1913326561,2010-08-18 23:36:01,1038600.586277008,1038600,586277008,34,0,2,2299812417.0,137079,8424936,11,0,2
1913326621,2010-08-18 23:37:01,1038603.304694176,1038603,304694176,34,0,2,2299812417.0,137079,8424936,11,0,2
1913326747,2010-08-18 23:39:07,1038609.312338829,1038609,312338829,34,0,2,2299812417.0,137079,8424936,11,0,2
1913326807,2010-08-18 23:40:07,1038612.399173737,1038612,399173737,34,0,2,2299812417.0,137079,8424936,11,0,2
1913326867,2010-08-18 23:41:07,1038615.486222267,1038615,486222267,34,0,2,2299812417.0,137079,8424936,11,0,2
1913326927,2010-08-18 23:42:07,1038618.828350067,1038618,828350067,34,0,2,2299812417.0,137079,8424936,11,0,2
1913326987,2010-08-18 23:43:07,1038622.210851669,1038622,210851669,34,0,2,2299812417.0,137079,8424936,11,0,2
1913327047,2010-08-18 23:44:07,1038625.792743683,1038625,792743683,34,0,2,2299812417.0,137079,8424936,11,0,2
1913327107,2010-08-18 23:45:07,1038629.384501457,1038629,384501457,34,0,2,2299812417.0,137079,8424936,11,0,2
1913327167,2010-08-18 23:46:07,1038633.157499313,1038633,157499313,34,0,2,2299812417.0,137079,8424936,11,0,2
1913327227,2010-08-18 23:47:07,1038637.023864746,1038637,23864746,34,0,2,2299812417.0,137079,8424936,11,0,2
1913327287,2010-08-18 23:48:07,1038641.022219658,1038641,22219658,34,0,2,2299812417.0,137079,8424936,11,0,2
1913327347,2010-08-18 23:49:07,1038645.250335693,1038645,250335693,34,0,2,2299812417.0,137079,8424936,11,0,2
1913327407,2010-08-18 23:50:07,1038649.50771904,1038649,507719040,34,0,2,2299812417.0,137079,8424936,11,0,2
1913327467,2010-08-18 23:51:07,1038653.940799713,1038653,940799713,34,0,2,2299812417.0,137079,8424936,11,0,2
1913327527,2010-08-18 23:52:07,1038658.486746788,1038658,486746788,34,0,2,2299812417.0,137079,8424936,11,0,2
1913327587,2010-08-18 23:53:07,1038663.077017784,1038663,77017784,34,0,2,2299812417.0,137079,8424936,11,0,2
1913327647,2010-08-18 23:54:07,1038667.776785851,1038667,776785851,34,0,2,2299812417.0,137079,8424936,11,0,2
1913327707,2010-08-18 23:55:07,1038672.610644341,1038672,610644341,34,0,2,2299812417.0,137079,8424936,11,0,2
1913327767,2010-08-18 23:56:07,1038677.548933029,1038677,548933029,34,0,2,2299812417.0,137079,8424936,11,0,2
1913327827,2010-08-18 23:57:07,1038682.570170403,1038682,570170403,34,0,2,2299812417.0,137079,8424936,11,0,2
1913327887,2010-08-18 23:58:07,1038687.703710556,1038687,703710556,34,0,2,2299812417.0,137079,8424936,11,0,2
1913327947,2010-08-18 23:59:07,1038692.910665512,1038692,910665512,34,0,2,2299812417.0,137079,8424936,11,0,2
1913328007,2010-08-19 00:00:07,1038698.196454048,1038698,196454048,34,0,2,2299812417.0,137079,8424936,11,0,2
1913328067,2010-08-19 00:01:07,1038703.539858818,1038703,539858818,34,0,2,2299812417.0,137079,8424936,11,0,2
1913328127,2010-08-19 00:02:07,1038708.960158348,1038708,960158348,34,0,2,2299812417.0,137079,8424936,11,0,2
1913328187,2010-08-19 00:03:07,1038714.508722305,1038714,508722305,34,0,2,2299812417.0,137079,8424936,11,0,2
1913328247,2010-08-19 00:04:07,1038720.06857872,1038720,68578720,34,0,2,2299812417.0,137079,8424936,11,0,2
1913328307,2010-08-19 00:05:07,1038725.623987198,1038725,623987198,34,0,2,2299812417.0,137079,8424936,11,0,2
1913328367,2010-08-19 00:06:07,1038731.303109169,1038731,303109169,34,0,2,2299812417.0,137079,8424936,11,0,2
1913328427,2010-08-19 00:07:07,1038737.044977188,1038737,44977188,34,0,2,2299812417.0,137079,8424936,11,0,2
1913328487,2010-08-19 00:08:07,1038742.793107033,1038742,793107033,34,0,2,2299812417.0,137079,8424936,11,0,2
1913328547,2010-08-19 00:09:07,1038748.64302063,1038748,643020630,34,0,2,2299812417.0,137079,8424936,11,0,2
1913328607,2010-08-19 00:10:07,1038754.471653938,1038754,471653938,34,0,2,2299812417.0,137079,8424936,11,0,2
1913366443,2010-08-19 10:40:43,1015006.552045822,1015006,552045822,55,0,2,2299812417.0,137079,8424936,11,0,2
1913366503,2010-08-19 10:41:43,1015008.737469673,1015008,737469673,55,0,2,2299812417.0,137079,8424936,11,0,2
1913366563,2010-08-19 10:42:43,1015010.949223518,1015010,949223518,55,0,2,2299812417.0,137079,8424936,11,0,2
1913366623,2010-08-19 10:43:43,1015013.22722435,1015013,227224350,55,0,2,2299812417.0,137079,8424936,11,0,2
1913366683,2010-08-19 10:44:43,1015015.493008614,1015015,493008614,55,0,2,2299812417.0,137079,8424936,11,0,2
1913366743,2010-08-19 10:45:43,1015017.89648056,1015017,896480560,55,0,2,2299812417.0,137079,8424936,11,0,2
1913366803,2010-08-19 10:46:43,1015020.339362144,1015020,339362144,55,0,2,2299812417.0,137079,8424936,11,0,2
1913366863,2010-08-19 10:47:43,1015022.785954475,1015022,785954475,55,0,2,2299812417.0,137079,8424936,11,0,2
1913366923,2010-08-19 10:48:43,1015025.335830688,1015025,335830688,55,0,2,2299812417.0,137079,8424936,11,0,2
1913366983,2010-08-19 10:49:43,1015027.807555199,1015027,807555199,55,0,2,2299812417.0,137079,8424936,11,0,2
1913367043,2010-08-19 10:50:43,1015030.412120819,1015030,412120819,55,0,2,2299812417.0,137079,8424936,11,0,2
1913367103,2010-08-19 10:51:43,1015033.116295815,1015033,116295815,55,0,2,2299812417.0,137079,8424936,11,0,2
1913367163,2010-08-19 10:52:43,1015035.696268082,1015035,696268082,55,0,2,2299812417.0,137079,8424936,11,0,2
1913367223,2010-08-19 10:53:43,1015038.336849213,1015038,336849213,55,0,2,2299812417.0,137079,8424936,11,0,2
1913367283,2010-08-19 10:54:43,1015040.993362427,1015040,993362427,55,0,2,2299812417.0,137079,8424936,11,0,2
1913367343,2010-08-19 10:55:43,1015043.618992805,1015043,618992805,55,0,2,2299812417.0,137079,8424936,11,0,2
1913367403,2010-08-19 10:56:43,1015046.309716225,1015046,309716225,55,0,2,2299812417.0,137079,8424936,11,0,2
1913367463,2010-08-19 10:57:43,1015049.055101395,1015049,55101395,55,0,2,2299812417.0,137079,8424936,11,0,2
1913367523,2010-08-19 10:58:43,1015051.857034683,1015051,857034683,55,0,2,2299812417.0,137079,8424936,11,0,2
1913367583,2010-08-19 10:59:43,1015054.587376595,1015054,587376595,55,0,2,2299812417.0,137079,8424936,11,0,2
1913367643,2010-08-19 11:00:43,1015057.312263489,1015057,312263489,55,0,2,2299812417.0,137079,8424936,11,0,2
1913367703,2010-08-19 11:01:43,1015060.090768814,1015060,90768814,55,0,2,2299812417.0,137079,8424936,11,0,2
1913367763,2010-08-19 11:02:43,1015062.860051155,1015062,860051155,55,0,2,2299812417.0,137079,8424936,11,0,2
1913367823,2010-08-19 11:03:43,1015065.5986166,1015065,598616600,55,0,2,2299812417.0,137079,8424936,11,0,2
1913367883,2010-08-19 11:04:43,1015068.342298508,1015068,342298508,55,0,2,2299812417.0,137079,8424936,11,0,2
1913380868,2010-08-19 14:41:08,1014351.905995369,1014351,905995369,55,0,2,2299812417.0,137079,8424936,11,0,2
1913380928,2010-08-19 14:42:08,1014376.407855988,1014376,407855988,55,0,2,2299812417.0,137079,8424936,11,0,2
1913380988,2010-08-19 14:43:08,1014388.712759972,1014388,712759972,55,0,2,2299812417.0,137079,8424936,11,0,2
1913381048,2010-08-19 14:44:08,1014395.276807785,1014395,276807785,55,0,2,2299812417.0,137079,8424936,11,0,2
1913381108,2010-08-19 14:45:08,1014398.42625618,1014398,426256180,55,0,2,2299812417.0,137079,8424936,11,0,2
1913381168,2010-08-19 14:46:08,1014399.516306877,1014399,516306877,55,0,2,2299812417.0,137079,8424936,11,0,2
1913381228,2010-08-19 14:47:08,1014399.118794441,1014399,118794441,55,0,2,2299812417.0,137079,8424936,11,0,2
1913382362,2010-08-19 15:06:02,1014309.43311882,1014309,433118820,55,0,2,2299812417.0,137079,8424936,11,0,2
1913383585,2010-08-19 15:26:25,1014118.214652061,1014118,214652061,55,0,2,2299812417.0,137079,8424936,11,0,2
1913383645,2010-08-19 15:27:25,1014106.394542694,1014106,394542694,55,0,2,2299812417.0,137079,8424936,11,0,2
1913383705,2010-08-19 15:28:25,1014094.234179497,1014094,234179497,55,0,2,2299812417.0,137079,8424936,11,0,2
1913383765,2010-08-19 15:29:25,1014081.848851204,1014081,848851204,55,0,2,2299812417.0,137079,8424936,11,0,2
1913383825,2010-08-19 15:30:25,1014069.282735825,1014069,282735825,55,0,2,2299812417.0,137079,8424936,11,0,2
1913383885,2010-08-19 15:31:25,1014056.494904518,1014056,494904518,55,0,2,2299812417.0,137079,8424936,11,0,2
1913383945,2010-08-19 15:32:25,1014043.510404587,1014043,510404587,55,0,2,2299812417.0,137079,8424936,11,0,2
1913384005,2010-08-19 15:33:25,1014030.211619377,1014030,211619377,55,0,2,2299812417.0,137079,8424936,11,0,2
1913384065,2010-08-19 15:34:25,1014016.669574738,1014016,669574738,55,0,2,2299812417.0,137079,8424936,11,0,2
1913384725,2010-08-19 15:45:25,1013852.222663879,1013852,222663879,55,0,2,2299812417.0,137079,8424936,11,0,2
1913384785,2010-08-19 15:46:25,1013835.935674667,1013835,935674667,55,0,2,2299812417.0,137079,8424936,11,0,2
1914589683,2010-09-02 14:28:03,263783.558303833,263783,558303833,26,0,2,2299812417.0,137079,8424936,11,0,2
1914589743,2010-09-02 14:29:03,263776.831762314,263776,831762314,26,0,2,2299812417.0,137079,8424936,11,0,2
1914589803,2010-09-02 14:30:03,263768.929590225,263768,929590225,26,0,2,2299812417.0,137079,8424936,11,0,2
1914589863,2010-09-02 14:31:03,263760.080244064,263760,80244064,26,0,2,2299812417.0,137079,8424936,11,0,2
1914589923,2010-09-02 14:32:03,263750.553699493,263750,553699493,26,0,2,2299812417.0,137079,8424936,11,0,2
1914589983,2010-09-02 14:33:03,263740.608383179,263740,608383179,26,0,2,2299812417.0,137079,8424936,11,0,2
1914590043,2010-09-02 14:34:03,263730.487778664,263730,487778664,26,0,2,2299812417.0,137079,8424936,11,0,2
1914590103,2010-09-02 14:35:03,263720.196107864,263720,196107864,26,0,2,2299812417.0,137079,8424936,11,0,2
1914590163,2010-09-02 14:36:03,263709.73789978,263709,737899780,26,0,2,2299812417.0,137079,8424936,11,0,2
1914590223,2010-09-02 14:37:03,263699.299027443,263699,299027443,26,0,2,2299812417.0,137079,8424936,11,0,2
1914590283,2010-09-02 14:38:03,263688.792802811,263688,792802811,26,0,2,2299812417.0,137079,8424936,11,0,2
1914590343,2010-09-02 14:39:03,263678.391026497,263678,391026497,26,0,2,2299812417.0,137079,8424936,11,0,2
1914590403,2010-09-02 14:40:03,263667.937961578,263667,937961578,26,0,2,2299812417.0,137079,8424936,11,0,2
1914590463,2010-09-02 14:41:03,263657.510753632,263657,510753632,26,0,2,2299812417.0,137079,8424936,11,0,2
1914590523,2010-09-02 14:42:03,263647.122865677,263647,122865677,26,0,2,2299812417.0,137079,8424936,11,0,2
1914590583,2010-09-02 14:43:03,263636.908538818,263636,908538818,26,0,2,2299812417.0,137079,8424936,11,0,2
1914590643,2010-09-02 14:44:03,263626.680103302,263626,680103302,26,0,2,2299812417.0,137079,8424936,11,0,2
1914590703,2010-09-02 14:45:03,263616.632094383,263616,632094383,26,0,2,2299812417.0,137079,8424936,11,0,2
1914590763,2010-09-02 14:46:03,263606.561613083,263606,561613083,26,0,2,2299812417.0,137079,8424936,11,0,2
1914590823,2010-09-02 14:47:03,263596.688565254,263596,688565254,26,0,2,2299812417.0,137079,8424936,11,0,2
1914590883,2010-09-02 14:48:03,263586.911622047,263586,911622047,26,0,2,2299812417.0,137079,8424936,11,0,2
1914590943,2010-09-02 14:49:03,263577.159572601,263577,159572601,26,0,2,2299812417.0,137079,8424936,11,0,2
1914591003,2010-09-02 14:50:03,263567.488211632,263567,488211632,26,0,2,2299812417.0,137079,8424936,11,0,2
1914591063,2010-09-02 14:51:03,263557.86682415,263557,866824150,26,0,2,2299812417.0,137079,8424936,11,0,2
1914591123,2010-09-02 14:52:03,263548.412923813,263548,412923813,26,0,2,2299812417.0,137079,8424936,11,0,2
1914591183,2010-09-02 14:53:03,263538.943137169,263538,943137169,26,0,2,2299812417.0,137079,8424936,11,0,2
1914591243,2010-09-02 14:54:03,263529.736465454,263529,736465454,26,0,2,2299812417.0,137079,8424936,11,0,2
1914591303,2010-09-02 14:55:03,263520.385895729,263520,385895729,26,0,2,2299812417.0,137079,8424936,11,0,2
1914591363,2010-09-02 14:56:03,263511.305707932,263511,305707932,26,0,2,2299812417.0,137079,8424936,11,0,2
1914591423,2010-09-02 14:57:03,263502.398849487,263502,398849487,26,0,2,2299812417.0,137079,8424936,11,0,2
1914591483,2010-09-02 14:58:03,263493.366315842,263493,366315842,26,0,2,2299812417.0,137079,8424936,11,0,2
1914591543,2010-09-02 14:59:03,263484.4314394,263484,431439400,26,0,2,2299812417.0,137079,8424936,11,0,2
1914678255,2010-09-03 15:04:15,231548.456830978,231548,456830978,26,0,2,2299812417.0,137079,8424936,11,0,2
1914678315,2010-09-03 15:05:15,231545.424141884,231545,424141884,26,0,2,2299812417.0,137079,8424936,11,0,2
1914678375,2010-09-03 15:06:15,231541.469272614,231541,469272614,26,0,2,2299812417.0,137079,8424936,11,0,2
1914678435,2010-09-03 15:07:15,231536.909664154,231536,909664154,26,0,2,2299812417.0,137079,8424936,11,0,2
1914678495,2010-09-03 15:08:15,231531.958548546,231531,958548546,26,0,2,2299812417.0,137079,8424936,11,0,2
1914678555,2010-09-03 15:09:15,231526.789170265,231526,789170265,26,0,2,2299812417.0,137079,8424936,11,0,2
1914678615,2010-09-03 15:10:15,231521.446962357,231521,446962357,26,0,2,2299812417.0,137079,8424936,11,0,2
1914678675,2010-09-03 15:11:15,231515.882683754,231515,882683754,26,0,2,2299812417.0,137079,8424936,11,0,2
1914678735,2010-09-03 15:12:15,231510.369915009,231510,369915009,26,0,2,2299812417.0,137079,8424936,11,0,2
1914678795,2010-09-03 15:13:15,231504.684201241,231504,684201241,26,0,2,2299812417.0,137079,8424936,11,0,2
1914678855,2010-09-03 15:14:15,231499.175826073,231499,175826073,26,0,2,2299812417.0,137079,8424936,11,0,2
1914678915,2010-09-03 15:15:15,231493.650241852,231493,650241852,26,0,2,2299812417.0,137079,8424936,11,0,2
1914678975,2010-09-03 15:16:15,231488.143252373,231488,143252373,26,0,2,2299812417.0,137079,8424936,11,0,2
1914679035,2010-09-03 15:17:15,231482.64457798,231482,644577980,26,0,2,2299812417.0,137079,8424936,11,0,2
1914679095,2010-09-03 15:18:15,231477.260341644,231477,260341644,26,0,2,2299812417.0,137079,8424936,11,0,2
1914679155,2010-09-03 15:19:15,231472.013758659,231472,13758659,26,0,2,2299812417.0,137079,8424936,11,0,2
1914679215,2010-09-03 15:20:15,231466.717324257,231466,717324257,26,0,2,2299812417.0,137079,8424936,11,0,2
1914679275,2010-09-03 15:21:15,231461.6233778,231461,623377800,26,0,2,2299812417.0,137079,8424936,11,0,2
1914679335,2010-09-03 15:22:15,231456.569321632,231456,569321632,26,0,2,2299812417.0,137079,8424936,11,0,2
1914679395,2010-09-03 15:23:15,231451.616539001,231451,616539001,26,0,2,2299812417.0,137079,8424936,11,0,2
1914679455,2010-09-03 15:24:15,231446.734732628,231446,734732628,26,0,2,2299812417.0,137079,8424936,11,0,2
1914679515,2010-09-03 15:25:15,231441.944038391,231441,944038391,26,0,2,2299812417.0,137079,8424936,11,0,2
1914679575,2010-09-03 15:26:15,231437.371572495,231437,371572495,26,0,2,2299812417.0,137079,8424936,11,0,2
1914679635,2010-09-03 15:27:15,231432.850028038,231432,850028038,26,0,2,2299812417.0,137079,8424936,11,0,2
1914679695,2010-09-03 15:28:15,231428.509133339,231428,509133339,26,0,2,2299812417.0,137079,8424936,11,0,2
1914679755,2010-09-03 15:29:15,231424.139727592,231424,139727592,26,0,2,2299812417.0,137079,8424936,11,0,2
1914679815,2010-09-03 15:30:15,231420.116585732,231420,116585732,26,0,2,2299812417.0,137079,8424936,11,0,2
1914679875,2010-09-03 15:31:15,231416.27692318,231416,276923180,26,0,2,2299812417.0,137079,8424936,11,0,2
1914679935,2010-09-03 15:32:15,231412.435194016,231412,435194016,26,0,2,2299812417.0,137079,8424936,11,0,2
1914679995,2010-09-03 15:33:15,231408.91361618,231408,913616180,26,0,2,2299812417.0,137079,8424936,11,0,2
1914680055,2010-09-03 15:34:15,231405.370687485,231405,370687485,26,0,2,2299812417.0,137079,8424936,11,0,2
1914795240,2010-09-04 23:34:00,208565.141470909,208565,141470909,15,0,2,2299812417.0,137079,8424936,11,0,2
1914795300,2010-09-04 23:35:00,208587.413203239,208587,413203239,15,0,2,2299812417.0,137079,8424936,11,0,2
1914795360,2010-09-04 23:36:00,208604.958950996,208604,958950996,15,0,2,2299812417.0,137079,8424936,11,0,2
1914795420,2010-09-04 23:37:00,208620.224743843,208620,224743843,15,0,2,2299812417.0,137079,8424936,11,0,2
1914795480,2010-09-04 23:38:00,208633.51922226,208633,519222260,15,0,2,2299812417.0,137079,8424936,11,0,2
1914795540,2010-09-04 23:39:00,208645.273654938,208645,273654938,15,0,2,2299812417.0,137079,8424936,11,0,2
1914795600,2010-09-04 23:40:00,208655.940876007,208655,940876007,15,0,2,2299812417.0,137079,8424936,11,0,2
1914795637,2010-09-04 23:40:37,193274.530779839,193274,530779839,45,0,2,2299812417.0,137079,8424936,11,0,2
1914795660,2010-09-04 23:41:00,208665.657288551,208665,657288551,15,0,2,2299812417.0,137079,8424936,11,0,2
1914795697,2010-09-04 23:41:37,193291.55177784,193291,551777840,45,0,2,2299812417.0,137079,8424936,11,0,2
1914795720,2010-09-04 23:42:00,208674.56698513,208674,566985130,15,0,2,2299812417.0,137079,8424936,11,0,2
1914796405,2010-09-04 23:53:25,193484.512413025,193484,512413025,45,0,2,2299812417.0,137079,8424936,11,0,2
1914796405,2010-09-04 23:53:25,208749.853360176,208749,853360176,15,0,2,2299812417.0,137079,8424936,11,0,2
1914796465,2010-09-04 23:54:25,208755.090673447,208755,90673447,15,0,2,2299812417.0,137079,8424936,11,0,2
1914796465,2010-09-04 23:54:25,193501.307655334,193501,307655334,45,0,2,2299812417.0,137079,8424936,11,0,2
1914796525,2010-09-04 23:55:25,208760.155474663,208760,155474663,15,0,2,2299812417.0,137079,8424936,11,0,2
1914796525,2010-09-04 23:55:25,193518.19349575,193518,193495750,45,0,2,2299812417.0,137079,8424936,11,0,2
1914796585,2010-09-04 23:56:25,193535.164607048,193535,164607048,45,0,2,2299812417.0,137079,8424936,11,0,2
1914796585,2010-09-04 23:56:25,208765.0028162,208765,2816200,15,0,2,2299812417.0,137079,8424936,11,0,2
1914796645,2010-09-04 23:57:25,193552.382699966,193552,382699966,45,0,2,2299812417.0,137079,8424936,11,0,2
1914796645,2010-09-04 23:57:25,208769.808094025,208769,808094025,15,0,2,2299812417.0,137079,8424936,11,0,2
1914796705,2010-09-04 23:58:25,208774.382572174,208774,382572174,15,0,2,2299812417.0,137079,8424936,11,0,2
1914796705,2010-09-04 23:58:25,193569.655041695,193569,655041695,45,0,2,2299812417.0,137079,8424936,11,0,2
1914796765,2010-09-04 23:59:25,208778.833499908,208778,833499908,15,0,2,2299812417.0,137079,8424936,11,0,2
1914796765,2010-09-04 23:59:25,193587.099774361,193587,99774361,45,0,2,2299812417.0,137079,8424936,11,0,2
1914796825,2010-09-05 00:00:25,193604.622063637,193604,622063637,45,0,2,2299812417.0,137079,8424936,11,0,2
1914796825,2010-09-05 00:00:25,208783.084858894,208783,84858894,15,0,2,2299812417.0,137079,8424936,11,0,2
1914796885,2010-09-05 00:01:25,193622.250157356,193622,250157356,45,0,2,2299812417.0,137079,8424936,11,0,2
1914796885,2010-09-05 00:01:25,208787.151256561,208787,151256561,15,0,2,2299812417.0,137079,8424936,11,0,2
1914798085,2010-09-05 00:21:25,208826.543762207,208826,543762207,15,0,2,2299812417.0,137079,8424936,11,0,2
1914798086,2010-09-05 00:21:26,193993.110801697,193993,110801697,45,0,2,2299812417.0,137079,8424936,11,0,2
1914798145,2010-09-05 00:22:25,208826.316175461,208826,316175461,15,0,2,2299812417.0,137079,8424936,11,0,2
1914798146,2010-09-05 00:22:26,194012.410527229,194012,410527229,45,0,2,2299812417.0,137079,8424936,11,0,2
1914798205,2010-09-05 00:23:25,208825.853707314,208825,853707314,15,0,2,2299812417.0,137079,8424936,11,0,2
1914798206,2010-09-05 00:23:26,194031.76311779,194031,763117790,45,0,2,2299812417.0,137079,8424936,11,0,2
1914798265,2010-09-05 00:24:25,208825.152366638,208825,152366638,15,0,2,2299812417.0,137079,8424936,11,0,2
1914798266,2010-09-05 00:24:26,194051.148389816,194051,148389816,45,0,2,2299812417.0,137079,8424936,11,0,2
1914798325,2010-09-05 00:25:25,208824.25992775,208824,259927750,15,0,2,2299812417.0,137079,8424936,11,0,2
1914798326,2010-09-05 00:25:26,194070.625712395,194070,625712395,45,0,2,2299812417.0,137079,8424936,11,0,2
1914798385,2010-09-05 00:26:25,208823.172495842,208823,172495842,15,0,2,2299812417.0,137079,8424936,11,0,2
1914798386,2010-09-05 00:26:26,194090.186116219,194090,186116219,45,0,2,2299812417.0,137079,8424936,11,0,2
1914798445,2010-09-05 00:27:25,208821.858598709,208821,858598709,15,0,2,2299812417.0,137079,8424936,11,0,2
1914798446,2010-09-05 00:27:26,194109.806735992,194109,806735992,45,0,2,2299812417.0,137079,8424936,11,0,2
1914798505,2010-09-05 00:28:25,208820.341910362,208820,341910362,15,0,2,2299812417.0,137079,8424936,11,0,2
1914798506,2010-09-05 00:28:26,194129.496727943,194129,496727943,45,0,2,2299812417.0,137079,8424936,11,0,2
1914798565,2010-09-05 00:29:25,208818.613295555,208818,613295555,15,0,2,2299812417.0,137079,8424936,11,0,2
1914798566,2010-09-05 00:29:26,194149.236680984,194149,236680984,45,0,2,2299812417.0,137079,8424936,11,0,2
1914799225,2010-09-05 00:40:25,208788.53913784,208788,539137840,15,0,2,2299812417.0,137079,8424936,11,0,2
1914799226,2010-09-05 00:40:26,194373.7579813,194373,757981300,45,0,2,2299812417.0,137079,8424936,11,0,2
1915023074,2010-09-07 14:51:14,112497.228104591,112497,228104591,15,0,2,2299810235.181,137079,6243117,11,0,2
1915023134,2010-09-07 14:52:14,112501.348258972,112501,348258972,15,0,2,2299810235.181,137079,6243117,11,0,2
1915023194,2010-09-07 14:53:14,112503.384108543,112503,384108543,15,0,2,2299810235.181,137079,6243117,11,0,2
1915023254,2010-09-07 14:54:14,112503.763396263,112503,763396263,15,0,2,2299810235.181,137079,6243117,11,0,2
1915023314,2010-09-07 14:55:14,112503.003655434,112503,3655434,15,0,2,2299810235.181,137079,6243117,11,0,2
1915023374,2010-09-07 14:56:14,112501.281784058,112501,281784058,15,0,2,2299810235.181,137079,6243117,11,0,2
1915023434,2010-09-07 14:57:14,112498.94712925,112498,947129250,15,0,2,2299810235.181,137079,6243117,11,0,2
1915023494,2010-09-07 14:58:14,112496.203336716,112496,203336716,15,0,2,2299810235.181,137079,6243117,11,0,2
1915023554,2010-09-07 14:59:14,112493.190523148,112493,190523148,15,0,2,2299810235.181,137079,6243117,11,0,2
1915023614,2010-09-07 15:00:14,112490.001740456,112490,1740456,15,0,2,2299810235.181,137079,6243117,11,0,2
1915023674,2010-09-07 15:01:14,112486.740695953,112486,740695953,15,0,2,2299810235.181,137079,6243117,11,0,2
1915023734,2010-09-07 15:02:14,112483.391541481,112483,391541481,15,0,2,2299810235.181,137079,6243117,11,0,2
1915023794,2010-09-07 15:03:14,112479.972775459,112479,972775459,15,0,2,2299810235.181,137079,6243117,11,0,2
1915023854,2010-09-07 15:04:14,112476.620498657,112476,620498657,15,0,2,2299810235.181,137079,6243117,11,0,2
1915023914,2010-09-07 15:05:14,112473.233927727,112473,233927727,15,0,2,2299810235.181,137079,6243117,11,0,2
1915023974,2010-09-07 15:06:14,112469.925720215,112469,925720215,15,0,2,2299810235.181,137079,6243117,11,0,2
1915024034,2010-09-07 15:07:14,112466.653747559,112466,653747559,15,0,2,2299810235.181,137079,6243117,11,0,2
1915024094,2010-09-07 15:08:14,112463.394791603,112463,394791603,15,0,2,2299810235.181,137079,6243117,11,0,2
1915024154,2010-09-07 15:09:14,112460.259063721,112460,259063721,15,0,2,2299810235.181,137079,6243117,11,0,2
1915024214,2010-09-07 15:10:14,112457.173961639,112457,173961639,15,0,2,2299810235.181,137079,6243117,11,0,2
1915024274,2010-09-07 15:11:14,112454.148334503,112454,148334503,15,0,2,2299810235.181,137079,6243117,11,0,2
1915024334,2010-09-07 15:12:14,112451.254033089,112451,254033089,15,0,2,2299810235.181,137079,6243117,11,0,2
1915024394,2010-09-07 15:13:14,112448.37528801,112448,375288010,15,0,2,2299810235.181,137079,6243117,11,0,2
1915024454,2010-09-07 15:14:14,112445.675981522,112445,675981522,15,0,2,2299810235.181,137079,6243117,11,0,2
1915024514,2010-09-07 15:15:14,112443.054059982,112443,54059982,15,0,2,2299810235.181,137079,6243117,11,0,2
1915024574,2010-09-07 15:16:14,112440.536111832,112440,536111832,15,0,2,2299810235.181,137079,6243117,11,0,2
1915024634,2010-09-07 15:17:14,112438.063885689,112438,63885689,15,0,2,2299810235.181,137079,6243117,11,0,2
1915024694,2010-09-07 15:18:14,112435.709565163,112435,709565163,15,0,2,2299810235.181,137079,6243117,11,0,2
1915024754,2010-09-07 15:19:14,112433.495540619,112433,495540619,15,0,2,2299810235.181,137079,6243117,11,0,2
1915024814,2010-09-07 15:20:14,112431.343767166,112431,343767166,15,0,2,2299810235.181,137079,6243117,11,0,2
1915024874,2010-09-07 15:21:14,112429.267234802,112429,267234802,15,0,2,2299810235.181,137079,6243117,11,0,2
1915024934,2010-09-07 15:22:14,112427.382800102,112427,382800102,15,0,2,2299810235.181,137079,6243117,11,0,2
1915024994,2010-09-07 15:23:14,112425.595863342,112425,595863342,15,0,2,2299810235.181,137079,6243117,11,0,2
1915025054,2010-09-07 15:24:14,112423.951568604,112423,951568604,15,0,2,2299810235.181,137079,6243117,11,0,2
1915121380,2010-09-08 18:09:40,92116.34099102,92116,340991020,26,0,2,2299810235.181,137079,6243117,11,0,2
1915121440,2010-09-08 18:10:40,92151.696333885,92151,696333885,26,0,2,2299810235.181,137079,6243117,11,0,2
1915121500,2010-09-08 18:11:40,92184.830869675,92184,830869675,26,0,2,2299810235.181,137079,6243117,11,0,2
1915121560,2010-09-08 18:12:40,92216.311081886,92216,311081886,26,0,2,2299810235.181,137079,6243117,11,0,2
1915121620,2010-09-08 18:13:40,92246.489125252,92246,489125252,26,0,2,2299810235.181,137079,6243117,11,0,2
1915121680,2010-09-08 18:14:40,92275.682676315,92275,682676315,26,0,2,2299810235.181,137079,6243117,11,0,2
1915121740,2010-09-08 18:15:40,92304.080338478,92304,80338478,26,0,2,2299810235.181,137079,6243117,11,0,2
1915121800,2010-09-08 18:16:40,92331.841640472,92331,841640472,26,0,2,2299810235.181,137079,6243117,11,0,2
1915121860,2010-09-08 18:17:40,92359.248087883,92359,248087883,26,0,2,2299810235.181,137079,6243117,11,0,2
1915121920,2010-09-08 18:18:40,92386.363578796,92386,363578796,26,0,2,2299810235.181,137079,6243117,11,0,2
1915121980,2010-09-08 18:19:40,92413.275010109,92413,275010109,26,0,2,2299810235.181,137079,6243117,11,0,2
1915122040,2010-09-08 18:20:40,92440.128675461,92440,128675461,26,0,2,2299810235.181,137079,6243117,11,0,2
1915122100,2010-09-08 18:21:40,92466.894194603,92466,894194603,26,0,2,2299810235.181,137079,6243117,11,0,2
1915122160,2010-09-08 18:22:40,92493.636116982,92493,636116982,26,0,2,2299810235.181,137079,6243117,11,0,2
1915122220,2010-09-08 18:23:40,92520.34568119,92520,345681190,26,0,2,2299810235.181,137079,6243117,11,0,2
1915122280,2010-09-08 18:24:40,92547.055257797,92547,55257797,26,0,2,2299810235.181,137079,6243117,11,0,2
1915122340,2010-09-08 18:25:40,92573.74075222,92573,740752220,26,0,2,2299810235.181,137079,6243117,11,0,2
1915122400,2010-09-08 18:26:40,92600.529771805,92600,529771805,26,0,2,2299810235.181,137079,6243117,11,0,2
1915122460,2010-09-08 18:27:40,92627.318447113,92627,318447113,26,0,2,2299810235.181,137079,6243117,11,0,2
1915122520,2010-09-08 18:28:40,92654.169009209,92654,169009209,26,0,2,2299810235.181,137079,6243117,11,0,2
1915122580,2010-09-08 18:29:40,92680.986236572,92680,986236572,26,0,2,2299810235.181,137079,6243117,11,0,2
1915122640,2010-09-08 18:30:40,92707.874591827,92707,874591827,26,0,2,2299810235.181,137079,6243117,11,0,2
1915122700,2010-09-08 18:31:40,92734.825573921,92734,825573921,26,0,2,2299810235.181,137079,6243117,11,0,2
1915122760,2010-09-08 18:32:40,92761.819279671,92761,819279671,26,0,2,2299810235.181,137079,6243117,11,0,2
1915122820,2010-09-08 18:33:40,92788.744933128,92788,744933128,26,0,2,2299810235.181,137079,6243117,11,0,2
1915122880,2010-09-08 18:34:40,92815.782554626,92815,782554626,26,0,2,2299810235.181,137079,6243117,11,0,2
1915122940,2010-09-08 18:35:40,92842.865932465,92842,865932465,26,0,2,2299810235.181,137079,6243117,11,0,2
1915123000,2010-09-08 18:36:40,92869.982064247,92869,982064247,26,0,2,2299810235.181,137079,6243117,11,0,2
1915123060,2010-09-08 18:37:40,92897.077843666,92897,77843666,26,0,2,2299810235.181,137079,6243117,11,0,2
1915123120,2010-09-08 18:38:40,92924.18183136,92924,181831360,26,0,2,2299810235.181,137079,6243117,11,0,2
1915123180,2010-09-08 18:39:40,92951.413438797,92951,413438797,26,0,2,2299810235.181,137079,6243117,11,0,2
1915123240,2010-09-08 18:40:40,92978.620589256,92978,620589256,26,0,2,2299810235.181,137079,6243117,11,0,2
1915123300,2010-09-08 18:41:40,93005.84210968,93005,842109680,26,0,2,2299810235.181,137079,6243117,11,0,2
1915123360,2010-09-08 18:42:40,93033.124062538,93033,124062538,26,0,2,2299810235.181,137079,6243117,11,0,2
1915123420,2010-09-08 18:43:40,93060.369701385,93060,369701385,26,0,2,2299810235.181,137079,6243117,11,0,2
1915123480,2010-09-08 18:44:40,93087.70065403,93087,700654030,26,0,2,2299810235.181,137079,6243117,11,0,2
1915542900,2010-09-13 15:15:00,-4966.040091514,-4966,-40091514,25,0,2,2299810235.181,137079,6243117,11,0,2
1915542960,2010-09-13 15:16:00,-4958.096218108,-4958,-96218108,25,0,2,2299810235.181,137079,6243117,11,0,2
1915543020,2010-09-13 15:17:00,-4951.913997649,-4951,-913997649,25,0,2,2299810235.181,137079,6243117,11,0,2
1915543080,2010-09-13 15:18:00,-4947.194025039,-4947,-194025039,25,0,2,2299810235.181,137079,6243117,11,0,2
1915543140,2010-09-13 15:19:00,-4943.720235824,-4943,-720235824,25,0,2,2299810235.181,137079,6243117,11,0,2
1915543200,2010-09-13 15:20:00,-4941.161753653,-4941,-161753653,25,0,2,2299810235.181,137079,6243117,11,0,2
1915543260,2010-09-13 15:21:00,-4939.233700751,-4939,-233700751,25,0,2,2299810235.181,137079,6243117,11,0,2
1915543320,2010-09-13 15:22:00,-4937.830276488,-4937,-830276488,25,0,2,2299810235.181,137079,6243117,11,0,2
1915543380,2010-09-13 15:23:00,-4936.810193061,-4936,-810193061,25,0,2,2299810235.181,137079,6243117,11,0,2
1915543440,2010-09-13 15:24:00,-4935.909577369,-4935,-909577369,25,0,2,2299810235.181,137079,6243117,11,0,2
1915543500,2010-09-13 15:25:00,-4935.176342009,-4935,-176342009,25,0,2,2299810235.181,137079,6243117,11,0,2
1915543560,2010-09-13 15:26:00,-4934.543524741,-4934,-543524741,25,0,2,2299810235.181,137079,6243117,11,0,2
1915543620,2010-09-13 15:27:00,-4933.90760517,-4933,-907605170,25,0,2,2299810235.181,137079,6243117,11,0,2
1915543680,2010-09-13 15:28:00,-4933.129937171,-4933,-129937171,25,0,2,2299810235.181,137079,6243117,11,0,2
1915543740,2010-09-13 15:29:00,-4932.428738593,-4932,-428738593,25,0,2,2299810235.181,137079,6243117,11,0,2
1915543800,2010-09-13 15:30:00,-4931.560344695,-4931,-560344695,25,0,2,2299810235.181,137079,6243117,11,0,2
1915543860,2010-09-13 15:31:00,-4930.540394782,-4930,-540394782,25,0,2,2299810235.181,137079,6243117,11,0,2
1915543920,2010-09-13 15:32:00,-4929.359731673,-4929,-359731673,25,0,2,2299810235.181,137079,6243117,11,0,2
1915543980,2010-09-13 15:33:00,-4928.102195739,-4928,-102195739,25,0,2,2299810235.181,137079,6243117,11,0,2
1915544040,2010-09-13 15:34:00,-4926.647090911,-4926,-647090911,25,0,2,2299810235.181,137079,6243117,11,0,2
1915544100,2010-09-13 15:35:00,-4925.087472915,-4925,-87472915,25,0,2,2299810235.181,137079,6243117,11,0,2
1915544160,2010-09-13 15:36:00,-4923.373726844,-4923,-373726844,25,0,2,2299810235.181,137079,6243117,11,0,2
1915544220,2010-09-13 15:37:00,-4921.386634826,-4921,-386634826,25,0,2,2299810235.181,137079,6243117,11,0,2
1915544280,2010-09-13 15:38:00,-4919.207289695,-4919,-207289695,25,0,2,2299810235.181,137079,6243117,11,0,2
1915544340,2010-09-13 15:39:00,-4916.903626441,-4916,-903626441,25,0,2,2299810235.181,137079,6243117,11,0,2
1915544400,2010-09-13 15:40:00,-4914.322657584,-4914,-322657584,25,0,2,2299810235.181,137079,6243117,11,0,2
1915544460,2010-09-13 15:41:00,-4911.577128409,-4911,-577128409,25,0,2,2299810235.181,137079,6243117,11,0,2
1915544520,2010-09-13 15:42:00,-4908.560604094,-4908,-560604094,25,0,2,2299810235.181,137079,6243117,11,0,2
1915544580,2010-09-13 15:43:00,-4905.264264106,-4905,-264264106,25,0,2,2299810235.181,137079,6243117,11,0,2
1915544640,2010-09-13 15:44:00,-4901.801010131,-4901,-801010131,25,0,2,2299810235.181,137079,6243117,11,0,2
1915544700,2010-09-13 15:45:00,-4898.16247177,-4898,-162471770,25,0,2,2299810235.181,137079,6243117,11,0,2
1915544760,2010-09-13 15:46:00,-4894.300943374,-4894,-300943374,25,0,2,2299810235.181,137079,6243117,11,0,2
1915544820,2010-09-13 15:47:00,-4890.190165519,-4890,-190165519,25,0,2,2299810235.181,137079,6243117,11,0,2
1915544880,2010-09-13 15:48:00,-4885.687458991,-4885,-687458991,25,0,2,2299810235.181,137079,6243117,11,0,2
1915544940,2010-09-13 15:49:00,-4881.152387618,-4881,-152387618,25,0,2,2299810235.181,137079,6243117,11,0,2
1915545000,2010-09-13 15:50:00,-4876.349841117,-4876,-349841117,25,0,2,2299810235.181,137079,6243117,11,0,2
1915715971,2010-09-15 15:19:31,-36692.217895507,-36692,-217895507,15,0,2,2299810235.181,137079,6243117,11,0,2
1915716031,2010-09-15 15:20:31,-36680.569582938,-36680,-569582938,15,0,2,2299810235.181,137079,6243117,11,0,2
1915716091,2010-09-15 15:21:31,-36671.347160338,-36671,-347160338,15,0,2,2299810235.181,137079,6243117,11,0,2
1915716151,2010-09-15 15:22:31,-36663.700256347,-36663,-700256347,15,0,2,2299810235.181,137079,6243117,11,0,2
1915716211,2010-09-15 15:23:31,-36657.531752585,-36657,-531752585,15,0,2,2299810235.181,137079,6243117,11,0,2
1915716271,2010-09-15 15:24:31,-36652.367669105,-36652,-367669105,15,0,2,2299810235.181,137079,6243117,11,0,2
1915716331,2010-09-15 15:25:31,-36648.18329811,-36648,-183298110,15,0,2,2299810235.181,137079,6243117,11,0,2
1915716391,2010-09-15 15:26:31,-36644.467496871,-36644,-467496871,15,0,2,2299810235.181,137079,6243117,11,0,2
1915716451,2010-09-15 15:27:31,-36641.244022368,-36641,-244022368,15,0,2,2299810235.181,137079,6243117,11,0,2
1915716511,2010-09-15 15:28:31,-36638.218297957,-36638,-218297957,15,0,2,2299810235.181,137079,6243117,11,0,2
1915716571,2010-09-15 15:29:31,-36635.32121086,-36635,-321210860,15,0,2,2299810235.181,137079,6243117,11,0,2
1915716631,2010-09-15 15:30:31,-36632.447778701,-36632,-447778701,15,0,2,2299810235.181,137079,6243117,11,0,2
1915716691,2010-09-15 15:31:31,-36629.626810073,-36629,-626810073,15,0,2,2299810235.181,137079,6243117,11,0,2
1915716751,2010-09-15 15:32:31,-36626.636775016,-36626,-636775016,15,0,2,2299810235.181,137079,6243117,11,0,2
1915716811,2010-09-15 15:33:31,-36623.678732871,-36623,-678732871,15,0,2,2299810235.181,137079,6243117,11,0,2
1915716871,2010-09-15 15:34:31,-36620.501550673,-36620,-501550673,15,0,2,2299810235.181,137079,6243117,11,0,2
1915716931,2010-09-15 15:35:31,-36617.244990348,-36617,-244990348,15,0,2,2299810235.181,137079,6243117,11,0,2
1915716991,2010-09-15 15:36:31,-36613.766823768,-36613,-766823768,15,0,2,2299810235.181,137079,6243117,11,0,2
1915717051,2010-09-15 15:37:31,-36610.239190101,-36610,-239190101,15,0,2,2299810235.181,137079,6243117,11,0,2
1915717111,2010-09-15 15:38:31,-36606.454551696,-36606,-454551696,15,0,2,2299810235.181,137079,6243117,11,0,2
1915717171,2010-09-15 15:39:31,-36602.586700438,-36602,-586700438,15,0,2,2299810235.181,137079,6243117,11,0,2
1915717231,2010-09-15 15:40:31,-36598.614520072,-36598,-614520072,15,0,2,2299810235.181,137079,6243117,11,0,2
1915717291,2010-09-15 15:41:31,-36594.380197524,-36594,-380197524,15,0,2,2299810235.181,137079,6243117,11,0,2
1915717351,2010-09-15 15:42:31,-36590.032051085,-36590,-32051085,15,0,2,2299810235.181,137079,6243117,11,0,2
1915717411,2010-09-15 15:43:31,-36585.615180015,-36585,-615180015,15,0,2,2299810235.181,137079,6243117,11,0,2
1915717471,2010-09-15 15:44:31,-36580.972099303,-36580,-972099303,15,0,2,2299810235.181,137079,6243117,11,0,2
1915717531,2010-09-15 15:45:31,-36576.160530089,-36576,-160530089,15,0,2,2299810235.181,137079,6243117,11,0,2
1915717591,2010-09-15 15:46:31,-36571.218126296,-36571,-218126296,15,0,2,2299810235.181,137079,6243117,11,0,2
1915717651,2010-09-15 15:47:31,-36566.167304038,-36566,-167304038,15,0,2,2299810235.181,137079,6243117,11,0,2
1915717711,2010-09-15 15:48:31,-36560.930265426,-36560,-930265426,15,0,2,2299810235.181,137079,6243117,11,0,2
1915717771,2010-09-15 15:49:31,-36555.64025402,-36555,-640254020,15,0,2,2299810235.181,137079,6243117,11,0,2
1915717831,2010-09-15 15:50:31,-36550.130213736,-36550,-130213736,15,0,2,2299810235.181,137079,6243117,11,0,2
1915717891,2010-09-15 15:51:31,-36544.497898101,-36544,-497898101,15,0,2,2299810235.181,137079,6243117,11,0,2
1915717951,2010-09-15 15:52:31,-36538.701307296,-36538,-701307296,15,0,2,2299810235.181,137079,6243117,11,0,2
1915718011,2010-09-15 15:53:31,-36532.859973906,-36532,-859973906,15,0,2,2299810235.181,137079,6243117,11,0,2
1915718071,2010-09-15 15:54:31,-36526.926792144,-36526,-926792144,15,0,2,2299810235.181,137079,6243117,11,0,2
1915889677,2010-09-17 15:34:37,-65718.450317382,-65718,-450317382,25,0,2,2299810235.181,137079,6243117,11,0,2
1915889737,2010-09-17 15:35:37,-65707.739911078,-65707,-739911078,25,0,2,2299810235.181,137079,6243117,11,0,2
1915889797,2010-09-17 15:36:37,-65697.773852347,-65697,-773852347,25,0,2,2299810235.181,137079,6243117,11,0,2
1915889857,2010-09-17 15:37:37,-65688.366288184,-65688,-366288184,25,0,2,2299810235.181,137079,6243117,11,0,2
1915889917,2010-09-17 15:38:37,-65679.277246474,-65679,-277246474,25,0,2,2299810235.181,137079,6243117,11,0,2
1915889977,2010-09-17 15:39:37,-65670.439368247,-65670,-439368247,25,0,2,2299810235.181,137079,6243117,11,0,2
1915890037,2010-09-17 15:40:37,-65661.759670257,-65661,-759670257,25,0,2,2299810235.181,137079,6243117,11,0,2
1915890097,2010-09-17 15:41:37,-65652.990056991,-65652,-990056991,25,0,2,2299810235.181,137079,6243117,11,0,2
1915890157,2010-09-17 15:42:37,-65644.374532699,-65644,-374532699,25,0,2,2299810235.181,137079,6243117,11,0,2
1915890217,2010-09-17 15:43:37,-65635.721941947,-65635,-721941947,25,0,2,2299810235.181,137079,6243117,11,0,2
1915890277,2010-09-17 15:44:37,-65626.984374999,-65626,-984374999,25,0,2,2299810235.181,137079,6243117,11,0,2
1915890337,2010-09-17 15:45:37,-65618.187210082,-65618,-187210082,25,0,2,2299810235.181,137079,6243117,11,0,2
1915890397,2010-09-17 15:46:37,-65609.293430327,-65609,-293430327,25,0,2,2299810235.181,137079,6243117,11,0,2
1915890457,2010-09-17 15:47:37,-65600.280800818,-65600,-280800818,25,0,2,2299810235.181,137079,6243117,11,0,2
1915890517,2010-09-17 15:48:37,-65591.200605391,-65591,-200605391,25,0,2,2299810235.181,137079,6243117,11,0,2
1915890577,2010-09-17 15:49:37,-65582.067137717,-65582,-67137717,25,0,2,2299810235.181,137079,6243117,11,0,2
1915890637,2010-09-17 15:50:37,-65572.785672187,-65572,-785672187,25,0,2,2299810235.181,137079,6243117,11,0,2
1915890697,2010-09-17 15:51:37,-65563.333205222,-65563,-333205222,25,0,2,2299810235.181,137079,6243117,11,0,2
1915890757,2010-09-17 15:52:37,-65553.71617031,-65553,-716170310,25,0,2,2299810235.181,137079,6243117,11,0,2
1915890817,2010-09-17 15:53:37,-65544.114159583,-65544,-114159583,25,0,2,2299810235.181,137079,6243117,11,0,2
1915890877,2010-09-17 15:54:37,-65534.257092475,-65534,-257092475,25,0,2,2299810235.181,137079,6243117,11,0,2
1915890937,2010-09-17 15:55:37,-65524.421336173,-65524,-421336173,25,0,2,2299810235.181,137079,6243117,11,0,2
1915890997,2010-09-17 15:56:37,-65514.385190009,-65514,-385190009,25,0,2,2299810235.181,137079,6243117,11,0,2
1915891057,2010-09-17 15:57:37,-65504.274517058,-65504,-274517058,25,0,2,2299810235.181,137079,6243117,11,0,2
1915891117,2010-09-17 15:58:37,-65494.139056205,-65494,-139056205,25,0,2,2299810235.181,137079,6243117,11,0,2
1915891177,2010-09-17 15:59:37,-65483.863488196,-65483,-863488196,25,0,2,2299810235.181,137079,6243117,11,0,2
1915891237,2010-09-17 16:00:37,-65473.45681095,-65473,-456810950,25,0,2,2299810235.181,137079,6243117,11,0,2
1915891297,2010-09-17 16:01:37,-65462.894711493,-65462,-894711493,25,0,2,2299810235.181,137079,6243117,11,0,2
1915891357,2010-09-17 16:02:37,-65452.333472251,-65452,-333472251,25,0,2,2299810235.181,137079,6243117,11,0,2
1915891417,2010-09-17 16:03:37,-65441.682831763,-65441,-682831763,25,0,2,2299810235.181,137079,6243117,11,0,2
1915891477,2010-09-17 16:04:37,-65430.828978538,-65430,-828978538,25,0,2,2299810235.181,137079,6243117,11,0,2
1916149198,2010-09-20 15:39:58,-104790.692780494,-104790,-692780494,24,0,2,2299810235.181,137079,6243117,11,0,2
1916149258,2010-09-20 15:40:58,-104769.750662803,-104769,-750662803,24,0,2,2299810235.181,137079,6243117,11,0,2
1916149318,2010-09-20 15:41:58,-104751.255180358,-104751,-255180358,24,0,2,2299810235.181,137079,6243117,11,0,2
1916149378,2010-09-20 15:42:58,-104734.900962829,-104734,-900962829,24,0,2,2299810235.181,137079,6243117,11,0,2
1916149438,2010-09-20 15:43:58,-104720.311636924,-104720,-311636924,24,0,2,2299810235.181,137079,6243117,11,0,2
1916149498,2010-09-20 15:44:58,-104706.890819549,-104706,-890819549,24,0,2,2299810235.181,137079,6243117,11,0,2
1916149558,2010-09-20 15:45:58,-104694.450437545,-104694,-450437545,24,0,2,2299810235.181,137079,6243117,11,0,2
1916149618,2010-09-20 15:46:58,-104682.718732833,-104682,-718732833,24,0,2,2299810235.181,137079,6243117,11,0,2
1916149678,2010-09-20 15:47:58,-104671.386166572,-104671,-386166572,24,0,2,2299810235.181,137079,6243117,11,0,2
1916149738,2010-09-20 15:48:58,-104660.343679427,-104660,-343679427,24,0,2,2299810235.181,137079,6243117,11,0,2
1916149798,2010-09-20 15:49:58,-104649.618978499,-104649,-618978499,24,0,2,2299810235.181,137079,6243117,11,0,2
1916149858,2010-09-20 15:50:58,-104639.023234366,-104639,-23234366,24,0,2,2299810235.181,137079,6243117,11,0,2
1916149918,2010-09-20 15:51:58,-104628.442546843,-104628,-442546843,24,0,2,2299810235.181,137079,6243117,11,0,2
1916149978,2010-09-20 15:52:58,-104617.892350196,-104617,-892350196,24,0,2,2299810235.181,137079,6243117,11,0,2
1916150038,2010-09-20 15:53:58,-104607.313663482,-104607,-313663482,24,0,2,2299810235.181,137079,6243117,11,0,2
1916150098,2010-09-20 15:54:58,-104596.760352134,-104596,-760352134,24,0,2,2299810235.181,137079,6243117,11,0,2
1916150158,2010-09-20 15:55:58,-104586.159792899,-104586,-159792899,24,0,2,2299810235.181,137079,6243117,11,0,2
1916150218,2010-09-20 15:56:58,-104575.466288566,-104575,-466288566,24,0,2,2299810235.181,137079,6243117,11,0,2
1916150278,2010-09-20 15:57:58,-104564.793995856,-104564,-793995856,24,0,2,2299810235.181,137079,6243117,11,0,2
1916150338,2010-09-20 15:58:58,-104553.991010665,-104553,-991010665,24,0,2,2299810235.181,137079,6243117,11,0,2
1916150398,2010-09-20 15:59:58,-104543.064363479,-104543,-64363479,24,0,2,2299810235.181,137079,6243117,11,0,2
1916150458,2010-09-20 16:00:58,-104532.10119152,-104532,-101191520,24,0,2,2299810235.181,137079,6243117,11,0,2
1916150518,2010-09-20 16:01:58,-104521.084994315,-104521,-84994315,24,0,2,2299810235.181,137079,6243117,11,0,2
1916150578,2010-09-20 16:02:58,-104510.048522948,-104510,-48522948,24,0,2,2299810235.181,137079,6243117,11,0,2
1916150638,2010-09-20 16:03:58,-104498.838988303,-104498,-838988303,24,0,2,2299810235.181,137079,6243117,11,0,2
1916150698,2010-09-20 16:04:58,-104487.526531218,-104487,-526531218,24,0,2,2299810235.181,137079,6243117,11,0,2
1916150758,2010-09-20 16:05:58,-104476.233211516,-104476,-233211516,24,0,2,2299810235.181,137079,6243117,11,0,2
1916150818,2010-09-20 16:06:58,-104464.772435187,-104464,-772435187,24,0,2,2299810235.181,137079,6243117,11,0,2
1916150878,2010-09-20 16:07:58,-104453.26132965,-104453,-261329650,24,0,2,2299810235.181,137079,6243117,11,0,2
1916150938,2010-09-20 16:08:58,-104441.725185393,-104441,-725185393,24,0,2,2299810235.181,137079,6243117,11,0,2
1916150998,2010-09-20 16:09:58,-104430.030347823,-104430,-30347823,24,0,2,2299810235.181,137079,6243117,11,0,2
1916151058,2010-09-20 16:10:58,-104418.310635566,-104418,-310635566,24,0,2,2299810235.181,137079,6243117,11,0,2
1916151118,2010-09-20 16:11:58,-104406.561510085,-104406,-561510085,24,0,2,2299810235.181,137079,6243117,11,0,2
1916151178,2010-09-20 16:12:58,-104394.694054603,-104394,-694054603,24,0,2,2299810235.181,137079,6243117,11,0,2
1916151238,2010-09-20 16:13:58,-104382.732297896,-104382,-732297896,24,0,2,2299810235.181,137079,6243117,11,0,2
1916151298,2010-09-20 16:14:58,-104370.609396934,-104370,-609396934,24,0,2,2299810235.181,137079,6243117,11,0,2
1916409289,2010-09-23 15:54:49,-141569.718229293,-141569,-718229293,25,0,2,2299810235.181,137079,6243117,11,0,2
1916409349,2010-09-23 15:55:49,-141556.540929793,-141556,-540929793,25,0,2,2299810235.181,137079,6243117,11,0,2
1916409409,2010-09-23 15:56:49,-141544.158564567,-141544,-158564567,25,0,2,2299810235.181,137079,6243117,11,0,2
1916409469,2010-09-23 15:57:49,-141532.329780578,-141532,-329780578,25,0,2,2299810235.181,137079,6243117,11,0,2
1916409529,2010-09-23 15:58:49,-141520.785794257,-141520,-785794257,25,0,2,2299810235.181,137079,6243117,11,0,2
1916409589,2010-09-23 15:59:49,-141509.593486785,-141509,-593486785,25,0,2,2299810235.181,137079,6243117,11,0,2
1916409649,2010-09-23 16:00:49,-141498.544598578,-141498,-544598578,25,0,2,2299810235.181,137079,6243117,11,0,2
1916409709,2010-09-23 16:01:49,-141487.524344443,-141487,-524344443,25,0,2,2299810235.181,137079,6243117,11,0,2
1916409769,2010-09-23 16:02:49,-141476.613493918,-141476,-613493918,25,0,2,2299810235.181,137079,6243117,11,0,2
1916409829,2010-09-23 16:03:49,-141465.628700255,-141465,-628700255,25,0,2,2299810235.181,137079,6243117,11,0,2
1916409889,2010-09-23 16:04:49,-141454.670160293,-141454,-670160293,25,0,2,2299810235.181,137079,6243117,11,0,2
1916409949,2010-09-23 16:05:49,-141443.627758025,-141443,-627758025,25,0,2,2299810235.181,137079,6243117,11,0,2
1916410009,2010-09-23 16:06:49,-141432.409173011,-141432,-409173011,25,0,2,2299810235.181,137079,6243117,11,0,2
1916410069,2010-09-23 16:07:49,-141421.22566223,-141421,-225662230,25,0,2,2299810235.181,137079,6243117,11,0,2
1916410129,2010-09-23 16:08:49,-141409.832691192,-141409,-832691192,25,0,2,2299810235.181,137079,6243117,11,0,2
1916410189,2010-09-23 16:09:49,-141398.302982329,-141398,-302982329,25,0,2,2299810235.181,137079,6243117,11,0,2
1916410249,2010-09-23 16:10:49,-141386.617611884,-141386,-617611884,25,0,2,2299810235.181,137079,6243117,11,0,2
1916410309,2010-09-23 16:11:49,-141374.839115142,-141374,-839115142,25,0,2,2299810235.181,137079,6243117,11,0,2
1916410369,2010-09-23 16:12:49,-141362.799942016,-141362,-799942016,25,0,2,2299810235.181,137079,6243117,11,0,2
1916410429,2010-09-23 16:13:49,-141350.589011191,-141350,-589011191,25,0,2,2299810235.181,137079,6243117,11,0,2
1916410489,2010-09-23 16:14:49,-141338.28586769,-141338,-285867690,25,0,2,2299810235.181,137079,6243117,11,0,2
1916410549,2010-09-23 16:15:49,-141325.735802649,-141325,-735802649,25,0,2,2299810235.181,137079,6243117,11,0,2
1916410609,2010-09-23 16:16:49,-141313.023608207,-141313,-23608207,25,0,2,2299810235.181,137079,6243117,11,0,2
1916410669,2010-09-23 16:17:49,-141300.103799819,-141300,-103799819,25,0,2,2299810235.181,137079,6243117,11,0,2
1916410729,2010-09-23 16:18:49,-141286.941961287,-141286,-941961287,25,0,2,2299810235.181,137079,6243117,11,0,2
1916410789,2010-09-23 16:19:49,-141273.632246016,-141273,-632246016,25,0,2,2299810235.181,137079,6243117,11,0,2
1916410849,2010-09-23 16:20:49,-141260.21496868,-141260,-214968680,25,0,2,2299810235.181,137079,6243117,11,0,2
1916410909,2010-09-23 16:21:49,-141246.480072974,-141246,-480072974,25,0,2,2299810235.181,137079,6243117,11,0,2
1916410969,2010-09-23 16:22:49,-141232.634428977,-141232,-634428977,25,0,2,2299810235.181,137079,6243117,11,0,2
1916411029,2010-09-23 16:23:49,-141218.615512847,-141218,-615512847,25,0,2,2299810235.181,137079,6243117,11,0,2
1916411089,2010-09-23 16:24:49,-141204.372053145,-141204,-372053145,25,0,2,2299810235.181,137079,6243117,11,0,2
1916415992,2010-09-23 17:46:32,-140191.690098762,-140191,-690098762,25,0,2,2299810235.181,137079,6243117,11,0,2
1916416052,2010-09-23 17:47:32,-140126.866760253,-140126,-866760253,25,0,2,2299810235.181,137079,6243117,11,0,2
1916416112,2010-09-23 17:48:32,-140074.419145583,-140074,-419145583,25,0,2,2299810235.181,137079,6243117,11,0,2
1916416172,2010-09-23 17:49:32,-140028.607182502,-140028,-607182502,25,0,2,2299810235.181,137079,6243117,11,0,2
1916416232,2010-09-23 17:50:32,-139986.787350654,-139986,-787350654,25,0,2,2299810235.181,137079,6243117,11,0,2
1916416292,2010-09-23 17:51:32,-139947.445495604,-139947,-445495604,25,0,2,2299810235.181,137079,6243117,11,0,2
1916416352,2010-09-23 17:52:32,-139909.606901168,-139909,-606901168,25,0,2,2299810235.181,137079,6243117,11,0,2
1916416412,2010-09-23 17:53:32,-139872.829942702,-139872,-829942702,25,0,2,2299810235.181,137079,6243117,11,0,2
1916416472,2010-09-23 17:54:32,-139836.662849425,-139836,-662849425,25,0,2,2299810235.181,137079,6243117,11,0,2
1916416532,2010-09-23 17:55:32,-139800.917419433,-139800,-917419433,25,0,2,2299810235.181,137079,6243117,11,0,2
1916416592,2010-09-23 17:56:32,-139765.3217144,-139765,-321714400,25,0,2,2299810235.181,137079,6243117,11,0,2
1916416652,2010-09-23 17:57:32,-139729.940704345,-139729,-940704345,25,0,2,2299810235.181,137079,6243117,11,0,2
1916416712,2010-09-23 17:58:32,-139694.594168662,-139694,-594168662,25,0,2,2299810235.181,137079,6243117,11,0,2
1916416772,2010-09-23 17:59:32,-139659.378943442,-139659,-378943442,25,0,2,2299810235.181,137079,6243117,11,0,2
1916416832,2010-09-23 18:00:32,-139624.180776595,-139624,-180776595,25,0,2,2299810235.181,137079,6243117,11,0,2
1916416892,2010-09-23 18:01:32,-139588.982570647,-139588,-982570647,25,0,2,2299810235.181,137079,6243117,11,0,2
1916416952,2010-09-23 18:02:32,-139553.75090599,-139553,-750905990,25,0,2,2299810235.181,137079,6243117,11,0,2
1916417012,2010-09-23 18:03:32,-139518.552428245,-139518,-552428245,25,0,2,2299810235.181,137079,6243117,11,0,2
1916417072,2010-09-23 18:04:32,-139483.307744979,-139483,-307744979,25,0,2,2299810235.181,137079,6243117,11,0,2
1916417132,2010-09-23 18:05:32,-139448.017316817,-139448,-17316817,25,0,2,2299810235.181,137079,6243117,11,0,2
1916417192,2010-09-23 18:06:32,-139412.67366886,-139412,-673668860,25,0,2,2299810235.181,137079,6243117,11,0,2
1916417252,2010-09-23 18:07:32,-139377.372348784,-139377,-372348784,25,0,2,2299810235.181,137079,6243117,11,0,2
1916417312,2010-09-23 18:08:32,-139342.078195571,-139342,-78195571,25,0,2,2299810235.181,137079,6243117,11,0,2
1916417372,2010-09-23 18:09:32,-139306.786581992,-139306,-786581992,25,0,2,2299810235.181,137079,6243117,11,0,2
1916417432,2010-09-23 18:10:32,-139271.499480246,-139271,-499480246,25,0,2,2299810235.181,137079,6243117,11,0,2
1916417492,2010-09-23 18:11:32,-139236.11777687,-139236,-117776870,25,0,2,2299810235.181,137079,6243117,11,0,2
1916417552,2010-09-23 18:12:32,-139200.806937217,-139200,-806937217,25,0,2,2299810235.181,137079,6243117,11,0,2
1916417612,2010-09-23 18:13:32,-139165.446983336,-139165,-446983336,25,0,2,2299810235.181,137079,6243117,11,0,2
1916417672,2010-09-23 18:14:32,-139130.025583266,-139130,-25583266,25,0,2,2299810235.181,137079,6243117,11,0,2
1916417732,2010-09-23 18:15:32,-139094.744888305,-139094,-744888305,25,0,2,2299810235.181,137079,6243117,11,0,2
1916417792,2010-09-23 18:16:32,-139059.407923697,-139059,-407923697,25,0,2,2299810235.181,137079,6243117,11,0,2
1916417852,2010-09-23 18:17:32,-139024.095484733,-139024,-95484733,25,0,2,2299810235.181,137079,6243117,11,0,2
1916417912,2010-09-23 18:18:32,-138988.692256926,-138988,-692256926,25,0,2,2299810235.181,137079,6243117,11,0,2
1916417972,2010-09-23 18:19:32,-138953.244483947,-138953,-244483947,25,0,2,2299810235.181,137079,6243117,11,0,2
1916418032,2010-09-23 18:20:32,-138917.90510559,-138917,-905105590,25,0,2,2299810235.181,137079,6243117,11,0,2
1916418092,2010-09-23 18:21:32,-138882.541298865,-138882,-541298865,25,0,2,2299810235.181,137079,6243117,11,0,2
1916418152,2010-09-23 18:22:32,-138847.171617507,-138847,-171617507,25,0,2,2299810235.181,137079,6243117,11,0,2
1916418212,2010-09-23 18:23:32,-138811.723264693,-138811,-723264693,25,0,2,2299810235.181,137079,6243117,11,0,2
1916418272,2010-09-23 18:24:32,-138776.179194449,-138776,-179194449,25,0,2,2299810235.181,137079,6243117,11,0,2
1916418332,2010-09-23 18:25:32,-138740.729938506,-138740,-729938506,25,0,2,2299810235.181,137079,6243117,11,0,2
1916418392,2010-09-23 18:26:32,-138705.228592872,-138705,-228592872,25,0,2,2299810235.181,137079,6243117,11,0,2
1916418452,2010-09-23 18:27:32,-138669.632086753,-138669,-632086753,25,0,2,2299810235.181,137079,6243117,11,0,2
1916418512,2010-09-23 18:28:32,-138633.907944678,-138633,-907944678,25,0,2,2299810235.181,137079,6243117,11,0,2
1916418572,2010-09-23 18:29:32,-138598.207100867,-138598,-207100867,25,0,2,2299810235.181,137079,6243117,11,0,2
1916418632,2010-09-23 18:30:32,-138562.449436187,-138562,-449436187,25,0,2,2299810235.181,137079,6243117,11,0,2
1916418692,2010-09-23 18:31:32,-138526.667510985,-138526,-667510985,25,0,2,2299810235.181,137079,6243117,11,0,2
1916418752,2010-09-23 18:32:32,-138490.755202292,-138490,-755202292,25,0,2,2299810235.181,137079,6243117,11,0,2
1916418812,2010-09-23 18:33:32,-138454.797445296,-138454,-797445296,25,0,2,2299810235.181,137079,6243117,11,0,2
1916418872,2010-09-23 18:34:32,-138418.761585235,-138418,-761585235,25,0,2,2299810235.181,137079,6243117,11,0,2
1916498885,2010-09-24 16:48:05,-152786.779575347,-152786,-779575347,26,0,2,2299810235.181,137079,6243117,11,0,2
1916498945,2010-09-24 16:49:05,-152765.866602897,-152765,-866602897,26,0,2,2299810235.181,137079,6243117,11,0,2
1916499005,2010-09-24 16:50:05,-152745.962405204,-152745,-962405204,26,0,2,2299810235.181,137079,6243117,11,0,2
1916499065,2010-09-24 16:51:05,-152726.762367248,-152726,-762367248,26,0,2,2299810235.181,137079,6243117,11,0,2
1916499125,2010-09-24 16:52:05,-152708.094657897,-152708,-94657897,26,0,2,2299810235.181,137079,6243117,11,0,2
1916499185,2010-09-24 16:53:05,-152689.826681136,-152689,-826681136,26,0,2,2299810235.181,137079,6243117,11,0,2
1916499245,2010-09-24 16:54:05,-152671.794898032,-152671,-794898032,26,0,2,2299810235.181,137079,6243117,11,0,2
1916499305,2010-09-24 16:55:05,-152653.956666945,-152653,-956666945,26,0,2,2299810235.181,137079,6243117,11,0,2
1916499365,2010-09-24 16:56:05,-152636.247917174,-152636,-247917174,26,0,2,2299810235.181,137079,6243117,11,0,2
1916499425,2010-09-24 16:57:05,-152618.60846424,-152618,-608464240,26,0,2,2299810235.181,137079,6243117,11,0,2
1916499485,2010-09-24 16:58:05,-152601.02285385,-152601,-22853850,26,0,2,2299810235.181,137079,6243117,11,0,2
1916499545,2010-09-24 16:59:05,-152583.441117286,-152583,-441117286,26,0,2,2299810235.181,137079,6243117,11,0,2
1916499605,2010-09-24 17:00:05,-152565.777535438,-152565,-777535438,26,0,2,2299810235.181,137079,6243117,11,0,2
1916499665,2010-09-24 17:01:05,-152548.049922942,-152548,-49922942,26,0,2,2299810235.181,137079,6243117,11,0,2
1916499725,2010-09-24 17:02:05,-152530.38443756,-152530,-384437560,26,0,2,2299810235.181,137079,6243117,11,0,2
1916499785,2010-09-24 17:03:05,-152512.549850463,-152512,-549850463,26,0,2,2299810235.181,137079,6243117,11,0,2
1916499845,2010-09-24 17:04:05,-152494.683244704,-152494,-683244704,26,0,2,2299810235.181,137079,6243117,11,0,2
1916499905,2010-09-24 17:05:05,-152476.647481917,-152476,-647481917,26,0,2,2299810235.181,137079,6243117,11,0,2
1916499965,2010-09-24 17:06:05,-152458.559288024,-152458,-559288024,26,0,2,2299810235.181,137079,6243117,11,0,2
1916500025,2010-09-24 17:07:05,-152440.446290015,-152440,-446290015,26,0,2,2299810235.181,137079,6243117,11,0,2
1916500085,2010-09-24 17:08:05,-152422.128209113,-152422,-128209113,26,0,2,2299810235.181,137079,6243117,11,0,2
1916500145,2010-09-24 17:09:05,-152403.726046561,-152403,-726046561,26,0,2,2299810235.181,137079,6243117,11,0,2
1916500205,2010-09-24 17:10:05,-152385.267005919,-152385,-267005919,26,0,2,2299810235.181,137079,6243117,11,0,2
1916500265,2010-09-24 17:11:05,-152366.504307746,-152366,-504307746,26,0,2,2299810235.181,137079,6243117,11,0,2
1916500325,2010-09-24 17:12:05,-152347.716337203,-152347,-716337203,26,0,2,2299810235.181,137079,6243117,11,0,2
1916500385,2010-09-24 17:13:05,-152328.712376594,-152328,-712376594,26,0,2,2299810235.181,137079,6243117,11,0,2
1916500445,2010-09-24 17:14:05,-152309.535497664,-152309,-535497664,26,0,2,2299810235.181,137079,6243117,11,0,2
1916500505,2010-09-24 17:15:05,-152290.162243842,-152290,-162243842,26,0,2,2299810235.181,137079,6243117,11,0,2
1916500565,2010-09-24 17:16:05,140376062.74016476,140376062,740164757,26,0,2,2299810235.181,137079,6243117,11,0,2
1916500625,2010-09-24 17:17:05,-152250.984707831,-152250,-984707831,26,0,2,2299810235.181,137079,6243117,11,0,2
1916500685,2010-09-24 17:18:05,-152231.121115684,-152231,-121115684,26,0,2,2299810235.181,137079,6243117,11,0,2
1916500745,2010-09-24 17:19:05,-152211.148923873,-152211,-148923873,26,0,2,2299810235.181,137079,6243117,11,0,2
1916755512,2010-09-27 16:05:12,-188329.81811428,-188329,-818114280,25,0,2,2299810235.181,137079,6243117,11,0,2
1916755572,2010-09-27 16:06:12,-188314.677912711,-188314,-677912711,25,0,2,2299810235.181,137079,6243117,11,0,2
1916755632,2010-09-27 16:07:12,-188301.081726073,-188301,-81726073,25,0,2,2299810235.181,137079,6243117,11,0,2
1916755692,2010-09-27 16:08:12,-188288.736468314,-188288,-736468314,25,0,2,2299810235.181,137079,6243117,11,0,2
1916755752,2010-09-27 16:09:12,-188277.540880202,-188277,-540880202,25,0,2,2299810235.181,137079,6243117,11,0,2
1916755812,2010-09-27 16:10:12,-188267.158346175,-188267,-158346175,25,0,2,2299810235.181,137079,6243117,11,0,2
1916755872,2010-09-27 16:11:12,-188257.385251998,-188257,-385251998,25,0,2,2299810235.181,137079,6243117,11,0,2
1916755932,2010-09-27 16:12:12,-188248.068911551,-188248,-68911551,25,0,2,2299810235.181,137079,6243117,11,0,2
1916755992,2010-09-27 16:13:12,-188238.922721862,-188238,-922721862,25,0,2,2299810235.181,137079,6243117,11,0,2
1916756052,2010-09-27 16:14:12,-188229.941095351,-188229,-941095351,25,0,2,2299810235.181,137079,6243117,11,0,2
1916756112,2010-09-27 16:15:12,-188221.073054313,-188221,-73054313,25,0,2,2299810235.181,137079,6243117,11,0,2
1916756172,2010-09-27 16:16:12,-188212.20933628,-188212,-209336280,25,0,2,2299810235.181,137079,6243117,11,0,2
1916756232,2010-09-27 16:17:12,-188203.315567969,-188203,-315567969,25,0,2,2299810235.181,137079,6243117,11,0,2
1916756292,2010-09-27 16:18:12,-188194.249705314,-188194,-249705314,25,0,2,2299810235.181,137079,6243117,11,0,2
1916756352,2010-09-27 16:19:12,-188185.106564521,-188185,-106564521,25,0,2,2299810235.181,137079,6243117,11,0,2
1916756412,2010-09-27 16:20:12,-188175.821230887,-188175,-821230887,25,0,2,2299810235.181,137079,6243117,11,0,2
1916756472,2010-09-27 16:21:12,-188166.371163367,-188166,-371163367,25,0,2,2299810235.181,137079,6243117,11,0,2
1916756532,2010-09-27 16:22:12,-188156.673537253,-188156,-673537253,25,0,2,2299810235.181,137079,6243117,11,0,2
1916756592,2010-09-27 16:23:12,-188146.845723151,-188146,-845723151,25,0,2,2299810235.181,137079,6243117,11,0,2
1916756652,2010-09-27 16:24:12,-188136.813306807,-188136,-813306807,25,0,2,2299810235.181,137079,6243117,11,0,2
1916756712,2010-09-27 16:25:12,-188126.615937232,-188126,-615937232,25,0,2,2299810235.181,137079,6243117,11,0,2
1916756772,2010-09-27 16:26:12,-188116.194341659,-188116,-194341659,25,0,2,2299810235.181,137079,6243117,11,0,2
1916756832,2010-09-27 16:27:12,-188105.608735084,-188105,-608735084,25,0,2,2299810235.181,137079,6243117,11,0,2
1916756892,2010-09-27 16:28:12,-188094.807136535,-188094,-807136535,25,0,2,2299810235.181,137079,6243117,11,0,2
1916756952,2010-09-27 16:29:12,-188083.740694045,-188083,-740694045,25,0,2,2299810235.181,137079,6243117,11,0,2
1916757012,2010-09-27 16:30:12,-188072.48546791,-188072,-485467910,25,0,2,2299810235.181,137079,6243117,11,0,2
1916757072,2010-09-27 16:31:12,-188061.010983466,-188061,-10983466,25,0,2,2299810235.181,137079,6243117,11,0,2
1916757132,2010-09-27 16:32:12,-188049.425510405,-188049,-425510405,25,0,2,2299810235.181,137079,6243117,11,0,2
1916757192,2010-09-27 16:33:12,-188037.647898673,-188037,-647898673,25,0,2,2299810235.181,137079,6243117,11,0,2
1916757252,2010-09-27 16:34:12,-188025.558565139,-188025,-558565139,25,0,2,2299810235.181,137079,6243117,11,0,2
1916757312,2010-09-27 16:35:12,-188013.264307021,-188013,-264307021,25,0,2,2299810235.181,137079,6243117,11,0,2
1916757372,2010-09-27 16:36:12,-188000.801583289,-188000,-801583289,25,0,2,2299810235.181,137079,6243117,11,0,2
1916757432,2010-09-27 16:37:12,-187988.173802375,-187988,-173802375,25,0,2,2299810235.181,137079,6243117,11,0,2
1916757492,2010-09-27 16:38:12,-187975.425036429,-187975,-425036429,25,0,2,2299810235.181,137079,6243117,11,0,2
1916757552,2010-09-27 16:39:12,-187962.465066909,-187962,-465066909,25,0,2,2299810235.181,137079,6243117,11,0,2
1916906632,2010-09-29 10:03:52,-205999.661325454,-205999,-661325454,55,0,2,2299810235.181,137079,6243117,11,0,2
1916906692,2010-09-29 10:04:52,-205966.260196685,-205966,-260196685,55,0,2,2299810235.181,137079,6243117,11,0,2
1916906752,2010-09-29 10:05:52,-205936.275371551,-205936,-275371551,55,0,2,2299810235.181,137079,6243117,11,0,2
1916906812,2010-09-29 10:06:52,-205908.236602782,-205908,-236602782,55,0,2,2299810235.181,137079,6243117,11,0,2
1916906872,2010-09-29 10:07:52,-205881.745114325,-205881,-745114325,55,0,2,2299810235.181,137079,6243117,11,0,2
1916906932,2010-09-29 10:08:52,-205856.701402663,-205856,-701402663,55,0,2,2299810235.181,137079,6243117,11,0,2
1916906992,2010-09-29 10:09:52,-205832.718076705,-205832,-718076705,55,0,2,2299810235.181,137079,6243117,11,0,2
1916907052,2010-09-29 10:10:52,-205809.538926124,-205809,-538926124,55,0,2,2299810235.181,137079,6243117,11,0,2
1916907112,2010-09-29 10:11:52,-205786.937145232,-205786,-937145232,55,0,2,2299810235.181,137079,6243117,11,0,2
1916907172,2010-09-29 10:12:52,-205764.776546477,-205764,-776546477,55,0,2,2299810235.181,137079,6243117,11,0,2
1916907232,2010-09-29 10:13:52,-205742.96123886,-205742,-961238860,55,0,2,2299810235.181,137079,6243117,11,0,2
1916907292,2010-09-29 10:14:52,-205721.439170836,-205721,-439170836,55,0,2,2299810235.181,137079,6243117,11,0,2
1916907352,2010-09-29 10:15:52,-205699.985303878,-205699,-985303878,55,0,2,2299810235.181,137079,6243117,11,0,2
1916907412,2010-09-29 10:16:52,-205678.667823791,-205678,-667823791,55,0,2,2299810235.181,137079,6243117,11,0,2
1916907472,2010-09-29 10:17:52,-205657.31409645,-205657,-314096450,55,0,2,2299810235.181,137079,6243117,11,0,2
1916907532,2010-09-29 10:18:52,-205636.107560157,-205636,-107560157,55,0,2,2299810235.181,137079,6243117,11,0,2
1916907592,2010-09-29 10:19:52,-205614.924536704,-205614,-924536704,55,0,2,2299810235.181,137079,6243117,11,0,2
1916907652,2010-09-29 10:20:52,-205593.701004027,-205593,-701004027,55,0,2,2299810235.181,137079,6243117,11,0,2
1916907712,2010-09-29 10:21:52,-205572.43411827,-205572,-434118270,55,0,2,2299810235.181,137079,6243117,11,0,2
1916907772,2010-09-29 10:22:52,-205551.148237227,-205551,-148237227,55,0,2,2299810235.181,137079,6243117,11,0,2
1916907832,2010-09-29 10:23:52,-205529.873784064,-205529,-873784064,55,0,2,2299810235.181,137079,6243117,11,0,2
1916907892,2010-09-29 10:24:52,-205508.504815101,-205508,-504815101,55,0,2,2299810235.181,137079,6243117,11,0,2
1916907952,2010-09-29 10:25:52,-205487.119978904,-205487,-119978904,55,0,2,2299810235.181,137079,6243117,11,0,2
1916908012,2010-09-29 10:26:52,-205465.648169517,-205465,-648169517,55,0,2,2299810235.181,137079,6243117,11,0,2
1916908072,2010-09-29 10:27:52,-205444.108497619,-205444,-108497619,55,0,2,2299810235.181,137079,6243117,11,0,2
1916908132,2010-09-29 10:28:52,-205422.459625243,-205422,-459625243,55,0,2,2299810235.181,137079,6243117,11,0,2
1916908192,2010-09-29 10:29:52,-205400.732418059,-205400,-732418059,55,0,2,2299810235.181,137079,6243117,11,0,2
1916908252,2010-09-29 10:30:52,-205378.904568671,-205378,-904568671,55,0,2,2299810235.181,137079,6243117,11,0,2
1916908312,2010-09-29 10:31:52,-205356.891895293,-205356,-891895293,55,0,2,2299810235.181,137079,6243117,11,0,2
1916908372,2010-09-29 10:32:52,-205334.691101073,-205334,-691101073,55,0,2,2299810235.181,137079,6243117,11,0,2
1916908432,2010-09-29 10:33:52,-205312.522147178,-205312,-522147178,55,0,2,2299810235.181,137079,6243117,11,0,2
1916908492,2010-09-29 10:34:52,-205290.103716849,-205290,-103716849,55,0,2,2299810235.181,137079,6243117,11,0,2
1916908552,2010-09-29 10:35:52,-205267.6395092,-205267,-639509200,55,0,2,2299810235.181,137079,6243117,11,0,2
1916908612,2010-09-29 10:36:52,-205245.016943931,-205245,-16943931,55,0,2,2299810235.181,137079,6243117,11,0,2
1916908672,2010-09-29 10:37:52,-205222.228731154,-205222,-228731154,55,0,2,2299810235.181,137079,6243117,11,0,2
1916908732,2010-09-29 10:38:52,-205199.279114722,-205199,-279114722,55,0,2,2299810235.181,137079,6243117,11,0,2
1917034247,2010-09-30 21:30:47,-226479.311821937,-226479,-311821937,45,0,2,2299810235.181,137079,6243117,11,0,2
1917034307,2010-09-30 21:31:47,-226480.389795302,-226480,-389795302,45,0,2,2299810235.181,137079,6243117,11,0,2
1917034367,2010-09-30 21:32:47,-226481.892234801,-226481,-892234801,45,0,2,2299810235.181,137079,6243117,11,0,2
1917034427,2010-09-30 21:33:47,-226483.694504737,-226483,-694504737,45,0,2,2299810235.181,137079,6243117,11,0,2
1917034487,2010-09-30 21:34:47,-226485.762432097,-226485,-762432097,45,0,2,2299810235.181,137079,6243117,11,0,2
1917034547,2010-09-30 21:35:47,-226487.891733169,-226487,-891733169,45,0,2,2299810235.181,137079,6243117,11,0,2
1917034607,2010-09-30 21:36:47,-226490.089145659,-226490,-89145659,45,0,2,2299810235.181,137079,6243117,11,0,2
1917034667,2010-09-30 21:37:47,-226492.272128104,-226492,-272128104,45,0,2,2299810235.181,137079,6243117,11,0,2
1917034727,2010-09-30 21:38:47,-226494.455455779,-226494,-455455779,45,0,2,2299810235.181,137079,6243117,11,0,2
1917034787,2010-09-30 21:39:47,-226496.597092627,-226496,-597092627,45,0,2,2299810235.181,137079,6243117,11,0,2
1917034847,2010-09-30 21:40:47,-226498.683252334,-226498,-683252334,45,0,2,2299810235.181,137079,6243117,11,0,2
1917034907,2010-09-30 21:41:47,-226500.590608596,-226500,-590608596,45,0,2,2299810235.181,137079,6243117,11,0,2
1917034967,2010-09-30 21:42:47,-226502.455116271,-226502,-455116271,45,0,2,2299810235.181,137079,6243117,11,0,2
1917035027,2010-09-30 21:43:47,-226504.222757338,-226504,-222757338,45,0,2,2299810235.181,137079,6243117,11,0,2
1917035087,2010-09-30 21:44:47,-226505.832436561,-226505,-832436561,45,0,2,2299810235.181,137079,6243117,11,0,2
1917035147,2010-09-30 21:45:47,-226507.283995627,-226507,-283995627,45,0,2,2299810235.181,137079,6243117,11,0,2
1917035207,2010-09-30 21:46:47,-226508.608125686,-226508,-608125686,45,0,2,2299810235.181,137079,6243117,11,0,2
1917035267,2010-09-30 21:47:47,-226509.740411757,-226509,-740411757,45,0,2,2299810235.181,137079,6243117,11,0,2
1917035327,2010-09-30 21:48:47,-226510.651309012,-226510,-651309012,45,0,2,2299810235.181,137079,6243117,11,0,2
1917035387,2010-09-30 21:49:47,-226511.40383911,-226511,-403839110,45,0,2,2299810235.181,137079,6243117,11,0,2
1917035447,2010-09-30 21:50:47,-226512.068819999,-226512,-68819999,45,0,2,2299810235.181,137079,6243117,11,0,2
1917035507,2010-09-30 21:51:47,-226512.473819732,-226512,-473819732,45,0,2,2299810235.181,137079,6243117,11,0,2
1917035567,2010-09-30 21:52:47,-226512.591938971,-226512,-591938971,45,0,2,2299810235.181,137079,6243117,11,0,2
1917035627,2010-09-30 21:53:47,-226512.599176406,-226512,-599176406,45,0,2,2299810235.181,137079,6243117,11,0,2
1917035687,2010-09-30 21:54:47,-226512.393090247,-226512,-393090247,45,0,2,2299810235.181,137079,6243117,11,0,2
1917035747,2010-09-30 21:55:47,-226511.998008727,-226511,-998008727,45,0,2,2299810235.181,137079,6243117,11,0,2
1917035807,2010-09-30 21:56:47,-226511.355336188,-226511,-355336188,45,0,2,2299810235.181,137079,6243117,11,0,2
1917035867,2010-09-30 21:57:47,-226510.497915267,-226510,-497915267,45,0,2,2299810235.181,137079,6243117,11,0,2
1917035927,2010-09-30 21:58:47,-226509.468268393,-226509,-468268393,45,0,2,2299810235.181,137079,6243117,11,0,2
1917368416,2010-10-04 18:20:16,-271092.682845115,-271092,-682845115,24,0,2,2299810235.181,137079,6243117,11,0,2
1917368476,2010-10-04 18:21:16,-271051.370587348,-271051,-370587348,24,0,2,2299810235.181,137079,6243117,11,0,2
1917368536,2010-10-04 18:22:16,-271012.342696189,-271012,-342696189,24,0,2,2299810235.181,137079,6243117,11,0,2
1917368596,2010-10-04 18:23:16,-270975.215435981,-270975,-215435981,24,0,2,2299810235.181,137079,6243117,11,0,2
1917368656,2010-10-04 18:24:16,-270939.573263167,-270939,-573263167,24,0,2,2299810235.181,137079,6243117,11,0,2
1917368716,2010-10-04 18:25:16,-270905.174040793,-270905,-174040793,24,0,2,2299810235.181,137079,6243117,11,0,2
1917368776,2010-10-04 18:26:16,-270871.664873122,-270871,-664873122,24,0,2,2299810235.181,137079,6243117,11,0,2
1917368836,2010-10-04 18:27:16,-270838.807478904,-270838,-807478904,24,0,2,2299810235.181,137079,6243117,11,0,2
1917368896,2010-10-04 18:28:16,-270806.459858893,-270806,-459858893,24,0,2,2299810235.181,137079,6243117,11,0,2
1917368956,2010-10-04 18:29:16,-270774.449956893,-270774,-449956893,24,0,2,2299810235.181,137079,6243117,11,0,2
1917369016,2010-10-04 18:30:16,-270742.692363738,-270742,-692363738,24,0,2,2299810235.181,137079,6243117,11,0,2
1917369076,2010-10-04 18:31:16,-270711.183301925,-270711,-183301925,24,0,2,2299810235.181,137079,6243117,11,0,2
1917369136,2010-10-04 18:32:16,-270679.808829307,-270679,-808829307,24,0,2,2299810235.181,137079,6243117,11,0,2
1917369196,2010-10-04 18:33:16,-270648.599320411,-270648,-599320411,24,0,2,2299810235.181,137079,6243117,11,0,2
1917369256,2010-10-04 18:34:16,-270617.402016639,-270617,-402016639,24,0,2,2299810235.181,137079,6243117,11,0,2
1917369316,2010-10-04 18:35:16,-270586.155820846,-270586,-155820846,24,0,2,2299810235.181,137079,6243117,11,0,2
1917369376,2010-10-04 18:36:16,-270554.994899749,-270554,-994899749,24,0,2,2299810235.181,137079,6243117,11,0,2
1917369436,2010-10-04 18:37:16,-270523.920763968,-270523,-920763968,24,0,2,2299810235.181,137079,6243117,11,0,2
1917369496,2010-10-04 18:38:16,-270492.712358474,-270492,-712358474,24,0,2,2299810235.181,137079,6243117,11,0,2
1917369556,2010-10-04 18:39:16,-270461.701970099,-270461,-701970099,24,0,2,2299810235.181,137079,6243117,11,0,2
1917369616,2010-10-04 18:40:16,-270430.799737929,-270430,-799737929,24,0,2,2299810235.181,137079,6243117,11,0,2
1917369676,2010-10-04 18:41:16,-270399.75765705,-270399,-757657050,24,0,2,2299810235.181,137079,6243117,11,0,2
1917369736,2010-10-04 18:42:16,-270368.712016105,-270368,-712016105,24,0,2,2299810235.181,137079,6243117,11,0,2
1917369796,2010-10-04 18:43:16,-270337.758399009,-270337,-758399009,24,0,2,2299810235.181,137079,6243117,11,0,2
1917369856,2010-10-04 18:44:16,-270306.809843062,-270306,-809843062,24,0,2,2299810235.181,137079,6243117,11,0,2
1917369916,2010-10-04 18:45:16,-270275.804914473,-270275,-804914473,24,0,2,2299810235.181,137079,6243117,11,0,2
1917369976,2010-10-04 18:46:16,-270244.783829688,-270244,-783829688,24,0,2,2299810235.181,137079,6243117,11,0,2
1917370036,2010-10-04 18:47:16,-270213.82024002,-270213,-820240020,24,0,2,2299810235.181,137079,6243117,11,0,2
1917370096,2010-10-04 18:48:16,-270182.770527839,-270182,-770527839,24,0,2,2299810235.181,137079,6243117,11,0,2
1917370156,2010-10-04 18:49:16,-270151.748968123,-270151,-748968123,24,0,2,2299810235.181,137079,6243117,11,0,2
1917370216,2010-10-04 18:50:16,-270120.630935668,-270120,-630935668,24,0,2,2299810235.181,137079,6243117,11,0,2
1917370276,2010-10-04 18:51:16,-270089.543468474,-270089,-543468474,24,0,2,2299810235.181,137079,6243117,11,0,2
1917370336,2010-10-04 18:52:16,-270058.40178585,-270058,-401785850,24,0,2,2299810235.181,137079,6243117,11,0,2
1917370396,2010-10-04 18:53:16,-270027.200097083,-270027,-200097083,24,0,2,2299810235.181,137079,6243117,11,0,2
1917370456,2010-10-04 18:54:16,-269995.939410209,-269995,-939410209,24,0,2,2299810235.181,137079,6243117,11,0,2
1917523518,2010-10-06 13:25:18,-286261.332774161,-286261,-332774161,54,0,2,2299810235.181,137079,6243117,11,0,2
1917523578,2010-10-06 13:26:18,-286214.433802604,-286214,-433802604,54,0,2,2299810235.181,137079,6243117,11,0,2
1917523638,2010-10-06 13:27:18,-286170.302641868,-286170,-302641868,54,0,2,2299810235.181,137079,6243117,11,0,2
1917523698,2010-10-06 13:28:18,-286128.274095534,-286128,-274095534,54,0,2,2299810235.181,137079,6243117,11,0,2
1917523758,2010-10-06 13:29:18,-286088.130615233,-286088,-130615233,54,0,2,2299810235.181,137079,6243117,11,0,2
1917523818,2010-10-06 13:30:18,-286049.395400046,-286049,-395400046,54,0,2,2299810235.181,137079,6243117,11,0,2
1917523878,2010-10-06 13:31:18,-286011.797088622,-286011,-797088622,54,0,2,2299810235.181,137079,6243117,11,0,2
1917523938,2010-10-06 13:32:18,-285975.02471733,-285975,-24717330,54,0,2,2299810235.181,137079,6243117,11,0,2
1917523998,2010-10-06 13:33:18,-285939.069547652,-285939,-69547652,54,0,2,2299810235.181,137079,6243117,11,0,2
1917524058,2010-10-06 13:34:18,-285903.560807227,-285903,-560807227,54,0,2,2299810235.181,137079,6243117,11,0,2
1917524118,2010-10-06 13:35:18,-285868.554149627,-285868,-554149627,54,0,2,2299810235.181,137079,6243117,11,0,2
1917524178,2010-10-06 13:36:18,-285833.910686492,-285833,-910686492,54,0,2,2299810235.181,137079,6243117,11,0,2
1917524238,2010-10-06 13:37:18,-285799.557911872,-285799,-557911872,54,0,2,2299810235.181,137079,6243117,11,0,2
1917524298,2010-10-06 13:38:18,-285765.497425078,-285765,-497425078,54,0,2,2299810235.181,137079,6243117,11,0,2
1917524358,2010-10-06 13:39:18,-285731.792013167,-285731,-792013167,54,0,2,2299810235.181,137079,6243117,11,0,2
1917524418,2010-10-06 13:40:18,-285698.248244285,-285698,-248244285,54,0,2,2299810235.181,137079,6243117,11,0,2
1917524478,2010-10-06 13:41:18,-285665.059911727,-285665,-59911727,54,0,2,2299810235.181,137079,6243117,11,0,2
1917524538,2010-10-06 13:42:18,-285631.924274444,-285631,-924274444,54,0,2,2299810235.181,137079,6243117,11,0,2
1917524598,2010-10-06 13:43:18,-285599.01808834,-285599,-18088340,54,0,2,2299810235.181,137079,6243117,11,0,2
1917524658,2010-10-06 13:44:18,-285566.288763045,-285566,-288763045,54,0,2,2299810235.181,137079,6243117,11,0,2
1917524718,2010-10-06 13:45:18,-285533.719118117,-285533,-719118117,54,0,2,2299810235.181,137079,6243117,11,0,2
1917524778,2010-10-06 13:46:18,-285501.402125358,-285501,-402125358,54,0,2,2299810235.181,137079,6243117,11,0,2
1917524838,2010-10-06 13:47:18,-285469.155224799,-285469,-155224799,54,0,2,2299810235.181,137079,6243117,11,0,2
1917524898,2010-10-06 13:48:18,-285437.013730048,-285437,-13730048,54,0,2,2299810235.181,137079,6243117,11,0,2
1917524958,2010-10-06 13:49:18,-285405.079888343,-285405,-79888343,54,0,2,2299810235.181,137079,6243117,11,0,2
1917525018,2010-10-06 13:50:18,-285373.214083671,-285373,-214083671,54,0,2,2299810235.181,137079,6243117,11,0,2
1917525078,2010-10-06 13:51:18,-285341.420576095,-285341,-420576095,54,0,2,2299810235.181,137079,6243117,11,0,2
1917525138,2010-10-06 13:52:18,-285309.702199935,-285309,-702199935,54,0,2,2299810235.181,137079,6243117,11,0,2
1917525198,2010-10-06 13:53:18,-285278.214627265,-285278,-214627265,54,0,2,2299810235.181,137079,6243117,11,0,2
1917525258,2010-10-06 13:54:18,-285246.748065947,-285246,-748065947,54,0,2,2299810235.181,137079,6243117,11,0,2
1917525318,2010-10-06 13:55:18,-285215.314529418,-285215,-314529418,54,0,2,2299810235.181,137079,6243117,11,0,2
1917525378,2010-10-06 13:56:18,-285184.026346206,-285184,-26346206,54,0,2,2299810235.181,137079,6243117,11,0,2
1917525438,2010-10-06 13:57:18,-285152.732474326,-285152,-732474326,54,0,2,2299810235.181,137079,6243117,11,0,2
1917525498,2010-10-06 13:58:18,-285121.560457229,-285121,-560457229,54,0,2,2299810235.181,137079,6243117,11,0,2
1917813636,2010-10-09 22:00:36,-340991.600066184,-340991,-600066184,45,0,2,2299810235.181,137079,6243117,11,0,2
1917813696,2010-10-09 22:01:36,-340991.023372649,-340991,-23372649,45,0,2,2299810235.181,137079,6243117,11,0,2
1917813756,2010-10-09 22:02:36,-340990.959923743,-340990,-959923743,45,0,2,2299810235.181,137079,6243117,11,0,2
1917813816,2010-10-09 22:03:36,-340991.15439701,-340991,-154397010,45,0,2,2299810235.181,137079,6243117,11,0,2
1917813876,2010-10-09 22:04:36,-340991.561786651,-340991,-561786651,45,0,2,2299810235.181,137079,6243117,11,0,2
1917813936,2010-10-09 22:05:36,-340992.02208805,-340992,-22088050,45,0,2,2299810235.181,137079,6243117,11,0,2
1917813996,2010-10-09 22:06:36,-340992.668911933,-340992,-668911933,45,0,2,2299810235.181,137079,6243117,11,0,2
1917814056,2010-10-09 22:07:36,-340993.343766211,-340993,-343766211,45,0,2,2299810235.181,137079,6243117,11,0,2
1917814116,2010-10-09 22:08:36,-340994.033017158,-340994,-33017158,45,0,2,2299810235.181,137079,6243117,11,0,2
1917814176,2010-10-09 22:09:36,-340994.704347609,-340994,-704347609,45,0,2,2299810235.181,137079,6243117,11,0,2
1917814236,2010-10-09 22:10:36,-340995.300856589,-340995,-300856589,45,0,2,2299810235.181,137079,6243117,11,0,2
1917814296,2010-10-09 22:11:36,-340995.834503173,-340995,-834503173,45,0,2,2299810235.181,137079,6243117,11,0,2
1917814356,2010-10-09 22:12:36,-340996.433785438,-340996,-433785438,45,0,2,2299810235.181,137079,6243117,11,0,2
1917814416,2010-10-09 22:13:36,-340996.913158416,-340996,-913158416,45,0,2,2299810235.181,137079,6243117,11,0,2
1917814476,2010-10-09 22:14:36,-340997.357131003,-340997,-357131003,45,0,2,2299810235.181,137079,6243117,11,0,2
1917814536,2010-10-09 22:15:36,-340997.747961043,-340997,-747961043,45,0,2,2299810235.181,137079,6243117,11,0,2
1917814596,2010-10-09 22:16:36,-340998.010155677,-340998,-10155677,45,0,2,2299810235.181,137079,6243117,11,0,2
1917814656,2010-10-09 22:17:36,-340998.202107429,-340998,-202107429,45,0,2,2299810235.181,137079,6243117,11,0,2
1917814716,2010-10-09 22:18:36,-340998.326816558,-340998,-326816558,45,0,2,2299810235.181,137079,6243117,11,0,2
1917814776,2010-10-09 22:19:36,-340998.334085463,-340998,-334085463,45,0,2,2299810235.181,137079,6243117,11,0,2
1917814836,2010-10-09 22:20:36,-340998.270051002,-340998,-270051002,45,0,2,2299810235.181,137079,6243117,11,0,2
1917814896,2010-10-09 22:21:36,-340998.065041541,-340998,-65041541,45,0,2,2299810235.181,137079,6243117,11,0,2
1917814956,2010-10-09 22:22:36,-340997.735800742,-340997,-735800742,45,0,2,2299810235.181,137079,6243117,11,0,2
1917815016,2010-10-09 22:23:36,-340997.27410221,-340997,-274102210,45,0,2,2299810235.181,137079,6243117,11,0,2
1917815076,2010-10-09 22:24:36,-340996.668908118,-340996,-668908118,45,0,2,2299810235.181,137079,6243117,11,0,2
1917815136,2010-10-09 22:25:36,-340995.905596732,-340995,-905596732,45,0,2,2299810235.181,137079,6243117,11,0,2
1917815196,2010-10-09 22:26:36,-340994.964108466,-340994,-964108466,45,0,2,2299810235.181,137079,6243117,11,0,2
1917815256,2010-10-09 22:27:36,-340993.873033523,-340993,-873033523,45,0,2,2299810235.181,137079,6243117,11,0,2
1917815316,2010-10-09 22:28:36,-340992.695403098,-340992,-695403098,45,0,2,2299810235.181,137079,6243117,11,0,2
1918153499,2010-10-13 20:24:59,-388810.818696975,-388810,-818696975,24,0,2,2299810235.181,137079,6243117,11,0,2
1918153559,2010-10-13 20:25:59,-388763.391096114,-388763,-391096114,24,0,2,2299810235.181,137079,6243117,11,0,2
1918153619,2010-10-13 20:26:59,-388718.719699859,-388718,-719699859,24,0,2,2299810235.181,137079,6243117,11,0,2
1918153679,2010-10-13 20:27:59,-388676.478236197,-388676,-478236197,24,0,2,2299810235.181,137079,6243117,11,0,2
1918153739,2010-10-13 20:28:59,-388636.190500258,-388636,-190500258,24,0,2,2299810235.181,137079,6243117,11,0,2
1918153799,2010-10-13 20:29:59,-388597.468428611,-388597,-468428611,24,0,2,2299810235.181,137079,6243117,11,0,2
1918153859,2010-10-13 20:30:59,-388559.799874305,-388559,-799874305,24,0,2,2299810235.181,137079,6243117,11,0,2
1918153919,2010-10-13 20:31:59,-388523.025357245,-388523,-25357245,24,0,2,2299810235.181,137079,6243117,11,0,2
1918153979,2010-10-13 20:32:59,-388486.948657989,-388486,-948657989,24,0,2,2299810235.181,137079,6243117,11,0,2
1918154039,2010-10-13 20:33:59,-388451.349164008,-388451,-349164008,24,0,2,2299810235.181,137079,6243117,11,0,2
1918154099,2010-10-13 20:34:59,-388416.209932326,-388416,-209932326,24,0,2,2299810235.181,137079,6243117,11,0,2
1918154159,2010-10-13 20:35:59,-388381.471513747,-388381,-471513747,24,0,2,2299810235.181,137079,6243117,11,0,2
1918154219,2010-10-13 20:36:59,-388346.842929839,-388346,-842929839,24,0,2,2299810235.181,137079,6243117,11,0,2
1918154279,2010-10-13 20:37:59,-388312.424614905,-388312,-424614905,24,0,2,2299810235.181,137079,6243117,11,0,2
1918154339,2010-10-13 20:38:59,-388278.115416526,-388278,-115416526,24,0,2,2299810235.181,137079,6243117,11,0,2
1918154399,2010-10-13 20:39:59,-388243.948905944,-388243,-948905944,24,0,2,2299810235.181,137079,6243117,11,0,2
1918154459,2010-10-13 20:40:59,-388210.022938727,-388210,-22938727,24,0,2,2299810235.181,137079,6243117,11,0,2
1918154519,2010-10-13 20:41:59,-388175.988839148,-388175,-988839148,24,0,2,2299810235.181,137079,6243117,11,0,2
1918154579,2010-10-13 20:42:59,-388142.052815436,-388142,-52815436,24,0,2,2299810235.181,137079,6243117,11,0,2
1918154639,2010-10-13 20:43:59,-388108.246344565,-388108,-246344565,24,0,2,2299810235.181,137079,6243117,11,0,2
1918154699,2010-10-13 20:44:59,-388074.461914062,-388074,-461914062,24,0,2,2299810235.181,137079,6243117,11,0,2
1918154759,2010-10-13 20:45:59,-388040.718593596,-388040,-718593596,24,0,2,2299810235.181,137079,6243117,11,0,2
1918154819,2010-10-13 20:46:59,-388007.058814048,-388007,-58814048,24,0,2,2299810235.181,137079,6243117,11,0,2
1918154879,2010-10-13 20:47:59,-387973.434080123,-387973,-434080123,24,0,2,2299810235.181,137079,6243117,11,0,2
1918154939,2010-10-13 20:48:59,-387939.83651924,-387939,-836519240,24,0,2,2299810235.181,137079,6243117,11,0,2
1918154999,2010-10-13 20:49:59,-387906.319756507,-387906,-319756507,24,0,2,2299810235.181,137079,6243117,11,0,2
1918155059,2010-10-13 20:50:59,-387872.755470275,-387872,-755470275,24,0,2,2299810235.181,137079,6243117,11,0,2
1918155119,2010-10-13 20:51:59,-387839.188257216,-387839,-188257216,24,0,2,2299810235.181,137079,6243117,11,0,2
1918155179,2010-10-13 20:52:59,-387805.834506988,-387805,-834506988,24,0,2,2299810235.181,137079,6243117,11,0,2
1918155239,2010-10-13 20:53:59,-387772.419506072,-387772,-419506072,24,0,2,2299810235.181,137079,6243117,11,0,2
1918155299,2010-10-13 20:54:59,-387739.110335349,-387739,-110335349,24,0,2,2299810235.181,137079,6243117,11,0,2
1918155359,2010-10-13 20:55:59,-387705.932508468,-387705,-932508468,24,0,2,2299810235.181,137079,6243117,11,0,2
1918155419,2010-10-13 20:56:59,-387672.757435798,-387672,-757435798,24,0,2,2299810235.181,137079,6243117,11,0,2
1918155479,2010-10-13 20:57:59,-387639.624709128,-387639,-624709128,24,0,2,2299810235.181,137079,6243117,11,0,2
1918287545,2010-10-15 09:39:05,-419257.902921676,-419257,-902921676,55,0,2,2299810235.181,137079,6243117,11,0,2
1918287605,2010-10-15 09:40:05,-419236.328915595,-419236,-328915595,55,0,2,2299810235.181,137079,6243117,11,0,2
1918287665,2010-10-15 09:41:05,-419217.474652289,-419217,-474652289,55,0,2,2299810235.181,137079,6243117,11,0,2
1918287725,2010-10-15 09:42:05,-419200.183580398,-419200,-183580398,55,0,2,2299810235.181,137079,6243117,11,0,2
1918287785,2010-10-15 09:43:05,-419184.337327002,-419184,-337327002,55,0,2,2299810235.181,137079,6243117,11,0,2
1918287845,2010-10-15 09:44:05,-419169.690140723,-419169,-690140723,55,0,2,2299810235.181,137079,6243117,11,0,2
1918287905,2010-10-15 09:45:05,-419155.961260795,-419155,-961260795,55,0,2,2299810235.181,137079,6243117,11,0,2
1918287965,2010-10-15 09:46:05,-419142.85107994,-419142,-851079940,55,0,2,2299810235.181,137079,6243117,11,0,2
1918288025,2010-10-15 09:47:05,-419130.21941471,-419130,-219414710,55,0,2,2299810235.181,137079,6243117,11,0,2
1918288085,2010-10-15 09:48:05,-419117.969628333,-419117,-969628333,55,0,2,2299810235.181,137079,6243117,11,0,2
1918288145,2010-10-15 09:49:05,-419105.920773505,-419105,-920773505,55,0,2,2299810235.181,137079,6243117,11,0,2
1918288205,2010-10-15 09:50:05,-419093.986185073,-419093,-986185073,55,0,2,2299810235.181,137079,6243117,11,0,2
1918288265,2010-10-15 09:51:05,-419082.10649681,-419082,-106496810,55,0,2,2299810235.181,137079,6243117,11,0,2
1918288325,2010-10-15 09:52:05,-419070.283629416,-419070,-283629416,55,0,2,2299810235.181,137079,6243117,11,0,2
1918288385,2010-10-15 09:53:05,-419058.490552901,-419058,-490552901,55,0,2,2299810235.181,137079,6243117,11,0,2
1918288445,2010-10-15 09:54:05,-419046.561626433,-419046,-561626433,55,0,2,2299810235.181,137079,6243117,11,0,2
1918288505,2010-10-15 09:55:05,-419034.573903083,-419034,-573903083,55,0,2,2299810235.181,137079,6243117,11,0,2
1918288565,2010-10-15 09:56:05,-419022.44477558,-419022,-444775580,55,0,2,2299810235.181,137079,6243117,11,0,2
1918288625,2010-10-15 09:57:05,-419010.239648818,-419010,-239648818,55,0,2,2299810235.181,137079,6243117,11,0,2
1918288685,2010-10-15 09:58:05,-418997.947910308,-418997,-947910308,55,0,2,2299810235.181,137079,6243117,11,0,2
1918288745,2010-10-15 09:59:05,-418985.428088187,-418985,-428088187,55,0,2,2299810235.181,137079,6243117,11,0,2
1918288805,2010-10-15 10:00:05,-418972.789339065,-418972,-789339065,55,0,2,2299810235.181,137079,6243117,11,0,2
1918288865,2010-10-15 10:01:05,-418960.008931159,-418960,-8931159,55,0,2,2299810235.181,137079,6243117,11,0,2
1918288925,2010-10-15 10:02:05,-418947.041429519,-418947,-41429519,55,0,2,2299810235.181,137079,6243117,11,0,2
1918288985,2010-10-15 10:03:05,-418933.847167968,-418933,-847167968,55,0,2,2299810235.181,137079,6243117,11,0,2
1918289045,2010-10-15 10:04:05,-418920.458089827,-418920,-458089827,55,0,2,2299810235.181,137079,6243117,11,0,2
1918289105,2010-10-15 10:05:05,-418907.011127471,-418907,-11127471,55,0,2,2299810235.181,137079,6243117,11,0,2
1918289165,2010-10-15 10:06:05,-418893.303801536,-418893,-303801536,55,0,2,2299810235.181,137079,6243117,11,0,2
1918289225,2010-10-15 10:07:05,-418879.392035483,-418879,-392035483,55,0,2,2299810235.181,137079,6243117,11,0,2
1918289285,2010-10-15 10:08:05,-418865.27299404,-418865,-272994040,55,0,2,2299810235.181,137079,6243117,11,0,2
1918289345,2010-10-15 10:09:05,-418850.98186016,-418850,-981860160,55,0,2,2299810235.181,137079,6243117,11,0,2
1918289405,2010-10-15 10:10:05,-418836.561517714,-418836,-561517714,55,0,2,2299810235.181,137079,6243117,11,0,2
1918289465,2010-10-15 10:11:05,-418821.962916373,-418821,-962916373,55,0,2,2299810235.181,137079,6243117,11,0,2
1918289525,2010-10-15 10:12:05,-418807.064185142,-418807,-64185142,55,0,2,2299810235.181,137079,6243117,11,0,2
1918579758,2010-10-18 18:49:18,-470309.884249686,-470309,-884249686,24,0,2,2299810235.181,137079,6243117,11,0,2
1918579818,2010-10-18 18:50:18,-470274.256582259,-470274,-256582259,24,0,2,2299810235.181,137079,6243117,11,0,2
1918579878,2010-10-18 18:51:18,-470241.298105239,-470241,-298105239,24,0,2,2299810235.181,137079,6243117,11,0,2
1918579938,2010-10-18 18:52:18,-470210.268814086,-470210,-268814086,24,0,2,2299810235.181,137079,6243117,11,0,2
1918579998,2010-10-18 18:53:18,-470180.780364989,-470180,-780364989,24,0,2,2299810235.181,137079,6243117,11,0,2
1918580058,2010-10-18 18:54:18,-470152.651784896,-470152,-651784896,24,0,2,2299810235.181,137079,6243117,11,0,2
1918580118,2010-10-18 18:55:18,-470125.457798003,-470125,-457798003,24,0,2,2299810235.181,137079,6243117,11,0,2
1918580178,2010-10-18 18:56:18,-470099.077531814,-470099,-77531814,24,0,2,2299810235.181,137079,6243117,11,0,2
1918580238,2010-10-18 18:57:18,-470073.197229384,-470073,-197229384,24,0,2,2299810235.181,137079,6243117,11,0,2
1918580298,2010-10-18 18:58:18,-470047.788419723,-470047,-788419723,24,0,2,2299810235.181,137079,6243117,11,0,2
1918580358,2010-10-18 18:59:18,-470022.589700698,-470022,-589700698,24,0,2,2299810235.181,137079,6243117,11,0,2
1918580418,2010-10-18 19:00:18,-469997.604236602,-469997,-604236602,24,0,2,2299810235.181,137079,6243117,11,0,2
1918580478,2010-10-18 19:01:18,-469972.847351073,-469972,-847351073,24,0,2,2299810235.181,137079,6243117,11,0,2
1918580538,2010-10-18 19:02:18,-469948.200464248,-469948,-200464248,24,0,2,2299810235.181,137079,6243117,11,0,2
1918580598,2010-10-18 19:03:18,-469923.614522933,-469923,-614522933,24,0,2,2299810235.181,137079,6243117,11,0,2
1918580658,2010-10-18 19:04:18,-469899.123324393,-469899,-123324393,24,0,2,2299810235.181,137079,6243117,11,0,2
1918580718,2010-10-18 19:05:18,-469874.623627662,-469874,-623627662,24,0,2,2299810235.181,137079,6243117,11,0,2
1918580778,2010-10-18 19:06:18,-469850.1652956,-469850,-165295600,24,0,2,2299810235.181,137079,6243117,11,0,2
1918580838,2010-10-18 19:07:18,-469825.726540564,-469825,-726540564,24,0,2,2299810235.181,137079,6243117,11,0,2
1918580898,2010-10-18 19:08:18,-469801.369436263,-469801,-369436263,24,0,2,2299810235.181,137079,6243117,11,0,2
1918580958,2010-10-18 19:09:18,-469777.038296699,-469777,-38296699,24,0,2,2299810235.181,137079,6243117,11,0,2
1918581018,2010-10-18 19:10:18,-469752.679536818,-469752,-679536818,24,0,2,2299810235.181,137079,6243117,11,0,2
1918581078,2010-10-18 19:11:18,-469728.400458335,-469728,-400458335,24,0,2,2299810235.181,137079,6243117,11,0,2
1918581138,2010-10-18 19:12:18,-469704.067843436,-469704,-67843436,24,0,2,2299810235.181,137079,6243117,11,0,2
1918581198,2010-10-18 19:13:18,-469679.79024887,-469679,-790248870,24,0,2,2299810235.181,137079,6243117,11,0,2
1918581258,2010-10-18 19:14:18,-469655.515863418,-469655,-515863418,24,0,2,2299810235.181,137079,6243117,11,0,2
1918581318,2010-10-18 19:15:18,-469631.1371212,-469631,-137121200,24,0,2,2299810235.181,137079,6243117,11,0,2
1918581378,2010-10-18 19:16:18,-469606.775619506,-469606,-775619506,24,0,2,2299810235.181,137079,6243117,11,0,2
1918581438,2010-10-18 19:17:18,-469582.405019759,-469582,-405019759,24,0,2,2299810235.181,137079,6243117,11,0,2
1918581498,2010-10-18 19:18:18,-469558.029568671,-469558,-29568671,24,0,2,2299810235.181,137079,6243117,11,0,2
1918581558,2010-10-18 19:19:18,-469533.518460273,-469533,-518460273,24,0,2,2299810235.181,137079,6243117,11,0,2
1918581618,2010-10-18 19:20:18,702205490.872613,702205490,872612953,24,0,2,2299810235.181,137079,6243117,11,0,2
1918581678,2010-10-18 19:21:18,140065515.3692026,140065515,369202614,24,0,2,2299810235.181,137079,6243117,11,0,2
1918581738,2010-10-18 19:22:18,-469460.071558951,-469460,-71558951,24,0,2,2299810235.181,137079,6243117,11,0,2
1918720847,2010-10-20 10:00:47,-500292.881378173,-500292,-881378173,55,0,2,2299810235.181,137079,6243117,11,0,2
1918720907,2010-10-20 10:01:47,-500280.065606116,-500280,-65606116,55,0,2,2299810235.181,137079,6243117,11,0,2
1918720967,2010-10-20 10:02:47,-500267.570277213,-500267,-570277213,55,0,2,2299810235.181,137079,6243117,11,0,2
1918721027,2010-10-20 10:03:47,-500255.251286506,-500255,-251286506,55,0,2,2299810235.181,137079,6243117,11,0,2
1918721087,2010-10-20 10:04:47,-500243.103138923,-500243,-103138923,55,0,2,2299810235.181,137079,6243117,11,0,2
1918721147,2010-10-20 10:05:47,-500231.043434142,-500231,-43434142,55,0,2,2299810235.181,137079,6243117,11,0,2
1918721207,2010-10-20 10:06:47,-500218.867930411,-500218,-867930411,55,0,2,2299810235.181,137079,6243117,11,0,2
1918721267,2010-10-20 10:07:47,-500206.776173591,-500206,-776173591,55,0,2,2299810235.181,137079,6243117,11,0,2
1918721327,2010-10-20 10:08:47,-500194.540177344,-500194,-540177344,55,0,2,2299810235.181,137079,6243117,11,0,2
1918721387,2010-10-20 10:09:47,-500182.275394439,-500182,-275394439,55,0,2,2299810235.181,137079,6243117,11,0,2
1918721447,2010-10-20 10:10:47,-500169.994196891,-500169,-994196891,55,0,2,2299810235.181,137079,6243117,11,0,2
1918721507,2010-10-20 10:11:47,-500157.58563137,-500157,-585631370,55,0,2,2299810235.181,137079,6243117,11,0,2
1918721567,2010-10-20 10:12:47,-500145.048619269,-500145,-48619269,55,0,2,2299810235.181,137079,6243117,11,0,2
1918721627,2010-10-20 10:13:47,-500132.412101745,-500132,-412101745,55,0,2,2299810235.181,137079,6243117,11,0,2
1918721687,2010-10-20 10:14:47,-500119.693977355,-500119,-693977355,55,0,2,2299810235.181,137079,6243117,11,0,2
1918721747,2010-10-20 10:15:47,-500106.985750197,-500106,-985750197,55,0,2,2299810235.181,137079,6243117,11,0,2
1918721807,2010-10-20 10:16:47,-500094.079220771,-500094,-79220771,55,0,2,2299810235.181,137079,6243117,11,0,2
1918721867,2010-10-20 10:17:47,-500081.115934371,-500081,-115934371,55,0,2,2299810235.181,137079,6243117,11,0,2
1918721927,2010-10-20 10:18:47,-500067.933327674,-500067,-933327674,55,0,2,2299810235.181,137079,6243117,11,0,2
1918721987,2010-10-20 10:19:47,-500054.846163749,-500054,-846163749,55,0,2,2299810235.181,137079,6243117,11,0,2
1918722047,2010-10-20 10:20:47,-500041.58488655,-500041,-584886550,55,0,2,2299810235.181,137079,6243117,11,0,2
1918722107,2010-10-20 10:21:47,-500028.265860557,-500028,-265860557,55,0,2,2299810235.181,137079,6243117,11,0,2
1918722167,2010-10-20 10:22:47,-500014.907588958,-500014,-907588958,55,0,2,2299810235.181,137079,6243117,11,0,2
1918722227,2010-10-20 10:23:47,-500001.446223258,-500001,-446223258,55,0,2,2299810235.181,137079,6243117,11,0,2
1918722287,2010-10-20 10:24:47,-499987.86194229,-499987,-861942290,55,0,2,2299810235.181,137079,6243117,11,0,2
1918722347,2010-10-20 10:25:47,-499974.177371024,-499974,-177371024,55,0,2,2299810235.181,137079,6243117,11,0,2
1918722407,2010-10-20 10:26:47,-499960.451916694,-499960,-451916694,55,0,2,2299810235.181,137079,6243117,11,0,2
1921257936,2010-11-18 18:45:36,-924359.041187285,-924359,-41187285,26,0,2,2299810235.181,137079,6243117,11,0,2
1921257996,2010-11-18 18:46:36,-924299.227958678,-924299,-227958678,26,0,2,2299810235.181,137079,6243117,11,0,2
1921258056,2010-11-18 18:47:36,-924239.696044921,-924239,-696044921,26,0,2,2299810235.181,137079,6243117,11,0,2
1921258116,2010-11-18 18:48:36,-924180.243335723,-924180,-243335723,26,0,2,2299810235.181,137079,6243117,11,0,2
1921258176,2010-11-18 18:49:36,-924120.82588005,-924120,-825880050,26,0,2,2299810235.181,137079,6243117,11,0,2
1921258236,2010-11-18 18:50:36,-924061.440589904,-924061,-440589904,26,0,2,2299810235.181,137079,6243117,11,0,2
1921258296,2010-11-18 18:51:36,-924001.912199019,-924001,-912199019,26,0,2,2299810235.181,137079,6243117,11,0,2
1921258356,2010-11-18 18:52:36,-923942.450205802,-923942,-450205802,26,0,2,2299810235.181,137079,6243117,11,0,2
1921258416,2010-11-18 18:53:36,-923882.897823333,-923882,-897823333,26,0,2,2299810235.181,137079,6243117,11,0,2
1921258476,2010-11-18 18:54:36,-923823.39526081,-923823,-395260810,26,0,2,2299810235.181,137079,6243117,11,0,2
1921258536,2010-11-18 18:55:36,-923763.85150814,-923763,-851508140,26,0,2,2299810235.181,137079,6243117,11,0,2
1921258596,2010-11-18 18:56:36,-923704.073212623,-923704,-73212623,26,0,2,2299810235.181,137079,6243117,11,0,2
1921258656,2010-11-18 18:57:36,-923644.199202537,-923644,-199202537,26,0,2,2299810235.181,137079,6243117,11,0,2
1921258716,2010-11-18 18:58:36,-923584.138830184,-923584,-138830184,26,0,2,2299810235.181,137079,6243117,11,0,2
1921258776,2010-11-18 18:59:36,-923524.049612998,-923524,-49612998,26,0,2,2299810235.181,137079,6243117,11,0,2
1921258836,2010-11-18 19:00:36,-923463.797330855,-923463,-797330855,26,0,2,2299810235.181,137079,6243117,11,0,2
1921258896,2010-11-18 19:01:36,-923403.487356185,-923403,-487356185,26,0,2,2299810235.181,137079,6243117,11,0,2
1921258956,2010-11-18 19:02:36,-923343.038304328,-923343,-38304328,26,0,2,2299810235.181,137079,6243117,11,0,2
1921259016,2010-11-18 19:03:36,-923282.430000304,-923282,-430000304,26,0,2,2299810235.181,137079,6243117,11,0,2
1921345768,2010-11-19 19:09:28,-889665.130143165,-889665,-130143165,24,0,2,2299810235.181,137079,6243117,11,0,2
1921345828,2010-11-19 19:10:28,-889592.992468833,-889592,-992468833,24,0,2,2299810235.181,137079,6243117,11,0,2
1921345888,2010-11-19 19:11:28,-889521.896153449,-889521,-896153449,24,0,2,2299810235.181,137079,6243117,11,0,2
1921345948,2010-11-19 19:12:28,-889451.692791938,-889451,-692791938,24,0,2,2299810235.181,137079,6243117,11,0,2
1921346008,2010-11-19 19:13:28,-889382.198163032,-889382,-198163032,24,0,2,2299810235.181,137079,6243117,11,0,2
1921346068,2010-11-19 19:14:28,-889313.220024108,-889313,-220024108,24,0,2,2299810235.181,137079,6243117,11,0,2
1921346128,2010-11-19 19:15:28,-889244.430974959,-889244,-430974959,24,0,2,2299810235.181,137079,6243117,11,0,2
1921346188,2010-11-19 19:16:28,-889175.805137633,-889175,-805137633,24,0,2,2299810235.181,137079,6243117,11,0,2
1921346248,2010-11-19 19:17:28,-889107.239020347,-889107,-239020347,24,0,2,2299810235.181,137079,6243117,11,0,2
1921346308,2010-11-19 19:18:28,-889038.707166671,-889038,-707166671,24,0,2,2299810235.181,137079,6243117,11,0,2
1921346368,2010-11-19 19:19:28,-888970.076391219,-888970,-76391219,24,0,2,2299810235.181,137079,6243117,11,0,2
1921346428,2010-11-19 19:20:28,-888901.520391463,-888901,-520391463,24,0,2,2299810235.181,137079,6243117,11,0,2
1921346488,2010-11-19 19:21:28,-888832.873788833,-888832,-873788833,24,0,2,2299810235.181,137079,6243117,11,0,2
1921346548,2010-11-19 19:22:28,-888764.268777846,-888764,-268777846,24,0,2,2299810235.181,137079,6243117,11,0,2
1921346608,2010-11-19 19:23:28,-888695.665302276,-888695,-665302276,24,0,2,2299810235.181,137079,6243117,11,0,2
1921346668,2010-11-19 19:24:28,-888626.992780684,-888626,-992780684,24,0,2,2299810235.181,137079,6243117,11,0,2
1921346728,2010-11-19 19:25:28,-888558.251356124,-888558,-251356124,24,0,2,2299810235.181,137079,6243117,11,0,2
1921346788,2010-11-19 19:26:28,-888489.483099936,-888489,-483099936,24,0,2,2299810235.181,137079,6243117,11,0,2
1921346848,2010-11-19 19:27:28,-888420.602307319,-888420,-602307319,24,0,2,2299810235.181,137079,6243117,11,0,2
1921346908,2010-11-19 19:28:28,-888351.766929625,-888351,-766929625,24,0,2,2299810235.181,137079,6243117,11,0,2
1921346968,2010-11-19 19:29:28,-888282.848409652,-888282,-848409652,24,0,2,2299810235.181,137079,6243117,11,0,2
1921347028,2010-11-19 19:30:28,-888213.908393859,-888213,-908393859,24,0,2,2299810235.181,137079,6243117,11,0,2
1921347088,2010-11-19 19:31:28,-888144.843683242,-888144,-843683242,24,0,2,2299810235.181,137079,6243117,11,0,2
1921347148,2010-11-19 19:32:28,-888075.69826126,-888075,-698261260,24,0,2,2299810235.181,137079,6243117,11,0,2
1921347208,2010-11-19 19:33:28,-888006.625809668,-888006,-625809668,24,0,2,2299810235.181,137079,6243117,11,0,2
1921523127,2010-11-21 20:25:27,-776877.107940673,-776877,-107940673,24,0,2,2299810235.181,137079,6243117,11,0,2
1921523187,2010-11-21 20:26:27,-776782.176613807,-776782,-176613807,24,0,2,2299810235.181,137079,6243117,11,0,2
1921523247,2010-11-21 20:27:27,-776688.25395584,-776688,-253955840,24,0,2,2299810235.181,137079,6243117,11,0,2
1921523307,2010-11-21 20:28:27,-776595.151795386,-776595,-151795386,24,0,2,2299810235.181,137079,6243117,11,0,2
1921523367,2010-11-21 20:29:27,-776502.644953727,-776502,-644953727,24,0,2,2299810235.181,137079,6243117,11,0,2
1921523427,2010-11-21 20:30:27,-776410.580266952,-776410,-580266952,24,0,2,2299810235.181,137079,6243117,11,0,2
1921523487,2010-11-21 20:31:27,-776318.669245719,-776318,-669245719,24,0,2,2299810235.181,137079,6243117,11,0,2
1921523547,2010-11-21 20:32:27,-776226.802845,-776226,-802845000,24,0,2,2299810235.181,137079,6243117,11,0,2
1921523607,2010-11-21 20:33:27,-776135.08448696,-776135,-84486960,24,0,2,2299810235.181,137079,6243117,11,0,2
1921523667,2010-11-21 20:34:27,-776043.384870528,-776043,-384870528,24,0,2,2299810235.181,137079,6243117,11,0,2
1921523727,2010-11-21 20:35:27,-775951.699630736,-775951,-699630736,24,0,2,2299810235.181,137079,6243117,11,0,2
1921523787,2010-11-21 20:36:27,-775860.047923087,-775860,-47923087,24,0,2,2299810235.181,137079,6243117,11,0,2
1921523847,2010-11-21 20:37:27,-775768.376236915,-775768,-376236915,24,0,2,2299810235.181,137079,6243117,11,0,2
1921523907,2010-11-21 20:38:27,-775676.656780242,-775676,-656780242,24,0,2,2299810235.181,137079,6243117,11,0,2
1921523967,2010-11-21 20:39:27,-775584.921015738,-775584,-921015738,24,0,2,2299810235.181,137079,6243117,11,0,2
1921524027,2010-11-21 20:40:27,-775493.130293845,-775493,-130293845,24,0,2,2299810235.181,137079,6243117,11,0,2
1921524087,2010-11-21 20:41:27,-775401.332159041,-775401,-332159041,24,0,2,2299810235.181,137079,6243117,11,0,2
1921524147,2010-11-21 20:42:27,-775309.478409766,-775309,-478409766,24,0,2,2299810235.181,137079,6243117,11,0,2
1921524207,2010-11-21 20:43:27,-775217.585241317,-775217,-585241317,24,0,2,2299810235.181,137079,6243117,11,0,2
1921524267,2010-11-21 20:44:27,-775125.653471946,-775125,-653471946,24,0,2,2299810235.181,137079,6243117,11,0,2
1921524327,2010-11-21 20:45:27,-775033.794904708,-775033,-794904708,24,0,2,2299810235.181,137079,6243117,11,0,2
1921524387,2010-11-21 20:46:27,-774941.971965789,-774941,-971965789,24,0,2,2299810235.181,137079,6243117,11,0,2
1921524447,2010-11-21 20:47:27,-774850.069500922,-774850,-69500922,24,0,2,2299810235.181,137079,6243117,11,0,2
1921524507,2010-11-21 20:48:27,-774758.148087501,-774758,-148087501,24,0,2,2299810235.181,137079,6243117,11,0,2
1921612322,2010-11-22 21:12:02,-696455.339943885,-696455,-339943885,15,0,2,2299810235.181,137079,6243117,11,0,2
1921612382,2010-11-22 21:13:02,-696350.902981757,-696350,-902981757,15,0,2,2299810235.181,137079,6243117,11,0,2
1921612442,2010-11-22 21:14:02,-696247.064504622,-696247,-64504622,15,0,2,2299810235.181,137079,6243117,11,0,2
1921612502,2010-11-22 21:15:02,-696143.729496955,-696143,-729496955,15,0,2,2299810235.181,137079,6243117,11,0,2
1921612562,2010-11-22 21:16:02,-696040.670319556,-696040,-670319556,15,0,2,2299810235.181,137079,6243117,11,0,2
1921612622,2010-11-22 21:17:02,-695937.7702322,-695937,-770232200,15,0,2,2299810235.181,137079,6243117,11,0,2
1921612682,2010-11-22 21:18:02,-695835.02500534,-695835,-25005340,15,0,2,2299810235.181,137079,6243117,11,0,2
1921612742,2010-11-22 21:19:02,-695732.374501227,-695732,-374501227,15,0,2,2299810235.181,137079,6243117,11,0,2
1921612802,2010-11-22 21:20:02,-695629.763519286,-695629,-763519286,15,0,2,2299810235.181,137079,6243117,11,0,2
1921612862,2010-11-22 21:21:02,-695527.09418106,-695527,-94181060,15,0,2,2299810235.181,137079,6243117,11,0,2
1921612922,2010-11-22 21:22:02,-695424.297830581,-695424,-297830581,15,0,2,2299810235.181,137079,6243117,11,0,2
1921612982,2010-11-22 21:23:02,-695321.548833846,-695321,-548833846,15,0,2,2299810235.181,137079,6243117,11,0,2
1921613042,2010-11-22 21:24:02,-695218.824037551,-695218,-824037551,15,0,2,2299810235.181,137079,6243117,11,0,2
1921613102,2010-11-22 21:25:02,-695116.043292998,-695116,-43292998,15,0,2,2299810235.181,137079,6243117,11,0,2
1921613162,2010-11-22 21:26:02,-695013.152219771,-695013,-152219771,15,0,2,2299810235.181,137079,6243117,11,0,2
1921613222,2010-11-22 21:27:02,-694910.321784018,-694910,-321784018,15,0,2,2299810235.181,137079,6243117,11,0,2
1921613282,2010-11-22 21:28:02,-694807.534160613,-694807,-534160613,15,0,2,2299810235.181,137079,6243117,11,0,2
1921613342,2010-11-22 21:29:02,-694704.646600722,-694704,-646600722,15,0,2,2299810235.181,137079,6243117,11,0,2
1921613402,2010-11-22 21:30:02,-694601.840168952,-694601,-840168952,15,0,2,2299810235.181,137079,6243117,11,0,2
1921613462,2010-11-22 21:31:02,-694498.916458129,-694498,-916458129,15,0,2,2299810235.181,137079,6243117,11,0,2
1921613522,2010-11-22 21:32:02,-694396.032821654,-694396,-32821654,15,0,2,2299810235.181,137079,6243117,11,0,2
1921613582,2010-11-22 21:33:02,-694293.176962851,-694293,-176962851,15,0,2,2299810235.181,137079,6243117,11,0,2
1921695419,2010-11-23 20:16:59,-609757.474414824,-609757,-474414824,24,0,2,2299810235.181,137079,6243117,11,0,2
1921695479,2010-11-23 20:17:59,-609641.207769393,-609641,-207769393,24,0,2,2299810235.181,137079,6243117,11,0,2
1921695539,2010-11-23 20:18:59,-609525.689407348,-609525,-689407348,24,0,2,2299810235.181,137079,6243117,11,0,2
1921695599,2010-11-23 20:19:59,-609410.574072837,-609410,-574072837,24,0,2,2299810235.181,137079,6243117,11,0,2
1921695659,2010-11-23 20:20:59,-609295.674676894,-609295,-674676894,24,0,2,2299810235.181,137079,6243117,11,0,2
1921695719,2010-11-23 20:21:59,-609180.887927054,-609180,-887927054,24,0,2,2299810235.181,137079,6243117,11,0,2
1921695779,2010-11-23 20:22:59,-609066.305724143,-609066,-305724143,24,0,2,2299810235.181,137079,6243117,11,0,2
1921695839,2010-11-23 20:23:59,-608951.727523803,-608951,-727523803,24,0,2,2299810235.181,137079,6243117,11,0,2
1921695899,2010-11-23 20:24:59,-608837.119208335,-608837,-119208335,24,0,2,2299810235.181,137079,6243117,11,0,2
1921695959,2010-11-23 20:25:59,-608722.677287101,-608722,-677287101,24,0,2,2299810235.181,137079,6243117,11,0,2
1921696019,2010-11-23 20:26:59,-608608.199578284,-608608,-199578284,24,0,2,2299810235.181,137079,6243117,11,0,2
1921696079,2010-11-23 20:27:59,-608493.870676993,-608493,-870676993,24,0,2,2299810235.181,137079,6243117,11,0,2
1921696139,2010-11-23 20:28:59,-608379.537631988,-608379,-537631988,24,0,2,2299810235.181,137079,6243117,11,0,2
1921696199,2010-11-23 20:29:59,-608265.275766372,-608265,-275766372,24,0,2,2299810235.181,137079,6243117,11,0,2
1921696259,2010-11-23 20:30:59,-608151.061186789,-608151,-61186789,24,0,2,2299810235.181,137079,6243117,11,0,2
1921696319,2010-11-23 20:31:59,-608036.99291706,-608036,-992917060,24,0,2,2299810235.181,137079,6243117,11,0,2
1921696379,2010-11-23 20:32:59,-607922.863699912,-607922,-863699912,24,0,2,2299810235.181,137079,6243117,11,0,2
1921696439,2010-11-23 20:33:59,-607808.744115828,-607808,-744115828,24,0,2,2299810235.181,137079,6243117,11,0,2
1921696499,2010-11-23 20:34:59,-607694.719157218,-607694,-719157218,24,0,2,2299810235.181,137079,6243117,11,0,2
1921696559,2010-11-23 20:35:59,-607580.710797309,-607580,-710797309,24,0,2,2299810235.181,137079,6243117,11,0,2
1921696619,2010-11-23 20:36:59,-607466.62758541,-607466,-627585410,24,0,2,2299810235.181,137079,6243117,11,0,2
1921696679,2010-11-23 20:37:59,-607352.621676444,-607352,-621676444,24,0,2,2299810235.181,137079,6243117,11,0,2
1921775173,2010-11-24 18:26:13,-515250.903028487,-515250,-903028487,26,0,2,2299810235.181,137079,6243117,11,0,2
1921775233,2010-11-24 18:27:13,-515127.103625297,-515127,-103625297,26,0,2,2299810235.181,137079,6243117,11,0,2
1921775293,2010-11-24 18:28:13,-515004.504003524,-515004,-504003524,26,0,2,2299810235.181,137079,6243117,11,0,2
1921775353,2010-11-24 18:29:13,-514882.823287009,-514882,-823287009,26,0,2,2299810235.181,137079,6243117,11,0,2
1921775413,2010-11-24 18:30:13,-514761.624514579,-514761,-624514579,26,0,2,2299810235.181,137079,6243117,11,0,2
1921775473,2010-11-24 18:31:13,-514640.812493323,-514640,-812493323,26,0,2,2299810235.181,137079,6243117,11,0,2
1921775533,2010-11-24 18:32:13,-514520.180377959,-514520,-180377959,26,0,2,2299810235.181,137079,6243117,11,0,2
1921775593,2010-11-24 18:33:13,-514399.642702102,-514399,-642702102,26,0,2,2299810235.181,137079,6243117,11,0,2
1921775653,2010-11-24 18:34:13,140020720.93679714,140020720,936797142,26,0,2,2299810235.181,137079,6243117,11,0,2
1921775713,2010-11-24 18:35:13,-514158.486603736,-514158,-486603736,26,0,2,2299810235.181,137079,6243117,11,0,2
1921775773,2010-11-24 18:36:13,-514037.817991256,-514037,-817991256,26,0,2,2299810235.181,137079,6243117,11,0,2
1921775833,2010-11-24 18:37:13,-513916.978483199,-513916,-978483199,26,0,2,2299810235.181,137079,6243117,11,0,2
1921775893,2010-11-24 18:38:13,-513796.049549102,-513796,-49549102,26,0,2,2299810235.181,137079,6243117,11,0,2
1921775953,2010-11-24 18:39:13,-513675.116161345,-513675,-116161345,26,0,2,2299810235.181,137079,6243117,11,0,2
1921776013,2010-11-24 18:40:13,-513554.046123504,-513554,-46123504,26,0,2,2299810235.181,137079,6243117,11,0,2
1921776073,2010-11-24 18:41:13,-513432.832885741,-513432,-832885741,26,0,2,2299810235.181,137079,6243117,11,0,2
1921776133,2010-11-24 18:42:13,-513311.53310871,-513311,-533108710,26,0,2,2299810235.181,137079,6243117,11,0,2
1921776193,2010-11-24 18:43:13,-513190.042161941,-513190,-42161941,26,0,2,2299810235.181,137079,6243117,11,0,2
1921776253,2010-11-24 18:44:13,-513068.496635436,-513068,-496635436,26,0,2,2299810235.181,137079,6243117,11,0,2
1921776313,2010-11-24 18:45:13,-512946.842498778,-512946,-842498778,26,0,2,2299810235.181,137079,6243117,11,0,2
1921776373,2010-11-24 18:46:13,-512825.081594466,-512825,-81594466,26,0,2,2299810235.181,137079,6243117,11,0,2
1921776433,2010-11-24 18:47:13,-512703.308556556,-512703,-308556556,26,0,2,2299810235.181,137079,6243117,11,0,2
1921949945,2010-11-26 18:59:05,-251391.941097259,-251391,-941097259,24,0,2,2299810235.181,137079,6243117,11,0,2
1921950005,2010-11-26 19:00:05,-251245.622570991,-251245,-622570991,24,0,2,2299810235.181,137079,6243117,11,0,2
1921950065,2010-11-26 19:01:05,-251100.666574477,-251100,-666574477,24,0,2,2299810235.181,137079,6243117,11,0,2
1921950125,2010-11-26 19:02:05,-250956.752947806,-250956,-752947806,24,0,2,2299810235.181,137079,6243117,11,0,2
1921950185,2010-11-26 19:03:05,-250813.745675086,-250813,-745675086,24,0,2,2299810235.181,137079,6243117,11,0,2
1921950245,2010-11-26 19:04:05,-250671.36433792,-250671,-364337920,24,0,2,2299810235.181,137079,6243117,11,0,2
1921950305,2010-11-26 19:05:05,-250529.433943747,-250529,-433943747,24,0,2,2299810235.181,137079,6243117,11,0,2
1921950365,2010-11-26 19:06:05,-250387.676778792,-250387,-676778792,24,0,2,2299810235.181,137079,6243117,11,0,2
1921950425,2010-11-26 19:07:05,-250246.201081275,-250246,-201081275,24,0,2,2299810235.181,137079,6243117,11,0,2
1921950485,2010-11-26 19:08:05,-250104.839214324,-250104,-839214324,24,0,2,2299810235.181,137079,6243117,11,0,2
1921950545,2010-11-26 19:09:05,-249963.501286506,-249963,-501286506,24,0,2,2299810235.181,137079,6243117,11,0,2
1921950605,2010-11-26 19:10:05,-249822.248629569,-249822,-248629569,24,0,2,2299810235.181,137079,6243117,11,0,2
1921950665,2010-11-26 19:11:05,-249681.000604629,-249681,-604629,24,0,2,2299810235.181,137079,6243117,11,0,2
1921950725,2010-11-26 19:12:05,-249539.768992423,-249539,-768992423,24,0,2,2299810235.181,137079,6243117,11,0,2
1921950785,2010-11-26 19:13:05,-249398.595012664,-249398,-595012664,24,0,2,2299810235.181,137079,6243117,11,0,2
1921950845,2010-11-26 19:14:05,-249257.235780715,-249257,-235780715,24,0,2,2299810235.181,137079,6243117,11,0,2
1921950905,2010-11-26 19:15:05,-249116.026906966,-249116,-26906966,24,0,2,2299810235.181,137079,6243117,11,0,2
1921950965,2010-11-26 19:16:05,-248974.765382766,-248974,-765382766,24,0,2,2299810235.181,137079,6243117,11,0,2
1921951025,2010-11-26 19:17:05,-248833.336213111,-248833,-336213111,24,0,2,2299810235.181,137079,6243117,11,0,2
1921951085,2010-11-26 19:18:05,-248691.972024917,-248691,-972024917,24,0,2,2299810235.181,137079,6243117,11,0,2
1921951145,2010-11-26 19:19:05,-248550.573284148,-248550,-573284148,24,0,2,2299810235.181,137079,6243117,11,0,2
1921951205,2010-11-26 19:20:05,-248409.082269668,-248409,-82269668,24,0,2,2299810235.181,137079,6243117,11,0,2
1921951265,2010-11-26 19:21:05,-248267.671135901,-248267,-671135901,24,0,2,2299810235.181,137079,6243117,11,0,2
1921951325,2010-11-26 19:22:05,-248126.154597281,-248126,-154597281,24,0,2,2299810235.181,137079,6243117,11,0,2
1922296650,2010-11-30 19:17:30,368643.472720146,368643,472720146,24,0,2,2299810235.181,137079,6243117,11,0,2
1922296710,2010-11-30 19:18:30,368798.593060493,368798,593060493,24,0,2,2299810235.181,137079,6243117,11,0,2
1922296770,2010-11-30 19:19:30,368953.259329796,368953,259329796,24,0,2,2299810235.181,137079,6243117,11,0,2
1922296830,2010-11-30 19:20:30,369107.654782295,369107,654782295,24,0,2,2299810235.181,137079,6243117,11,0,2
1922296890,2010-11-30 19:21:30,369261.667352676,369261,667352676,24,0,2,2299810235.181,137079,6243117,11,0,2
1922296950,2010-11-30 19:22:30,369415.506055832,369415,506055832,24,0,2,2299810235.181,137079,6243117,11,0,2
1922297010,2010-11-30 19:23:30,369569.265405655,369569,265405655,24,0,2,2299810235.181,137079,6243117,11,0,2
1922297070,2010-11-30 19:24:30,369723.008345604,369723,8345604,24,0,2,2299810235.181,137079,6243117,11,0,2
1922297130,2010-11-30 19:25:30,369876.680851936,369876,680851936,24,0,2,2299810235.181,137079,6243117,11,0,2
1922297190,2010-11-30 19:26:30,370030.456098557,370030,456098557,24,0,2,2299810235.181,137079,6243117,11,0,2
1922297250,2010-11-30 19:27:30,370184.056782722,370184,56782722,24,0,2,2299810235.181,137079,6243117,11,0,2
1922297310,2010-11-30 19:28:30,370337.746311188,370337,746311188,24,0,2,2299810235.181,137079,6243117,11,0,2
1922297370,2010-11-30 19:29:30,370491.397931099,370491,397931099,24,0,2,2299810235.181,137079,6243117,11,0,2
1922297430,2010-11-30 19:30:30,370644.99614048,370644,996140480,24,0,2,2299810235.181,137079,6243117,11,0,2
1922297490,2010-11-30 19:31:30,370798.707214355,370798,707214355,24,0,2,2299810235.181,137079,6243117,11,0,2
1922297550,2010-11-30 19:32:30,370952.483505249,370952,483505249,24,0,2,2299810235.181,137079,6243117,11,0,2
1922297610,2010-11-30 19:33:30,371106.243343353,371106,243343353,24,0,2,2299810235.181,137079,6243117,11,0,2
1922297670,2010-11-30 19:34:30,371260.043728828,371260,43728828,24,0,2,2299810235.181,137079,6243117,11,0,2
1922297730,2010-11-30 19:35:30,371413.801626205,371413,801626205,24,0,2,2299810235.181,137079,6243117,11,0,2
1922297790,2010-11-30 19:36:30,371567.497609138,371567,497609138,24,0,2,2299810235.181,137079,6243117,11,0,2
1922297850,2010-11-30 19:37:30,371721.384813309,371721,384813309,24,0,2,2299810235.181,137079,6243117,11,0,2
1922371553,2010-12-01 16:05:53,488933.079668999,488933,79668999,26,0,2,2299810235.181,137079,6243117,11,0,2
1922371613,2010-12-01 16:06:53,489071.604418755,489071,604418755,26,0,2,2299810235.181,137079,6243117,11,0,2
1922371673,2010-12-01 16:07:53,489208.955150604,489208,955150604,26,0,2,2299810235.181,137079,6243117,11,0,2
1922371733,2010-12-01 16:08:53,489345.407553673,489345,407553673,26,0,2,2299810235.181,137079,6243117,11,0,2
1922371793,2010-12-01 16:09:53,489481.28665638,489481,286656380,26,0,2,2299810235.181,137079,6243117,11,0,2
1922371853,2010-12-01 16:10:53,489616.868618011,489616,868618011,26,0,2,2299810235.181,137079,6243117,11,0,2
1922371913,2010-12-01 16:11:53,489752.26393795,489752,263937950,26,0,2,2299810235.181,137079,6243117,11,0,2
1922371973,2010-12-01 16:12:53,489887.539486885,489887,539486885,26,0,2,2299810235.181,137079,6243117,11,0,2
1922372033,2010-12-01 16:13:53,490022.997135162,490022,997135162,26,0,2,2299810235.181,137079,6243117,11,0,2
1922372093,2010-12-01 16:14:53,490158.511379242,490158,511379242,26,0,2,2299810235.181,137079,6243117,11,0,2
1922372153,2010-12-01 16:15:53,490294.131612778,490294,131612778,26,0,2,2299810235.181,137079,6243117,11,0,2
1922372213,2010-12-01 16:16:53,490429.88408947,490429,884089470,26,0,2,2299810235.181,137079,6243117,11,0,2
1922372273,2010-12-01 16:17:53,490565.734745026,490565,734745026,26,0,2,2299810235.181,137079,6243117,11,0,2
1922372333,2010-12-01 16:18:53,490701.702197075,490701,702197075,26,0,2,2299810235.181,137079,6243117,11,0,2
1922372393,2010-12-01 16:19:53,490837.800424576,490837,800424576,26,0,2,2299810235.181,137079,6243117,11,0,2
1922372453,2010-12-01 16:20:53,490973.917625427,490973,917625427,26,0,2,2299810235.181,137079,6243117,11,0,2
1922372513,2010-12-01 16:21:53,491110.263077736,491110,263077736,26,0,2,2299810235.181,137079,6243117,11,0,2
1922372573,2010-12-01 16:22:53,491246.730474472,491246,730474472,26,0,2,2299810235.181,137079,6243117,11,0,2
1922372633,2010-12-01 16:23:53,491383.298186302,491383,298186302,26,0,2,2299810235.181,137079,6243117,11,0,2
1922372693,2010-12-01 16:24:53,491519.981448174,491519,981448174,26,0,2,2299810235.181,137079,6243117,11,0,2
1922372753,2010-12-01 16:25:53,491656.698137283,491656,698137283,26,0,2,2299810235.181,137079,6243117,11,0,2
1922372813,2010-12-01 16:26:53,491793.729634285,491793,729634285,26,0,2,2299810235.181,137079,6243117,11,0,2
1922539442,2010-12-03 14:44:02,741879.197488785,741879,197488785,24,0,2,2299810235.181,137079,6243117,11,0,2
1922539502,2010-12-03 14:45:02,741982.734038353,741982,734038353,24,0,2,2299810235.181,137079,6243117,11,0,2
1922539562,2010-12-03 14:46:02,742085.561916351,742085,561916351,24,0,2,2299810235.181,137079,6243117,11,0,2
1922539622,2010-12-03 14:47:02,742187.861210823,742187,861210823,24,0,2,2299810235.181,137079,6243117,11,0,2
1922539682,2010-12-03 14:48:02,742289.636305809,742289,636305809,24,0,2,2299810235.181,137079,6243117,11,0,2
1922539742,2010-12-03 14:49:02,742391.009601593,742391,9601593,24,0,2,2299810235.181,137079,6243117,11,0,2
1922539802,2010-12-03 14:50:02,742492.158607483,742492,158607483,24,0,2,2299810235.181,137079,6243117,11,0,2
1922539862,2010-12-03 14:51:02,742593.265043259,742593,265043259,24,0,2,2299810235.181,137079,6243117,11,0,2
1922539922,2010-12-03 14:52:02,742694.40818119,742694,408181190,24,0,2,2299810235.181,137079,6243117,11,0,2
1922539982,2010-12-03 14:53:02,742795.456191063,742795,456191063,24,0,2,2299810235.181,137079,6243117,11,0,2
1922540042,2010-12-03 14:54:02,742896.583766937,742896,583766937,24,0,2,2299810235.181,137079,6243117,11,0,2
1922540102,2010-12-03 14:55:02,742997.831054688,742997,831054688,24,0,2,2299810235.181,137079,6243117,11,0,2
1922540162,2010-12-03 14:56:02,743099.151418686,743099,151418686,24,0,2,2299810235.181,137079,6243117,11,0,2
1922540222,2010-12-03 14:57:02,743200.570320129,743200,570320129,24,0,2,2299810235.181,137079,6243117,11,0,2
1922540282,2010-12-03 14:58:02,743302.088030815,743302,88030815,24,0,2,2299810235.181,137079,6243117,11,0,2
1922540342,2010-12-03 14:59:02,743403.669023514,743403,669023514,24,0,2,2299810235.181,137079,6243117,11,0,2
1922540402,2010-12-03 15:00:02,743505.414039612,743505,414039612,24,0,2,2299810235.181,137079,6243117,11,0,2
1922540462,2010-12-03 15:01:02,743607.157757759,743607,157757759,24,0,2,2299810235.181,137079,6243117,11,0,2
1922540522,2010-12-03 15:02:02,743708.91714859,743708,917148590,24,0,2,2299810235.181,137079,6243117,11,0,2
1922540582,2010-12-03 15:03:02,743810.915681839,743810,915681839,24,0,2,2299810235.181,137079,6243117,11,0,2
1922540642,2010-12-03 15:04:02,743912.879210472,743912,879210472,24,0,2,2299810235.181,137079,6243117,11,0,2
1922540702,2010-12-03 15:05:02,744015.006251335,744015,6251335,24,0,2,2299810235.181,137079,6243117,11,0,2
1922540762,2010-12-03 15:06:02,744117.205647469,744117,205647469,24,0,2,2299810235.181,137079,6243117,11,0,2
1922540822,2010-12-03 15:07:02,744219.566105843,744219,566105843,24,0,2,2299810235.181,137079,6243117,11,0,2
1922540882,2010-12-03 15:08:02,744321.997218132,744321,997218132,24,0,2,2299810235.181,137079,6243117,11,0,2
1922771189,2010-12-06 07:06:29,987788.249616623,987788,249616623,63,0,2,2299810235.181,137079,6243117,11,0,2
1922771249,2010-12-06 07:07:29,987861.102451324,987861,102451324,63,0,2,2299810235.181,137079,6243117,11,0,2
1922771309,2010-12-06 07:08:29,987933.427294731,987933,427294731,63,0,2,2299810235.181,137079,6243117,11,0,2
1922771369,2010-12-06 07:09:29,988005.522833824,988005,522833824,63,0,2,2299810235.181,137079,6243117,11,0,2
1922771429,2010-12-06 07:10:29,988077.390903473,988077,390903473,63,0,2,2299810235.181,137079,6243117,11,0,2
1922771489,2010-12-06 07:11:29,988149.18903923,988149,189039230,63,0,2,2299810235.181,137079,6243117,11,0,2
1922771549,2010-12-06 07:12:29,988221.052721024,988221,52721024,63,0,2,2299810235.181,137079,6243117,11,0,2
1922771609,2010-12-06 07:13:29,988292.90075016,988292,900750160,63,0,2,2299810235.181,137079,6243117,11,0,2
1922771669,2010-12-06 07:14:29,988364.878786087,988364,878786087,63,0,2,2299810235.181,137079,6243117,11,0,2
1922771729,2010-12-06 07:15:29,988436.833004951,988436,833004951,63,0,2,2299810235.181,137079,6243117,11,0,2
1922771789,2010-12-06 07:16:29,988508.952973366,988508,952973366,63,0,2,2299810235.181,137079,6243117,11,0,2
1922771849,2010-12-06 07:17:29,988581.044173241,988581,44173241,63,0,2,2299810235.181,137079,6243117,11,0,2
1922771909,2010-12-06 07:18:29,988653.32118988,988653,321189880,63,0,2,2299810235.181,137079,6243117,11,0,2
1922771969,2010-12-06 07:19:29,988725.655953407,988725,655953407,63,0,2,2299810235.181,137079,6243117,11,0,2
1922772029,2010-12-06 07:20:29,988798.031731606,988798,31731606,63,0,2,2299810235.181,137079,6243117,11,0,2
1922772089,2010-12-06 07:21:29,988870.559164047,988870,559164047,63,0,2,2299810235.181,137079,6243117,11,0,2
1922772149,2010-12-06 07:22:29,988943.149002075,988943,149002075,63,0,2,2299810235.181,137079,6243117,11,0,2
1922772209,2010-12-06 07:23:29,989015.91756916,989015,917569160,63,0,2,2299810235.181,137079,6243117,11,0,2
1922772269,2010-12-06 07:24:29,989088.726250648,989088,726250648,63,0,2,2299810235.181,137079,6243117,11,0,2
1922772329,2010-12-06 07:25:29,989161.689321518,989161,689321518,63,0,2,2299810235.181,137079,6243117,11,0,2
1922772389,2010-12-06 07:26:29,989234.786474228,989234,786474228,63,0,2,2299810235.181,137079,6243117,11,0,2
1922772449,2010-12-06 07:27:29,989307.924274445,989307,924274445,63,0,2,2299810235.181,137079,6243117,11,0,2
1922772509,2010-12-06 07:28:29,989381.217377663,989381,217377663,63,0,2,2299810235.181,137079,6243117,11,0,2
1922969492,2010-12-08 14:11:32,1105603.457161903,1105603,457161903,15,0,2,2299810235.181,137079,6243117,11,0,2
1922969552,2010-12-08 14:12:32,1105652.149739265,1105652,149739265,15,0,2,2299810235.181,137079,6243117,11,0,2
1922969612,2010-12-08 14:13:32,1105699.995136261,1105699,995136261,15,0,2,2299810235.181,137079,6243117,11,0,2
1922969672,2010-12-08 14:14:32,1105747.103468895,1105747,103468895,15,0,2,2299810235.181,137079,6243117,11,0,2
1922969732,2010-12-08 14:15:32,1105793.823192596,1105793,823192596,15,0,2,2299810235.181,137079,6243117,11,0,2
1922969792,2010-12-08 14:16:32,1105840.259846687,1105840,259846687,15,0,2,2299810235.181,137079,6243117,11,0,2
1922969852,2010-12-08 14:17:32,1105886.676743507,1105886,676743507,15,0,2,2299810235.181,137079,6243117,11,0,2
1922969912,2010-12-08 14:18:32,1105933.061302185,1105933,61302185,15,0,2,2299810235.181,137079,6243117,11,0,2
1922969972,2010-12-08 14:19:32,1105979.414735794,1105979,414735794,15,0,2,2299810235.181,137079,6243117,11,0,2
1922970032,2010-12-08 14:20:32,1106025.95640564,1106025,956405640,15,0,2,2299810235.181,137079,6243117,11,0,2
1922970092,2010-12-08 14:21:32,1106072.644240379,1106072,644240379,15,0,2,2299810235.181,137079,6243117,11,0,2
1922970152,2010-12-08 14:22:32,1106119.404073715,1106119,404073715,15,0,2,2299810235.181,137079,6243117,11,0,2
1922970212,2010-12-08 14:23:32,1106166.219555855,1106166,219555855,15,0,2,2299810235.181,137079,6243117,11,0,2
1922970272,2010-12-08 14:24:32,1106213.236690521,1106213,236690521,15,0,2,2299810235.181,137079,6243117,11,0,2
1922970332,2010-12-08 14:25:32,1106260.39226532,1106260,392265320,15,0,2,2299810235.181,137079,6243117,11,0,2
1922970392,2010-12-08 14:26:32,1106307.668628693,1106307,668628693,15,0,2,2299810235.181,137079,6243117,11,0,2
1922970452,2010-12-08 14:27:32,1106355.036018372,1106355,36018372,15,0,2,2299810235.181,137079,6243117,11,0,2
1922970512,2010-12-08 14:28:32,1106402.610021591,1106402,610021591,15,0,2,2299810235.181,137079,6243117,11,0,2
1922970572,2010-12-08 14:29:32,1106450.229840279,1106450,229840279,15,0,2,2299810235.181,137079,6243117,11,0,2
1922970632,2010-12-08 14:30:32,1106498.039744377,1106498,39744377,15,0,2,2299810235.181,137079,6243117,11,0,2
1922970692,2010-12-08 14:31:32,1106545.956234932,1106545,956234932,15,0,2,2299810235.181,137079,6243117,11,0,2
1922970752,2010-12-08 14:32:32,1106594.095294952,1106594,95294952,15,0,2,2299810235.181,137079,6243117,11,0,2
1922970812,2010-12-08 14:33:32,1106642.418517113,1106642,418517113,15,0,2,2299810235.181,137079,6243117,11,0,2
1922970872,2010-12-08 14:34:32,1106690.913053513,1106690,913053513,15,0,2,2299810235.181,137079,6243117,11,0,2
1923068414,2010-12-09 17:40:14,1141158.076431274,1141158,76431274,25,0,2,2299810235.181,137079,6243117,11,0,2
1923068474,2010-12-09 17:41:14,1141220.245680809,1141220,245680809,25,0,2,2299810235.181,137079,6243117,11,0,2
1923068534,2010-12-09 17:42:14,1141281.41531086,1141281,415310860,25,0,2,2299810235.181,137079,6243117,11,0,2
1923068594,2010-12-09 17:43:14,1141341.84231472,1141341,842314720,25,0,2,2299810235.181,137079,6243117,11,0,2
1923068654,2010-12-09 17:44:14,1141401.559465408,1141401,559465408,25,0,2,2299810235.181,137079,6243117,11,0,2
1923068714,2010-12-09 17:45:14,1141460.780673981,1141460,780673981,25,0,2,2299810235.181,137079,6243117,11,0,2
1923068774,2010-12-09 17:46:14,1141519.777462006,1141519,777462006,25,0,2,2299810235.181,137079,6243117,11,0,2
1923068834,2010-12-09 17:47:14,1141578.625389099,1141578,625389099,25,0,2,2299810235.181,137079,6243117,11,0,2
1923068894,2010-12-09 17:48:14,1141637.271762848,1141637,271762848,25,0,2,2299810235.181,137079,6243117,11,0,2
1923068954,2010-12-09 17:49:14,1141695.853257179,1141695,853257179,25,0,2,2299810235.181,137079,6243117,11,0,2
1923069014,2010-12-09 17:50:14,1141754.395287514,1141754,395287514,25,0,2,2299810235.181,137079,6243117,11,0,2
1923069074,2010-12-09 17:51:14,1141812.867279053,1141812,867279053,25,0,2,2299810235.181,137079,6243117,11,0,2
1923069134,2010-12-09 17:52:14,1141871.264590263,1141871,264590263,25,0,2,2299810235.181,137079,6243117,11,0,2
1923069194,2010-12-09 17:53:14,1141929.513360023,1141929,513360023,25,0,2,2299810235.181,137079,6243117,11,0,2
1923069254,2010-12-09 17:54:14,1141987.917969704,1141987,917969704,25,0,2,2299810235.181,137079,6243117,11,0,2
1923069314,2010-12-09 17:55:14,1142046.220293999,1142046,220293999,25,0,2,2299810235.181,137079,6243117,11,0,2
1923069374,2010-12-09 17:56:14,1142104.491743088,1142104,491743088,25,0,2,2299810235.181,137079,6243117,11,0,2
1923069434,2010-12-09 17:57:14,1142162.775654793,1142162,775654793,25,0,2,2299810235.181,137079,6243117,11,0,2
1923069494,2010-12-09 17:58:14,1142221.203191757,1142221,203191757,25,0,2,2299810235.181,137079,6243117,11,0,2
1923069554,2010-12-09 17:59:14,1142279.500291824,1142279,500291824,25,0,2,2299810235.181,137079,6243117,11,0,2
1923069614,2010-12-09 18:00:14,1142337.955209732,1142337,955209732,25,0,2,2299810235.181,137079,6243117,11,0,2
1923069674,2010-12-09 18:01:14,1142396.373970985,1142396,373970985,25,0,2,2299810235.181,137079,6243117,11,0,2
1923069734,2010-12-09 18:02:14,1142454.816464424,1142454,816464424,25,0,2,2299810235.181,137079,6243117,11,0,2
1923069794,2010-12-09 18:03:14,1142513.285733223,1142513,285733223,25,0,2,2299810235.181,137079,6243117,11,0,2
1923069854,2010-12-09 18:04:14,1142571.769091606,1142571,769091606,25,0,2,2299810235.181,137079,6243117,11,0,2
1923069914,2010-12-09 18:05:14,1142630.297570229,1142630,297570229,25,0,2,2299810235.181,137079,6243117,11,0,2
1923141854,2010-12-10 14:04:14,1144486.770726204,1144486,770726204,24,0,2,2299810235.181,137079,6243117,11,0,2
1923141914,2010-12-10 14:05:14,1144518.804079056,1144518,804079056,24,0,2,2299810235.181,137079,6243117,11,0,2
1923141974,2010-12-10 14:06:14,1144549.994405746,1144549,994405746,24,0,2,2299810235.181,137079,6243117,11,0,2
1923142034,2010-12-10 14:07:14,1144580.388132095,1144580,388132095,24,0,2,2299810235.181,137079,6243117,11,0,2
1923142094,2010-12-10 14:08:14,1144609.990282059,1144609,990282059,24,0,2,2299810235.181,137079,6243117,11,0,2
1923142154,2010-12-10 14:09:14,1144639.237179756,1144639,237179756,24,0,2,2299810235.181,137079,6243117,11,0,2
1923142214,2010-12-10 14:10:14,1144668.210439682,1144668,210439682,24,0,2,2299810235.181,137079,6243117,11,0,2
1923142274,2010-12-10 14:11:14,1144697.077488899,1144697,77488899,24,0,2,2299810235.181,137079,6243117,11,0,2
1923142334,2010-12-10 14:12:14,1144725.917469978,1144725,917469978,24,0,2,2299810235.181,137079,6243117,11,0,2
1923142394,2010-12-10 14:13:14,1144754.916516304,1144754,916516304,24,0,2,2299810235.181,137079,6243117,11,0,2
1923142454,2010-12-10 14:14:14,1144783.940356255,1144783,940356255,24,0,2,2299810235.181,137079,6243117,11,0,2
1923142514,2010-12-10 14:15:14,1144813.142072678,1144813,142072678,24,0,2,2299810235.181,137079,6243117,11,0,2
1923142574,2010-12-10 14:16:14,1144842.581018448,1144842,581018448,24,0,2,2299810235.181,137079,6243117,11,0,2
1923142634,2010-12-10 14:17:14,1144872.108381271,1144872,108381271,24,0,2,2299810235.181,137079,6243117,11,0,2
1923142694,2010-12-10 14:18:14,1144901.700388908,1144901,700388908,24,0,2,2299810235.181,137079,6243117,11,0,2
1923142754,2010-12-10 14:19:14,1144931.455896378,1144931,455896378,24,0,2,2299810235.181,137079,6243117,11,0,2
1923142814,2010-12-10 14:20:14,1144961.277078629,1144961,277078629,24,0,2,2299810235.181,137079,6243117,11,0,2
1923142874,2010-12-10 14:21:14,1144991.203660965,1144991,203660965,24,0,2,2299810235.181,137079,6243117,11,0,2
1923142934,2010-12-10 14:22:14,1145021.374868393,1145021,374868393,24,0,2,2299810235.181,137079,6243117,11,0,2
1923142994,2010-12-10 14:23:14,1145051.65897274,1145051,658972740,24,0,2,2299810235.181,137079,6243117,11,0,2
1923143054,2010-12-10 14:24:14,1145082.046260834,1145082,46260834,24,0,2,2299810235.181,137079,6243117,11,0,2
1923143114,2010-12-10 14:25:14,1145112.633728027,1145112,633728027,24,0,2,2299810235.181,137079,6243117,11,0,2
1923143174,2010-12-10 14:26:14,1145143.479252815,1145143,479252815,24,0,2,2299810235.181,137079,6243117,11,0,2
1923143234,2010-12-10 14:27:14,1145174.385577202,1145174,385577202,24,0,2,2299810235.181,137079,6243117,11,0,2
1923143294,2010-12-10 14:28:14,1145205.44791317,1145205,447913170,24,0,2,2299810235.181,137079,6243117,11,0,2
1923143354,2010-12-10 14:29:14,1145236.655748367,1145236,655748367,24,0,2,2299810235.181,137079,6243117,11,0,2
1923143414,2010-12-10 14:30:14,1145268.134228706,1145268,134228706,24,0,2,2299810235.181,137079,6243117,11,0,2
1923400801,2010-12-13 14:00:01,1132090.878752708,1132090,878752708,15,0,2,2299810235.181,137079,6243117,11,0,2
1923400861,2010-12-13 14:01:01,1132205.263463974,1132205,263463974,15,0,2,2299810235.181,137079,6243117,11,0,2
1923400921,2010-12-13 14:02:01,1132310.46603775,1132310,466037750,15,0,2,2299810235.181,137079,6243117,11,0,2
1923400981,2010-12-13 14:03:01,1132407.995038986,1132407,995038986,15,0,2,2299810235.181,137079,6243117,11,0,2
1923401041,2010-12-13 14:04:01,1132499.140295029,1132499,140295029,15,0,2,2299810235.181,137079,6243117,11,0,2
1923401101,2010-12-13 14:05:01,1132585.250461578,1132585,250461578,15,0,2,2299810235.181,137079,6243117,11,0,2
1923401161,2010-12-13 14:06:01,1132667.258845329,1132667,258845329,15,0,2,2299810235.181,137079,6243117,11,0,2
1923401221,2010-12-13 14:07:01,1132745.87930584,1132745,879305840,15,0,2,2299810235.181,137079,6243117,11,0,2
1923401281,2010-12-13 14:08:01,1132821.753510475,1132821,753510475,15,0,2,2299810235.181,137079,6243117,11,0,2
1923401341,2010-12-13 14:09:01,1132895.382040977,1132895,382040977,15,0,2,2299810235.181,137079,6243117,11,0,2
1923401401,2010-12-13 14:10:01,1132967.080202103,1132967,80202103,15,0,2,2299810235.181,137079,6243117,11,0,2
1923401461,2010-12-13 14:11:01,1133036.997711182,1133036,997711182,15,0,2,2299810235.181,137079,6243117,11,0,2
1923401521,2010-12-13 14:12:01,1133105.450842857,1133105,450842857,15,0,2,2299810235.181,137079,6243117,11,0,2
1923401581,2010-12-13 14:13:01,1133172.538477898,1133172,538477898,15,0,2,2299810235.181,137079,6243117,11,0,2
1923401641,2010-12-13 14:14:01,1133238.440703392,1133238,440703392,15,0,2,2299810235.181,137079,6243117,11,0,2
1923401701,2010-12-13 14:15:01,1133303.184260368,1133303,184260368,15,0,2,2299810235.181,137079,6243117,11,0,2
1923401761,2010-12-13 14:16:01,1133366.886359215,1133366,886359215,15,0,2,2299810235.181,137079,6243117,11,0,2
1923401821,2010-12-13 14:17:01,1133429.67011261,1133429,670112610,15,0,2,2299810235.181,137079,6243117,11,0,2
1923401881,2010-12-13 14:18:01,1133491.51947403,1133491,519474030,15,0,2,2299810235.181,137079,6243117,11,0,2
1923401941,2010-12-13 14:19:01,1133552.516082764,1133552,516082764,15,0,2,2299810235.181,137079,6243117,11,0,2
1923402001,2010-12-13 14:20:01,1133612.72753334,1133612,727533340,15,0,2,2299810235.181,137079,6243117,11,0,2
1923402061,2010-12-13 14:21:01,1133672.08758831,1133672,87588310,15,0,2,2299810235.181,137079,6243117,11,0,2
1923402121,2010-12-13 14:22:01,1133730.65999794,1133730,659997940,15,0,2,2299810235.181,137079,6243117,11,0,2
1923402181,2010-12-13 14:23:01,1133788.510766029,1133788,510766029,15,0,2,2299810235.181,137079,6243117,11,0,2
1923402241,2010-12-13 14:24:01,1133845.763524055,1133845,763524055,15,0,2,2299810235.181,137079,6243117,11,0,2
1923402301,2010-12-13 14:25:01,1133902.325000763,1133902,325000763,15,0,2,2299810235.181,137079,6243117,11,0,2
1923402361,2010-12-13 14:26:01,1133958.226952553,1133958,226952553,15,0,2,2299810235.181,137079,6243117,11,0,2
1923402421,2010-12-13 14:27:01,1134013.414196968,1134013,414196968,15,0,2,2299810235.181,137079,6243117,11,0,2
1923589848,2010-12-15 18:30:48,1093383.061117172,1093383,61117172,45,0,2,2299810235.181,137079,6243117,11,0,2
1923589908,2010-12-15 18:31:48,1093369.397059441,1093369,397059441,45,0,2,2299810235.181,137079,6243117,11,0,2
1923589968,2010-12-15 18:32:48,1093355.380233765,1093355,380233765,45,0,2,2299810235.181,137079,6243117,11,0,2
1923590028,2010-12-15 18:33:48,1093341.123152733,1093341,123152733,45,0,2,2299810235.181,137079,6243117,11,0,2
1923590088,2010-12-15 18:34:48,1093326.825332642,1093326,825332642,45,0,2,2299810235.181,137079,6243117,11,0,2
1923590148,2010-12-15 18:35:48,1093312.384981155,1093312,384981155,45,0,2,2299810235.181,137079,6243117,11,0,2
1923590208,2010-12-15 18:36:48,1093297.99667263,1093297,996672630,45,0,2,2299810235.181,137079,6243117,11,0,2
1923590268,2010-12-15 18:37:48,1093283.525140762,1093283,525140762,45,0,2,2299810235.181,137079,6243117,11,0,2
1923590328,2010-12-15 18:38:48,1093269.224633217,1093269,224633217,45,0,2,2299810235.181,137079,6243117,11,0,2
1923590388,2010-12-15 18:39:48,1093254.904500008,1093254,904500008,45,0,2,2299810235.181,137079,6243117,11,0,2
1923590448,2010-12-15 18:40:48,1093240.697161674,1093240,697161674,45,0,2,2299810235.181,137079,6243117,11,0,2
1923590508,2010-12-15 18:41:48,1093226.694822311,1093226,694822311,45,0,2,2299810235.181,137079,6243117,11,0,2
1923590568,2010-12-15 18:42:48,1093212.727724075,1093212,727724075,45,0,2,2299810235.181,137079,6243117,11,0,2
1923590628,2010-12-15 18:43:48,1093198.939770699,1093198,939770699,45,0,2,2299810235.181,137079,6243117,11,0,2
1923590688,2010-12-15 18:44:48,1093185.182675362,1093185,182675362,45,0,2,2299810235.181,137079,6243117,11,0,2
1923590748,2010-12-15 18:45:48,1093171.503078461,1093171,503078461,45,0,2,2299810235.181,137079,6243117,11,0,2
1923590808,2010-12-15 18:46:48,1093158.037072182,1093158,37072182,45,0,2,2299810235.181,137079,6243117,11,0,2
1923590868,2010-12-15 18:47:48,1093144.676373482,1093144,676373482,45,0,2,2299810235.181,137079,6243117,11,0,2
1923590928,2010-12-15 18:48:48,1093131.413113594,1093131,413113594,45,0,2,2299810235.181,137079,6243117,11,0,2
1923590988,2010-12-15 18:49:48,1093118.303152084,1093118,303152084,45,0,2,2299810235.181,137079,6243117,11,0,2
1923591048,2010-12-15 18:50:48,1093105.280646324,1093105,280646324,45,0,2,2299810235.181,137079,6243117,11,0,2
1923591108,2010-12-15 18:51:48,1093092.496551514,1093092,496551514,45,0,2,2299810235.181,137079,6243117,11,0,2
1923591168,2010-12-15 18:52:48,1093079.743655205,1093079,743655205,45,0,2,2299810235.181,137079,6243117,11,0,2
1923602307,2010-12-15 21:58:27,1093296.906550407,1093296,906550407,45,0,2,2299810235.181,137079,6243117,11,0,2
1923602367,2010-12-15 21:59:27,1093350.961078644,1093350,961078644,45,0,2,2299810235.181,137079,6243117,11,0,2
1923602427,2010-12-15 22:00:27,1093395.097849846,1093395,97849846,45,0,2,2299810235.181,137079,6243117,11,0,2
1923602487,2010-12-15 22:01:27,1093433.832050323,1093433,832050323,45,0,2,2299810235.181,137079,6243117,11,0,2
1923602547,2010-12-15 22:02:27,1093469.344822884,1093469,344822884,45,0,2,2299810235.181,137079,6243117,11,0,2
1923602607,2010-12-15 22:03:27,1093502.720266342,1093502,720266342,45,0,2,2299810235.181,137079,6243117,11,0,2
1923602667,2010-12-15 22:04:27,1093534.81778717,1093534,817787170,45,0,2,2299810235.181,137079,6243117,11,0,2
1923602727,2010-12-15 22:05:27,1093566.108405113,1093566,108405113,45,0,2,2299810235.181,137079,6243117,11,0,2
1923602787,2010-12-15 22:06:27,1093596.692127228,1093596,692127228,45,0,2,2299810235.181,137079,6243117,11,0,2
1923602847,2010-12-15 22:07:27,1093626.884197235,1093626,884197235,45,0,2,2299810235.181,137079,6243117,11,0,2
1923602907,2010-12-15 22:08:27,1093656.836556435,1093656,836556435,45,0,2,2299810235.181,137079,6243117,11,0,2
1923602967,2010-12-15 22:09:27,1093686.550792694,1093686,550792694,45,0,2,2299810235.181,137079,6243117,11,0,2
1923603027,2010-12-15 22:10:27,1093716.034040451,1093716,34040451,45,0,2,2299810235.181,137079,6243117,11,0,2
1923603087,2010-12-15 22:11:27,1093745.431333542,1093745,431333542,45,0,2,2299810235.181,137079,6243117,11,0,2
1923603147,2010-12-15 22:12:27,1093774.722676277,1093774,722676277,45,0,2,2299810235.181,137079,6243117,11,0,2
1923603207,2010-12-15 22:13:27,1093803.825725555,1093803,825725555,45,0,2,2299810235.181,137079,6243117,11,0,2
1923603267,2010-12-15 22:14:27,1093832.894323349,1093832,894323349,45,0,2,2299810235.181,137079,6243117,11,0,2
1923603327,2010-12-15 22:15:27,1093861.963609695,1093861,963609695,45,0,2,2299810235.181,137079,6243117,11,0,2
1923603387,2010-12-15 22:16:27,1093890.835568428,1093890,835568428,45,0,2,2299810235.181,137079,6243117,11,0,2
1923603447,2010-12-15 22:17:27,1093919.622048378,1093919,622048378,45,0,2,2299810235.181,137079,6243117,11,0,2
1923603507,2010-12-15 22:18:27,1093948.478924751,1093948,478924751,45,0,2,2299810235.181,137079,6243117,11,0,2
1923603567,2010-12-15 22:19:27,1093977.191720009,1093977,191720009,45,0,2,2299810235.181,137079,6243117,11,0,2
1923603627,2010-12-15 22:20:27,1094005.840360641,1094005,840360641,45,0,2,2299810235.181,137079,6243117,11,0,2
1923603687,2010-12-15 22:21:27,1094034.422954559,1094034,422954559,45,0,2,2299810235.181,137079,6243117,11,0,2
1923603747,2010-12-15 22:22:27,1094063.006725311,1094063,6725311,45,0,2,2299810235.181,137079,6243117,11,0,2
1923603807,2010-12-15 22:23:27,1094091.549070358,1094091,549070358,45,0,2,2299810235.181,137079,6243117,11,0,2
1923603867,2010-12-15 22:24:27,1094120.058253288,1094120,58253288,45,0,2,2299810235.181,137079,6243117,11,0,2
1923603927,2010-12-15 22:25:27,1094148.433685303,1094148,433685303,45,0,2,2299810235.181,137079,6243117,11,0,2
1923603987,2010-12-15 22:26:27,1094176.761312485,1094176,761312485,45,0,2,2299810235.181,137079,6243117,11,0,2
1923604047,2010-12-15 22:27:27,1094205.07553196,1094205,75531960,45,0,2,2299810235.181,137079,6243117,11,0,2
1923604107,2010-12-15 22:28:27,1094233.37172699,1094233,371726990,45,0,2,2299810235.181,137079,6243117,11,0,2
1923604167,2010-12-15 22:29:27,1094261.626994133,1094261,626994133,45,0,2,2299810235.181,137079,6243117,11,0,2
1923832843,2010-12-18 14:00:43,1016772.224284172,1016772,224284172,25,0,2,2299810235.181,137079,6243117,11,0,2
1923832903,2010-12-18 14:01:43,1016786.188734055,1016786,188734055,25,0,2,2299810235.181,137079,6243117,11,0,2
1923832963,2010-12-18 14:02:43,1016797.628246307,1016797,628246307,25,0,2,2299810235.181,137079,6243117,11,0,2
1923833023,2010-12-18 14:03:43,1016807.051764488,1016807,51764488,25,0,2,2299810235.181,137079,6243117,11,0,2
1923833083,2010-12-18 14:04:43,1016814.935368538,1016814,935368538,25,0,2,2299810235.181,137079,6243117,11,0,2
1923833115,2010-12-18 14:05:15,1016827.058545113,1016827,58545113,14,0,2,2299810235.181,137079,6243117,11,0,2
1923833143,2010-12-18 14:05:43,1016821.813185692,1016821,813185692,25,0,2,2299810235.181,137079,6243117,11,0,2
1923833147,2010-12-18 14:05:47,1016822.214755058,1016822,214755058,26,0,2,2299810235.181,137079,6243117,11,0,2
1923833175,2010-12-18 14:06:15,1016833.381875038,1016833,381875038,14,0,2,2299810235.181,137079,6243117,11,0,2
1923833203,2010-12-18 14:06:43,1016827.80177021,1016827,801770210,25,0,2,2299810235.181,137079,6243117,11,0,2
1923833207,2010-12-18 14:06:47,1016828.172463417,1016828,172463417,26,0,2,2299810235.181,137079,6243117,11,0,2
1923833235,2010-12-18 14:07:15,1016839.016626358,1016839,16626358,14,0,2,2299810235.181,137079,6243117,11,0,2
1923833263,2010-12-18 14:07:43,1016833.160368919,1016833,160368919,25,0,2,2299810235.181,137079,6243117,11,0,2
1923833267,2010-12-18 14:07:47,1016833.475927353,1016833,475927353,26,0,2,2299810235.181,137079,6243117,11,0,2
1923833295,2010-12-18 14:08:15,1016844.045088768,1016844,45088768,14,0,2,2299810235.181,137079,6243117,11,0,2
1923833323,2010-12-18 14:08:43,1016838.08524704,1016838,85247040,25,0,2,2299810235.181,137079,6243117,11,0,2
1923833327,2010-12-18 14:08:47,1016838.392440796,1016838,392440796,26,0,2,2299810235.181,137079,6243117,11,0,2
1923833355,2010-12-18 14:09:15,1016848.815175056,1016848,815175056,14,0,2,2299810235.181,137079,6243117,11,0,2
1923833383,2010-12-18 14:09:43,1016842.742546082,1016842,742546082,25,0,2,2299810235.181,137079,6243117,11,0,2
1923833415,2010-12-18 14:10:15,1016853.281403542,1016853,281403542,14,0,2,2299810235.181,137079,6243117,11,0,2
1923833443,2010-12-18 14:10:43,1016847.094371796,1016847,94371796,25,0,2,2299810235.181,137079,6243117,11,0,2
1923833475,2010-12-18 14:11:15,1016857.455763817,1016857,455763817,14,0,2,2299810235.181,137079,6243117,11,0,2
1923833503,2010-12-18 14:11:43,1016851.283014297,1016851,283014297,25,0,2,2299810235.181,137079,6243117,11,0,2
1923833535,2010-12-18 14:12:15,1016861.57926178,1016861,579261780,14,0,2,2299810235.181,137079,6243117,11,0,2
1923833563,2010-12-18 14:12:43,1016855.391646385,1016855,391646385,25,0,2,2299810235.181,137079,6243117,11,0,2
1923833595,2010-12-18 14:13:15,1016865.624484062,1016865,624484062,14,0,2,2299810235.181,137079,6243117,11,0,2
1923833623,2010-12-18 14:13:43,1016859.410903931,1016859,410903931,25,0,2,2299810235.181,137079,6243117,11,0,2
1923833633,2010-12-18 14:13:53,1016860.074311256,1016860,74311256,26,0,2,2299810235.181,137079,6243117,11,0,2
1923833655,2010-12-18 14:14:15,1016869.58883667,1016869,588836670,14,0,2,2299810235.181,137079,6243117,11,0,2
1923833683,2010-12-18 14:14:43,1016863.438810349,1016863,438810349,25,0,2,2299810235.181,137079,6243117,11,0,2
1923833693,2010-12-18 14:14:53,1016864.121685028,1016864,121685028,26,0,2,2299810235.181,137079,6243117,11,0,2
1923833715,2010-12-18 14:15:15,1016873.641895294,1016873,641895294,14,0,2,2299810235.181,137079,6243117,11,0,2
1923833743,2010-12-18 14:15:43,1016867.571056366,1016867,571056366,25,0,2,2299810235.181,137079,6243117,11,0,2
1923833753,2010-12-18 14:15:53,1016868.255846024,1016868,255846024,26,0,2,2299810235.181,137079,6243117,11,0,2
1923833775,2010-12-18 14:16:15,1016877.695219994,1016877,695219994,14,0,2,2299810235.181,137079,6243117,11,0,2
1923833803,2010-12-18 14:16:43,1016871.636705399,1016871,636705399,25,0,2,2299810235.181,137079,6243117,11,0,2
1923833835,2010-12-18 14:17:15,1016881.778335571,1016881,778335571,14,0,2,2299810235.181,137079,6243117,11,0,2
1923833863,2010-12-18 14:17:43,1016875.833278656,1016875,833278656,25,0,2,2299810235.181,137079,6243117,11,0,2
1923833895,2010-12-18 14:18:15,1016885.959750175,1016885,959750175,14,0,2,2299810235.181,137079,6243117,11,0,2
1923833923,2010-12-18 14:18:43,1016880.005174637,1016880,5174637,25,0,2,2299810235.181,137079,6243117,11,0,2
1923833955,2010-12-18 14:19:15,1016890.149120331,1016890,149120331,14,0,2,2299810235.181,137079,6243117,11,0,2
1923833983,2010-12-18 14:19:43,1016884.313484192,1016884,313484192,25,0,2,2299810235.181,137079,6243117,11,0,2
1923834015,2010-12-18 14:20:15,1016894.424360275,1016894,424360275,14,0,2,2299810235.181,137079,6243117,11,0,2
1923834043,2010-12-18 14:20:43,1016888.668738365,1016888,668738365,25,0,2,2299810235.181,137079,6243117,11,0,2
1923834075,2010-12-18 14:21:15,1016898.866901398,1016898,866901398,14,0,2,2299810235.181,137079,6243117,11,0,2
1923834103,2010-12-18 14:21:43,1016893.210110664,1016893,210110664,25,0,2,2299810235.181,137079,6243117,11,0,2
1923834135,2010-12-18 14:22:15,1016903.448459625,1016903,448459625,14,0,2,2299810235.181,137079,6243117,11,0,2
1923834163,2010-12-18 14:22:43,1016897.883461952,1016897,883461952,25,0,2,2299810235.181,137079,6243117,11,0,2
1923834195,2010-12-18 14:23:15,1016908.13705349,1016908,137053490,14,0,2,2299810235.181,137079,6243117,11,0,2
1923834223,2010-12-18 14:23:43,1016902.645122528,1016902,645122528,25,0,2,2299810235.181,137079,6243117,11,0,2
1923834255,2010-12-18 14:24:15,1016912.903633118,1016912,903633118,14,0,2,2299810235.181,137079,6243117,11,0,2
1923834272,2010-12-18 14:24:32,1016906.624473572,1016906,624473572,26,0,2,2299810235.181,137079,6243117,11,0,2
1923834283,2010-12-18 14:24:43,1016907.488789558,1016907,488789558,25,0,2,2299810235.181,137079,6243117,11,0,2
1923834315,2010-12-18 14:25:15,1016917.795185089,1016917,795185089,14,0,2,2299810235.181,137079,6243117,11,0,2
1923834332,2010-12-18 14:25:32,1016911.597790718,1016911,597790718,26,0,2,2299810235.181,137079,6243117,11,0,2
1923834343,2010-12-18 14:25:43,1016912.517326355,1016912,517326355,25,0,2,2299810235.181,137079,6243117,11,0,2
1923834375,2010-12-18 14:26:15,1016922.868313789,1016922,868313789,14,0,2,2299810235.181,137079,6243117,11,0,2
1923834392,2010-12-18 14:26:32,1016916.759289742,1016916,759289742,26,0,2,2299810235.181,137079,6243117,11,0,2
1923834403,2010-12-18 14:26:43,1016917.693126678,1016917,693126678,25,0,2,2299810235.181,137079,6243117,11,0,2
1923834435,2010-12-18 14:27:15,1016928.085929871,1016928,85929871,14,0,2,2299810235.181,137079,6243117,11,0,2
1923834452,2010-12-18 14:27:32,1016922.062922478,1016922,62922478,26,0,2,2299810235.181,137079,6243117,11,0,2
1923834463,2010-12-18 14:27:43,1016923.041711807,1016923,41711807,25,0,2,2299810235.181,137079,6243117,11,0,2
1923834495,2010-12-18 14:28:15,1016933.529281616,1016933,529281616,14,0,2,2299810235.181,137079,6243117,11,0,2
1923834512,2010-12-18 14:28:32,1016927.607139587,1016927,607139587,26,0,2,2299810235.181,137079,6243117,11,0,2
1923834523,2010-12-18 14:28:43,1016928.605464935,1016928,605464935,25,0,2,2299810235.181,137079,6243117,11,0,2
1924265633,2010-12-23 14:13:53,862548.41860199,862548,418601990,25,0,2,2299810235.181,137079,6243117,11,0,2
1924265693,2010-12-23 14:14:53,862559.774258614,862559,774258614,25,0,2,2299810235.181,137079,6243117,11,0,2
1924265753,2010-12-23 14:15:53,862569.5822258,862569,582225800,25,0,2,2299810235.181,137079,6243117,11,0,2
1924265813,2010-12-23 14:16:53,862578.199799538,862578,199799538,25,0,2,2299810235.181,137079,6243117,11,0,2
1924265873,2010-12-23 14:17:53,862586.051391602,862586,51391602,25,0,2,2299810235.181,137079,6243117,11,0,2
1924265933,2010-12-23 14:18:53,862593.174980164,862593,174980164,25,0,2,2299810235.181,137079,6243117,11,0,2
1924265993,2010-12-23 14:19:53,862600.028417587,862600,28417587,25,0,2,2299810235.181,137079,6243117,11,0,2
1924266053,2010-12-23 14:20:53,862606.543717384,862606,543717384,25,0,2,2299810235.181,137079,6243117,11,0,2
1924266113,2010-12-23 14:21:53,862612.829034805,862612,829034805,25,0,2,2299810235.181,137079,6243117,11,0,2
1924266173,2010-12-23 14:22:53,862619.017335892,862619,17335892,25,0,2,2299810235.181,137079,6243117,11,0,2
1924266233,2010-12-23 14:23:53,862625.168340683,862625,168340683,25,0,2,2299810235.181,137079,6243117,11,0,2
1924266293,2010-12-23 14:24:53,862631.297152519,862631,297152519,25,0,2,2299810235.181,137079,6243117,11,0,2
1924266353,2010-12-23 14:25:53,862637.368933678,862637,368933678,25,0,2,2299810235.181,137079,6243117,11,0,2
1924266413,2010-12-23 14:26:53,862643.467478752,862643,467478752,25,0,2,2299810235.181,137079,6243117,11,0,2
1924266473,2010-12-23 14:27:53,862649.586888313,862649,586888313,25,0,2,2299810235.181,137079,6243117,11,0,2
1924266533,2010-12-23 14:28:53,862655.777691841,862655,777691841,25,0,2,2299810235.181,137079,6243117,11,0,2
1924266593,2010-12-23 14:29:53,862661.992143631,862661,992143631,25,0,2,2299810235.181,137079,6243117,11,0,2
1924266653,2010-12-23 14:30:53,862668.216317177,862668,216317177,25,0,2,2299810235.181,137079,6243117,11,0,2
1924266713,2010-12-23 14:31:53,862674.610124588,862674,610124588,25,0,2,2299810235.181,137079,6243117,11,0,2
1924266773,2010-12-23 14:32:53,862680.977379799,862680,977379799,25,0,2,2299810235.181,137079,6243117,11,0,2
1924266833,2010-12-23 14:33:53,862687.477952957,862687,477952957,25,0,2,2299810235.181,137079,6243117,11,0,2
1924266893,2010-12-23 14:34:53,862693.967489243,862693,967489243,25,0,2,2299810235.181,137079,6243117,11,0,2
1924266953,2010-12-23 14:35:53,862700.475222588,862700,475222588,25,0,2,2299810235.181,137079,6243117,11,0,2
1924267013,2010-12-23 14:36:53,862707.119078636,862707,119078636,25,0,2,2299810235.181,137079,6243117,11,0,2
1924267073,2010-12-23 14:37:53,862713.714939117,862713,714939117,25,0,2,2299810235.181,137079,6243117,11,0,2
1924267133,2010-12-23 14:38:53,862720.411390305,862720,411390305,25,0,2,2299810235.181,137079,6243117,11,0,2
1924267193,2010-12-23 14:39:53,862727.290196419,862727,290196419,25,0,2,2299810235.181,137079,6243117,11,0,2
1924611641,2010-12-27 14:20:41,742882.116186142,742882,116186142,26,0,2,2299810235.181,137079,6243117,11,0,2
1924611701,2010-12-27 14:21:41,742892.07318306,742892,73183060,26,0,2,2299810235.181,137079,6243117,11,0,2
1924611761,2010-12-27 14:22:41,742901.067759514,742901,67759514,26,0,2,2299810235.181,137079,6243117,11,0,2
1924611821,2010-12-27 14:23:41,742909.428421021,742909,428421021,26,0,2,2299810235.181,137079,6243117,11,0,2
1924611881,2010-12-27 14:24:41,742917.29541111,742917,295411110,26,0,2,2299810235.181,137079,6243117,11,0,2
1924611941,2010-12-27 14:25:41,742924.764743805,742924,764743805,26,0,2,2299810235.181,137079,6243117,11,0,2
1924612001,2010-12-27 14:26:41,742932.02751255,742932,27512550,26,0,2,2299810235.181,137079,6243117,11,0,2
1924612061,2010-12-27 14:27:41,742939.104366302,742939,104366302,26,0,2,2299810235.181,137079,6243117,11,0,2
1924612121,2010-12-27 14:28:41,742946.061747551,742946,61747551,26,0,2,2299810235.181,137079,6243117,11,0,2
1924612181,2010-12-27 14:29:41,742952.941748619,742952,941748619,26,0,2,2299810235.181,137079,6243117,11,0,2
1924612241,2010-12-27 14:30:41,742959.674409866,742959,674409866,26,0,2,2299810235.181,137079,6243117,11,0,2
1924612301,2010-12-27 14:31:41,742966.402859688,742966,402859688,26,0,2,2299810235.181,137079,6243117,11,0,2
1924612361,2010-12-27 14:32:41,742973.124030113,742973,124030113,26,0,2,2299810235.181,137079,6243117,11,0,2
1924612421,2010-12-27 14:33:41,742979.870297432,742979,870297432,26,0,2,2299810235.181,137079,6243117,11,0,2
1924612481,2010-12-27 14:34:41,742986.621066093,742986,621066093,26,0,2,2299810235.181,137079,6243117,11,0,2
1924612541,2010-12-27 14:35:41,742993.234342575,742993,234342575,26,0,2,2299810235.181,137079,6243117,11,0,2
1924612601,2010-12-27 14:36:41,743000.055328369,743000,55328369,26,0,2,2299810235.181,137079,6243117,11,0,2
1924612661,2010-12-27 14:37:41,743006.889098167,743006,889098167,26,0,2,2299810235.181,137079,6243117,11,0,2
1924612721,2010-12-27 14:38:41,743013.612019539,743013,612019539,26,0,2,2299810235.181,137079,6243117,11,0,2
1924612781,2010-12-27 14:39:41,743020.47256279,743020,472562790,26,0,2,2299810235.181,137079,6243117,11,0,2
1924612841,2010-12-27 14:40:41,743027.421914101,743027,421914101,26,0,2,2299810235.181,137079,6243117,11,0,2
1924612901,2010-12-27 14:41:41,743034.338896751,743034,338896751,26,0,2,2299810235.181,137079,6243117,11,0,2
1924612961,2010-12-27 14:42:41,743041.305595398,743041,305595398,26,0,2,2299810235.181,137079,6243117,11,0,2
1924613021,2010-12-27 14:43:41,743048.450551987,743048,450551987,26,0,2,2299810235.181,137079,6243117,11,0,2
1924613081,2010-12-27 14:44:41,743055.547668457,743055,547668457,26,0,2,2299810235.181,137079,6243117,11,0,2
1924613141,2010-12-27 14:45:41,743062.7852211,743062,785221100,26,0,2,2299810235.181,137079,6243117,11,0,2
1924709059,2010-12-28 17:24:19,717044.423088074,717044,423088074,24,0,2,2299810235.181,137079,6243117,11,0,2
1924709119,2010-12-28 17:25:19,717086.446279526,717086,446279526,24,0,2,2299810235.181,137079,6243117,11,0,2
1924709179,2010-12-28 17:26:19,717124.643535614,717124,643535614,24,0,2,2299810235.181,137079,6243117,11,0,2
1924709239,2010-12-28 17:27:19,717160.129198074,717160,129198074,24,0,2,2299810235.181,137079,6243117,11,0,2
1924709299,2010-12-28 17:28:19,717193.376736641,717193,376736641,24,0,2,2299810235.181,137079,6243117,11,0,2
1924709359,2010-12-28 17:29:19,717224.894546509,717224,894546509,24,0,2,2299810235.181,137079,6243117,11,0,2
1924709419,2010-12-28 17:30:19,717254.99825573,717254,998255730,24,0,2,2299810235.181,137079,6243117,11,0,2
1924709479,2010-12-28 17:31:19,717284.011335373,717284,11335373,24,0,2,2299810235.181,137079,6243117,11,0,2
1924709539,2010-12-28 17:32:19,717312.164815903,717312,164815903,24,0,2,2299810235.181,137079,6243117,11,0,2
1924709599,2010-12-28 17:33:19,717339.771816254,717339,771816254,24,0,2,2299810235.181,137079,6243117,11,0,2
1924709659,2010-12-28 17:34:19,717366.777728081,717366,777728081,24,0,2,2299810235.181,137079,6243117,11,0,2
1924709719,2010-12-28 17:35:19,717393.377702713,717393,377702713,24,0,2,2299810235.181,137079,6243117,11,0,2
1924709779,2010-12-28 17:36:19,717419.68752861,717419,687528610,24,0,2,2299810235.181,137079,6243117,11,0,2
1924709839,2010-12-28 17:37:19,717445.735281944,717445,735281944,24,0,2,2299810235.181,137079,6243117,11,0,2
1924709899,2010-12-28 17:38:19,717471.562272072,717471,562272072,24,0,2,2299810235.181,137079,6243117,11,0,2
1924709959,2010-12-28 17:39:19,717497.205487251,717497,205487251,24,0,2,2299810235.181,137079,6243117,11,0,2
1924710019,2010-12-28 17:40:19,717522.685630798,717522,685630798,24,0,2,2299810235.181,137079,6243117,11,0,2
1924710079,2010-12-28 17:41:19,717547.949978828,717547,949978828,24,0,2,2299810235.181,137079,6243117,11,0,2
1924710139,2010-12-28 17:42:19,717573.125844002,717573,125844002,24,0,2,2299810235.181,137079,6243117,11,0,2
1924710199,2010-12-28 17:43:19,717598.209511757,717598,209511757,24,0,2,2299810235.181,137079,6243117,11,0,2
1924710259,2010-12-28 17:44:19,717623.249991417,717623,249991417,24,0,2,2299810235.181,137079,6243117,11,0,2
1924710319,2010-12-28 17:45:19,717648.092307091,717648,92307091,24,0,2,2299810235.181,137079,6243117,11,0,2
1924710379,2010-12-28 17:46:19,717672.900146484,717672,900146484,24,0,2,2299810235.181,137079,6243117,11,0,2
1924710439,2010-12-28 17:47:19,717697.65699482,717697,656994820,24,0,2,2299810235.181,137079,6243117,11,0,2
1924710499,2010-12-28 17:48:19,717722.357320786,717722,357320786,24,0,2,2299810235.181,137079,6243117,11,0,2
1924710559,2010-12-28 17:49:19,717747.138070107,717747,138070107,24,0,2,2299810235.181,137079,6243117,11,0,2
1924710619,2010-12-28 17:50:19,717771.891507149,717771,891507149,24,0,2,2299810235.181,137079,6243117,11,0,2
1924710679,2010-12-28 17:51:19,717796.521438599,717796,521438599,24,0,2,2299810235.181,137079,6243117,11,0,2
1924710739,2010-12-28 17:52:19,717821.076239586,717821,76239586,24,0,2,2299810235.181,137079,6243117,11,0,2
1924710799,2010-12-28 17:53:19,717845.704053879,717845,704053879,24,0,2,2299810235.181,137079,6243117,11,0,2
1924710859,2010-12-28 17:54:19,717870.328487396,717870,328487396,24,0,2,2299810235.181,137079,6243117,11,0,2
1924710919,2010-12-28 17:55:19,717894.962400436,717894,962400436,24,0,2,2299810235.181,137079,6243117,11,0,2
1924710979,2010-12-28 17:56:19,717919.538025856,717919,538025856,24,0,2,2299810235.181,137079,6243117,11,0,2
1924784349,2010-12-29 14:19:09,686284.781480789,686284,781480789,15,0,2,2299810235.181,137079,6243117,11,0,2
1924784409,2010-12-29 14:20:09,686315.252408981,686315,252408981,15,0,2,2299810235.181,137079,6243117,11,0,2
1924784469,2010-12-29 14:21:09,686340.69968605,686340,699686050,15,0,2,2299810235.181,137079,6243117,11,0,2
1924784529,2010-12-29 14:22:09,686362.268857002,686362,268857002,15,0,2,2299810235.181,137079,6243117,11,0,2
1924784589,2010-12-29 14:23:09,686380.837320328,686380,837320328,15,0,2,2299810235.181,137079,6243117,11,0,2
1924784649,2010-12-29 14:24:09,686396.872983932,686396,872983932,15,0,2,2299810235.181,137079,6243117,11,0,2
1924784709,2010-12-29 14:25:09,686410.97095871,686410,970958710,15,0,2,2299810235.181,137079,6243117,11,0,2
1924784769,2010-12-29 14:26:09,686423.552237511,686423,552237511,15,0,2,2299810235.181,137079,6243117,11,0,2
1924784829,2010-12-29 14:27:09,686435.06877327,686435,68773270,15,0,2,2299810235.181,137079,6243117,11,0,2
1924784889,2010-12-29 14:28:09,686445.775109291,686445,775109291,15,0,2,2299810235.181,137079,6243117,11,0,2
1924784949,2010-12-29 14:29:09,686455.845840454,686455,845840454,15,0,2,2299810235.181,137079,6243117,11,0,2
1924785009,2010-12-29 14:30:09,686465.437756538,686465,437756538,15,0,2,2299810235.181,137079,6243117,11,0,2
1924785069,2010-12-29 14:31:09,686474.768010139,686474,768010139,15,0,2,2299810235.181,137079,6243117,11,0,2
1924785129,2010-12-29 14:32:09,141201483.84486866,141201483,844868660,15,0,2,2299810235.181,137079,6243117,11,0,2
1924785189,2010-12-29 14:33:09,686492.80697155,686492,806971550,15,0,2,2299810235.181,137079,6243117,11,0,2
1924785249,2010-12-29 14:34:09,686501.603238106,686501,603238106,15,0,2,2299810235.181,137079,6243117,11,0,2
1924785309,2010-12-29 14:35:09,686510.213305473,686510,213305473,15,0,2,2299810235.181,137079,6243117,11,0,2
1924785369,2010-12-29 14:36:09,686518.869416237,686518,869416237,15,0,2,2299810235.181,137079,6243117,11,0,2
1924785429,2010-12-29 14:37:09,686527.390592575,686527,390592575,15,0,2,2299810235.181,137079,6243117,11,0,2
1924785489,2010-12-29 14:38:09,686535.92326355,686535,923263550,15,0,2,2299810235.181,137079,6243117,11,0,2
1924785549,2010-12-29 14:39:09,686544.416241646,686544,416241646,15,0,2,2299810235.181,137079,6243117,11,0,2
1924785609,2010-12-29 14:40:09,686552.957324028,686552,957324028,15,0,2,2299810235.181,137079,6243117,11,0,2
1924785669,2010-12-29 14:41:09,686561.47539711,686561,475397110,15,0,2,2299810235.181,137079,6243117,11,0,2
1924785729,2010-12-29 14:42:09,686570.05803299,686570,58032990,15,0,2,2299810235.181,137079,6243117,11,0,2
1924785789,2010-12-29 14:43:09,686578.677100182,686578,677100182,15,0,2,2299810235.181,137079,6243117,11,0,2
1924785849,2010-12-29 14:44:09,686587.356026649,686587,356026649,15,0,2,2299810235.181,137079,6243117,11,0,2
1924785909,2010-12-29 14:45:09,686596.103935242,686596,103935242,15,0,2,2299810235.181,137079,6243117,11,0,2
1924785969,2010-12-29 14:46:09,686604.86415863,686604,864158630,15,0,2,2299810235.181,137079,6243117,11,0,2
1924786029,2010-12-29 14:47:09,686613.743059158,686613,743059158,15,0,2,2299810235.181,137079,6243117,11,0,2
1924786089,2010-12-29 14:48:09,686622.721297264,686622,721297264,15,0,2,2299810235.181,137079,6243117,11,0,2
1924786149,2010-12-29 14:49:09,686631.714941978,686631,714941978,15,0,2,2299810235.181,137079,6243117,11,0,2
1924786209,2010-12-29 14:50:09,686640.854756355,686640,854756355,15,0,2,2299810235.181,137079,6243117,11,0,2
1924786269,2010-12-29 14:51:09,686650.109107971,686650,109107971,15,0,2,2299810235.181,137079,6243117,11,0,2
1924786329,2010-12-29 14:52:09,686659.419225693,686659,419225693,15,0,2,2299810235.181,137079,6243117,11,0,2
1924870912,2010-12-30 14:21:52,660387.0779562,660387,77956200,26,0,2,2299810235.181,137079,6243117,11,0,2
1924870972,2010-12-30 14:22:52,660404.680764198,660404,680764198,26,0,2,2299810235.181,137079,6243117,11,0,2
1924871032,2010-12-30 14:23:52,660419.668684959,660419,668684959,26,0,2,2299810235.181,137079,6243117,11,0,2
1924871092,2010-12-30 14:24:52,660432.423822403,660432,423822403,26,0,2,2299810235.181,137079,6243117,11,0,2
1924871152,2010-12-30 14:25:52,660443.766646385,660443,766646385,26,0,2,2299810235.181,137079,6243117,11,0,2
1924871212,2010-12-30 14:26:52,660453.827507019,660453,827507019,26,0,2,2299810235.181,137079,6243117,11,0,2
1924871272,2010-12-30 14:27:52,660463.134507179,660463,134507179,26,0,2,2299810235.181,137079,6243117,11,0,2
1924871332,2010-12-30 14:28:52,660471.769402504,660471,769402504,26,0,2,2299810235.181,137079,6243117,11,0,2
1924871392,2010-12-30 14:29:52,660480.053163528,660480,53163528,26,0,2,2299810235.181,137079,6243117,11,0,2
1924871452,2010-12-30 14:30:52,660488.001378059,660488,1378059,26,0,2,2299810235.181,137079,6243117,11,0,2
1924871512,2010-12-30 14:31:52,660495.761157036,660495,761157036,26,0,2,2299810235.181,137079,6243117,11,0,2
1924871572,2010-12-30 14:32:52,660503.38687706,660503,386877060,26,0,2,2299810235.181,137079,6243117,11,0,2
1924871632,2010-12-30 14:33:52,660510.916367531,660510,916367531,26,0,2,2299810235.181,137079,6243117,11,0,2
1924871692,2010-12-30 14:34:52,660518.428051949,660518,428051949,26,0,2,2299810235.181,137079,6243117,11,0,2
1924871752,2010-12-30 14:35:52,660525.818234444,660525,818234444,26,0,2,2299810235.181,137079,6243117,11,0,2
1924871812,2010-12-30 14:36:52,660533.237942696,660533,237942696,26,0,2,2299810235.181,137079,6243117,11,0,2
1924871872,2010-12-30 14:37:52,660540.670489311,660540,670489311,26,0,2,2299810235.181,137079,6243117,11,0,2
1924871932,2010-12-30 14:38:52,660548.150408745,660548,150408745,26,0,2,2299810235.181,137079,6243117,11,0,2
1924871992,2010-12-30 14:39:52,660555.62833786,660555,628337860,26,0,2,2299810235.181,137079,6243117,11,0,2
1924872052,2010-12-30 14:40:52,660563.121504784,660563,121504784,26,0,2,2299810235.181,137079,6243117,11,0,2
1924872112,2010-12-30 14:41:52,660570.740763664,660570,740763664,26,0,2,2299810235.181,137079,6243117,11,0,2
1924872172,2010-12-30 14:42:52,660578.343364716,660578,343364716,26,0,2,2299810235.181,137079,6243117,11,0,2
1924872232,2010-12-30 14:43:52,660585.97658062,660585,976580620,26,0,2,2299810235.181,137079,6243117,11,0,2
1924872292,2010-12-30 14:44:52,660593.739120483,660593,739120483,26,0,2,2299810235.181,137079,6243117,11,0,2
1924872352,2010-12-30 14:45:52,660601.435975075,660601,435975075,26,0,2,2299810235.181,137079,6243117,11,0,2
1924872412,2010-12-30 14:46:52,660609.094176292,660609,94176292,26,0,2,2299810235.181,137079,6243117,11,0,2
1924872472,2010-12-30 14:47:52,660616.994674683,660616,994674683,26,0,2,2299810235.181,137079,6243117,11,0,2
1924872532,2010-12-30 14:48:52,660624.860030174,660624,860030174,26,0,2,2299810235.181,137079,6243117,11,0,2
1924872592,2010-12-30 14:49:52,660632.771623611,660632,771623611,26,0,2,2299810235.181,137079,6243117,11,0,2
1924872652,2010-12-30 14:50:52,660640.746096611,660640,746096611,26,0,2,2299810235.181,137079,6243117,11,0,2
1924872712,2010-12-30 14:51:52,660648.862272263,660648,862272263,26,0,2,2299810235.181,137079,6243117,11,0,2
