x,y,z,vx,vy,vz
0.00638382602787883,0.272564759428997,0.144499025375235,-0.0343738271877044,0.00108785906580484,0.00226156435722259
0.00635997169190991,0.272565513178143,0.144500598781678,-0.0343270944813773,0.00108285806470546,0.00227004724384237
0.00633614891982278,0.272566263296288,0.144502178473259,-0.0342829015744441,0.0010774150020265,0.00227963111899794
0.00631235599321926,0.272567009502742,0.14450376514612,-0.0342411175554917,0.00107160386832997,0.00229012353613169
0.00628859128490494,0.272567751564698,0.144505359372048,-0.0342016111166494,0.0010654887660151,0.00230135826693183
0.00626485325831766,0.272568489290764,0.144506961615586,-0.034164252873828,0.0010591250686329,0.00231319216368446
0.00624114046558264,0.272569222525289,0.144508572249042,-0.0341289170186594,0.00105256048965567,0.00232550228030753
0.00621745154461036,0.272569951143374,0.144510191565597,-0.0340954824494963,0.0010458360515278,0.00233818327228306
0.00619378521555431,0.272570675046543,0.144511819790709,-0.0340638335014647,0.00103898695338142,0.00235114507643314
0.00617014027687296,0.272571394158965,0.144513457091999,-0.0340338603722347,0.00103204334066624,0.00236431085921863
0.00614651560117772,0.272572108424187,0.144515103587793,-0.0340054593200293,0.00102503098277152,0.00237761521530109
0.00612291013100572,0.272572817802309,0.144516759354506,-0.0339785326945396,0.00101797186633736,0.00239100259425592
0.00609932287461497,0.272573522267533,0.144518424432997,-0.0339529888473441,0.00101088471245236,0.00240442593239788
0.0060757529018726,0.272574221806064,0.14452009883404,-0.0339287419580759,0.00100378542601404,0.0024178454667605
0.006052199340285,0.272574916414286,0.144521782543028,-0.033905711803806,0.00099668748514149,0.00243122770954566
0.00602866137120184,0.272575606097199,0.14452347552402,-0.033883823492621,0.000989602278024675,0.00244454456287987
0.00600513822621262,0.272576290867073,0.144525177723209,-0.0338630071767169,0.000982539393856338,0.00245777255583359
0.00598162918374633,0.272576970742285,0.144526889071904,-0.0338431977566393,0.000975506873883984,0.00247089218737488
0.0059581335658771,0.272577645746322,0.144528609489082,-0.0338243345849104,0.000968511427892459,0.00248388736095238
0.00593465073533384,0.272578315906924,0.144530338883581,-0.0338063611749601,0.000961558620802467,0.00249674489812445
0.0059111800927095,0.272578981255344,0.144532077155981,-0.0337892249194321,0.000954653033477812,0.00250945412027405
0.00588772107386127,0.272579641825715,0.144533824200204,-0.0337728768205596,0.000947798401301606,0.0025220064888988
0.00586427314749371,0.272580297654509,0.144535579904897,-0.0337572712342528,0.00094099773359972,0.00253439529627254
0.00584083581291445,0.27258094878006,0.144537344154608,-0.0337423656288417,0.000934253416589749,0.00254661539935505
0.00581740859795221,0.272581595242175,0.144539116830788,-0.0337281203587493,0.000927567302134018,0.00255866299090335
0.00579399105702685,0.272582237081779,0.144540897812649,-0.0337144984530835,0.000920940784287828,0.00257053540250908
0.00577058276936113,0.272582874340627,0.144542686977896,-0.033701465418786,0.000914374865337716,0.00258223093508049
0.00574718333732427,0.272583507061054,0.144544484203351,-0.0336889890578092,0.000907870212791625,0.00259374871291011
0.00572379238489769,0.272584135285751,0.144546289365472,-0.033677039297665,0.000901427208575959,0.00260508855802082
0.00570040955625426,0.272584759057592,0.144548102340807,-0.0336655880346163,0.00089504599151725,0.00261625088195483
0.00567703451444203,0.272585378419472,0.144549923006366,-0.0336546089887419,0.000888726494032363,0.00262723659257861
0.00565366694016461,0.272585993414177,0.144551751239939,-0.0336440775701226,0.000882468473832582,0.00263804701379087
0.00563030653065125,0.272586604084272,0.14455358692036,-0.0336339707553202,0.000876271541299514,0.00264868381641307
0.00560695299860903,0.272587210472007,0.144555429927724,-0.0336242669734877,0.000870135183154219,0.00265914895863444
0.00558360607125103,0.272587812619239,0.144557280143573,-0.033614946001335,0.000864058782899492,0.00266944463476115
0.00556026548939459,0.272588410567367,0.14455913745104,-0.0336059888662959,0.000858041638480557,0.00267957323110828
0.00553693100662422,0.272589004357275,0.144561001734972,-0.0335973777572562,0.000852082977537173,0.00268953728806374
0.00551360238851399,0.272589594029293,0.144562872882023,-0.0335890959422439,0.000846181970570201,0.00269933946748508
0.00549027941190491,0.272590179623156,0.144564750780731,-0.033581127692524,0.000840337742299758,0.00270898252471008
0.00546696186423257,0.272590761177979,0.144566635321571,-0.0335734582125981,0.000834549381464581,0.00271846928453384
0.00544364954290223,0.272591338732234,0.144568526397,-0.0335660735755877,0.000828815949247751,0.00272780262067605
0.0054203422547063,0.272591912323735,0.14457042390148,-0.0335589606636194,0.000823136486538871,0.00273698543819252
0.00539703981528199,0.272592481989622,0.144572327731498,-0.0335521071127629,0.000817510020165357,0.00274602065849182
0.0053737420486056,0.272593047766359,0.144574237785572,-0.0335455012621653,0.000811935568236752,0.00275491120658564
0.00535044878652088,0.272593609689723,0.144576153964249,-0.0335391321070376,0.000806412144717256,0.00276366000027725
0.00532715986829857,0.27259416779481,0.144578076170097,-0.0335329892551784,0.000800938763327733,0.00277226994102849
0.00530387514022525,0.272594722116028,0.144580004307692,-0.0335270628867511,0.000795514440867244,0.00278074390627444
0.00528059445521919,0.272595272687108,0.144581938283596,-0.0335213437170293,0.000790138200017617,0.00278908474302563
0.00525731767247035,0.272595819541101,0.144583878006336,-0.033515822961923,0.000784809071729613,0.00279729526250163
0.00523404465710435,0.272596362710391,0.14458582338638,-0.033510492305992,0.000779526097205393,0.00280537823576534
0.00521077527986733,0.2725969022267,0.144587774336104,-0.033505343872799,0.000774288329559901,0.00281333639014314
0.0051875094168308,0.272597438121097,0.144589730769761,-0.0335003701973951,0.000769094835191913,0.0028211724063551
0.00516424694911477,0.272597970424007,0.14459169260345,-0.0334955642007722,0.000763944694905092,0.00282888891625312
0.00514098776262819,0.272598499165222,0.144593659755079,-0.0334909191661271,0.000758837004812211,0.00283648850108324
0.00511773174782515,0.272599024373912,0.144595632144332,-0.0334864287167933,0.000753770877050513,0.00284397369020221
0.00509447879947571,0.272599546078637,0.144597609692631,-0.0334820867957204,0.000748745440340122,0.00285134696016686
0.00507122881645094,0.272600064307356,0.144599592323098,-0.0334778876463576,0.00074375984039085,0.00285861073418637
0.00504798170152034,0.272600579087443,0.14460157996052,-0.0334738257948644,0.000738813240199048,0.00286576738182899
0.00502473736116136,0.272601090445694,0.144603572531311,-0.0334698960335242,0.000733904820234495,0.00287281921898675
0.00500149570537998,0.272601598408345,0.144605569963475,-0.0334660934052784,0.00072903377853877,0.00287976850804366
0.0049782566475418,0.27260210300108,0.144607572186568,-0.0334624131892954,0.000724199330746814,0.00288661745821873
0.00495502010421254,0.272602604249042,0.144609579131663,-0.0334588508874981,0.000719400710045062,0.00289336822605458
0.00493178599500839,0.272603102176852,0.144611590731309,-0.0334554022119677,0.000714637167066693,0.00290002291605598
0.00490855424245291,0.272603596808614,0.144613606919503,-0.0334520630731983,0.000709907969748349,0.00290658358133507
0.00488532477184453,0.272604088167928,0.144615627631649,-0.0334488295690675,0.000705212403139028,0.0029130522244919
0.00486209751112905,0.272604576277908,0.144617652804522,-0.0334456979745518,0.00070054976918698,0.00291943079844005
0.00483887239078092,0.272605061161184,0.144619682376239,-0.0334426647320706,0.000695919386482001,0.00292572120735718
0.00481564934368917,0.272605542839923,0.14462171628622,-0.0334397264424619,0.000691320589996043,0.00293192530762253
0.00479242830505091,0.272606021335832,0.144623754475162,-0.033436879856502,0.000686752730786705,0.00293804490883763
0.00476920921226997,0.272606496670175,0.144625796884998,-0.0334341218669604,0.000682215175695443,0.00294408177484624
0.00474599200486081,0.272606968863781,0.144627843458874,-0.033431449501142,0.000677707307032516,0.00295003762477589
0.00472277662435759,0.272607437937055,0.144629894141111,-0.033428859913883,0.000673228522253323,0.00295591413408962
0.00469956301422799,0.272607903909991,0.144631948877183,-0.0334263503809701,0.00066877823362861,0.0029617129356423
0.00467635111979115,0.272608366802177,0.14463400761368,-0.0334239182929551,0.000664355867910645,0.00296743562073655
0.00465314088814041,0.272608826632809,0.144636070298285,-0.0334215611493351,0.000659960865996135,0.0029730837401773
0.00462993226806901,0.272609283420699,0.144638136879742,-0.0334192765530812,0.000655592682593654,0.00297865880530467
0.0046067252100006,0.272609737184286,0.144640207307834,-0.0334170622054773,0.000651250785881419,0.00298416228904373
0.00458351966592242,0.272610187941644,0.144642281533351,-0.0334149159012676,0.000646934657177239,0.00298959562691363
0.00456031558932193,0.272610635710491,0.144644359508069,-0.0334128355240786,0.000642643790606083,0.00299496021803529
0.0045371129351268,0.272611080508197,0.144646441184723,-0.0334108190421035,0.000638377692772306,0.00300025742611952
0.00451391165964741,0.272611522351797,0.144648526516982,-0.0334088645040297,0.000634135882436173,0.00300548858043703
0.00449071172052241,0.272611961257992,0.144650615459428,-0.0334069700351962,0.00062991789019526,0.00301065497676911
0.00446751307666674,0.272612397243163,0.14465270796753,-0.0334051338339641,0.000625723258171217,0.00301575787833819
0.00444431568822215,0.272612830323377,0.144654803997624,-0.033403354168288,0.000621551539702246,0.00302079851671775
0.00442111951650993,0.272613260514393,0.144656903506891,-0.0334016293724748,0.000617402299041638,0.00302577809272091
0.00439792452398597,0.272613687831675,0.144659006453334,-0.0333999578441191,0.000613275111062561,0.00303069777726755
0.00437473067419783,0.27261411229039,0.14466111279576,-0.0333983380412038,0.000609169560969349,0.00303555871222974
0.00435153793174373,0.272614533905424,0.144663222493759,-0.033396768479356,0.000605085244015347,0.00304036201125535
0.00432834626223346,0.272614952691386,0.144665335507686,-0.0333952477292481,0.00060102176522746,0.00304510876056998
0.00430515563225096,0.27261536866261,0.144667451798638,-0.0333937744141365,0.000596978739137411,0.00304980001975722
0.0042819660093187,0.272615781833171,0.144669571328441,-0.0333923472075285,0.000592955789519773,0.00305443682251749
0.00425877736186352,0.27261619221688,0.14467169405963,-0.0333909648309705,0.000588952549136706,0.00305902017740566
0.00423558965918401,0.272616599827301,0.144673819955432,-0.03338962605195,0.000584968659489396,0.00306355106854784
0.00421240287141925,0.27261700467775,0.144675948979748,-0.0333883296819049,0.000581003770576333,0.00306803045633742
0.00418921696951905,0.272617406781302,0.144678081097139,-0.0333870745743336,0.000577057540657,0.00307245927811145
0.00416603192521531,0.272617806150798,0.144680216272808,-0.0333858596230002,0.000573129636024931,0.00307683844880611
0.00414284771099468,0.272618202798852,0.144682354472587,-0.03338468376023,0.00056921973078342,0.0030811688615939
0.00411966430007227,0.272618596737851,0.14468449566292,-0.0333835459552887,0.000565327506630079,0.00308545138850136
0.00409648166636664,0.272618987979965,0.14468663981085,-0.0333824452128417,0.000561452652646742,0.00308968688100827
0.0040732997844757,0.272619376537152,0.144688786884004,-0.033381380571489,0.000557594865095406,0.0030938761706289
0.00405011862965365,0.27261976242116,0.14469093685058,-0.0333803511023708,0.000553753847220108,0.00309802006947558
0.00402693817778873,0.272620145643532,0.144693089679333,-0.0333793559078407,0.000549929309054561,0.00310211937080514
0.00400375840538212,0.272620526215616,0.144695245339562,-0.0333783941202016,0.000546120967235452,0.0031061748495487
0.00398057928952756,0.272620904148561,0.1446974038011,-0.0333774649005025,0.000542328544821198,0.00311018726282522
0.0039574008078917,0.272621279453328,0.144699565034296,-0.0333765674373916,0.000538551771116085,0.00311415735043927
0.00393422293869533,0.272621652140693,0.144701729010012,-0.0333757009460228,0.000534790381499595,0.00311808583536356
0.00391104566069546,0.272622022221248,0.144703895699601,-0.0333748646670141,0.000531044117260825,0.00312197342420658
0.00388786895316784,0.272622389705409,0.144706065074905,-0.0333740578654524,0.000527312725437829,0.00312582080766577
0.00386469279589038,0.272622754603419,0.144708237108239,-0.0333732798299459,0.000523595958661769,0.00312962866096684
0.00384151716912704,0.272623116925348,0.144710411772381,-0.0333725298717177,0.00051989357500572,0.00313339764428944
0.00381834205361262,0.272623476681103,0.144712589040564,-0.0333718073237419,0.000516205337838008,0.00313712840317974
0.0037951674305377,0.272623833880427,0.144714768886462,-0.0333711115399181,0.000512531015679943,0.00314082156895029
0.00377199328153459,0.272624188532905,0.144716951284184,-0.0333704418942818,0.000508870382067809,0.00314447775906753
0.00374881958866345,0.272624540647964,0.144719136208263,-0.0333697977802514,0.0005052232154192,0.00314809757752674
0.00372564633439925,0.272624890234882,0.144721323633648,-0.0333691786099066,0.000501589298902306,0.00315168161521863
0.00370247350161885,0.272625237302786,0.144723513535691,-0.0333685838133002,0.000497968420311295,0.00315523045027842
0.00367930107358896,0.272625581860658,0.144725705890144,-0.0333680128377983,0.000494360371943206,0.00315874464843038
0.00365612903395419,0.272625923917337,0.144727900673147,-0.0333674651474495,0.000490764950479646,0.00316222476331876
0.00363295736672567,0.272626263481521,0.144730097861218,-0.0333669402223811,0.000487181956871795,0.0031656713368292
0.00360978605627023,0.272626600561775,0.144732297431251,-0.0333664375582215,0.000483611196228855,0.00316908489940037
0.00358661508729966,0.272626935166526,0.144734499360502,-0.0333659566655463,0.000480052477709806,0.00317246597032608
0.00356344444486068,0.272627267304072,0.144736703626584,-0.0333654970693476,0.000476505614418402,0.00317581505804823
0.00354027411432491,0.272627596982581,0.144738910207461,-0.033365058308527,0.00047297042330126,0.0031791326604409
0.00351710408137955,0.272627924210098,0.144741119081437,-0.0333646399354072,0.000469446725049,0.00318241926508581
0.00349393433201817,0.272628248994541,0.144743330227153,-0.0333642415152661,0.000465934344000284,0.00318567534953952
0.00347076485253188,0.272628571343711,0.144745543623577,-0.0333638626258885,0.000462433108048698,0.00318890138159259
0.00344759562950069,0.272628891265288,0.144747759249999,-0.0333635028571366,0.000458942848552371,0.0031920978195209
0.00342442664978545,0.272629208766836,0.144749977086025,-0.033363161810538,0.00045546340024626,0.00319526511232959
0.00340125790051971,0.272629523855809,0.144752197111566,-0.0333628390988899,0.000451994601156982,0.00319840369998961
0.00337808936910219,0.272629836539544,0.144754419306841,-0.0333625343458795,0.000448536292520157,0.00320151401366729
0.00335492104318921,0.272630146825274,0.144756643652361,-0.0333622471857192,0.000445088318700138,0.0032045964759471
0.00333175291068756,0.272630454720121,0.144758870128929,-0.0333619772627967,0.000441650527112094,0.00320765150104787
0.00330858495974755,0.272630760231106,0.144761098717633,-0.033361724231338,0.000438222768146337,0.00321067949503258
0.00328541717875633,0.272631063365143,0.14476332939984,-0.0333614877550845,0.000434804895094835,0.00321368085601204
0.0032622495563312,0.272631364129049,0.144765562157191,-0.0333612675069819,0.000431396764080247,0.00321665597434158
0.00323908208131374,0.272631662529538,0.144767796971596,-0.0333610631688816,0.000427998233984996,0.00321960523281721
0.00321591474276326,0.272631958573231,0.144770033825227,-0.0333608744312532,0.000424609166386331,0.00322252900685564
0.00319274752995113,0.27263225226665,0.144772272700514,-0.0333607009929082,0.000421229425489323,0.00322542766467957
0.00316958043235508,0.272632543616228,0.144774513580142,-0.0333605425607342,0.00041785887806371,0.00322830156749228
0.00314641343965365,0.272632832628301,0.144776756447043,-0.0333603988494388,0.000414497393382158,0.00323115106964846
0.00312324654172091,0.27263311930912,0.144779001284393,-0.0333602695813035,0.000411144843160263,0.00323397651881992
0.00310007972862129,0.272633403664845,0.144781248075608,-0.0333601544859459,0.000407801101495257,0.00323677825616269
0.00307691299060415,0.272633685701549,0.144783496804338,-0.0333600533000244,0.000404466044245688,0.0032395566168475
0.00305374631809959,0.272633965425221,0.144785747454463,-0.0333599657671135,0.000401139550079357,0.00324231192977424
0.00303057970171392,0.272634242841768,0.144788000010091,-0.0333598916376138,0.000397821500538901,0.00324504451674518
0.00300741313222357,0.272634517957011,0.144790254455549,-0.0333598306682894,0.000394511778689773,0.0032477546943336
0.00298424660057215,0.272634790776695,0.144792510775384,-0.0333597826221804,0.000391210269734875,0.00325044277334431
0.00296108009786568,0.272635061306483,0.144794768954356,-0.0333597472684127,0.000387916860945052,0.00325310905893403
0.00293791361536881,0.272635329551962,0.144797028977435,-0.0333597243820158,0.000384631441608389,0.00325575385075144
0.00291474714449994,0.272635595518643,0.144799290829797,-0.0333597137437463,0.000381353902990375,0.00325837744305147
0.00289158067682791,0.27263585921196,0.144801554496821,-0.0333597151399177,0.000378084138283464,0.00326098012482986
0.0028684142040681,0.272636120637277,0.144803819964085,-0.0333597283622361,0.000374822042559486,0.00326356217994558
0.00284524771807874,0.272636379799882,0.144806087217361,-0.0333597532076424,0.000371567512732445,0.00326612388723469
0.00282208121085727,0.272636636704994,0.144808356242615,-0.0333597894781591,0.000368320447514187,0.00326866552062734
0.00279891467453689,0.272636891357764,0.144810627026,-0.033359836980743,0.000365080747374597,0.0032711873492588
0.00277574810138317,0.27263714376327,0.144812899553854,-0.0333598955271429,0.000361848314501988,0.00327368963757829
0.00275258148379078,0.272637393926527,0.1448151738127,-0.0333599649337619,0.000358623052764815,0.00327617264545425
0.00272941481428044,0.272637641852482,0.144817449789236,-0.0333600450215247,0.000355404867673336,0.00327863662827947
0.00270624808549555,0.272637887546016,0.144819727470338,-0.0333601356157494,0.00035219366634442,0.00328108183706807
0.00268308129019934,0.272638131011947,0.144822006843054,-0.0333602365460236,0.000348989357465149,0.00328350851855525
0.00265991442127197,0.272638372255031,0.144824287894603,-0.0333603476460843,0.000345791851258453,0.00328591691529173
0.00263674747170768,0.272638611279961,0.14482657061237,-0.0333604687537026,0.000342601059449399,0.00328830726573621
0.00261358043461196,0.27263884809137,0.144828854983905,-0.0333605997105714,0.000339416895232353,0.00329067980434548
0.00259041330319888,0.27263908269383,0.144831140996918,-0.0333607403621976,0.000336239273239029,0.00329303476166208
0.00256724607078852,0.272639315091856,0.144833428639279,-0.033360890557797,0.000333068109507581,0.0032953723643992
0.0025440787308045,0.272639545289903,0.144835717899014,-0.0333610501501936,0.000329903321451427,0.00329769283552599
0.00252091127677135,0.27263977329237,0.144838008764302,-0.0333612189957216,0.000326744827830875,0.00329999639434546
0.00249774370231213,0.272639999103602,0.144840301223474,-0.0333613969541305,0.000323592548723538,0.00330228325657556
0.00247457600114618,0.272640222727886,0.144842595265009,-0.0333615838884936,0.000320446405496439,0.00330455363442559
0.00245140816708685,0.272640444169456,0.144844890877532,-0.0333617796651194,0.000317306320778638,0.0033068077366712
0.00242824019403917,0.272640663432494,0.144847188049813,-0.0333619841534659,0.000314172218434545,0.00330904576872748
0.00240507207599777,0.272640880521127,0.14484948677076,-0.0333621972260569,0.000311044023537901,0.00331126793272017
0.00238190380704472,0.272641095439433,0.144851787029425,-0.0333624187584023,0.000307921662346419,0.00331347442755511
0.00235873538134763,0.272641308191436,0.144854088814995,-0.0333626486289198,0.000304805062277051,0.00331566544898596
0.00233556679315749,0.272641518781114,0.14485639211679,-0.0333628867188594,0.000301694151881868,0.00331784118968016
0.00231239803680678,0.272641727212393,0.144858696924265,-0.0333631329122305,0.000298588860824533,0.00332000183928331
0.00228922910670761,0.27264193348915,0.144861003227005,-0.033363387095731,0.000295489119857388,0.00332214758448187
0.00226605999734988,0.272642137615217,0.144863311014725,-0.0333636491586786,0.000292394860798924,0.00332427860906472
0.00224289070329944,0.272642339594377,0.144865620277263,-0.0333639189929444,0.000289306016512128,0.00332639509398234
0.00221972121919636,0.272642539430367,0.144867931004586,-0.0333641964928885,0.00028622252088306,0.0033284972174054
0.00219655153975321,0.272642737126879,0.144870243186781,-0.0333644815552974,0.000283144308800099,0.00333058515478153
0.00217338165975346,0.272642932687559,0.144872556814057,-0.0333647740793235,0.000280071316133647,0.00333265907889074
0.00215021157404977,0.272643126116011,0.144874871876742,-0.0333650739664264,0.000277003479716322,0.00333471915989953
0.00212704127756242,0.272643317415794,0.144877188365281,-0.033365381120316,0.000273940737323617,0.00333676556541374
0.00210387076527788,0.272643506590423,0.144879506270233,-0.0333656954468969,0.000270883027655035,0.00333879846053002
0.00208070003224714,0.272643693643372,0.144881825582275,-0.0333660168542154,0.000267830290315655,0.0033408180078862
0.00205752907358435,0.272643878578074,0.144884146292192,-0.033366345252407,0.000264782465798149,0.00334282436771036
0.00203435788446533,0.27264406139792,0.144886468390881,-0.0333666805536463,0.000261739495465206,0.00334481769786881
0.00201118646012621,0.272644242106262,0.144888791869348,-0.0333670226720979,0.000258701321532408,0.0033467981539128
0.00198801479586211,0.272644420706408,0.144891116718705,-0.0333673715238689,0.000255667887051383,0.00334876588912454
0.00196484288702566,0.272644597201633,0.144893442930173,-0.033367727026963,0.000252639135893576,0.0033507210545614
0.0019416707290258,0.272644771595169,0.144895770495073,-0.0333680891012354,0.000249615012734148,0.00335266379909984
0.00191849831732653,0.27264494389021,0.14489809940483,-0.0333684576683497,0.000246595463036393,0.00335459426947788
0.00189532564744563,0.272645114089913,0.144900429650972,-0.0333688326517354,0.000243580433036475,0.00335651261033676
0.00187215271495343,0.2726452821974,0.144902761225125,-0.0333692139765473,0.000240569869728521,0.00335841896426153
0.00184897951547167,0.272645448215754,0.144905094119014,-0.0333696015696252,0.000237563720850041,0.0033603134718208
0.00182580604467231,0.272645612148023,0.14490742832446,-0.0333699953594559,0.000234561934867695,0.00336219627160555
0.0018026322982764,0.272645773997218,0.144909763833379,-0.0333703952761352,0.000231564460963376,0.00336406750026703
0.00177945827205304,0.272645933766316,0.144912100637785,-0.0333708012513315,0.000228571249020594,0.00336592729255388
0.00175628396181815,0.272646091458261,0.14491443872978,-0.0333712132182504,0.000225582249611176,0.00336777578134827
0.00173310936343362,0.27264624707596,0.144916778101562,-0.0333716311116006,0.000222597413982257,0.00336961309770139
0.00170993447280607,0.272646400622289,0.144919118745415,-0.0333720548675598,0.000219616694043591,0.003371439370868
0.00168675928588602,0.272646552100088,0.144921460653717,-0.0333724844237427,0.000216640042355015,0.00337325472834053
0.0016635837986668,0.272646701512167,0.144923803818929,-0.0333729197191691,0.000213667412114455,0.00337505929588173
0.00164040800718357,0.272646848861303,0.144926148233603,-0.0333733606942336,0.000210698757145907,0.00337685319755741
0.00161723190751247,0.272646994150239,0.144928493890374,-0.0333738072906751,0.000207734031887839,0.00337863655576793
0.00159405549576958,0.272647137381691,0.144930840781962,-0.0333742594515483,0.000204773191381814,0.00338040949127921
0.00157087876811016,0.272647278558339,0.144933188901171,-0.033374717121195,0.00020181619126135,0.003382172123253
0.00154770172072756,0.272647417682835,0.144935538240887,-0.0333751802452172,0.000198862987741031,0.0033839245692765
0.00152452434985263,0.272647554757802,0.144937888794075,-0.0333756487704499,0.000195913537605844,0.00338566694539135
0.00150134665175258,0.27264768978583,0.144940240553784,-0.0333761226449353,0.00019296779820076,0.00338739936612198
0.0014781686227304,0.272647822769482,0.144942593513139,-0.0333766018178977,0.000190025727420517,0.00338912194450335
0.00145499025912383,0.272647953711291,0.144944947665344,-0.0333770862397185,0.000187087283699635,0.00339083479210812
0.00143181155730476,0.272648082613761,0.144947303003679,-0.0333775758619128,0.000184152426002675,0.00339253801907312
0.00140863251367834,0.27264820947937,0.144949659521502,-0.0333780706371057,0.00018122111381453,0.00339423173412568
0.00138545312468225,0.272648334310564,0.144952017212244,-0.0333785705190101,0.000178293307131248,0.00339591604460863
0.00136227338678588,0.272648457109765,0.144954376069411,-0.0333790754624041,0.000175368966450728,0.00339759105650554
0.00133909329648972,0.272648577879366,0.144956736086583,-0.0333795854231103,0.000172448052763772,0.00339925687446501
0.00131591285032458,0.272648696621734,0.14495909725741,-0.0333801003579741,0.000169530527545283,0.00340091360182459
0.00129273204485089,0.272648813339208,0.144961459575616,-0.0333806202248443,0.000166616352745656,0.00340256134063414
0.00126955087665794,0.272648928034102,0.144963823034993,-0.0333811449825524,0.000163705490782331,0.00340420019167877
0.00124636934236341,0.272649040708703,0.144966187629403,-0.0333816745908942,0.000160797904531534,0.00340583025450127
0.00122318743861242,0.272649151365275,0.144968553352779,-0.0333822090106105,0.000157893557320183,0.00340745162742404
0.00120000516207714,0.272649260006052,0.144970920199119,-0.0333827482033693,0.00015499241291795,0.00340906440757066
0.00117682250945597,0.272649366633248,0.144973288162489,-0.0333832921317476,0.000152094435529497,0.00341066869088696
0.00115363947747308,0.272649471249049,0.144975657237023,-0.0333838407592146,0.000149199589786864,0.00341226457216167
0.00113045606287756,0.272649573855617,0.144978027416916,-0.0333843940501144,0.000146307840742031,0.00341385214504657
0.00110727226244313,0.272649674455092,0.144980398696433,-0.0333849519696501,0.000143419153859463,0.00341543150207665
0.00108408807296726,0.272649773049587,0.1449827710699,-0.0333855144838674,0.000140533495009158,0.00341700273468907
0.00106090349127074,0.272649869641195,0.144985144531705,-0.0333860815596395,0.000137650830459492,0.0034185659332425
0.0010377185141971,0.272649964231982,0.144987519076301,-0.0333866531646515,0.000134771126870357,0.00342012118703575
0.00101453313861204,0.272650056823993,0.144989894698202,-0.0333872292673862,0.000131894351286424,0.00342166858432599
0.000991347361402823,0.272650147419251,0.144992271391981,-0.0333878098371092,0.000129020471130514,0.00342320821234674
0.000968161179477853,0.272650236019755,0.144994649152274,-0.0333883948438555,0.000126149454197117,0.00342474015732543
0.000944974589766032,0.272650322627482,0.144997027973774,-0.0333889842584152,0.000123281268646025,0.00342626450450066
0.000921787589216329,0.272650407244387,0.144999407851235,-0.0333895780523211,0.000120415882996093,0.00342778133813905
0.000898600174797183,0.272650489872405,0.145001788779468,-0.033390176197835,0.00011755326611912,0.00342929074155187
0.000875412343496055,0.272650570513446,0.145004170753342,-0.0333907786679356,0.000114693387233849,0.00343079279711124
0.00085222409231895,0.272650649169403,0.145006553767782,-0.0333913854363061,0.000111836215900112,0.00343228758626605
0.000829035418289939,0.272650725842143,0.145008937817771,-0.0333919964773223,0.000108981722012958,0.0034337751895578
0.000805846318450533,0.272650800533518,0.145011322898345,-0.033392611766041,0.000106129875797107,0.0034352556866356
0.000782656789859439,0.272650873245355,0.145013709004598,-0.0333932312781884,0.000103280647801322,0.00343672915627145
0.000759466829591983,0.272650943979462,0.145016096131676,-0.0333938549901497,0.000100434008892961,0.00343819567637491
0.000736276434739612,0.272651012737626,0.14501848427478,-0.0333944828789578,9.75899302526339E-05,0.00343965532400762
0.000713085602409519,0.272651079521617,0.145020873429163,-0.0333951149222829,9.47483833689376E-05,0.00344110817539749
0.00068989432972421,0.272651144333183,0.145023263590134,-0.0333957510984226,9.19093400333155E-05,0.00344255430595264
0.000666702613821024,0.272651207174052,0.14502565475305,-0.0333963913862919,8.90727723349975E-05,0.00344399379027509
0.000643510451851744,0.272651268045933,0.145028046913321,-0.0333970357654133,8.62386526560366E-05,0.00344542670217415
0.000620317840982182,0.272651326950519,0.14503044006641,-0.0333976842159075,8.34069536664336E-05,0.00344685311467966
0.000597124778391686,0.272651383889479,0.145032834207826,-0.0333983367184845,8.05776483193403E-05,0.0034482731000549
0.000573931261272845,0.272651438864467,0.145035229333133,-0.0333989932544343,7.77507098463683E-05,0.00344968672980923
0.000550737286831065,0.272651491877117,0.145037625437941,-0.0333996538056183,7.49261117529249E-05,0.0034510940747108
0.000527542852284118,0.272651542929047,0.145040022517909,-0.0334003183544611,7.21038278137784E-05,0.00345249520479846
0.000504347954861773,0.272651592021852,0.145042420568747,-0.0334009868839419,6.92838320685286E-05,0.00345389018939397
0.000481152591805457,0.272651639157115,0.14504481958621,-0.0334016593775866,6.64660988172665E-05,0.00345527909711381
0.000457956760367849,0.272651684336396,0.145047219566102,-0.0334023358194601,6.3650602616268E-05,0.00345666199588073
0.000434760457812499,0.272651727561242,0.145049620504273,-0.0334030161941585,6.08373182737812E-05,0.00345803895293516
0.000411563681413487,0.272651768833178,0.145052022396621,-0.0334037004868021,5.80262208458792E-05,0.00345941003484639
0.00038836642845501,0.272651808153716,0.145054425239088,-0.0334043886830274,5.52172856323961E-05,0.00346077530752355
0.000365168696231087,0.272651845524347,0.145056829027663,-0.033405080768981,5.24104881729256E-05,0.00346213483622644
0.000341970482045238,0.272651880946549,0.145059233758379,-0.0334057767313121,4.96058042428912E-05,0.00346348868557609
0.000318771783209943,0.272651914421781,0.145061639427315,-0.0334064765571663,4.68032098496706E-05,0.0034648369195652
0.000295572597046577,0.272651945951486,0.145064046030594,-0.0334071802341787,4.40026812287935E-05,0.00346617960156843
0.000272372920884868,0.272651975537089,0.14506645356438,-0.0334078877504681,4.12041948402432E-05,0.00346751679435234
0.000249172752062638,0.272652003180001,0.145068862024885,-0.0334085990946306,3.8407727364589E-05,0.00346884856008557
0.000225972087925445,0.272652028881617,0.145071271408361,-0.0334093142557335,3.56132556998457E-05,0.00347017496034814
0.00020277092582631,0.272652052643313,0.145073681711102,-0.0334100332233099,3.2820756957444E-05,0.0034714960561413
0.000179569263125365,0.272652074466453,0.145076092929447,-0.0334107559873529,3.00302084589747E-05,0.00347281190789687
0.000156367097189498,0.272652094352382,0.145078505059774,-0.0334114825383099,2.72415877327426E-05,0.00347412257548643
0.000133164425392113,0.272652112302433,0.145080918098504,-0.0334122128670779,2.44548725103846E-05,0.00347542811823043
0.000109961245112745,0.272652128317919,0.145083332042099,-0.0334129469649976,2.16700407235444E-05,0.00347672859490712
8.67575537368157E-05,0.272652142400142,0.14508574688706,-0.0334136848238489,1.88870705006002E-05,0.00347802406376132
6.35533486552955E-05,0.272652154550387,0.145088162629931,-0.033414426435846,1.61059401634518E-05,0.00347931458251311
4.03486272643999E-05,0.272652164769925,0.145090579267292,-0.0334151717936322,1.33266282243572E-05,0.00348060020836627
1.71433869653324E-05,0.272652173060009,0.145092996795767,-0.033415920890276,1.05491133828374E-05,0.00348188099801666
-6.06237483595471E-06,0.272652179421882,0.145095415212016,-0.0334166737192665,7.77337452220933E-06,0.00348315700766151
-2.92686607294073E-05,0.272652183856769,0.14509783451274,-0.0334174302745078,4.9993907082866E-06,0.00348442829300316
-5.24754733006653E-05,0.272652186365882,0.145100254694676,-0.0334181905503171,2.22714118388295E-06,0.00348569490926354
-7.56828151315549E-05,0.272652186950417,0.145102675754601,-0.033418954541419,-5.43394632420749E-07,0.00348695691118764
-9.88906888004273E-05,0.272652185611559,0.14510509768933,-0.0334197222429421,-3.31223714956757E-06,0.00348821435305234
-0.000122099096882376,0.272652182350475,0.145107520495715,-0.033420493650415,-6.07940660684137E-06,0.00348946728867392
-0.000145308041949575,0.272652177168321,0.145109944170645,-0.0334212687597627,-8.84492307665521E-06,0.00349071577141561
-0.000168517526571441,0.272652170066238,0.145112368711046,-0.0334220475673032,-1.16088064672801E-05,0.00349195985419488
-0.000191727553315018,0.272652161045352,0.14511479411388,-0.0334228300697438,-1.43710765255393E-05,0.00349319958949067
-0.000214938124745158,0.272652150106778,0.145117220376148,-0.0334236162641778,-1.71317528394547E-05,0.00349443502935053
-0.000238149243424863,0.272652137251616,0.145119647494883,-0.0334244061480813,-1.98908548408568E-05,0.00349566622539762
-0.000261360911915627,0.272652122480951,0.145122075467157,-0.03342519971931,-2.26484018075031E-05,0.00349689322883643
-0.000284573132777167,0.272652105795858,0.145124504290076,-0.0334259969760971,-2.54044128674125E-05,0.00349811609046425
-0.000307785908568544,0.272652087197395,0.14512693396078,-0.0334267979170486,-2.81589069986785E-05,0.00349933486067088
-0.000330999241847863,0.272652066686611,0.145129364476447,-0.0334276025411419,-3.09119030337165E-05,0.00350054958944986
-0.000354213135172558,0.272652044264539,0.145131795834286,-0.0334284108477228,-3.36634196612205E-05,0.00350176032640382
-0.000377427591099835,0.2726520199322,0.145134228031543,-0.0334292228365026,-3.6413475428553E-05,0.00350296712075084
-0.00040064261218676,0.272651993690602,0.145136661065497,-0.033430038507556,-3.91620887440973E-05,0.00350417002133079
-0.000423858200990589,0.27265196554074,0.14513909493346,-0.0334308578613186,-4.19092778795675E-05,0.0035053690766115
-0.000447074360069026,0.272651935483597,0.14514152963278,-0.0334316808985845,-4.46550609723029E-05,0.00350656433469488
-0.000470291091980439,0.272651903520143,0.145143965160835,-0.0334325076205039,-4.7399456027513E-05,0.00350775584332298
-0.000493508399284001,0.272651869651336,0.145146401515038,-0.0334333380285821,-5.01424809208848E-05,0.00350894364988495
-0.000516726284540377,0.272651833878121,0.145148838692836,-0.0334341721246751,-5.2884153399253E-05,0.00351012780141874
-0.000539944750311354,0.272651796201432,0.145151276691705,-0.0334350099109907,-5.56244910850607E-05,0.00351130834462313
-0.000563163799160458,0.272651756622189,0.145153715509157,-0.0334358513900844,-5.83635114769238E-05,0.0035124853258592
-0.000586383433653085,0.2726517151413,0.145156155142733,-0.0334366965648589,-6.11012319521268E-05,0.00351365879115706
-0.000609603656356775,0.272651671759663,0.145158595590008,-0.0334375454385616,-6.38376697686905E-05,0.00351482878622129
-0.000632824469841467,0.272651626478163,0.145161036848588,-0.0334383980147838,-6.65728420674217E-05,0.0035159953564365
-0.000656045876679725,0.272651579297672,0.145163478916109,-0.0334392542974586,-6.93067658739139E-05,0.00351715854687261
-0.000679267879446922,0.272651530219051,0.145165921790242,-0.0334401142908599,-7.20394581005533E-05,0.00351831840229021
-0.00070249048072149,0.27265147924315,0.145168365468684,-0.033440977999601,-7.47709355484581E-05,0.00351947496714579
-0.000725713683085437,0.272651426370807,0.145170809949167,-0.0334418454286328,-7.75012149089964E-05,0.00352062828559575
-0.000748937489123805,0.272651371602847,0.145173255229451,-0.0334427165832445,-8.02303127674113E-05,0.00352177840150603
-0.000772161901425868,0.272651314940087,0.145175701307327,-0.0334435914690602,-8.29582456021101E-05,0.00352292535845033
-0.000795386922584803,0.272651256383328,0.145178148180616,-0.033444470092039,-8.56850297882625E-05,0.00352406919971962
-0.000818612555198001,0.272651195933363,0.14518059584717,-0.0334453524584742,-8.84106815992128E-05,0.00352520996832591
-0.000841838801867412,0.272651133590973,0.145183044304871,-0.0334462385749926,-9.11352172082853E-05,0.00352634770700703
-0.000865065665199613,0.272651069356927,0.145185493551628,-0.0334471284485532,-9.38586526905765E-05,0.00352748245823144
-0.000888293147806206,0.272651003231984,0.145187943585381,-0.0334480220864469,-9.65810040247263E-05,0.00352861426420295
-0.00091152125230394,0.272650935216891,0.1451903944041,-0.0334489194962959,-9.93022870946644E-05,0.0035297431668653
-0.000934749981314936,0.272650865312384,0.145192846005784,-0.0334498206860531,-0.000102022517691331,0.00353086920790684
-0.000957979337467011,0.27265079351919,0.145195298388458,-0.0334507256640017,-0.000104741711514389,0.00353199242876497
-0.000981209323393835,0.272650719838021,0.14519775155018,-0.0334516344387548,-0.000107459884173863,0.00353311287063059
-0.00100443994173514,0.272650644269583,0.145200205489034,-0.0334525470192554,-0.000110177051191946,0.00353423057445284
-0.00102767119513702,0.272650566814568,0.145202660203132,-0.0334534634147756,-0.000112893228004437,0.00353534558094295
-0.0010509030862521,0.272650487473659,0.145205115690615,-0.0334543836349171,-0.000115608429962513,0.0035364579305789
-0.0010741356177398,0.272650406247527,0.145207571949652,-0.0334553076896106,-0.000118322672334292,0.0035375676636096
-0.00109736879226656,0.272650323136833,0.14521002897844,-0.0334562355891164,-0.000121035970306431,0.00353867482005911
-0.00112060261250603,0.272650238142227,0.145212486775203,-0.0334571673440239,-0.000123748338985684,0.00353977943973078
-0.00114383708113936,0.272650151264351,0.145214945338195,-0.033458102965252,-0.000126459793400469,0.00354088156221135
-0.00116707220085535,0.272650062503834,0.145217404665693,-0.0334590424640496,-0.000129170348502389,0.00354198122687508
-0.0011903079743508,0.272649971861294,0.145219864756005,-0.0334599858519954,-0.000131880019167772,0.00354307847288771
-0.0012135444043306,0.272649879337342,0.145222325607466,-0.0334609331409986,-0.000134588820199159,0.00354417333921044
-0.00123678149350804,0.272649784932575,0.145224787218435,-0.0334618843432994,-0.000137296766326797,0.0035452658646039
-0.00126001924460503,0.272649688647583,0.1452272495873,-0.0334628394714692,-0.000140003872210114,0.003546356087632
-0.00128325766035238,0.272649590482944,0.145229712712477,-0.0334637985384115,-0.000142710152439172,0.00354744404666577
-0.00130649674348988,0.272649490439226,0.145232176592405,-0.0334647615573626,-0.00014541562153611,0.00354852977988722
-0.00132973649676667,0.272649388516987,0.145234641225554,-0.0334657285418918,-0.000148120293956566,0.00354961332529301
-0.00135297692294144,0.272649284716776,0.145237106610415,-0.033466699505903,-0.000150824184091086,0.00355069472069824
-0.00137621802478266,0.272649179039131,0.14523957274551,-0.033467674463635,-0.000153527306266524,0.00355177400374011
-0.0013994598050688,0.272649071484581,0.145242039629384,-0.0334686534296627,-0.000156229674747419,0.00355285121188156
-0.0014227022665885,0.272648962053643,0.14524450726061,-0.033469636418898,-0.000158931303737354,0.00355392638241486
-0.00144594541214078,0.272648850746827,0.145246975637786,-0.0334706234465919,-0.000161632207380908,0.00355499955246709
-0.00146918924453588,0.272648737564631,0.145249444759534,-0.033471614528332,-0.000164332399762709,0.00355607075899619
-0.00149243376659446,0.272648622507544,0.145251914624505,-0.0334726096800491,-0.000167031894912302,0.00355714003880568
-0.00151567898114853,0.272648505576046,0.145254385231373,-0.0334736089180151,-0.000169730706803019,0.00355820742854063
-0.00153892489104146,0.272648386770606,0.145256856578838,-0.0334746122588451,-0.000172428849353919,0.00355927296469297
-0.00156217149912834,0.272648266091685,0.145259328665626,-0.0334756197194989,-0.000175126336431096,0.00356033668360488
-0.0015854188082762,0.272648143539732,0.145261801490486,-0.0334766313172827,-0.000177823181848955,0.00356139862147216
-0.00160866682136411,0.272648019115189,0.145264275052196,-0.0334776470698503,-0.000180519399371495,0.00356245881434758
-0.00163191554128359,0.272647892818486,0.145266749349555,-0.0334786669952052,-0.000183215002713571,0.00356351729814419
-0.00165516497093872,0.272647764650046,0.145269224381389,-0.0334796911117023,-0.000185910005542151,0.00356457410863858
-0.00167841511324656,0.272647634610281,0.145271700146549,-0.0334807194380494,-0.000188604421477561,0.00356562928147413
-0.00170166597113715,0.272647502699594,0.145274176643909,-0.0334817519933095,-0.000191298264094717,0.00356668285216427
-0.00172491754755401,0.272647368918377,0.14527665387237,-0.0334827887969024,-0.000193991546924352,0.0035677348560956
-0.00174816984545416,0.272647233267016,0.145279131830855,-0.0334838298686072,-0.000196684283454228,0.00356878532853112
-0.00177142286780861,0.272647095745885,0.145281610518313,-0.0334848752285641,-0.000199376487130347,0.00356983430461333
-0.00179467661760236,0.272646956355348,0.145284089933718,-0.0334859248972767,-0.00020206817135814,0.00357088181936736
-0.00181793109783483,0.272646815095764,0.145286570076065,-0.0334869788956142,-0.000204759349503658,0.00357192790770406
-0.00184118631152006,0.272646671967477,0.145289050944378,-0.033488037244814,-0.000207450034894754,0.00357297260442305
-0.00186444226168697,0.272646526970826,0.145291532537702,-0.033489099966484,-0.00021014024082225,0.00357401594421575
-0.00188769895137964,0.27264638010614,0.145294014855106,-0.0334901670826051,-0.0002128299805411,0.00357505796166844
-0.00191095638365745,0.272646231373736,0.145296497895684,-0.0334912386155337,-0.000215519267271547,0.0035760986912652
-0.00193421456159554,0.272646080773926,0.145298981658554,-0.0334923145880049,-0.000218208114200271,0.0035771381673909
-0.00195747348828493,0.272645928307009,0.145301466142856,-0.0334933950231344,-0.000220896534481535,0.00357817642433418
-0.00198073316683281,0.272645773973279,0.145303951347758,-0.0334944799444221,-0.000223584541238314,0.00357921349629033
-0.00200399360036283,0.272645617773017,0.145306437272446,-0.033495569375755,-0.000226272147563428,0.00358024941736422
-0.00202725479201541,0.272645459706497,0.145308923916134,-0.0334966633414094,-0.000228959366520672,0.00358128422157309
-0.00205051674494789,0.272645299773984,0.145311411278059,-0.0334977618660552,-0.000231646211145895,0.00358231794284985
-0.00207377946233495,0.272645137975732,0.145313899357479,-0.0334988649747584,-0.000234332694448118,0.00358335061504523
-0.00209704294736875,0.272644974311989,0.145316388153678,-0.0334999726929841,-0.000237018829410641,0.00358438227193111
-0.00212030720325932,0.272644808782991,0.145318877665962,-0.0335010850466007,-0.000239704628992156,0.00358541294720317
-0.00214357223323478,0.272644641388967,0.145321367893663,-0.0335022020618826,-0.000242390106127824,0.00358644267448375
-0.00216683804054163,0.272644472130137,0.145323858836132,-0.0335033237655142,-0.000245075273730356,0.00358747148732455
-0.00219010462844509,0.272644301006711,0.145326350492747,-0.0335044501845933,-0.000247760144691095,0.00358849941920944
-0.00221337200022925,0.272644128018891,0.145328842862907,-0.0335055813466351,-0.000250444731881083,0.00358952650355722
-0.00223664015919756,0.272643953166869,0.145331335946035,-0.0335067172795755,-0.000253129048152138,0.00359055277372428
-0.00225990910867293,0.272643776450828,0.145333829741579,-0.0335078580117759,-0.000255813106337908,0.00359157826300738
-0.00228317885199819,0.272643597870944,0.145336324249005,-0.0335090035720263,-0.000258496919254936,0.00359260300464633
-0.00230644939253623,0.272643417427383,0.145338819467809,-0.0335101539895498,-0.000261180499703713,0.00359362703182666
-0.00232972073367046,0.272643235120301,0.145341315397503,-0.0335113092940072,-0.000263863860469737,0.0035946503776823
-0.00235299287880499,0.272643050949847,0.145343812037627,-0.0335124695155006,-0.000266547014324548,0.00359567307529825
-0.00237626583136504,0.27264286491616,0.145346309387743,-0.0335136346845782,-0.000269229974026785,0.00359669515771321
-0.00239953959479713,0.27264267701937,0.145348807447434,-0.0335148048322391,-0.000271912752323212,0.00359771665792222
-0.00242281417256952,0.272642487259598,0.145351306216307,-0.0335159799899374,-0.000274595361949766,0.00359873760887927
-0.0024460895681725,0.272642295636958,0.145353805693993,-0.033517160189587,-0.000277277815632582,0.00359975804349992
-0.00246936578511858,0.272642102151554,0.145356305880145,-0.033518345463567,-0.000279960126089023,0.00360077799466388
-0.002492642826943,0.27264190680348,0.145358806774437,-0.033519535844726,-0.000282642306028706,0.00360179749521762
-0.00251592069720394,0.272641709592823,0.145361308376569,-0.0335207313663876,-0.000285324368154518,0.00360281657797691
-0.00253919939948295,0.27264151051966,0.145363810686262,-0.0335219320623552,-0.000288006325163641,0.00360383527572941
-0.00256247893738514,0.272641309584059,0.14536631370326,-0.0335231379669179,-0.000290688189748557,0.00360485362123719
-0.00258575931453964,0.272641106786081,0.145368817427329,-0.0335243491148552,-0.000293369974598066,0.00360587164723931
-0.00260904053459992,0.272640902125777,0.145371321858259,-0.0335255655414431,-0.00029605169239815,0.00360688938645413
-0.00263232260124405,0.272640695603188,0.145373826995862,-0.0335267872824594,-0.000298733355833628,0.00360790687158264
-0.00265560551817525,0.272640487218348,0.145376332839974,-0.0335280143741898,-0.000301414977588196,0.0036089241353098
-0.002678889289122,0.272640276971281,0.145378839390451,-0.0335292468534334,-0.000304096570346057,0.0036099412103078
-0.00270217391783852,0.272640064862004,0.145381346647174,-0.0335304847575092,-0.000306778146792793,0.0036109581292384
-0.00272545940810524,0.272639850890523,0.145383854610046,-0.0335317281242619,-0.00030945971961636,0.0036119749247554
-0.00274874576372895,0.272639635056836,0.145386363278993,-0.0335329769920685,-0.000312141301508082,0.00361299162950714
-0.00277203298854331,0.272639417360932,0.145388872653963,-0.0335342313998444,-0.000314822905163659,0.00361400827613895
-0.00279532108640914,0.272639197802793,0.145391382734926,-0.0335354913870504,-0.000317504543284147,0.00361502489729564
-0.00281861006121498,0.272638976382389,0.145393893521877,-0.0335367569936989,-0.000320186228576975,0.00361604152562395
-0.00284189991687725,0.272638753099684,0.145396405014832,-0.0335380282603613,-0.000322867973756921,0.003617058193775
-0.00286519065734077,0.272638527954631,0.14539891721383,-0.0335393052281747,-0.000325549791547122,0.00361807493440674
-0.00288848228657907,0.272638300947176,0.145401430118932,-0.033540587938849,-0.000328231694680059,0.00361909178018641
-0.00291177480859496,0.272638072077254,0.145403943730223,-0.0335418764346743,-0.00033091369589856,0.00362010876379296
-0.00293506822742076,0.272637841344795,0.14540645804781,-0.0335431707585286,-0.000333595807956789,0.00362112591791948
-0.00295836254711875,0.272637608749715,0.145408973071823,-0.033544470953885,-0.000336278043621238,0.00362214327527561
-0.0029816577717816,0.272637374291925,0.145411488802414,-0.0335457770648196,-0.000338960415671723,0.00362316086859001
-0.00300495390553288,0.272637137971325,0.145414005239758,-0.0335470891360198,-0.000341642936902376,0.00362417873061272
-0.00302825095252737,0.272636899787808,0.145416522384054,-0.0335484072127917,-0.000344325620122636,0.00362519689411761
-0.00305154891695146,0.272636659741257,0.145419040235522,-0.0335497313410692,-0.000347008478158234,0.00362621539190472
-0.00307484780302377,0.272636417831545,0.145421558794405,-0.0335510615674218,-0.000349691523852195,0.00362723425680275
-0.0030981476149954,0.272636174058538,0.145424078060971,-0.0335523979390637,-0.000352374770065815,0.00362825352167138
-0.00312144835715051,0.272635928422093,0.145426598035508,-0.033553740503862,-0.000355058229679655,0.00362927321940368
-0.00314475003380671,0.272635680922056,0.145429118718328,-0.0335550893103465,-0.000357741915594528,0.00363029338292849
-0.00316805264931555,0.272635431558266,0.145431640109766,-0.0335564444077184,-0.000360425840732484,0.00363131404521282
-0.00319135620806298,0.272635180330552,0.14543416221018,-0.0335578058458595,-0.000363110018037678,0.00363233523926405
-0.00321466071446983,0.272634927238735,0.145436685019951,-0.0335591736753423,-0.000365794460477934,0.00363335699813293
-0.00323796617299229,0.272634672282626,0.145439208539483,-0.0335605479474393,-0.000368479181044899,0.00363437935491503
-0.00326127258812242,0.272634415462027,0.145441732769202,-0.0335619287141333,-0.000371164192755562,0.00363540234275371
-0.00328457996438862,0.272634156776732,0.145444257709557,-0.0335633160281273,-0.000373849508653133,0.00363642599484232
-0.00330788830635609,0.272633896226525,0.145446783361023,-0.0335647099428553,-0.000376535141808026,0.00363745034442656
-0.0033311976186275,0.272633633811181,0.145449309724094,-0.0335661105124923,-0.000379221105318859,0.00363847542480684
-0.00335450790584331,0.272633369530466,0.145451836799289,-0.0335675177919659,-0.000381907412313449,0.00363950126934061
-0.00337781917268243,0.272633103384137,0.145454364587152,-0.0335689318369668,-0.000384594075949812,0.00364052791144471
-0.00340113142386269,0.272632835371942,0.145456893088248,-0.0335703527039601,-0.000387281109417159,0.0036415553845977
-0.00342444466414147,0.272632565493618,0.145459422303164,-0.0335717804501975,-0.000389968525936888,0.00364258372234223
-0.00344775889831603,0.272632293748897,0.145461952232514,-0.033573215133728,-0.000392656338763595,0.00364361295828732
-0.00347107413122442,0.272632020137498,0.145464482876933,-0.033574656813411,-0.000395344561186059,0.0036446431261107
-0.00349439036774574,0.272631744659131,0.14546701423708,-0.033576105548928,-0.000398033206528255,0.00364567425956114
-0.00351770761280082,0.272631467313499,0.145469546313636,-0.0335775614007951,-0.000400722288150345,0.00364670639246077
-0.00354102587135279,0.272631188100293,0.145472079107309,-0.033579024430376,-0.000403411819449684,0.00364773955870737
-0.00356434514840776,0.272630907019198,0.145474612618826,-0.0335804946998953,-0.000406101813861821,0.00364877379227668
-0.00358766544901538,0.272630624069886,0.145477146848942,-0.0335819722724514,-0.000408792284861503,0.0036498091272247
-0.00361098677826929,0.272630339252022,0.145479681798432,-0.0335834572120304,-0.000411483245963678,0.00365084559769
-0.00363430914130798,0.272630052565261,0.145482217468098,-0.03358494958352,-0.000414174710724491,0.00365188323789595
-0.0036576325433153,0.272629764009248,0.145484753858764,-0.0335864494527238,-0.000416866692742301,0.00365292208215306
-0.00368095698952113,0.27262947358362,0.145487290971277,-0.0335879568863756,-0.00041955920565843,0.00365396216486101
-0.00370428248520197,0.272629181288003,0.145489828806509,-0.0335894719521545,-0.000422252263159251,0.00365500352051186
-0.00372760903568171,0.272628887122015,0.145492367365358,-0.0335909947187,-0.000424945878975499,0.00365604618369084
-0.00375093664633218,0.272628591085261,0.145494906648742,-0.0335925252556276,-0.000427640066884444,0.00365709018907959
-0.00377426532257399,0.272628293177342,0.145497446657606,-0.0335940636335444,-0.000430334840710609,0.00365813557145817
-0.00379759506987707,0.272627993397844,0.145499987392918,-0.0335956099240653,-0.000433030214326772,0.00365918236570728
-0.00382092589376141,0.272627691746346,0.145502528855671,-0.0335971641998298,-0.000435726201654971,0.00366023060681048
-0.00384425779979786,0.272627388222418,0.145505071046882,-0.0335987265345186,-0.000438422816667497,0.00366128032985642
-0.0038675907936088,0.272627082825619,0.145507613967591,-0.0336002970028709,-0.000441120073387916,0.00366233157004101
-0.00389092488086886,0.272626775555498,0.145510157618866,-0.0336018756807023,-0.000443817985892063,0.00366338436266962
-0.00391426006730569,0.272626466411595,0.145512702001796,-0.0336034626449224,-0.000446516568309051,0.00366443874315928
-0.00393759635870077,0.272626155393439,0.145515247117496,-0.0336050579735535,-0.000449215834822279,0.00366549474704082
-0.00396093376089015,0.272625842500551,0.145517792967106,-0.0336066617457494,-0.000451915799670433,0.00366655240996102
-0.00398427227976519,0.272625527732441,0.145520339551791,-0.0336082740418145,-0.000454616477148491,0.00366761176768478
-0.00400761192127352,0.272625211088609,0.14552288687274,-0.0336098949432235,-0.000457317881608723,0.0036686728560972
-0.00403095269141966,0.272624892568545,0.145525434931167,-0.0336115245326416,-0.000460020027461687,0.0036697357112057
-0.00405429459626604,0.27262457217173,0.145527983728312,-0.033613162893945,-0.000462722929177231,0.00367080036914211
-0.00407763764193372,0.272624249897632,0.145530533265439,-0.0336148101122419,-0.000465426601285474,0.00367186686616473
-0.00410098183460326,0.272623925745713,0.145533083543838,-0.0336164662738938,-0.000468131058377811,0.0036729352386604
-0.00412432718051572,0.272623599715421,0.145535634564824,-0.0336181314665377,-0.000470836315107882,0.00367400552314646
-0.00414767368597342,0.272623271806198,0.145538186329738,-0.0336198057791087,-0.000473542386192571,0.00367507775627285
-0.00417102135734091,0.272622942017471,0.145540738839945,-0.0336214893018625,-0.000476249286412971,0.00367615197482399
-0.00419437020104585,0.27262261034866,0.145543292096837,-0.0336231821263992,-0.000478957030615372,0.00367722821572081
-0.00421772022358003,0.272622276799174,0.145545846101832,-0.0336248843456873,-0.000481665633712222,0.00367830651602263
-0.00424107143150029,0.272621941368411,0.145548400856373,-0.0336265960540881,-0.000484375110683104,0.00367938691292907
-0.00426442383142943,0.272621604055759,0.145550956361928,-0.0336283173473812,-0.000487085476575701,0.00368046944378196
-0.00428777743005734,0.272621264860595,0.145553512619992,-0.0336300483227896,-0.000489796746506754,0.00368155414606711
-0.00431113223414182,0.272620923782287,0.145556069632086,-0.0336317890790067,-0.000492508935663026,0.0036826410574162
-0.00433448825050985,0.272620580820191,0.145558627399758,-0.0336335397162226,-0.000495222059302263,0.00368373021560848
-0.00435784548605845,0.272620235973651,0.145561185924581,-0.0336353003361523,-0.000497936132754496,0.00368482165857331
-0.00438120394775587,0.272619889242005,0.145563745208155,-0.0336370710420627,-0.000500651171421227,0.00368591542438865
-0.00440456364264251,0.272619540624575,0.145566305252106,-0.033638851938803,-0.000503367190778865,0.00368701155128747
-0.00442792457783227,0.272619190120676,0.145568866058087,-0.0336406431328333,-0.000506084206378075,0.0036881100776562
-0.00445128676051343,0.27261883772961,0.145571427627778,-0.0336424447322549,-0.000508802233845046,0.00368921104203711
-0.00447465019795,0.272618483450669,0.145573989962886,-0.0336442568468412,-0.000511521288882362,0.00369031448312973
-0.00449801489748279,0.272618127283134,0.145576553065143,-0.0336460795880696,-0.000514241387269859,0.00369142043979238
-0.0045213808665306,0.272617769226275,0.14557911693631,-0.0336479130691537,-0.00051696254486549,0.00369252895104352
-0.00454474811259152,0.27261740927935,0.145581681578175,-0.0336497574050765,-0.000519684777606145,0.00369364005606309
-0.00456811664324404,0.272617047441609,0.145584246992553,-0.0336516127126246,-0.000522408101508491,0.00369475379419379
-0.00459148646614845,0.272616683712287,0.145586813181286,-0.0336534791104227,-0.000525132532669779,0.00369587020494227
-0.00461485758904803,0.272616318090609,0.145589380146243,-0.0336553567189695,-0.000527858087268638,0.00369698932798031
-0.00463823001977042,0.27261595057579,0.145591947889323,-0.033657245660674,-0.00053058478156585,0.00369811120314581
-0.00466160376622894,0.272615581167034,0.14559451641245,-0.0336591460598932,-0.000533312631905105,0.00369923587044385
-0.00468497883642393,0.27261520986353,0.145597085717576,-0.03366105804297,-0.000536041654713737,0.00370036337004756
-0.0047083552384442,0.27261483666446,0.145599655806684,-0.0336629817382728,-0.000538771866503425,0.00370149374229895
-0.00473173298046842,0.272614461568992,0.145602226681782,-0.0336649172762357,-0.000541503283870888,0.00370262702770962
-0.00475511207076655,0.272614084576283,0.145604798344906,-0.0336668647893995,-0.000544235923498528,0.00370376326696142
-0.00477849251770135,0.272613705685478,0.145607370798123,-0.0336688244124543,-0.000546969802155066,0.00370490250090695
-0.00480187432972983,0.272613324895711,0.145609944043527,-0.0336707962822822,-0.000549704936696126,0.00370604477056999
-0.00482525751540492,0.272612942206105,0.145612518083239,-0.0336727805380026,-0.000552441344064816,0.00370719011714583
-0.00484864208337688,0.272612557615768,0.145615092919411,-0.0336747773210167,-0.000555179041292234,0.00370833858200141
-0.00487202804239498,0.2726121711238,0.145617668554224,-0.0336767867750551,-0.000557918045497835,0.00370949020667548
-0.00489541540130915,0.272611782729288,0.145620244989884,-0.0336788090462248,-0.000560658373890535,0.00371064503287833
-0.00491880416907159,0.272611392431304,0.145622822228631,-0.0336808442830586,-0.000563400043768178,0.00371180310249195
-0.00494219435473853,0.272611000228912,0.145625400272731,-0.0336828926365659,-0.00056614307251855,0.00371296445756938
-0.00496558596747194,0.272610606121162,0.145627979124481,-0.0336849542602833,-0.000568887477619568,0.00371412914033435
-0.00498897901654128,0.272610210107093,0.145630558786206,-0.0336870293103284,-0.000571633276639561,0.00371529719318056
-0.0050123735113254,0.272609812185729,0.145633139260262,-0.0336891179454538,-0.000574380487237509,0.00371646865867088
-0.00503576946131424,0.272609412356085,0.145635720549032,-0.0336912203271025,-0.00057712912716322,0.00371764357953636
-0.00505916687611088,0.272609010617162,0.145638302654932,-0.0336933366194658,-0.00057987921425747,0.00371882199867501
-0.00508256576543331,0.272608606967949,0.145640885580406,-0.033695466989541,-0.000582630766452068,0.00372000395915042
-0.0051059661391166,0.272608201407421,0.145643469327927,-0.0336976116071928,-0.000585383801769874,0.00372118950419015
-0.00512936800711467,0.272607793934543,0.145646053900001,-0.033699770645214,-0.000588138338324732,0.00372237867718395
-0.00515277137950255,0.272607384548266,0.145648639299162,-0.0337019442793895,-0.000590894394321355,0.00372357152168168
-0.00517617626647838,0.272606973247528,0.145651225527975,-0.0337041326885617,-0.000593651988055119,0.00372476808139104
-0.00519958267836556,0.272606560031256,0.145653812589034,-0.0337063360546968,-0.000596411137911786,0.00372596840017504
-0.00522299062561499,0.272606144898361,0.145656400484966,-0.0337085545629539,-0.000599171862367145,0.00372717252204915
-0.00524640011880728,0.272605727847745,0.145658989218428,-0.0337107884017554,-0.000601934179986557,0.00372838049117828
-0.00526981116865499,0.272605308878294,0.145661578792105,-0.0337130377628597,-0.000604698109424413,0.00372959235187335
-0.00529322378600506,0.272604887988882,0.145664169208716,-0.0337153028414352,-0.000607463669423504,0.0037308081485876
-0.00531663798184123,0.272604465178371,0.145666760471011,-0.0337175838361375,-0.00061023087881427,0.00373202792591257
-0.00534005376728633,0.272604040445609,0.145669352581767,-0.0337198809491875,-0.00061299975651395,0.00373325172857375
-0.00536347115360494,0.27260361378943,0.145671945543798,-0.0337221943864522,-0.000615770321525626,0.00373447960142586
-0.00538689015220586,0.272603185208656,0.145674539359944,-0.0337245243575281,-0.000618542592937144,0.00373571158944771
-0.00541031077464482,0.272602754702096,0.14567713403308,-0.0337268710758262,-0.000621316589919899,0.00373694773773674
-0.00543373303262703,0.272602322268544,0.145679729566109,-0.0337292347586599,-0.000624092331727514,0.00373818809150309
-0.00545715693801,0.272601887906782,0.145682325961969,-0.0337316156273353,-0.000626869837694428,0.00373943269606341
-0.00548058250280644,0.272601451615579,0.145684923223626,-0.0337340139072436,-0.000629649127233953,0.00374068159683336
-0.00550400973918689,0.272601013393688,0.14568752135408,-0.0337364298279573,-0.000632430219836845,0.00374193483932122
-0.0055274386594829,0.272600573239851,0.145690120356363,-0.033738863623328,-0.000635213135069155,0.0037431924691195
-0.00555086927618983,0.272600131152796,0.145692720233536,-0.0337413155315871,-0.000637997892570147,0.00374445453189667
-0.00557430160197015,0.272599687131236,0.145695320988694,-0.03374378579545,-0.000640784512049983,0.00374572107338828
-0.00559773564965637,0.272599241173872,0.145697922624963,-0.0337462746622232,-0.000643573013287192,0.00374699213938736
-0.00562117143225445,0.272598793279389,0.145700525145501,-0.0337487823839141,-0.000646363416125967,0.00374826777573432
-0.0056446089629469,0.27259834344646,0.145703128553498,-0.0337513092173443,-0.000649155740473218,0.00374954802830608
-0.00566804825509641,0.272597891673744,0.145705732852175,-0.0337538554242663,-0.000651950006295417,0.00375083294300456
-0.00569148932224914,0.272597437959886,0.145708338044786,-0.0337564212714837,-0.000654746233615187,0.00375212256574444
-0.00571493217813833,0.272596982303517,0.145710944134617,-0.0337590070309746,-0.000657544442507652,0.00375341694244017
-0.00573837683668786,0.272596524703253,0.145713551124984,-0.0337616129800193,-0.000660344653096503,0.00375471611899205
-0.00576182331201614,0.272596065157697,0.145716159019237,-0.0337642394013312,-0.000663146885549801,0.00375602014127166
-0.00578527161843978,0.272595603665439,0.145718767820757,-0.033766886583192,-0.000665951160075465,0.0037573290551062
-0.00580872177047761,0.272595140225053,0.145721377532956,-0.0337695548195912,-0.000668757496916447,0.00375864290626202
-0.00583217378285455,0.2725946748351,0.14572398815928,-0.0337722444103693,-0.000671565916345588,0.00375996174042709
-0.00585562767050589,0.272594207494127,0.145726599703204,-0.0337749556613662,-0.000674376438660101,0.00376128560319243
-0.00587908344858145,0.272593738200666,0.145729212168237,-0.033777688884573,-0.000677189084175709,0.00376261454003246
-0.00590254113244982,0.272593266953236,0.145731825557917,-0.0337804443982898,-0.000680003873220371,0.00376394859628419
-0.00592600073770293,0.272592793750341,0.145734439875816,-0.0337832225272878,-0.000682820826127618,0.00376528781712517
-0.00594946228016051,0.272592318590472,0.145737055125536,-0.0337860236029762,-0.00068563996322944,0.00376663224755018
-0.00597292577587479,0.272591841472104,0.14573967131071,-0.0337888479635747,-0.000688461304848735,0.00376798193234654
-0.00599639124113535,0.2725913623937,0.145742288435002,-0.033791695954292,-0.000691284871291277,0.00376933691606804
-0.00601985869247388,0.272590881353707,0.145744906502108,-0.0337945679275086,-0.000694110682837175,0.00377069724300736
-0.00604332814666939,0.27259039835056,0.145747525515753,-0.0337974642429669,-0.000696938759731826,0.00377206295716689
-0.00606679962075328,0.272589913382679,0.145750145479694,-0.0338003852679649,-0.000699769122175666,0.00377343410222666
-0.00609027313201479,0.272589426448468,0.145752766397718,-0.0338033313775648,-0.000702601790315941,0.0037748107215165
-0.00611374869800625,0.272588937546321,0.14575538827364,-0.0338063029547915,-0.000705436784232764,0.00377619285797444
-0.00613722633654886,0.272588446674614,0.145758011111307,-0.0338093003908548,-0.000708274123929668,0.00377758055411509
-0.00616070606573848,0.272587953831712,0.145760634914595,-0.0338123240853696,-0.000711113829320818,0.00377897385199003
-0.00618418790395134,0.272587459015965,0.145763259687408,-0.0338153744465863,-0.000713955920218001,0.00378037279314712
-0.0062076718698503,0.27258696222571,0.145765885433679,-0.0338184518916279,-0.000716800416316844,0.00378177741858765
-0.00623115798239104,0.27258646345927,0.14576851215737,-0.0338215568467352,-0.000719647337182193,0.00378318776872096
-0.00625464626082848,0.272585962714954,0.14577113986247,-0.0338246897475208,-0.000722496702232605,0.0037846038833166
-0.00627813672472338,0.272585459991058,0.145773768552996,-0.0338278510392308,-0.000725348530723904,0.00378602580145374
-0.00630162939394912,0.272584955285865,0.145776398232991,-0.0338310411770165,-0.000728202841731723,0.00378745356146775
-0.00632512428869865,0.272584448597643,0.145779028906526,-0.0338342606262143,-0.000731059654133008,0.0037888872008938
-0.00634862142949176,0.272583939924651,0.145781660577695,-0.0338375098626361,-0.000733918986573868,0.00379032675643244
-0.00637212083718229,0.27258342926513,0.145784293250621,-0.0338407893728677,-0.000736780857485738,0.00379177226381413
-0.0063956225329659,0.272582916617312,0.145786926929448,-0.0338440996545837,-0.000739645285025596,0.00379322375779804
-0.00641912653838777,0.272582401979416,0.145789561618345,-0.0338474412168658,-0.000742512287065175,0.00379468127208786
-0.00644263287535067,0.272581885349647,0.145792197321504,-0.0338508145805322,-0.000745381881170117,0.00379614483925324
-0.00646614156612323,0.272581366726199,0.145794834043141,-0.0338542202785509,-0.000748254084160113,0.00379761449032618
-0.00648965263334849,0.272580846107255,0.145797471787489,-0.0338576588563132,-0.00075112891261382,0.00379909025494631
-0.00651316610005265,0.272580323490987,0.145800110558806,-0.0338611308718674,-0.000754006383721754,0.00380057216255154
-0.00653668198965398,0.272579798875552,0.145802750361365,-0.0338646368965597,-0.000756886513544115,0.00380206024035805
-0.0065602003259723,0.272579272259099,0.145805391199463,-0.0338681775153333,-0.000759769317684467,0.0038035545140092
-0.00658372113323838,0.272578743639766,0.145808033077408,-0.033871753327128,-0.000762654811255679,0.00380505500747183
-0.00660724443610393,0.272578213015679,0.145810675999529,-0.0338753649453139,-0.000765543008845456,0.00380656174293257
-0.00663077025965183,0.272577680384957,0.145813319970168,-0.0338790129981335,-0.000768433924478083,0.00380807474068444
-0.00665429862940639,0.272577145745707,0.145815964993678,-0.0338826981291503,-0.000771327571568194,0.00380959401899455
-0.00667782957134443,0.272576609096028,0.145818611074429,-0.0338864209977385,-0.000774223962882519,0.00381111959398791
-0.00670136311190619,0.27257607043401,0.145821258216797,-0.0338901822797759,-0.000777123110465851,0.00381265147949234
-0.00672489927800762,0.272575529757734,0.14582390642517,-0.0338939826686998,-0.000780025025445969,0.00381418968646749
-0.00674843809705148,0.272574987065276,0.145826555703939,-0.0338978228736422,-0.000782929718345238,0.00381573422377263
-0.00677197959693927,0.272574442354702,0.145829206057503,-0.0339017036218637,-0.000785837199048075,0.00381728509791525
-0.00679552380608393,0.272573895624074,0.145831857490265,-0.0339056256595107,-0.000788747476341036,0.00381884231212545
-0.00681907075342329,0.272573346871447,0.145834510006626,-0.0339095897518251,-0.000791660558020484,0.003820405866512
-0.0068426204684334,0.272572796094871,0.14583716361099,-0.0339135966837273,-0.000794576450845622,0.00382197575790665
-0.00686617298114239,0.272572243292391,0.145839818307755,-0.0339176472604629,-0.000797495160470624,0.00382355197966665
-0.0068897283221448,0.27257168846205,0.145842474101314,-0.0339217423082665,-0.000800416691369576,0.0038251345214583
-0.00691328652261642,0.272571131601888,0.145845130996051,-0.0339258826750603,-0.000803341046759861,0.00382672336903502
-0.00693684761432973,0.272570572709942,0.145847788996338,-0.0339300692311766,-0.000806268228519296,0.00382831850399865
-0.00696041162966946,0.27257001178425,0.145850448106534,-0.0339343028701071,-0.000809198237098189,0.00382991990354581
-0.00698397860164919,0.272569448822848,0.145853108330981,-0.0339385845092894,-0.000812131071427137,0.00383152754020324
-0.00700754856392809,0.272568883823775,0.145855769673998,-0.0339429150909182,-0.000815066728818163,0.00383314138154351
-0.00703112155082853,0.272568316785072,0.145858432139883,-0.033947295582793,-0.000818005204859827,0.00383476138988462
-0.0070546975973541,0.272567747704784,0.145861095732902,-0.0339517269792035,-0.000820946493306954,0.00383638752197403
-0.00707827673920828,0.27256717658096,0.145863760457292,-0.0339562103018451,-0.000823890585961946,0.00383801972864953
-0.00710185901281391,0.272566603411656,0.145866426317252,-0.0339607466007792,-0.000826837472550092,0.0038396579544832
-0.00712544445533313,0.272566028194937,0.145869093316941,-0.0339653369554306,-0.000829787140586345,0.00384130213740171
-0.00714903310468819,0.272565450928876,0.145871761460472,-0.0339699824756279,-0.000832739575234355,0.00384295220828458
-0.007172624999583,0.272564871611558,0.145874430751909,-0.0339746843026911,-0.000835694759156619,0.00384460809053854
-0.00719622017952518,0.272564290241079,0.145877101195257,-0.0339794436105581,-0.000838652672354016,0.00384626969964156
-0.00721981868484944,0.272563706815553,0.145879772794463,-0.0339842616069717,-0.000841613291997397,0.0038479369426652
-0.007243420556741,0.272563121333108,0.145882445553403,-0.0339891395346989,-0.000844576592244607,0.00384960971775686
-0.00726702583726089,0.272562533791894,0.145885119475881,-0.0339940786728342,-0.000847542544052224,0.00385128791360614
-0.00729063456937123,0.27256194419008,0.14588779456562,-0.0339990803381284,-0.000850511114968224,0.0038529714088599
-0.00731424679696229,0.272561352525859,0.145890470826256,-0.0340041458864019,-0.000853482268916974,0.00385466007151457
-0.00733786256487964,0.272560758797451,0.145893148261327,-0.0340092767139974,-0.000856455965965244,0.00385635375825728
-0.00736148191895308,0.272560163003105,0.14589582687427,-0.0340144742593178,-0.000859432162076915,0.00385805231377474
-0.0073851049060264,0.272559565141103,0.145898506668407,-0.0340197400044281,-0.000862410808850724,0.00385975557001534
-0.00740873157398829,0.27255896520976,0.145901187646941,-0.0340250754767229,-0.000865391853238924,0.00386146334539921
-0.00743236197180428,0.272558363207432,0.145903869812943,-0.03403048225068,-0.000868375237249552,0.00386317544398219
-0.0074559961495502,0.272557759132515,0.145906553169343,-0.0340359619496904,-0.000871360897627892,0.00386489165456281
-0.00747963415844678,0.272557152983452,0.145909237718918,-0.0340415162479742,-0.000874348765516276,0.00386661174972986
-0.00750327605089566,0.272556544758736,0.145911923464282,-0.0340471468725866,-0.000877338766092106,0.00386833548484907
-0.00752692188051668,0.272555934456913,0.145914610407873,-0.0340528556055177,-0.000880330818180187,0.00387006259698009
-0.00755057170218698,0.272555322076589,0.145917298551939,-0.0340586442858935,-0.000883324833839384,0.00387179280372218
-0.00757422557208133,0.272554707616433,0.145919987898525,-0.0340645148122805,-0.000886320717920696,0.00387352580198161
-0.0075978835477143,0.272554091075183,0.145922678449457,-0.0340704691451018,-0.000889318367594835,0.00387526126665524
-0.00762154568798411,0.272553472451651,0.14592537020633,-0.0340765093091731,-0.000892317671847435,0.0038769988492252
-0.00764521205321803,0.272552851744728,0.145928063170486,-0.0340826373963489,-0.000895318510936917,0.00387873817625166
-0.00766888270522033,0.272552228953394,0.145930757342998,-0.0340888555683252,-0.000898320755818964,0.00388047884777257
-0.00769255770732144,0.272551604076718,0.145933452724653,-0.0340951660595534,-0.000901324267524892,0.00388222043557906
-0.00771623712442964,0.272550977113874,0.145936149315931,-0.0341015711803138,-0.000904328896499038,0.00388396248137723
-0.00773992102308486,0.272550348064141,0.145938847116981,-0.0341080733199385,-0.000907334481887436,0.00388570449481733
-0.0077636094715147,0.272549716926912,0.145941546127601,-0.034114674950198,-0.000910340850775155,0.00388744595138258
-0.00778730253969274,0.27254908370171,0.14594424634721,-0.0341213786288551,-0.000913347817368467,0.0038891862901267
-0.00781100029940018,0.272548448388185,0.145946947774828,-0.0341281870034192,-0.000916355182118451,0.00389092491125208
-0.00783470282428864,0.272547810986136,0.145949650409041,-0.0341351028150545,-0.000919362730775303,0.00389266117349915
-0.00785841018994717,0.272547171495514,0.145952354247976,-0.0341421289027295,-0.000922370233377864,0.00389439439135818
-0.0078821224739715,0.272546529916435,0.145955059289267,-0.0341492682075619,-0.000925377443164265,0.00389612383206693
-0.00790583975603667,0.272545886249194,0.145957765530021,-0.0341565237773946,-0.000928384095401202,0.00389784871238635
-0.00792956211797275,0.272545240494275,0.145960472966785,-0.0341638987716157,-0.000931389906124484,0.0038995681951348
-0.00795328964384374,0.272544592652367,0.145963181595503,-0.0341713964662177,-0.000934394570780846,0.00390128138545416
-0.00797702242003093,0.272543942724379,0.145965891411476,-0.0341790202591559,-0.000937397762769331,0.00390298732680216
-0.00800076053531928,0.272543290711452,0.14596860240932,-0.0341867736759639,-0.000940399131864558,0.00390468499662459
-0.00802450408098789,0.272542636614982,0.145971314582915,-0.0341946603756838,-0.000943398302518361,0.00390637330169709
-0.00804825315090514,0.272541980436634,0.145974027925357,-0.0342026841571157,-0.000946394872026618,0.00390805107310128
-0.0080720078416278,0.272541322178361,0.145976742428901,-0.0342108489654054,-0.000949388408549784,0.00390971706080413
-0.00809576825250523,0.272540661842431,0.145979458084905,-0.0342191588989906,-0.000952378448974239,0.00391136992780607
-0.00811953448578816,0.27253999943144,0.145982174883767,-0.0342276182169283,-0.000955364496599574,0.00391300824381807
-0.00814330664674306,0.272539334948344,0.145984892814855,-0.0342362313466235,-0.000958346018637186,0.00391463047842764
-0.00816708484377177,0.272538668396482,0.145987611866441,-0.034245002891986,-0.000961322443502,0.00391623499370567
-0.00819086918853707,0.272537999779605,0.145990332025618,-0.0342539376420357,-0.000964293157878324,0.00391782003620303
-0.00821465979609431,0.272537329101903,0.145993053278217,-0.0342630405799871,-0.000967257503539519,0.00391938372828199
-0.00823845678502959,0.272536656368043,0.145995775608723,-0.0342723168928393,-0.000970214773898269,0.00392092405872021
-0.00826226027760461,0.272535981583197,0.145998499000171,-0.0342817719814919,-0.00097316421025972,0.00392243887251456
-0.00828607039990958,0.272535304753086,0.14600122343405,-0.0342914114714555,-0.000976104997756479,0.00392392585982472
-0.00830988728202199,0.272534625884016,0.146003948890185,-0.0343012412241011,-0.000979036260920673,0.00392538254394247
-0.00833371105817527,0.272533944982923,0.146006675346622,-0.0343112673485944,-0.000981957058874585,0.00392680626823143
-0.00835754186693492,0.272533262057423,0.146009402779492,-0.0343214962144652,-0.000984866380090604,0.00392819418190904
-0.00838137985138402,0.272532577115859,0.146012131162878,-0.0343319344648808,-0.000987763136682276,0.00392954322456776
-0.00840522515931809,0.272531890167357,0.146014860468658,-0.034342589030657,-0.000990646158179063,0.00393085010930905
-0.00842907794344943,0.272531201221887,0.146017590666345,-0.0343534671450196,-0.000993514184730909,0.00393211130434661
-0.00845293836162337,0.272530510290329,0.146020321722906,-0.0343645763592169,-0.00099636585969019,0.00393332301293767
-0.00847680657704414,0.272529817384538,0.146023053602576,-0.0343759245589341,-0.00099919972149862,0.00393448115145195
-0.00850068275851324,0.272529122517425,0.146025786266645,-0.0343875199816091,-0.0010020141948134,0.00393558132540136
-0.00852456708068003,0.272528425703036,0.14602851967324,-0.0343993712346624,-0.00100480758079087,0.00393661880321347
-0.00854845972430491,0.272527726956645,0.146031253777071,-0.034411487314667,-0.0010075780464379,0.00393758848751052
-0.00857236087653773,0.272527026294846,0.146033988529177,-0.0344238776275375,-0.00101032361293521,0.003938484883638
-0.00859627073120755,0.272526323735662,0.146036723876632,-0.0344365520096405,-0.00101304214281286,0.00393930206512866
-0.00862018948913039,0.272525619298661,0.146039459762232,-0.0344495207500091,-0.00101573132586604,0.00394003363579978
-0.00864411735843129,0.272524913005079,0.146042196124158,-0.0344627946135477,-0.0010183886636631,0.00394067268809576
-0.00866805455488316,0.272524204877958,0.146044932895604,-0.0344763848652742,-0.00102101145249441,0.00394121175727278
-0.00869200130226274,0.272523494942291,0.146047670004369,-0.0344903032955783,-0.00102359676458748,0.00394164277096461
-0.0087159578327249,0.272522783225192,0.146050407372423,-0.0345045622464674,-0.00102614142739384,0.00394195699361474
-0.00873992438719361,0.272522069756068,0.14605314491542,-0.0345191746386886,-0.00102864200072709,0.00394214496519336
-0.00876390121577576,0.272521354566814,0.146055882542172,-0.0345341539997802,-0.00103109475151223,0.00394219643356347
-0.00878788857819093,0.272520637692029,0.146058620154079,-0.0345495144927412,-0.00103349562586403,0.00394210027975567
-0.00881188674422321,0.272519919169248,0.146061357644492,-0.0345652709452882,-0.00103584021819039,0.00394184443534859
-0.00883589599419306,0.272519199039194,0.146064094898026,-0.0345814388794169,-0.00103812373697208,0.00394141579103823
-0.00885991661944958,0.272518477346065,0.146066831789802,-0.0345980345409737,-0.00104034096682875,0.00394080009537194
-0.00888394892288409,0.27251775413784,0.146069568184614,-0.0346150749288888,-0.00104248622643441,0.00393998184249913
-0.00890799321946186,0.272517029466618,0.14607230393602,-0.0346325778234803,-0.00104455332178861,0.00393894414764687
-0.0089320498367749,0.272516303388991,0.146075038885331,-0.0346505618133278,-0.00104653549429339,0.00393766860887898
-0.00895611911561188,0.272515575966459,0.14607777286051,-0.0346690463198288,-0.00104842536301599,0.00393613515351871
-0.0089802014105439,0.272514847265882,0.146080505674951,-0.0346880516184782,-0.00105021486044315,0.00393432186742427
-0.00900429709052363,0.272514117359979,0.146083237126136,-0.0347075988556127,-0.00105189516095119,0.00393220480509623
-0.00902840653949516,0.272513386327887,0.146085966994152,-0.0347277100591198,-0.00105345660112389,0.00392975777835896
-0.00905253015700602,0.272512654255769,0.146088695040055,-0.0347484081410604,-0.00105488859095336,0.0039269521211171
-0.00907666835882033,0.27251192123749,0.146091421004057,-0.0347697168899875,-0.00105617951484886,0.00392375642740056
-0.00910082157752074,0.272511187375372,0.146094144603528,-0.0347916609498884,-0.0010573166212681,0.00392013625964194
-0.00912499026309032,0.272510452781021,0.146096865530774,-0.0348142657821639,-0.00105828589966393,0.0039160538238235
-0.00914917488346126,0.272509717576248,0.146099583450588,-0.0348375576061647,-0.00105907194331925,0.00391146760783608
-0.00917337592501208,0.272508981894093,0.14610229799753,-0.0348615633127351,-0.00105965779652545,0.00390633197911166
-0.00919759389299556,0.272508245879957,0.14610500877291,-0.034886310344112,-0.00106002478444501,0.00390059673731631
-0.00922182931186737,0.27250750969286,0.146107715341449,-0.0349118265317542,-0.00106015232391963,0.00389420661773175
-0.00924608272548543,0.272506773506839,0.146110417227576,-0.0349381398820682,-0.00106001771342204,0.00388710074082788
-0.00927035469713881,0.272506037512498,0.146113113911314,-0.0349652782976177,-0.00105959590035798,0.00387921200361849
-0.00929464580935578,0.272505301918729,0.146115804823737,-0.0349932692187347,-0.00105885922401338,0.00387046640869988
-0.00931895666343223,0.272504566954619,0.146118489341926,-0.0350221391672893,-0.00105777713265027,0.00386078232751232
-0.00934328787859914,0.272503832871565,0.146121166783395,-0.0350519131702638,-0.00105631587368065,0.00385006969560367
-0.00936764009074429,0.272503099945611,0.146123836399933,-0.0350826140366295,-0.00105443815646618,0.00383822913943191
-0.0093920139505696,0.27250236848003,0.146126497370818,-0.0351142614552639,-0.00105210278835564,0.00382515103721642
-0.00941641012104974,0.272501638808169,0.146129148795354,-0.0351468708757368,-0.00104926428606799,0.00381071452047608
-0.00944082927402502,0.272500911296565,0.146131789684705,-0.0351804521267418,-0.00104587246673234,0.00379478642892151
-0.00946527208572875,0.272500186348362,0.146134418952983,-0.0352150077192718,-0.00104187202599586,0.00377722023978898
-0.00948973923100937,0.272499464407009,0.146137035407601,-0.0352505307735395,-0.00103720211490221,0.00375785500428911
-0.00951423137596254,0.272498745960253,0.146139637738896,-0.0352870025005293,-0.00103179593309347,0.00373651433955464
-0.00953874916863774,0.272498031544409,0.146142224509099,-0.0353243891619546,-0.00102558036371414,0.00371300554537734
-0.00956329322742939,0.272497321748841,0.146144794140757,-0.0353626384275629,-0.00101847568569504,0.00368711894240885
-0.0095878641267051,0.272496617220625,0.146147344904806,-0.0354016750484249,-0.00101039541237897,0.00365862756364488
-0.00961246237917021,0.272495918669241,0.146149874908607,-0.0354413957722575,-0.00100124632219346,0.00362728737507903
-0.00963708841442152,0.272495226871166,0.146152382084387,-0.0354816634465525,-0.000990928767567353,0.00359283825502948
-0.00966174255311779,0.272494542674121,0.146154864178695,-0.0355223002934157,-0.000979337372460433,0.00355500602444187
-0.00968642497620371,0.272493867000656,0.146157318743746,-0.0355630804047315,-0.000966362255875638,0.00351350588996243
-0.00971113568869134,0.272493200850663,0.146159743131763,-0.0356037216070629,-0.000951890946575992,0.00346804773223099
-0.00973587447765356,0.272492545302256,0.146162134493778,-0.0356438769934297,-0.000935811179070478,0.00341834373310553
-0.00976064086436065,0.272491901510354,0.146164489784694,-0.0356831266241044,-0.00091801477627839,0.0033641188698952
-0.00978543405092395,0.272491270702121,0.146166805776773,-0.0357209701676409,-0.000898402820181529,0.0033051247855781
-0.00981025286246781,0.272490654168332,0.14616907908406,-0.0357568215856059,-0.000876892272970809,0.00324115743116638
-0.00983509568672943,0.272490053249595,0.146171306200408,-0.0357900073372768,-0.000853424117290853,0.00317207861721721
-0.00985996041416628,0.272489469316438,0.146173483553756,-0.0358197699327376,-0.000827972908749789,0.00309784113980296
-0.00988484438296354,0.272488903742355,0.146175607578812,-0.035845278860732,-0.0008005573614647,0.00301851642828713
-0.00990974433475373,0.272488357869352,0.146177674809271,-0.0358656507825933,-0.000771251235526455,0.00293432274980229
-0.00993465638798129,0.27248783296613,0.146179681989011,-0.0358799803006348,-0.000740193440541706,0.00284565109577384
-0.00995957603644317,0.272487330179913,0.146181626199423,-0.0358873816636749,-0.000707595979397408,0.00275308513401591
-0.00998449818037131,0.272486850483976,0.146183504997331,-0.035887040499545,-0.000673748101210941,0.00265741096413738
-0.0100094171961511,0.272486394624135,0.146185316554772,-0.0358782726436078,-0.00063901484694932,0.00255961197592818
-0.0100343270477669,0.272485963068646,0.146187059788857,-0.0358605842650482,-0.000603828465326941,0.0024608449128799
-0.0100592214381706,0.272485555966726,0.146188734468048,-0.0358337253309359,-0.000568672255379979,0.00236239604355792
-0.0100840939931061,0.272485173120696,0.146190341281685,-0.0357977283730406,-0.000534057683162587,0.0022656197570269
-0.0101089384646989,0.272484813975835,0.146191881862181,-0.035752925560116,-0.000500496687512077,0.00217186477309131
-0.0101337489378561,0.27248447763027,0.146193358753993,-0.0356999392647278,-0.000468472314977898,0.00208239628961954
-0.010158520020731,0.272484162864685,0.146194775330123,-0.0356396460526156,-0.000438411605280853,0.00199832445391107
-0.010183247002313,0.27248386818909,0.146196135663876,-0.0355731191916178,-0.000410664083635185,0.00192054829897749
-0.0102079259649362,0.272483591901903,0.146197444368859,-0.0355015578341256,-0.00038548803937904,0.00184972103336723
-0.0102325538457345,0.27248333215555,0.146198706423032,-0.0354262124018212,-0.000363045525148841,0.00178623883648688
-0.0102571284476377,0.272483087022625,0.146199926992721,-0.0353483152472222,-0.000343405547352966,0.00173025136080331
-0.010281648406065,0.272482854557451,0.146201111270139,-0.0352690232579737,-0.000326553751264763,0.00168168918116686
-0.010306113121046,0.27248263284931,0.14620226433411,-0.0351893760289977,-0.000312406386387554,0.00164030213133375
-0.0103305226660074,0.272482420065133,0.146203391039417,-0.035110270423194,-0.000300826278256747,0.00160570242858453
-0.0103548776842115,0.272482214481005,0.146204495936212,-0.0350324500639119,-0.000291638823462507,0.00157740738080826
-0.0103791792822774,0.272482014502985,0.146205583217814,-0.0349565068694341,-0.000284646563385271,0.00155487794387262
-0.0104034289279492,0.272481818678556,0.146206656693173,-0.0348828911903117,-0.000279641482316813,0.00153755097791353
-0.0104276283569222,0.272481625700447,0.146207719779296,-0.0348119272225677,-0.000276414689590484,0.0015248644235193
-0.0104517794913715,0.272481434404622,0.146208775508735,-0.0347438309075419,-0.000274763535627298,0.00151627563395948
-0.0104758843711615,0.272481243764148,0.146209826547663,-0.0346787282495434,-0.000274496456440409,0.00151127370678955
-0.0104999450975021,0.272481052880365,0.146210875220758,-0.0346166726921982,-0.00027543595145231,0.0015093869145392
-0.010523963788111,0.272480860972518,0.146211923539852,-0.0345576607698279,-0.000277420113779467,0.001510186353308
-0.0105479425425261,0.272480667366714,0.146212973234119,-0.0345016456756148,-0.000280303094148064,0.00151328682054507
-0.0105718834160946,0.272480471484831,0.146214025780144,-0.0344485486714272,-0.00028395481944521,0.00151834577156924
-0.0105957884011607,0.272480272833813,0.146215082430807,-0.0343982684437223,-0.000288260222246484,0.00152506103135299
-0.0106196594140936,0.272480070995604,0.146216144242305,-0.0343506886080038,-0.000293118177115046,0.00153316777613478
-0.0106434982869555,0.272479865617879,0.146217212098927,-0.0343056836076638,-0.000298440287230682,0.00154243515987509
-0.0106673067627821,0.272479656405648,0.146218286735445,-0.0342631232608416,-0.000304149622254716,0.00155266284701463
-0.0106910864936215,0.272479443113724,0.146219368757117,-0.034222876194549,-0.000310179475101858,0.00156367762496839
-0.0107148390406322,0.272479225540038,0.146220458657401,-0.0341848123807487,-0.000316472180272147,0.0015753302038998
-0.0107385658756878,0.272479003519746,0.146221556833528,-0.0341488049582374,-0.000322978018426986,0.00158749226437008
-0.0107622683840426,0.272478776920067,0.146222663600112,-0.0341147314958606,-0.000329654219086125,0.0016000537801911
-0.0107859478677185,0.272478545635768,0.146223779201016,-0.0340824748238099,-0.000336464064877272,0.00161292062215902
-0.0108096055493496,0.272478309585247,0.146224903819628,-0.0340519235359961,-0.000343376095173004,0.00162601243413397
-0.0108332425762855,0.27247806870713,0.14622603758777,-0.0340229722452391,-0.000350363403645663,0.00163926076474292
-0.0108568600248058,0.272477822957326,0.146227180593386,-0.0339955216559007,-0.000357403022393448,0.00165260743346964
-0.0108804589043356,0.272477572306486,0.146228332887159,-0.0339694785041685,-0.000364475384505418,0.00166600310820732
-0.0109040401615856,0.272477316737805,0.146229494488228,-0.0339447554051282,-0.00037156385670994,0.00167940607106071
-0.0109276046845625,0.272477056245127,0.146230665389093,-0.0339212706359539,-0.000378654334149712,0.00169278115050984
-0.0109511533064134,0.272476790831318,0.146231845559828,-0.033898947878055,-0.000385734889702852,0.00170609879922338
-0.0109746868090816,0.27247652050686,0.146233034951711,-0.0338777159349308,-0.000392795470991896,0.00171933429889134
-0.0109982059267618,0.272476245288641,0.146234233500326,-0.0338575084382502,-0.000399827638878906,0.00173246707530122
-0.0110217113491506,0.272475965198914,0.14623544112824,-0.0338382635514175,-0.000406824342001172,0.0017454801089376
-0.0110452037244909,0.272475680264406,0.146236657747283,-0.0338199236773965,-0.000413779722377904,0.00175835942788007
-0.0110686836624169,0.272475390515546,0.146237883260512,-0.0338024351721459,-0.000420688947468068,0.00177109367070509
-0.0110921517366032,0.272475095985806,0.146239117563893,-0.0337857480731649,-0.000427548066270632,0.00178367371228067
-0.0111156084872315,0.27247479671113,0.146240360547736,-0.0337698158402387,-0.000434353884798854,0.00179609234101797
-0.0111390544232805,0.272474492729452,0.146241612097924,-0.033754595109795,-0.000441103858799924,0.00180834398123314
-0.0111624900246512,0.272474184080273,0.146242872096968,-0.0337400454645073,-0.000447796001322992,0.00182042445446818
-0.0111859157441373,0.272473870804301,0.146244140424901,-0.0337261292179661,-0.000454428802977465,0.0018323307740279
-0.0112093320092512,0.272473552943151,0.146245416960044,-0.0337128112139019,-0.000461001163181329,0.00184406096823884
-0.0112327392239153,0.272473230539075,0.146246701579658,-0.0337000586396404,-0.000467512330829666,0.00185561392827358
-0.0112561377700287,0.272472903634741,0.146247994160492,-0.0336878408530889,-0.000473961853214911,0.00186698927723212
-0.0112795280089182,0.272472572273041,0.146249294579259,-0.0336761292225835,-0.000480349531737036,0.00187818725721076
-0.0113029102826826,0.272472236496927,0.146250602713021,-0.0336648969789216,-0.000486675382864356,0.00188920863124407
-0.0113262849154375,0.272471896349276,0.14625191843953,-0.0336541190784293,-0.000492939606373472,0.00190005460087275
-0.0113496522144697,0.27247155187277,0.146253241637502,-0.0336437720767875,-0.000499142556369697,0.00191072673352116
-0.0113730124713061,0.272471203109798,0.146254572186851,-0.0336338340125683,-0.000505284716688516,0.00192122690037334
-0.0113963659627068,0.272470850102376,0.146255909968879,-0.0336242842999066,-0.000511366679537648,0.00193155722293792
-0.0114197129515844,0.272470492892076,0.146257254866437,-0.0336151036294437,-0.000517389127193885,0.0019417200269821
-0.0114430536878591,0.272470131519968,0.146258606764048,-0.0336062738770775,-0.000523352816105603,0.00195171780292572
-0.0114663884092518,0.272469766026577,0.146259965548013,-0.0335977780198056,-0.000529258563186888,0.00196155317180507
-0.0114897173420218,0.272469396451843,0.146261331106489,-0.0335896000581255,-0.000535107233991087,0.0019712288560282
-0.0115130407016517,0.272469022835089,0.146262703329552,-0.0335817249444538,-0.000540899732517882,0.00198074765429543
-0.011536358693486,0.272468645215001,0.146264082109242,-0.0335741385171038,-0.000546636992423206,0.00199011242008654
-0.0115596715133245,0.272468263629609,0.146265467339593,-0.0335668274393316,-0.00055231996946407,0.0019993260432836
-0.0115829793479753,0.272467878116273,0.146266858916656,-0.0335597791430671,-0.000557949635002204,0.00200839143447253
-0.0116062823757704,0.272467488711674,0.146268256738504,-0.0335529817769345,-0.000563526970432055,0.00201731151157823
-0.0116295807670467,0.27246709545181,0.146269660705237,-0.0335464241582161,-0.000569052962410787,0.0020260891885183
-0.0116528746845943,0.272466698371994,0.146271070718974,-0.0335400957284374,-0.00057452859878373,0.00203472736560195
-0.0116761642840759,0.272466297506851,0.146272486683842,-0.0335339865122684,-0.000579954865121629,0.00204322892146001
-0.0116994497144183,0.272465892890327,0.146273908505955,-0.0335280870795017,-0.000585332741770969,0.00205159670625234
-0.0117227311181787,0.272465484555686,0.146275336093398,-0.033522388509818,-0.000590663201374207,0.00205983353604446
-0.0117460086318869,0.272465072535523,0.146276769356196,-0.0335168823601434,-0.000595947206780635,0.00206794218814969
-0.0117692823863664,0.272464656861765,0.146278208206289,-0.0335115606343811,-0.000601185709303381,0.00207592539732442
-0.011792552507035,0.272464237565687,0.1462796525575,-0.033506415755327,-0.000606379647275782,0.00208378585269784
-0.0118158191141863,0.272463814677913,0.146281102325503,-0.0335014405385973,-0.000611529944867658,0.00209152619533603
-0.0118390823232541,0.272463388228432,0.14628255742779,-0.0334966281684092,-0.00061663751112686,0.00209914901635313
-0.0118623422450605,0.272462958246609,0.146284017783632,-0.0334919721750682,-0.000621703239216072,0.00210665685549391
-0.0118855989860487,0.272462524761193,0.146285483314049,-0.0334874664140302,-0.000626728005818595,0.00211405220012173
-0.0119088526485022,0.272462087800328,0.146286953941767,-0.0334831050464141,-0.000631712670690256,0.00212133748455448
-0.0119321033307504,0.272461647391571,0.146288429591185,-0.0334788825208562,-0.000636658076337343,0.00212851508969858
-0.0119553511273628,0.272461203561897,0.146289910188338,-0.0334747935566007,-0.000641565047803118,0.00213558734293749
-0.0119785961293307,0.272460756337715,0.146291395660857,-0.0334708331277343,-0.000646434392548127,0.00214255651823707
-0.0120018384242397,0.272460305744879,0.146292885937934,-0.0334669964484777,-0.000651266900409587,0.00214942483643396
-0.0120250780964312,0.272459851808701,0.146294380950286,-0.0334632789594551,-0.000656063343630655,0.00215619446568063
-0.0120483152271551,0.272459394553964,0.146295880630115,-0.0334596763148691,-0.000660824476946723,0.00216286752201869
-0.0120715498947143,0.27245893400493,0.146297384911079,-0.0334561843705141,-0.000665551037721802,0.00216944607006178
-0.0120947821746004,0.272458470185359,0.146298893728247,-0.0334527991725659,-0.000670243746126445,0.00217593212376779
-0.0121180121396222,0.272458003118512,0.146300407018073,-0.0334495169470925,-0.000674903305350604,0.00218232764728418
-0.0121412398600277,0.272457532827171,0.146301924718356,-0.0334463340902332,-0.000679530401845534,0.00218863455585251
-0.0121644654036181,0.272457059333646,0.146303446768209,-0.0334432471589977,-0.000684125705589657,0.00219485471675956
-0.0121876888358573,0.272456582659788,0.146304973108026,-0.0334402528626428,-0.000688689870373878,0.00220098995032464
-0.0122109102199745,0.272456102826998,0.146306503679447,-0.0334373480545831,-0.000693223534102469,0.00220704203091369
-0.0122341296170614,0.27245561985624,0.146308038425332,-0.0334345297248019,-0.000697727319106162,0.00221301268797242
-0.0122573470861649,0.272455133768052,0.146309577289723,-0.0334317949927243,-0.000702201832464514,0.00221890360707153
-0.0122805626843744,0.272454644582556,0.14631112021782,-0.0334291411005222,-0.000706647666335129,0.00222471643095833
-0.0123037764669051,0.272454152319465,0.146312667155948,-0.0334265654068229,-0.000711065398286918,0.0022304527606087
-0.0123269884871765,0.2724536569981,0.146314218051531,-0.0334240653807899,-0.000715455591636916,0.00223611415627798
-0.0123501987968873,0.272453158637391,0.146315772853061,-0.0334216385965558,-0.000719818795787246,0.00224170213854307
-0.0123734074460866,0.272452657255895,0.146317331510073,-0.0334192827279802,-0.000724155546562168,0.002247218189336
-0.0123966144832413,0.272452152871801,0.146318893973119,-0.0334169955437121,-0.000728466366543454,0.0022526637529648
-0.0124198199553002,0.272451645502937,0.146320460193739,-0.0334147749025377,-0.000732751765403192,0.00225804023712004
-0.0124430239077552,0.272451135166785,0.146322030124442,-0.0334126187489937,-0.000737012240233161,0.00226334901386501
-0.0124662263846995,0.272450621880483,0.146323603718673,-0.0334105251092287,-0.000741248275870037,0.00226859142060834
-0.0124894274288827,0.272450105660838,0.146325180930798,-0.0334084920870987,-0.000745460345215869,0.00227376876105766
-0.0125126270817633,0.272449586524333,0.146326761716074,-0.0334065178604795,-0.000749648909553272,0.0022788823061536
-0.0125358253835596,0.272449064487134,0.146328346030632,-0.0334046006777833,-0.000753814418854978,0.00228393329498322
-0.0125590223732967,0.272448539565098,0.14632993383145,-0.033402738854667,-0.00075795731208739,0.00228892293567255
-0.0125822180888525,0.272448011773781,0.146331525076337,-0.0334009307709194,-0.000762078017507933,0.00229385240625774
-0.0126054125670014,0.272447481128446,0.146333119723908,-0.0333991748675169,-0.000766176952955289,0.00229872285553264
-0.0126286058434552,0.272446947644069,0.146334717733567,-0.0333974696438368,-0.000770254526136245,0.00230353540388469
-0.0126517979529033,0.272446411335346,0.146336319065486,-0.0333958136550196,-0.000774311134899496,0.00230829114408921
-0.0126749889290505,0.2724458722167,0.146337923680586,-0.0333942055094695,-0.000778347167509092,0.00231299114210207
-0.0126981788046528,0.272445330302289,0.146339531540521,-0.0333926438664866,-0.000782363002907938,0.002317636437821
-0.0127213676115523,0.272444785606008,0.146341142607655,-0.0333911274340219,-0.000786359010975206,0.00232222804582762
-0.0127445553807101,0.272444238141501,0.146342756845053,-0.0333896549665487,-0.000790335552776986,0.00232676695610862
-0.0127677421422379,0.272443687922165,0.146344374216453,-0.0333882252630416,-0.000794292980810274,0.00233125413475626
-0.0127909279254283,0.272443134961151,0.146345994686261,-0.0333868371650602,-0.000798231639240348,0.00233569052464869
-0.0128141127587835,0.272442579271377,0.146347618219527,-0.0333854895549275,-0.000802151864131639,0.00234007704611042
-0.0128372966700434,0.27244202086553,0.146349244781934,-0.0333841813540011,-0.000806053983672172,0.00234441459755324
-0.0128604796862119,0.272441459756072,0.14635087433978,-0.0333829115210291,-0.000809938318391707,0.00234870405609822
-0.0128836618335822,0.272440895955244,0.146352506859967,-0.0333816790505878,-0.000813805181373662,0.00235294627817902
-0.0129068431377614,0.272440329475072,0.146354142309982,-0.033380482971596,-0.000817654878460978,0.00235714210012711
-0.0129300236236937,0.272439760327372,0.146355780657887,-0.0333793223459006,-0.000821487708456018,0.00236129233873932
-0.0129532033156829,0.272439188523758,0.146357421872307,-0.0333781962669315,-0.000825303963315327,0.00236539779182973
-0.0129763822374138,0.272438614075639,0.146359065922412,-0.0333771038584213,-0.000829103928335497,0.00236945923875659
-0.0129995604119729,0.27243803699423,0.146360712777906,-0.0333760442731836,-0.000832887882339856,0.00237347744094949
-0.013022737861868,0.272437457290556,0.146362362409019,-0.0333750166919518,-0.000836656097853424,0.00237745314240409
-0.0130459146090476,0.272436874975453,0.14636401478649,-0.0333740203222706,-0.000840408841298325,0.00238138707012529
-0.0130690906749184,0.272436290059576,0.146365669881556,-0.033373054397439,-0.000844146373113761,0.00238527993470078
-0.0130922660803639,0.272435702553397,0.146367327665944,-0.0333721181755053,-0.000847868947960579,0.00238913243064853
-0.0131154408457602,0.272435112467219,0.146368988111856,-0.0333712109383033,-0.000851576814832474,0.00239294523697665
-0.0131386149909933,0.27243451981117,0.146370651191962,-0.0333703319905378,-0.000855270217235788,0.00239671901752764
-0.013161788535473,0.27243392459521,0.146372316879386,-0.0333694806589044,-0.000858949393342593,0.00240045442143234
-0.0131849614981499,0.27243332682914,0.146373985147699,-0.0333686562912573,-0.000862614576138529,0.00240415208345854
-0.0132081338975282,0.272432726522597,0.146375655970909,-0.0333678582558079,-0.000866265993555714,0.00240781262444047
-0.0132313057516808,0.272432123685062,0.146377329323448,-0.0333670859403629,-0.000869903868603277,0.00241143665164519
-0.0132544770782616,0.272431518325863,0.146379005180166,-0.0333663387515928,-0.000873528419503651,0.00241502475915303
-0.0132776478945189,0.27243091045418,0.146380683516322,-0.033365616114335,-0.000877139859816186,0.00241857752820391
-0.0133008182173078,0.272430300079045,0.146382364307573,-0.0333649174709262,-0.000880738398561301,0.00242209552754416
-0.0133239880631018,0.272429687209344,0.146384047529968,-0.0333642422805634,-0.000884324240340117,0.00242557931376054
-0.0133471574480048,0.272429071853826,0.146385733159938,-0.0333635900186928,-0.000887897585450508,0.00242902943160405
-0.0133703263877618,0.2724284540211,0.146387421174286,-0.0333629601764251,-0.000891458629999671,0.00243244641430383
-0.0133934948977697,0.272427833719642,0.146389111550186,-0.0333623522599743,-0.000895007566012747,0.00243583078387012
-0.0134166629930874,0.272427210957796,0.146390804265167,-0.0333617657901213,-0.000898544581541319,0.00243918305139515
-0.013439830688446,0.272426585743774,0.146392499297109,-0.0333612003017001,-0.000902069860761966,0.00244250371733032
-0.0134629979982586,0.272425958085664,0.146394196624239,-0.033360655343104,-0.00090558358407943,0.00244579327177005
-0.0134861649366288,0.27242532799143,0.146395896225118,-0.0333601304758138,-0.000909085928222244,0.00244905219471914
-0.0135093315173604,0.272424695468913,0.146397598078639,-0.0333596252739443,-0.000912577066336742,0.00245228095635384
-0.0135324977539656,0.272424060525837,0.146399302164016,-0.0333591393238097,-0.000916057168078284,0.00245548001727512
-0.0135556636596734,0.272423423169807,0.146401008460781,-0.0333586722235067,-0.000919526399699766,0.0024586498287543
-0.0135788292474378,0.272422783408316,0.146402716948776,-0.0333582235825141,-0.000922984924137544,0.00246179083297136
-0.0136019945299453,0.272422141248743,0.146404427608148,-0.0333577930213091,-0.000926432901094819,0.00246490346324622
-0.0136251595196226,0.272421496698358,0.146406140419339,-0.0333573801709976,-0.000929870487122597,0.00246798814426307
-0.0136483242286439,0.272420849764325,0.146407855363086,-0.0333569846729607,-0.000933297835698297,0.00247104529228814
-0.0136714886689377,0.272420200453699,0.146409572420411,-0.0333566061785142,-0.000936715097302071,0.00247407531538103
-0.0136946528521937,0.272419548773435,0.146411291572616,-0.0333562443485813,-0.000940122419490939,0.00247707861359987
-0.0137178167898696,0.272418894730384,0.146413012801278,-0.0333558988533784,-0.00094351994697078,0.00248005557920043
-0.0137409804931969,0.272418238331299,0.146414736088247,-0.0333555693721132,-0.000946907821666262,0.00248300659682951
-0.0137641439731877,0.272417579582834,0.146416461415633,-0.0333552555926937,-0.00095028618278876,0.00248593204371261
-0.01378730724064,0.272416918491549,0.146418188765807,-0.0333549572114491,-0.000953655166902351,0.00248883228983627
-0.013810470306144,0.272416255063908,0.146419918121397,-0.0333546739328609,-0.000957014907987901,0.00249170769812503
-0.0138336331800872,0.272415589306286,0.146421649465277,-0.0333544054693039,-0.000960365537505325,0.00249455862461344
-0.0138567958726602,0.272414921224963,0.146423382780567,-0.0333541515407979,-0.000963707184454777,0.00249738541861469
-0.0138799583938619,0.272414250826135,0.146425118050629,-0.0333539118747671,-0.000967039975432798,0.00250018842287606
-0.013903120753504,0.272413578115907,0.146426855259059,-0.0333536862058101,-0.000970364034693663,0.00250296797374699
-0.0139262829612168,0.272412903100302,0.146428594389684,-0.0333534742754771,-0.000973679484202058,0.00250572440132521
-0.013949445026453,0.272412225785256,0.146430335426561,-0.0333532758320561,-0.000976986443687825,0.00250845802960736
-0.0139726069584931,0.272411546176624,0.146432078353966,-0.0333530906303666,-0.000980285030698521,0.00251116917663369
-0.0139957687664495,0.27241086428018,0.146433823156397,-0.0333529184315603,-0.000983575360650492,0.00251385815462868
-0.0140189304592708,0.272410180101619,0.146435569818564,-0.0333527590029303,-0.000986857546878538,0.00251652527013778
-0.014042092045746,0.272409493646558,0.146437318325392,-0.0333526121177255,-0.000990131700684205,0.00251917082416025
-0.0140652535345089,0.272408804920536,0.146439068662009,-0.0333524775549731,-0.000993397931382768,0.00252179511227847
-0.0140884149340415,0.272408113929018,0.146440820813748,-0.0333523550993063,-0.000996656346348914,0.00252439842478352
-0.0141115762526785,0.272407420677395,0.146442574766143,-0.0333522445407988,-0.000999907051061199,0.00252698104679746
-0.0141347374986103,0.272406725170985,0.146444330504922,-0.0333521456748047,-0.0010031501491453,0.00252954325839219
-0.0141578986798872,0.272406027415036,0.146446088016007,-0.0333520583018044,-0.00100638574241611,0.00253208533470506
-0.0141810598044226,0.272405327414724,0.14644784728551,-0.0333519822272554,-0.00100961393091868,0.00253460754605142
-0.0142042208799965,0.272404625175157,0.146449608299729,-0.0333519172614484,-0.00101283481296812,0.00253711015803403
-0.0142273819142588,0.272403920701375,0.146451371045142,-0.0333518632193686,-0.00101604848518837,0.00253959343164966
-0.0142505429147325,0.272403213998352,0.146453135508411,-0.0333518199205616,-0.00101925504255002,0.00254205762339268
-0.0142737038888168,0.272402505070996,0.146454901676372,-0.0333517871890036,-0.00102245457840701,0.00254450298535598
-0.0142968648437902,0.272401793924153,0.146456669536034,-0.0333517648529765,-0.00102564718453249,0.00254692976532917
-0.0143200257868136,0.272401080562601,0.146458439074579,-0.0333517527449468,-0.00102883295115315,0.00254933820689281
-0.0143431867249325,0.272400364991061,0.146460210279354,-0.0333517507014487,-0.00103201196698518,0.00255172854951696
-0.0143663476650806,0.27239964721419,0.146461983137874,-0.0333517585629711,-0.00103518431926442,0.00255410102864373
-0.0143895086140822,0.272398927236585,0.146463757637812,-0.0333517761738484,-0.00103835009378049,0.00255645587578094
-0.0144126695786548,0.272398205062785,0.146465533767006,-0.033351803382155,-0.0010415093749077,0.0025587933185867
-0.0144358305654114,0.27239748069727,0.146467311513445,-0.0333518400396028,-0.00104466224563561,0.00256111358095317
-0.0144589915808635,0.272396754144464,0.146469090865275,-0.0333518860014425,-0.00104780878759885,0.00256341688308819
-0.0144821526314233,0.272396025408734,0.146470871810795,-0.0333519411263685,-0.00105094908110613,0.00256570344159468
-0.014505313723406,0.272395294494391,0.146472654338451,-0.0333520052764255,-0.00105408320516856,0.00256797346954811
-0.0145284748630319,0.272394561405692,0.146474438436836,-0.0333520783169197,-0.00105721123752719,0.00257022717657202
-0.0145516360564292,0.272393826146842,0.146476224094688,-0.033352160116332,-0.00106033325467995,0.00257246476891147
-0.0145747973096357,0.272393088721991,0.146478011300888,-0.0333522505462339,-0.00106344933190783,0.00257468644950478
-0.014597958628601,0.272392349135239,0.146479800044453,-0.0333523494812062,-0.0010665595433004,0.00257689241805342
-0.0146211200191888,0.272391607390633,0.146481590314543,-0.0333524567987611,-0.00106966396178079,0.00257908287109009
-0.0146442814871787,0.272390863492172,0.14648338210045,-0.0333525723792652,-0.00107276265912996,0.00258125800204513
-0.0146674430382679,0.272390117443803,0.146485175391599,-0.033352696105866,-0.00107585570601039,0.00258341800131135
-0.0146906046780738,0.272389369249427,0.146486970177548,-0.0333528278644206,-0.00107894317198923,0.00258556305630711
-0.0147137664121353,0.272388618912896,0.146488766447983,-0.0333529675434264,-0.0010820251255608,0.00258769335153794
-0.0147369282459146,0.272387866438013,0.146490564192717,-0.0333531150339539,-0.00108510163416865,0.00258980906865667
-0.0147600901847993,0.272387111828538,0.14649236340169,-0.0333532702295815,-0.00108817276422696,0.00259191038652194
-0.014783252234104,0.272386355088182,0.146494164064962,-0.0333534330263328,-0.00109123858114154,0.00259399748125547
-0.0148064143990719,0.272385596220612,0.146495966172717,-0.0333536033226154,-0.00109429914933026,0.00259607052629779
-0.0148295766848763,0.272384835229453,0.146497769715258,-0.0333537810191615,-0.00109735453224284,0.0025981296924626
-0.0148527390966224,0.272384072118281,0.146499574683005,-0.0333539660189705,-0.0011004047923808,0.00260017514799025
-0.014875901639349,0.272383306890635,0.146501381066495,-0.0333541582272532,-0.00110344999131578,0.00260220705859903
-0.0148990643180297,0.272382539550006,0.146503188856378,-0.0333543575513779,-0.00110649018970858,0.00260422558753618
-0.0149222271375743,0.272381770099848,0.146504998043417,-0.0333545639008179,-0.00110952544732715,0.00260623089562719
-0.0149453901028309,0.272380998543571,0.146506808618487,-0.0333547771871004,-0.00111255582306427,0.00260822314132404
-0.0149685532185866,0.272380224884544,0.14650862057257,-0.0333549973237577,-0.00111558137495485,0.00261020248075226
-0.014991716489569,0.272379449126098,0.146510433896758,-0.0333552242262784,-0.00111860216019278,0.00261216906775695
-0.0150148799204479,0.272378671271523,0.146512248582247,-0.0333554578120617,-0.00112161823514742,0.00261412305394764
-0.0150380435158363,0.272377891324071,0.14651406462034,-0.0333556980003718,-0.00112462965537968,0.00261606458874221
-0.0150612072802918,0.272377109286955,0.146515882002439,-0.0333559447122945,-0.00112763647565777,0.00261799381940965
-0.0150843712183179,0.272376325163352,0.146517700720052,-0.0333561978706939,-0.00113063874997253,0.00261991089111199
-0.0151075353343648,0.272375538956398,0.146519520764784,-0.033356457400172,-0.00113363653155251,0.00262181594694512
-0.0151306996328314,0.272374750669197,0.146521342128341,-0.0333567232270279,-0.00113662987287856,0.00262370912797877
-0.0151538641180656,0.272373960304813,0.146523164802523,-0.033356995279219,-0.00113961882569824,0.00262559057329551
-0.0151770287943661,0.272373167866276,0.14652498877923,-0.0333572734863232,-0.00114260344103978,0.00262746042002894
-0.0152001936659832,0.272372373356581,0.146526814050453,-0.0333575577795022,-0.00114558376922583,0.00262931880340092
-0.0152233587371198,0.272371576778689,0.146528640608279,-0.0333578480914657,-0.0011485598598868,0.00263116585675801
-0.0152465240119327,0.272370778135523,0.146530468444884,-0.0333581443564365,-0.00115153176197399,0.00263300171160712
-0.0152696894945335,0.272369977429978,0.146532297552538,-0.0333584465101169,-0.00115449952377238,0.0026348264976503
-0.0152928551889897,0.27236917466491,0.146534127923598,-0.0333587544896562,-0.00115746319291315,0.00263664034281877
-0.0153160210993257,0.272368369843146,0.146535959550511,-0.0333590682336181,-0.0011604228163859,0.00263844337330623
-0.0153391872295235,0.27236756296748,0.146537792425809,-0.0333593876819506,-0.00116337844055065,0.00264023571360139
-0.0153623535835241,0.272366754040672,0.146539626542111,-0.0333597127759551,-0.00116633011114952,0.00264201748651976
-0.0153855201652282,0.272365943065452,0.146541461892122,-0.0333600434582575,-0.0011692778733181,0.00264378881323473
-0.0154086869784968,0.27236513004452,0.146543298468628,-0.0333603796727798,-0.0011722217715971,0.00264554981330848
-0.0154318540271527,0.272364314980543,0.1465451362645,-0.0333607213647124,-0.00117516184994257,0.00264730060472099
-0.015455021314981,0.272363497876158,0.146546975272687,-0.0333610684804867,-0.00117809815173717,0.00264904130389972
-0.0154781888457301,0.272362678733974,0.146548815486223,-0.0333614209677496,-0.00118103071980052,0.00265077202574798
-0.0155013566231122,0.272361857556568,0.146550656898218,-0.0333617787753374,-0.00118395959639948,0.00265249288367281
-0.0155245246508047,0.27236103434649,0.14655249950186,-0.0333621418532517,-0.00118688482325821,0.00265420398961231
-0.0155476929324504,0.27236020910626,0.146554343290416,-0.0333625101526345,-0.00118980644156797,0.00265590545406234
-0.0155708614716588,0.27235938183837,0.146556188257228,-0.0333628836257454,-0.00119272449199679,0.00265759738610265
-0.0155940302720063,0.272358552545282,0.146558034395715,-0.0333632622259384,-0.00119563901469887,0.00265927989342251
-0.0156171993370377,0.272357721229434,0.146559881699368,-0.03336364590764,-0.00119855004932386,0.00266095308234573
-0.0156403686702663,0.272356887893234,0.146561730161752,-0.0333640346263271,-0.00120145763502584,0.00266261705785519
-0.0156635382751746,0.272356052539064,0.146563579776506,-0.0333644283385066,-0.0012043618104722,0.00266427192361688
-0.0156867081552158,0.272355215169278,0.146565430537339,-0.0333648270016945,-0.00120726261385233,0.00266591778200337
-0.0157098783138134,0.272354375786206,0.146567282438031,-0.0333652305743961,-0.00121016008288607,0.00266755473411689
-0.0157330487543629,0.272353534392149,0.146569135472431,-0.0333656390160866,-0.00121305425483205,0.00266918287981183
-0.0157562194802315,0.272352690989384,0.146570989634459,-0.0333660522871922,-0.00121594516649582,0.00267080231771687
-0.0157793904947596,0.272351845580164,0.146572844918101,-0.0333664703490717,-0.00121883285423786,0.00267241314525658
-0.015802561801261,0.272350998166713,0.146574701317412,-0.0333668931639989,-0.00122171735398135,0.00267401545867263
-0.0158257334030235,0.272350148751235,0.146576558826512,-0.0333673206951447,-0.00122459870121986,0.00267560935304453
-0.0158489053033099,0.272349297335906,0.146578417439586,-0.0333677529065607,-0.0012274769310248,0.00267719492230977
-0.0158720775053579,0.272348443922878,0.146580277150887,-0.0333681897631618,-0.00123035207805304,0.00267877225928459
-0.0158952500123816,0.272347588514281,0.146582137954729,-0.0333686312307113,-0.00123322417655368,0.00268034145568226
-0.0159184228275713,0.272346731112219,0.14658399984549,-0.0333690772758044,-0.00123609326037543,0.00268190260213309
-0.0159415959540945,0.272345871718776,0.146585862817611,-0.033369527865853,-0.00123895936297346,0.00268345578820289
-0.0159647693950963,0.272345010336009,0.146587726865596,-0.0333699829690714,-0.00124182251741616,0.00268500110241142
-0.0159879431537002,0.272344146965954,0.146589591984007,-0.0333704425544612,-0.0012446827563918,0.0026865386322504
-0.0160111172330081,0.272343281610625,0.14659145816747,-0.0333709065917977,-0.00124754011221508,0.00268806846420116
-0.0160342916361014,0.272342414272014,0.146593325410668,-0.0333713750516159,-0.00125039461683354,0.00268959068375199
-0.0160574663660413,0.272341544952088,0.146595193708344,-0.0333718479051972,-0.00125324630183379,0.00269110537541508
-0.0160806414258692,0.272340673652796,0.146597063055299,-0.0333723251245564,-0.00125609519844771,0.00269261262274322
-0.0161038168186075,0.272339800376062,0.146598933446393,-0.0333728066824291,-0.00125894133755846,0.00269411250834612
-0.0161269925472596,0.272338925123791,0.146600804876542,-0.0333732925522592,-0.00126178474970639,0.00269560511390642
-0.0161501686148111,0.272338047897867,0.146602677340718,-0.033373782708187,-0.0012646254650949,0.00269709052019536
-0.0161733450242295,0.272337168700152,0.14660455083395,-0.0333742771250375,-0.00126746351359607,0.00269856880708828
-0.0161965217784654,0.272336287532487,0.146606425351321,-0.0333747757783089,-0.00127029892475629,0.00270004005357962
-0.0162196988804523,0.272335404396693,0.146608300887968,-0.0333752786441615,-0.00127313172780174,0.00270150433779784
-0.0162428763331076,0.272334519294573,0.146610177439085,-0.0333757856994069,-0.00127596195164376,0.00270296173701993
-0.0162660541393327,0.272333632227906,0.146612054999916,-0.0333762969214977,-0.00127878962488413,0.00270441232768568
-0.0162892323020136,0.272332743198455,0.146613933565759,-0.0333768122885166,-0.00128161477582027,0.00270585618541172
-0.0163124108240213,0.272331852207962,0.146615813131966,-0.0333773317791671,-0.00128443743245032,0.0027072933850052
-0.0163355897082122,0.272330959258148,0.146617693693937,-0.0333778553727633,-0.00128725762247812,0.00270872400047738
-0.0163587689574285,0.272330064350717,0.146619575247126,-0.0333783830492206,-0.00129007537331814,0.00271014810505677
-0.0163819485744989,0.272329167487354,0.146621457787037,-0.0333789147890465,-0.00129289071210027,0.00271156577120222
-0.0164051285622384,0.272328268669725,0.146623341309223,-0.0333794505733314,-0.00129570366567456,0.00271297707061561
-0.0164283089234494,0.272327367899476,0.146625225809288,-0.0333799903837399,-0.00129851426061587,0.00271438207425443
-0.0164514896609215,0.272326465178236,0.146627111282885,-0.0333805342025026,-0.00130132252322838,0.00271578085234405
-0.0164746707774323,0.272325560507616,0.146628997725714,-0.0333810820124073,-0.00130412847955012,0.00271717347438981
-0.0164978522757476,0.272324653889209,0.146630885133524,-0.033381633796791,-0.00130693215535734,0.00271856000918887
-0.0165210341586219,0.272323745324589,0.146632773502111,-0.0333821895395325,-0.0013097335761688,0.00271994052484187
-0.0165442164287985,0.272322834815314,0.14663466282732,-0.033382749225044,-0.00131253276725006,0.00272131508876435
-0.0165673990890104,0.272321922362923,0.146636553105039,-0.0333833128382644,-0.00131532975361744,0.00272268376769718
-0.0165905821419798,0.272321007968939,0.146638444331205,-0.0333838803646512,-0.00131812456004283,0.00272404662772091
-0.0166137655904194,0.272320091634866,0.146640336501801,-0.0333844517901742,-0.00132091721105664,0.00272540373426164
-0.0166369494370322,0.272319173362194,0.146642229612853,-0.0333850271013081,-0.00132370773095246,0.00272675515210497
-0.0166601336845121,0.272318253152394,0.146644123660433,-0.0333856062850261,-0.00132649614379077,0.00272810094540567
-0.0166833183355439,0.272317331006921,0.146646018640656,-0.0333861893287932,-0.00132928247340279,0.00272944117769797
-0.0167065033928039,0.272316406927214,0.146647914549685,-0.03338677622056,-0.00133206674339416,0.00273077591190563
-0.0167296888589605,0.272315480914693,0.14664981138372,-0.0333873669487562,-0.0013348489771487,0.00273210521035192
-0.0167528747366738,0.272314552970767,0.14665170913901,-0.0333879615022851,-0.00133762919783199,0.00273342913476935
-0.0167760610285967,0.272313623096824,0.146653607811844,-0.0333885598705174,-0.00134040742839496,0.00273474774630928
-0.0167992477373746,0.272312691294238,0.146655507398553,-0.0333891620432858,-0.00134318369157736,0.00273606110555138
-0.0168224348656463,0.272311757564369,0.146657407895511,-0.0333897680108792,-0.00134595800991125,0.00273736927251285
-0.0168456224160438,0.272310821908558,0.146659309299133,-0.0333903777640375,-0.00134873040572433,0.0027386723066576
-0.0168688103911929,0.272309884328134,0.146661211605874,-0.0333909912939464,-0.00135150090114334,0.00273997026690517
-0.0168919987937133,0.272308944824408,0.146663114812231,-0.0333916085922323,-0.00135426951809729,0.00274126321163959
-0.0169151876262192,0.272308003398678,0.146665018914742,-0.0333922296509575,-0.00135703627832068,0.00274255119871803
-0.0169383768913195,0.272307060052224,0.146666923909984,-0.0333928544626151,-0.00135980120335673,0.00274383428547933
-0.0169615665916177,0.272306114786315,0.146668829794573,-0.0333934830201249,-0.00136256431456041,0.0027451125287524
-0.016984756729713,0.272305167602203,0.146670736565166,-0.0333941153168283,-0.00136532563310159,0.00274638598486447
-0.0170079473081996,0.272304218501124,0.146672644218457,-0.0333947513464845,-0.00136808517996803,0.00274765470964922
-0.017031138329668,0.272303267484302,0.14667455275118,-0.0333953911032659,-0.00137084297596833,0.00274891875845473
-0.0170543297967046,0.272302314552947,0.146676462160107,-0.0333960345817543,-0.00137359904173489,0.00275017818615139
-0.0170775217118919,0.272301359708251,0.146678372442048,-0.0333966817769363,-0.00137635339772679,0.00275143304713961
-0.0171007140778096,0.272300402951396,0.14668028359385,-0.0333973326842005,-0.00137910606423258,0.00275268339535744
-0.0171239068970338,0.272299444283548,0.146682195612398,-0.0333979872993327,-0.00138185706137313,0.00275392928428805
-0.0171471001721383,0.27229848370586,0.146684108494614,-0.0333986456185131,-0.00138460640910431,0.00275517076696713
-0.017170293905694,0.272297521219469,0.146686022237456,-0.0333993076383122,-0.00138735412721977,0.00275640789599009
-0.0171934881002696,0.2722965568255,0.146687936837918,-0.0333999733556879,-0.00139010023535354,0.00275764072351929
-0.0172166827584322,0.272295590525065,0.146689852293033,-0.033400642767982,-0.00139284475298268,0.00275886930129102
-0.0172398778827466,0.272294622319262,0.146691768599865,-0.0334013158729171,-0.00139558769942986,0.00276009368062242
-0.017263072595285,0.272293649031629,0.146693684786285,-0.0334019927536634,-0.00139832834045762,0.00276131711273035
-0.0172862686596587,0.272292677018877,0.146695602790125,-0.0334026732574327,-0.0014010681316111,0.00276253326660495
-0.0173094651978852,0.272291703104019,0.146697521637108,-0.0334033574492283,-0.00140380640878274,0.00276374537345892
-0.0173326622125251,0.2722907272881,0.14669944132444,-0.033404045328267,-0.00140654319070103,0.00276495348300053
-0.017355859706139,0.272289749572152,0.146701361849364,-0.033404736894132,-0.00140927849595252,0.00276615764455213
-0.017379057681287,0.272288769957193,0.146703283209155,-0.0334054321467712,-0.00141201234298403,0.00276735790705639
-0.0174022561405296,0.272287788444231,0.146705205401122,-0.0334061310864937,-0.00141474475010509,0.00276855431908247
-0.0174254550864275,0.272286805034258,0.146707128422607,-0.0334068337139681,-0.00141747573549014,0.00276974692883216
-0.0174486545215418,0.272285819728256,0.146709052270987,-0.0334075400302204,-0.00142020531718083,0.00277093578414598
-0.0174718544484348,0.272284832527194,0.146710976943671,-0.0334082500366313,-0.00142293351308824,0.00277212093250907
-0.0174950548696696,0.272283843432027,0.146712902438102,-0.0334089637349343,-0.00142566034099512,0.00277330242105622
-0.0175182557878107,0.2722828524437,0.146714828751753,-0.033409681127215,-0.00142838581855773,0.00277448029658135
-0.0175414572054242,0.272281859563143,0.146716755882133,-0.0334104022159069,-0.00143110996330903,0.00277565460553763
-0.017564659125078,0.272280864791277,0.146718683826779,-0.0334111270037915,-0.00143383279265943,0.00277682539404683
-0.017587861549342,0.272279868129009,0.146720612583265,-0.033411855493996,-0.00143655432389953,0.00277799270790394
-0.0176110644807885,0.272278869577235,0.146722542149191,-0.0334125876899916,-0.00143927457420208,0.00277915659258263
-0.0176342679219924,0.272277869136838,0.146724472522193,-0.0334133235955923,-0.00144199356062407,0.00278031709324068
-0.017657471875531,0.27227686680869,0.146726403699936,-0.0334140632149532,-0.00144471130010867,0.00278147425472525
-0.0176806763439849,0.27227586259365,0.146728335680118,-0.0334148065525693,-0.00144742780948721,0.00278262812157822
-0.017703881329938,0.272274856492568,0.146730268460464,-0.0334155536132745,-0.0014501431054811,0.0027837787380413
-0.0177270868359775,0.272273848506281,0.146732202038734,-0.0334163044022396,-0.00145285720470379,0.00278492614806117
-0.0177502928646943,0.272272838635613,0.146734136412715,-0.0334170589249724,-0.00145557012366262,0.00278607039529452
-0.0177734994186834,0.272271826881378,0.146736071580227,-0.0334178171873156,-0.0014582818787607,0.00278721152311302
-0.0177967065005438,0.27227081324438,0.146738007539119,-0.0334185791954466,-0.00146099248629877,0.00278834957460826
-0.017819914112879,0.272269797725409,0.146739944287268,-0.0334193449558764,-0.001463701962477,0.00278948459259652
-0.0178431222582971,0.272268780325246,0.146741881822583,-0.0334201144754487,-0.00146641032339681,0.00279061661962365
-0.0178663309394112,0.272267761044659,0.146743820143001,-0.0334208877613395,-0.00146911758506259,0.00279174569796972
-0.0178895401588392,0.272266739884406,0.14674575924649,-0.0334216648210563,-0.00147182376338351,0.00279287186965371
-0.0179127499192047,0.272265716845235,0.146747699131046,-0.0334224456624375,-0.00147452887417523,0.00279399517643811
-0.0179359602231365,0.27226469192788,0.146749639794693,-0.0334232302936525,-0.00147723293316278,0.00279511565983436
-0.0179591710732695,0.272263665133067,0.146751581235485,-0.0334240187231999,-0.00147993595597689,0.00279623336110379
-0.0179823824722444,0.272262636461511,0.146753523451504,-0.033424810959909,-0.00148263795816508,0.00279734832126738
-0.0180055944227083,0.272261605913914,0.146755466440862,-0.0334256070129386,-0.0014853389551857,0.0027984605811066
-0.0180288069273146,0.272260573490969,0.146757410201696,-0.0334264068917768,-0.00148803896241202,0.0027995701811686
-0.0180520199887236,0.272259539193358,0.146759354732174,-0.0334272106062411,-0.00149073799513381,0.00280067716177049
-0.0180752336096024,0.272258503021753,0.14676130003049,-0.0334280181664784,-0.00149343606855889,0.00280178156300356
-0.0180984477926253,0.272257464976815,0.146763246094868,-0.0334288295829653,-0.00149613319781478,0.00280288342473748
-0.0181216625404739,0.272256425059194,0.146765192923557,-0.0334296448665075,-0.00149882939795013,0.0028039827866244
-0.0181448778558376,0.272255383269529,0.146767140514835,-0.0334304640282408,-0.00150152468393637,0.00280507968810305
-0.0181680937414135,0.272254339608452,0.146769088867008,-0.0334312870796311,-0.00150421907066916,0.00280617416840278
-0.0181913101999069,0.27225329407658,0.146771037978407,-0.0334321140324745,-0.0015069125729699,0.00280726626654752
-0.0182145272340312,0.272252246674524,0.146772987847391,-0.0334329448988982,-0.00150960520558727,0.00280835602135973
-0.0182377448465086,0.272251197402882,0.146774938472347,-0.0334337796913606,-0.00151229698319863,0.00280944347146433
-0.0182609630400699,0.272250146262242,0.146776889851688,-0.033434618422652,-0.00151498792041157,0.00281052865529251
-0.0182841818174549,0.272249093253183,0.146778841983853,-0.0334354611058953,-0.00151767803176526,0.00281161161108556
-0.0183074011814126,0.272248038376274,0.146780794867307,-0.0334363077545467,-0.00152036733173198,0.00281269237689865
-0.0183306211347017,0.272246981632074,0.146782748500545,-0.0334371583823965,-0.00152305583471844,0.00281377099060456
-0.0183538416800903,0.27224592302113,0.146784702882083,-0.0334380130035698,-0.00152574355506726,0.00281484748989738
-0.0183770628203566,0.272244862543981,0.146786658010467,-0.0334388716325277,-0.00152843050705832,0.00281592191229613
-0.0184002845582889,0.272243800201156,0.146788613884267,-0.0334397342840681,-0.00153111670491013,0.00281699429514843
-0.0184235068966858,0.272242735993173,0.14679057050208,-0.0334406009733267,-0.0015338021627812,0.00281806467563404
-0.0184467298383567,0.272241669920542,0.146792527862528,-0.0334414717157785,-0.00153648689477138,0.00281913309076847
-0.0184699533861218,0.272240601983762,0.146794485964259,-0.0334423465272386,-0.00153917091492318,0.00282019957740654
-0.0184931775428124,0.272239532183322,0.146796444805947,-0.0334432254238637,-0.00154185423722322,0.00282126417224533
-0.0185164023112711,0.272238460519702,0.146798404386291,-0.0334441084221536,-0.00154453687560335,0.00282232691182849
-0.0185396276943521,0.272237386993372,0.146800364704015,-0.0334449955389523,-0.00154721884394207,0.00282338783254905
-0.0185628536949214,0.272236311604792,0.146802325757868,-0.0334458867914499,-0.00154990015606578,0.002824446970653
-0.0185860803158572,0.272235234354415,0.146804287546626,-0.0334467821971838,-0.00155258082575011,0.00282550436224256
-0.0186093075600497,0.27223415524268,0.146806250069087,-0.0334476817740405,-0.0015552608667211,0.00282656004327957
-0.018632535430402,0.27223307427002,0.146808213324076,-0.0334485855402576,-0.00155794029265654,0.00282761404958871
-0.0186557639298297,0.272231991436857,0.146810177310443,-0.0334494935144251,-0.00156061911718719,0.00282866641686081
-0.0186789930612616,0.272230906743605,0.146812142027061,-0.0334504057154877,-0.00156329735389799,0.00282971718065604
-0.0187022228276397,0.272229820190665,0.146814107472831,-0.0334513221627466,-0.00156597501632931,0.00283076637640716
-0.0187254532319195,0.272228731778434,0.146816073646674,-0.0334522428758615,-0.00156865211797817,0.00283181403942261
-0.0187486842770705,0.272227641507295,0.146818040547539,-0.0334531678748529,-0.00157132867229942,0.00283286020488973
-0.0187719159660758,0.272226549377624,0.146820008174398,-0.0334540971801038,-0.00157400469270699,0.00283390490787788
-0.0187951483019333,0.272225455389787,0.146821976526247,-0.0334550308123627,-0.00157668019257503,0.00283494818334149
-0.0188183812876551,0.27222435954414,0.146823945602108,-0.0334559687927453,-0.0015793551852391,0.00283599006612314
-0.0188416149262681,0.272223261841033,0.146825915401024,-0.0334569111427371,-0.00158202968399738,0.00283703059095666
-0.0188648492208143,0.272222162280802,0.146827885922067,-0.0334578578841964,-0.00158470370211178,0.00283806979247007
-0.0188880841743511,0.272221060863777,0.146829857164327,-0.0334588090393559,-0.00158737725280915,0.00283910770518867
-0.0189113197899515,0.272219957590278,0.146831829126922,-0.0334597646308262,-0.00159005034928238,0.00284014436353793
-0.018934556070704,0.272218852460616,0.146833801808994,-0.0334607246815983,-0.00159272300469159,0.00284117980184653
-0.0189577930197136,0.272217745475093,0.146835775209706,-0.0334616892150463,-0.00159539523216524,0.00284221405434923
-0.0189810306401014,0.272216636634001,0.146837749328247,-0.0334626582549303,-0.00159806704480126,0.00284324715518982
-0.0190042689350053,0.272215525937623,0.146839724163829,-0.0334636318253997,-0.00160073845566816,0.00284427913842401
-0.01902750790758,0.272214413386235,0.146841699715688,-0.0334646099509959,-0.00160340947780621,0.0028453100380223
-0.0190507475609974,0.272213298980102,0.146843675983084,-0.0334655926566557,-0.00160608012422846,0.00284633988787286
-0.0190739878984469,0.27221218271948,0.146845652965298,-0.0334665799677144,-0.00160875040792182,0.00284736872178424
-0.0190972289231357,0.272211064604617,0.146847630661637,-0.0334675719099094,-0.00161142034184843,0.00284839657348857
-0.0191204706382888,0.27220994463575,0.14684960907143,-0.0334685685093834,-0.00161408993894631,0.00284942347664379
-0.0191437130471496,0.27220882281311,0.146851588194031,-0.0334695697926878,-0.00161675921213077,0.00285044946483684
-0.0191669561529802,0.272207699136916,0.146853568028816,-0.0334705757867868,-0.00161942817429538,0.00285147457158632
-0.0191901999590614,0.272206573607381,0.146855548575184,-0.0334715865190605,-0.00162209683831306,0.00285249883034523
-0.0192134444686932,0.272205446224707,0.146857529832559,-0.0334726020173093,-0.00162476521703713,0.00285352227450373
-0.0192366896851952,0.272204316989087,0.146859511800385,-0.0334736223097573,-0.00162743332330241,0.00285454493739182
-0.0192599356119065,0.272203185900707,0.146861494478132,-0.0334746474250565,-0.00163010116992623,0.0028555668522821
-0.0192831822521865,0.272202052959742,0.146863477865292,-0.033475677392291,-0.00163276876970955,0.0028565880523924
-0.0193064296094146,0.272200918166359,0.14686546196138,-0.0334767122409809,-0.00163543613543796,0.00285760857088853
-0.0193296776869914,0.272199781520716,0.146867446765935,-0.0334777520010868,-0.00163810327988274,0.00285862844088687
-0.0193529264883379,0.272198643022963,0.146869432278517,-0.0334787967030143,-0.00164077021580192,0.00285964769545707
-0.0193761760168967,0.272197502673239,0.14687141849871,-0.0334798463776181,-0.00164343695594132,0.00286066636762468
-0.0193994262761318,0.272196360471677,0.146873405426122,-0.0334809010562071,-0.00164610351303554,0.00286168449037376
-0.0194226772695293,0.272195216418399,0.146875393060383,-0.0334819607705486,-0.00164876989980906,0.00286270209664951
-0.0194459290005974,0.27219407051352,0.146877381401145,-0.0334830255528734,-0.00165143612897722,0.00286371921936085
-0.0194691814728668,0.272192922757143,0.146879370448083,-0.0334840954358808,-0.00165410221324725,0.00286473589138303
-0.0194924346898911,0.272191773149365,0.146881360200897,-0.0334851704527435,-0.00165676816531931,0.00286575214556023
-0.0195156886552473,0.272190621690274,0.146883350659307,-0.0334862506371127,-0.00165943399788752,0.00286676801470806
-0.0195389433725356,0.272189468379948,0.146885341823058,-0.0334873360231235,-0.00166209972364093,0.00286778353161618
-0.0195621988453804,0.272188313218458,0.146887333691916,-0.0334884266454002,-0.00166476535526456,0.00286879872905084
-0.01958545507743,0.272187156205863,0.146889326265671,-0.0334895225390619,-0.00166743090544045,0.0028698136397574
-0.0196087120723576,0.272185997342216,0.146891319544135,-0.0334906237397278,-0.00167009638684859,0.00287082829646285
-0.0196319698338609,0.272184836627561,0.146893313527143,-0.0334917302835235,-0.00167276181216801,0.00287184273187839
-0.0196552283656633,0.272183674061931,0.146895308214552,-0.0334928422070864,-0.00167542719407772,0.00287285697870187
-0.0196784876715136,0.272182509645354,0.146897303606244,-0.033493959547572,-0.00167809254525775,0.00287387106962034
-0.0197017477551865,0.272181343377845,0.14689929970212,-0.0334950823426598,-0.00168075787839015,0.00287488503731254
-0.0197250086204832,0.272180175259413,0.146901296502108,-0.0334962106305597,-0.00168342320616,0.00287589891445138
-0.0197482702712316,0.272179005290057,0.146903294006155,-0.0334973444500183,-0.00168608854125637,0.00287691273370646
-0.0197715327112866,0.272177833469767,0.146905292214232,-0.0334984838403255,-0.00168875389637338,0.0028779265277465
-0.0197947959445308,0.272176659798527,0.146907291126334,-0.0334996288413214,-0.00169141928421147,0.00287894032924209
-0.0198180599748744,0.272175484276307,0.146909290742477,-0.0335007794934025,-0.0016940847174771,0.00287995417086706
-0.0198413248062559,0.272174306903072,0.146911291062699,-0.0335019358375294,-0.00169675020888568,0.00288096808530252
-0.0198645904426426,0.272173127678778,0.146913292087064,-0.0335030979152335,-0.00169941577116127,0.00288198210523831
-0.0198878568880307,0.272171946603371,0.146915293815655,-0.0335042657686242,-0.00170208141703798,0.00288299626337567
-0.0199111241464459,0.272170763676787,0.14691729624858,-0.0335054394403968,-0.00170474715926084,0.00288401059242968
-0.0199343922219437,0.272169578898957,0.14691929938597,-0.0335066189738392,-0.00170741301058688,0.00288502512513169
-0.0199576611186099,0.2721683922698,0.146921303227976,-0.0335078044128405,-0.00171007898378605,0.00288603989423173
-0.019980930840561,0.272167203789227,0.146923307774774,-0.0335089958018986,-0.0017127450916423,0.00288705493250097
-0.0200042013919447,0.272166013457139,0.146925313026563,-0.0335101931861279,-0.00171541134695448,0.00288807027273409
-0.0200274727769401,0.27216482127343,0.146927318983563,-0.0335113966112682,-0.00171807776253737,0.00288908594775173
-0.0200507449997583,0.272163627237984,0.14692932564602,-0.0335126061236924,-0.00172074435122269,0.00289010199040285
-0.020074018064643,0.272162431350677,0.146931333014198,-0.0335138217704156,-0.00172341112586005,0.00289111843356717
-0.0200972919758705,0.272161233611374,0.146933341088389,-0.0335150435991037,-0.00172607809931796,0.00289213531015755
-0.0201205667377506,0.272160034019934,0.146935349868904,-0.0335162716580822,-0.00172874528448483,0.0028931526531224
-0.0201438423546269,0.272158832576205,0.146937359356078,-0.0335175059963456,-0.00173141269426992,0.00289417049544801
-0.0201671188308772,0.272157629280026,0.146939369550271,-0.0335187466635664,-0.00173408034160439,0.00289518887016101
-0.0201903961709141,0.272156424131228,0.146941380451862,-0.0335199937101049,-0.00173674823944224,0.0028962078103307
-0.0202136743791853,0.272155217129633,0.146943392061257,-0.0335212471870188,-0.00173941640076133,0.00289722734907143
-0.0202369534601743,0.272154008275052,0.146945404378882,-0.033522507146073,-0.00174208483856435,0.00289824751954499
-0.0202602334184008,0.27215279756729,0.146947417405188,-0.0335237736397499,-0.00174475356587984,0.00289926835496295
-0.0202835142584212,0.27215158500614,0.146949431140648,-0.0335250467212597,-0.00174742259576314,0.00290028988858905
-0.0203067959848289,0.272150370591389,0.146951445585758,-0.0335263264445509,-0.00175009194129743,0.00290131215374153
-0.0203300786022554,0.272149154322812,0.146953460741039,-0.0335276128643212,-0.0017527616155947,0.00290233518379552
-0.0203533621153701,0.272147936200177,0.146955476607032,-0.0335289060360282,-0.00175543163179674,0.00290335901218534
-0.0203766465288814,0.272146716223242,0.146957493184304,-0.0335302060159011,-0.00175810200307615,0.0029043836724069
-0.0203999318475369,0.272145494391754,0.146959510473444,-0.0335315128609517,-0.00176077274263732,0.00290540919802001
-0.0204232180761241,0.272144270705455,0.146961528475064,-0.0335328266289864,-0.00176344386371743,0.00290643562265072
-0.020446505219471,0.272143045164075,0.146963547189802,-0.0335341473786181,-0.00176611537958747,0.00290746297999366
-0.0204697932824465,0.272141817767334,0.146965566618316,-0.0335354751692785,-0.00176878730355321,0.00290849130381436
-0.0204930822699611,0.272140588514944,0.146967586761289,-0.0335368100612303,-0.00177145964895659,0.00290952062795181
-0.0205163721869673,0.272139357406609,0.146969607619428,-0.0335381521155801,-0.00177413242917517,0.00291055098631992
-0.0205396630384605,0.272138124442022,0.146971629193462,-0.0335395013942914,-0.00177680565762552,0.00291158241291109
-0.0205629548294795,0.272136889620867,0.146973651484145,-0.0335408579601979,-0.0017794793477626,0.00291261494179766
-0.0205862475651069,0.272135652942818,0.146975674492255,-0.0335422218770173,-0.00178215351308114,0.00291364860713449
-0.0206095412504697,0.272134414407541,0.146977698218593,-0.0335435932093645,-0.00178482816711668,0.00291468344316117
-0.0206328358907405,0.272133174014692,0.146979722663983,-0.0335449720227663,-0.00178750332344652,0.00291571948420438
-0.0206561314911373,0.272131931763917,0.146981747829274,-0.0335463583836758,-0.00179017899569078,0.00291675676468013
-0.0206794280569249,0.272130687654853,0.14698377371534,-0.033547752359487,-0.0017928551975134,0.00291779531909606
-0.0207027255934152,0.272129441687128,0.146985800323076,-0.0335491540185498,-0.0017955319426231,0.0029188351820537
-0.0207260241059675,0.272128193860359,0.146987827653404,-0.0335505634301858,-0.00179820924477444,0.00291987638825075
-0.0207493235999901,0.272126944174156,0.146989855707267,-0.0335519806647034,-0.00180088711776879,0.00292091897248328
-0.0207726240809403,0.272125692628116,0.146991884485637,-0.0335534057934147,-0.00180356557545533,0.00292196296964805
-0.0207959255543251,0.272124439221829,0.146993913989505,-0.0335548388886511,-0.0018062446317321,0.00292300841474469
-0.0208192280257023,0.272123183954875,0.146995944219889,-0.0335562800237808,-0.00180892430054694,0.00292405534287797
-0.0208425315006809,0.272121926826822,0.146997975177833,-0.0335577292732252,-0.00181160459589853,0.00292510378925995
-0.020865835984922,0.272120667837232,0.147000006864401,-0.0335591867124772,-0.00181428553183739,0.00292615378921227
-0.0208891414841395,0.272119406985654,0.147002039280685,-0.0335606524181186,-0.00181696712246687,0.00292720537816826
-0.0209124480041008,0.272118144271629,0.147004072427802,-0.0335621264678385,-0.00181964938194418,0.00292825859167519
-0.0209357555506279,0.272116879694688,0.147006106306892,-0.033563608940452,-0.00182233232448133,0.00292931346539638
-0.0209590641295975,0.272115613254351,0.147008140919119,-0.0335650999159194,-0.0018250159643462,0.0029303700351134
-0.0209823737469426,0.272114344950128,0.147010176265674,-0.0335665994753659,-0.00182770031586351,0.00293142833672816
-0.0210056844086527,0.272113074781522,0.147012212347774,-0.0335681077011011,-0.00183038539341579,0.00293248840626508
-0.021028996120775,0.272111802748022,0.147014249166656,-0.0335696246766396,-0.00183307121144446,0.00293355027987315
-0.0210523088894153,0.272110528849109,0.147016286723588,-0.0335711504867224,-0.00183575778445072,0.00293461399382806
-0.0210756227207382,0.272109253084254,0.14701832501986,-0.0335726852173375,-0.00183844512699665,0.00293567958453421
-0.021098937620969,0.272107975452918,0.147020364056787,-0.0335742289557409,-0.00184113325371345,0.00293674708852742
-0.0211222535963935,0.27210669595455,0.147022403835712,-0.0335757817904834,-0.0018438221792683,0.00293781654247361
-0.02114557065336,0.272105414588591,0.147024444358001,-0.0335773438114268,-0.00184651191842549,0.00293888798317738
-0.0211688887982792,0.272104131354472,0.147026485625046,-0.0335789151097715,-0.00184920248599937,0.00293996144757826
-0.0211922080376258,0.27210284625161,0.147028527638266,-0.0335804957780794,-0.00185189389687016,0.00294103697275452
-0.0212155283779394,0.272101559279416,0.147030570399105,-0.0335820859102984,-0.00185458616598491,0.0029421145959251
-0.0212388498258251,0.272100270437289,0.147032613909032,-0.0335836856017871,-0.00185727930835841,0.00294319435445149
-0.0212621723879549,0.272098979724616,0.147034658169545,-0.0335852949493406,-0.00185997333907411,0.00294427628583962
-0.0212854960710683,0.272097687140775,0.147036703182163,-0.0335869140512164,-0.00186266827328505,0.00294536042774168
-0.0213088208819737,0.272096392685134,0.147038748948437,-0.0335885430071613,-0.00186536412621475,0.00294644681795792
-0.0213321468275493,0.27209509635705,0.14704079546994,-0.0335901819184389,-0.00186806091315819,0.00294753549443837
-0.0213554739147443,0.272093798155869,0.147042842748273,-0.033591830887857,-0.00187075864948263,0.00294862649528462
-0.0213788021505793,0.272092498080925,0.147044890785063,-0.0335934900197972,-0.00187345735062859,0.00294971985875142
-0.0214021315421487,0.272091196131544,0.147046939581966,-0.0335951594202432,-0.00187615703211069,0.00295081562324836
-0.0214254620966204,0.272089892307039,0.14704898914066,-0.0335968391968117,-0.00187885770951859,0.00295191382734145
-0.0214487938212381,0.272088586606713,0.147051039462855,-0.0335985294587825,-0.00188155939851782,0.00295301450975462
-0.0214721267233216,0.272087279029858,0.147053090550284,-0.0336002303171302,-0.00188426211485065,0.00295411770937124
-0.0214954608102686,0.272085969575756,0.14705514240471,-0.0336019418845565,-0.00188696587433698,0.00295522346523555
-0.0215187960895556,0.272084658243677,0.14705719502792,-0.0336036642755229,-0.00188967069287515,0.00295633181655399
-0.0215421325687392,0.272083345032878,0.147059248421732,-0.0336053976062849,-0.00189237658644279,0.00295744280269656
-0.0215654702554573,0.27208202994261,0.147061302587987,-0.0336071419949258,-0.00189508357109761,0.00295855646319807
-0.0215888091574307,0.272080712972107,0.147063357528559,-0.0336088975613932,-0.00189779166297818,0.00295967283775926
-0.0216121492824638,0.272079394120595,0.147065413245344,-0.0336106644275342,-0.00190050087830475,0.00296079196624799
-0.0216354906384466,0.27207807338729,0.14706746974027,-0.0336124427171331,-0.00190321123337997,0.00296191388870021
-0.0216588332333555,0.272076750771393,0.14706952701529,-0.0336142325559496,-0.00190592274458963,0.00296303864532095
-0.021682177075255,0.272075426272095,0.147071585072387,-0.0336160340717572,-0.00190863542840338,0.00296416627648517
-0.0217055221722993,0.272074099888578,0.147073643913571,-0.0336178473943839,-0.00191134930137538,0.00296529682273853
-0.021728868532733,0.272072771620009,0.147075703540881,-0.0336196726557523,-0.001914064380145,0.00296643032479813
-0.0217522161648935,0.272071441465545,0.147077763956382,-0.0336215099899225,-0.00191678068143743,0.00296756682355301
-0.0217755650772119,0.272070109424331,0.147079825162172,-0.0336233595331342,-0.00191949822206428,0.00296870636006469
-0.0217989152782144,0.272068775495501,0.147081887160373,-0.0336252214238514,-0.00192221701892415,0.00296984897556754
-0.0218222667765247,0.272067439678177,0.147083949953138,-0.0336270958028072,-0.00192493708900316,0.002970994711469
-0.0218456195808644,0.272066101971468,0.147086013542649,-0.0336289828130506,-0.00192765844937546,0.00297214360934973
-0.0218689737000559,0.272064762374472,0.147088077931115,-0.0336308825999935,-0.0019303811172037,0.00297329571096362
-0.0218923291430229,0.272063420886276,0.147090143120776,-0.0336327953114596,-0.00193310510973942,0.00297445105823765
-0.0219156859187928,0.272062077505953,0.147092209113901,-0.0336347210977343,-0.00193583044432348,0.00297560969327162
-0.0219390440364983,0.272060732232566,0.147094275912788,-0.0336366601116163,-0.00193855713838637,0.00297677165833773
-0.021962403505379,0.272059385065165,0.147096343519763,-0.0336386125084696,-0.00194128520944852,0.00297793699587997
-0.0219857643347834,0.272058036002786,0.147098411937184,-0.0336405784462778,-0.00194401467512056,0.00297910574851347
-0.0220091265341705,0.272056685044456,0.147100481167436,-0.0336425580856992,-0.0019467455531035,0.00298027795902348
-0.0220324901131119,0.272055332189187,0.147102551212937,-0.0336445515901237,-0.00194947786118889,0.00298145367036437
-0.0220558550812936,0.27205397743598,0.147104622076132,-0.0336465591257309,-0.00195221161725893,0.00298263292565833
-0.0220792214485181,0.272052620783823,0.147106693759498,-0.0336485808615494,-0.00195494683928674,0.00298381576819381
-0.022102589224706,0.272051262231693,0.14710876626554,-0.0336506169695206,-0.00195768354533512,0.0029850022414238
-0.0221259584198986,0.272049901778552,0.147110839596795,-0.033652667624558,-0.00196042175355804,0.00298619238896373
-0.0221493290442598,0.27204853942335,0.147112913755829,-0.0336547330046144,-0.00196316148219958,0.00298738625458961
-0.0221727011080777,0.272047175165026,0.147114988745241,-0.0336568132907475,-0.00196590274959378,0.00298858388223545
-0.0221960746217678,0.272045809002504,0.147117064567658,-0.0336589086671882,-0.00196864557416434,0.00298978531599058
-0.0222194495958742,0.272044440934697,0.147119141225738,-0.0336610193214108,-0.00197138997442416,0.00299099060009669
-0.0222428260410726,0.272043070960504,0.147121218722171,-0.0336631454442045,-0.00197413596897483,0.00299219977894459
-0.0222662039681723,0.272041699078811,0.147123297059676,-0.0336652872297479,-0.001976883576506,0.00299341289707063
-0.0222895833881186,0.272040325288492,0.147125376241006,-0.0336674448756844,-0.00197963281579466,0.00299462999915284
-0.0223129643119954,0.272038949588407,0.147127456268941,-0.0336696185832005,-0.00198238370570433,0.00299585113000673
-0.0223363467510273,0.272037571977403,0.147129537146296,-0.0336718085571059,-0.00198513626518407,0.00299707633458067
-0.0223597307165827,0.272036192454314,0.147131618875915,-0.0336740150059159,-0.00198789051326746,0.002998305657951
-0.0223831162201761,0.272034811017962,0.147133701460674,-0.0336762381419362,-0.00199064646907141,0.00299953914531667
-0.0224065032734704,0.272033427667152,0.14713578490348,-0.0336784781813499,-0.00199340415179482,0.00300077684199349
-0.0224298918882806,0.27203204240068,0.147137869207273,-0.0336807353443082,-0.00199616358071763,0.00300201879340907
-0.0224532820765754,0.272030655217326,0.147139954375022,-0.0336830098550176,-0.00199892477519716,0.00300326504509171
-0.022476673850481,0.272029266115857,0.14714204040973,-0.0336853019418421,-0.00200168775466942,0.00300451564266999
-0.0225000672222837,0.272027875095027,0.147144127314431,-0.0336876118373955,-0.0020044525386452,0.00300577063186072
-0.0225234622044324,0.272026482153575,0.14714621509219,-0.0336899397786431,-0.00200721914670849,0.00300703005846188
-0.0225468588095426,0.272025087290229,0.147148303746106,-0.0336922860070044,-0.00200998759851412,0.00300829396834391
-0.0225702570503988,0.272023690503701,0.147150393279306,-0.0336946507684594,-0.00201275791378532,0.00300956240744041
-0.022593656939958,0.272022291792691,0.147152483694953,-0.0336970343136579,-0.002015530112311,0.00301083542173822
-0.0226170584913528,0.272020891155883,0.147154574996239,-0.0336994368980317,-0.0020183042139429,0.00301211305726684
-0.0226404617178949,0.272019488591949,0.14715666718639,-0.0337018587819103,-0.00202108023859242,0.00301339536008721
-0.0226638666330787,0.272018084099546,0.147158760268664,-0.0337043002306402,-0.00202385820622734,0.00301468237627974
-0.0226872732505845,0.272016677677319,0.147160854246348,-0.0337067615147072,-0.00202663813686818,0.00301597415193155
-0.0227106815842822,0.272015269323897,0.147162949122765,-0.0337092429098631,-0.00202942005058434,0.00301727073312305
-0.0227340916482353,0.272013859037896,0.147165044901267,-0.0337117446972554,-0.00203220396748995,0.00301857216591351
-0.022757503456704,0.272012446817918,0.14716714158524,-0.0337142671635619,-0.00203498990773944,0.00301987849632587
-0.0227809170241502,0.272011032662551,0.147169239178101,-0.0337168106011281,-0.00203777789152277,0.00302118977033057
-0.0228043323652402,0.272009616570369,0.147171337683298,-0.0337193753081103,-0.00204056793906034,0.00302250603382839
-0.0228277494948497,0.272008198539931,0.147173437104313,-0.0337219615886215,-0.00204336007059756,0.00302382733263225
-0.0228511684280678,0.272006778569784,0.147175537444659,-0.0337245697528832,-0.00204615430639905,0.00302515371244795
-0.0228745891802009,0.272005356658458,0.147177638707879,-0.0337272001173812,-0.00204895066674279,0.00302648521885409
-0.0228980117667778,0.272003932804472,0.147179740897549,-0.0337298530050261,-0.00205174917191263,0.00302782189727998
-0.0229214362035534,0.272002507006329,0.147181844017277,-0.033732528745319,-0.00205454984219222,0.00302916379298314
-0.022944862506514,0.272001079262519,0.147183948070702,-0.0337352276745231,-0.00205735269785727,0.00303051095102504
-0.0229682906918818,0.271999649571516,0.147186053061493,-0.0337379501358394,-0.00206015775916761,0.00303186341624555
-0.0229917207761199,0.271998217931783,0.147188158993352,-0.0337406964795892,-0.00206296504635861,0.00303322123323586
-0.0230151527759368,0.271996784341765,0.14719026587001,-0.0337434670634016,-0.00206577457963232,0.00303458444630986
-0.0230385867082924,0.271995348799897,0.147192373695231,-0.0337462622524077,-0.00206858637914792,0.0030359530994739
-0.0230620225904026,0.271993911304598,0.147194482472807,-0.0337490824194404,-0.00207140046501161,0.00303732723639486
-0.023085460439745,0.271992471854273,0.147196592206561,-0.0337519279452413,-0.00207421685726593,0.00303870690036632
-0.0231089002740643,0.271991030447314,0.147198702900347,-0.0337547992186741,-0.00207703557587832,0.0030400921342729
-0.0231323421113784,0.271989587082097,0.147200814558047,-0.0337576966369447,-0.00207985664072905,0.00304148298055252
-0.0231557859699838,0.271988141756987,0.147202927183573,-0.0337606206058293,-0.00208268007159827,0.00304287948115649
-0.0231792318684617,0.271986694470334,0.147205040780867,-0.0337635715399094,-0.00208550588815237,0.00304428167750735
-0.0232026798256847,0.271985245220475,0.147207155353897,-0.033766549862815,-0.00208833410992943,0.00304568961045429
-0.0232261298608225,0.271983794005731,0.147209270906663,-0.033769556007476,-0.00209116475632376,0.00304710332022596
-0.0232495819933486,0.27198234082441,0.14721138744319,-0.0337725904165892,-0.0020939978346874,0.00304852284408394
-0.023273036243048,0.271980885674818,0.147213504967527,-0.0337756535419173,-0.00209683339798534,0.00304994822710488
-0.0232964926300223,0.271979428555229,0.147215623483758,-0.0337787458463039,-0.00209967143464662,0.00305137950240451
-0.0233199511746983,0.271977969463914,0.147217742995987,-0.033781867802562,-0.00210251196998064,0.00305281670754618
-0.0233434118978349,0.271976508399132,0.147219863508344,-0.0337850198941846,-0.00210535502366314,0.00305425987926065
-0.0233668748205304,0.271975045359127,0.147221985024986,-0.0337882026156756,-0.0021082006138664,0.00305570905229549
-0.0233903399642306,0.271973580342132,0.147224107550092,-0.0337914164727991,-0.00211104875895881,0.00305716426184421
-0.0234138073507363,0.271972113346367,0.147226231087865,-0.0337946619830216,-0.00211389947650917,0.00305862554114674
-0.0234372770022121,0.271970644370038,0.147228355642533,-0.0337979396758002,-0.00211675278376626,0.00306009292225143
-0.0234607489411944,0.271969173411341,0.147230481218344,-0.0338012500929303,-0.00211960869762218,0.00306156643594301
-0.0234842231906001,0.271967700468462,0.147232607819566,-0.0338045937889074,-0.00212246723458204,0.00306304611165238
-0.0235076997737359,0.271966225539571,0.147234735450488,-0.0338079713313208,-0.00212532841073812,0.00306453197737875
-0.0235311787143073,0.271964748622832,0.147236864115418,-0.0338113833012344,-0.00212819224173417,0.00306602405958498
-0.0235546600364279,0.271963269716395,0.147238993818682,-0.0338148302936193,-0.00213105874273414,0.00306752238309743
-0.0235781437646297,0.271961788818401,0.147241124564622,-0.0338183129178705,-0.00213392792837759,0.00306902697097055
-0.0236016299238732,0.271960305926981,0.147243256357596,-0.0338218317989444,-0.00213679981263389,0.00307053784404212
-0.0236251185395576,0.271958821040256,0.147245389201976,-0.0338253875753976,-0.00213967440894169,0.00307205502160223
-0.023648609637531,0.271957334156338,0.147247523102145,-0.033828980901653,-0.00214255173030544,0.00307357852116142
-0.0236721032441016,0.27195584527333,0.1472496580625,-0.0338326124487103,-0.00214543178890657,0.00307510835767747
-0.0236955993860495,0.271954354389328,0.147251794087445,-0.0338362829042664,-0.00214831459617838,0.00307664454370384
-0.0237190980906382,0.271952861502419,0.147253931181394,-0.0338399929732015,-0.00215120016276724,0.00307818708926664
-0.023742599385627,0.271951366610683,0.147256069348765,-0.0338437433781377,-0.00215408849848195,0.00307973600171503
-0.023766103299283,0.271949869712195,0.147258208593982,-0.0338475348599998,-0.00215697961223501,0.00308129128555082
-0.0237896098603946,0.271948370805021,0.14726034892147,-0.033851368178603,-0.00215987351198148,0.00308285294225151
-0.0238131190982846,0.271946869887226,0.147262490335655,-0.0338552441132724,-0.00216277020465612,0.00308442097008816
-0.0238366310428239,0.271945366956867,0.147264632840958,-0.033859163463474,-0.00216566969610413,0.00308599536392524
-0.0238601457244457,0.271943862011999,0.147266776441798,-0.0338631270494769,-0.00216857199100909,0.00308757611501276
-0.0238836631741603,0.271942355050674,0.147268921142586,-0.0338671357130382,-0.00217147709281545,0.00308916321076352
-0.0239071834235704,0.271940846070942,0.147271066947722,-0.0338711903181283,-0.00217438500364993,0.00309075663452592
-0.0239307065048863,0.271939335070852,0.147273213861594,-0.0338752917516593,-0.00217729572423143,0.00309235636532673
-0.0239542324509427,0.271937822048453,0.147275361888573,-0.0338794409242688,-0.00218020925378198,0.00309396237761495
-0.0239777612952148,0.271936307001794,0.14727751103301,-0.0338836387711243,-0.00218312558992975,0.00309557464098397
-0.0240012930718364,0.271934789928929,0.147279661299235,-0.0338878862527553,-0.00218604472860418,0.00309719311987248
-0.024024827815617,0.271933270827913,0.147281812691551,-0.033892184355935,-0.00218896666392912,0.00309881777325871
-0.0240483655620609,0.271931749696806,0.147283965214228,-0.0338965340945839,-0.00219189138810514,0.00310044855432538
-0.0240719063473864,0.271930226533675,0.147286118871504,-0.0339009365107178,-0.00219481889128683,0.00310208541011003
-0.0240954502085452,0.271928701336594,0.147288273667579,-0.0339053926754364,-0.00219774916145214,0.00310372828113377
-0.0241189971832433,0.271927174103647,0.147290429606606,-0.0339099036899455,-0.00220068218426181,0.00310537710100227
-0.0241425473099621,0.271925644832927,0.14729258669269,-0.0339144706866394,-0.00220361794291414,0.00310703179599319
-0.0241661006279807,0.271924113522542,0.147294744929886,-0.0339190948302122,-0.00220655641798605,0.00310869228460674
-0.0241896571773984,0.271922580170612,0.147296904322184,-0.0339237773188244,-0.0022094975872662,0.00311035847709332
-0.0242132169991587,0.271921044775275,0.147299064873512,-0.0339285193853305,-0.00221244142557977,0.00311203027495781
-0.0242367801350737,0.271919507334687,0.147301226587727,-0.0339333222985335,-0.0022153879045958,0.00311370757041699
-0.0242603466278492,0.271917967847026,0.147303389468605,-0.0339381873645223,-0.00221833699262867,0.00311539024583928
-0.0242839165211115,0.271916426310491,0.14730555351984,-0.0339431159280545,-0.00222128865442366,0.0031170781731409
-0.0243074898594347,0.271914882723308,0.14730771874503,-0.0339481093740047,-0.00222424285092955,0.00311877121314603
-0.0243310666883688,0.271913337083732,0.147309885147673,-0.0339531691288743,-0.00222719953905533,0.00312046921490387
-0.0243546470544695,0.271911789390049,0.147312052731161,-0.0339582966623749,-0.00223015867141228,0.00312217201496461
-0.0243782310053285,0.271910239640579,0.147314221498764,-0.0339634934890795,-0.00223312019603874,0.00312387943660741
-0.0244018185896054,0.27190868783368,0.147316391453627,-0.0339687611701512,-0.00223608405610632,0.00312559128901794
-0.0244254098570607,0.271907133967752,0.147318562598755,-0.0339741013151515,-0.00223905018960665,0.0031273073664124
-0.0244490048585899,0.27190557804124,0.147320734937007,-0.0339795155839313,-0.00224201852901764,0.00312902744710404
-0.0244726036462593,0.271904020052635,0.147322908471081,-0.0339850056886134,-0.0022449890009472,0.003130751292509
-0.0244962062733427,0.271902460000485,0.147325083203503,-0.0339905733956654,-0.0022479615257526,0.00313247864608426
-0.0245198127943605,0.271900897883394,0.147327259136615,-0.0339962205280716,-0.00225093601713417,0.00313420923219558
-0.024543423265119,0.271899333700028,0.147329436272561,-0.0340019489676093,-0.002253912381701,0.00313594275490868
-0.0245670377427526,0.27189776744912,0.14733161461327,-0.0340077606572338,-0.00225689051850713,0.00313767889669909
-0.0245906562857667,0.271896199129478,0.147333794160445,-0.0340136576035776,-0.0022598703185551,0.00313941731707273
-0.0246142789540833,0.271894628739987,0.147335974915543,-0.0340196418795748,-0.00226285166426561,0.0031411576510937
-0.0246379058090877,0.271893056279616,0.147338156879758,-0.0340257156272097,-0.00226583442890912,0.00314289950780796
-0.0246615369136774,0.271891481747427,0.147340340054004,-0.0340318810604038,-0.00226881847599812,0.00314464246855898
-0.0246851723323132,0.271889905142581,0.147342524438894,-0.0340381404680456,-0.00227180365863551,0.00314638608518416
-0.0247088121310726,0.271888326464342,0.147344710034719,-0.0340444962171693,-0.00227478981881665,0.00314812987808372
-0.0247324563777045,0.27188674571209,0.147346896841425,-0.0340509507562988,-0.00227777678668144,0.00314987333415397
-0.0247561051416879,0.271885162885327,0.147349084858589,-0.0340575066189548,-0.00228076437971129,0.00315161590456998
-0.0247797584942916,0.271883577983685,0.147351274085396,-0.034064166427345,-0.00228375240186825,0.00315335700240994
-0.0248034165086373,0.27188199100694,0.147353464520607,-0.0340709328962407,-0.00228674064267008,0.00315509600010591
-0.0248270792597652,0.271880401955016,0.147355656162533,-0.0340778088370528,-0.00228972887619662,0.00315683222670708
-0.0248507468247028,0.271878810828003,0.147357849009004,-0.0340847971621247,-0.00229271686002335,0.00315856496494376
-0.0248744192825363,0.271877217626162,0.147360043057333,-0.0340919008892411,-0.00229570433407233,0.00316029344806883
-0.0248980967144856,0.271875622349943,0.147362238304285,-0.0340991231463797,-0.00229869101937774,0.0031620168564651
-0.0249217792039825,0.271874024999998,0.147364434746034,-0.0341064671767104,-0.00230167661675623,0.00316373431399502
-0.0249454668367525,0.271872425577191,0.147366632378127,-0.034113936343863,-0.0023046608053753,0.00316544488407293
-0.0249691597009004,0.271870824082618,0.147368831195437,-0.0341215341374704,-0.00230764324120954,0.00316714756543374
-0.0249928578869997,0.271869220517624,0.147371031192117,-0.0341292641790172,-0.00231062355537711,0.0031688412875762
-0.0250165614881867,0.271867614883818,0.147373232361553,-0.0341371302279975,-0.00231360135234414,0.00317052490584837
-0.0250402706002577,0.271866007183093,0.147375434696309,-0.0341451361884079,-0.00231657620798632,0.00317219719614649
-0.0250639853217728,0.271864397417648,0.147377638188068,-0.0341532861155963,-0.00231954766749492,0.00317385684919251
-0.0250877057541625,0.271862785590009,0.147379842827573,-0.0341615842234793,-0.00232251524311297,0.00317550246435249
-0.0251114320018413,0.271861171703053,0.147382048604562,-0.0341700348921659,-0.00232547841168775,0.00317713254295732
-0.025135164172325,0.271859555760032,0.147384255507694,-0.0341786426759902,-0.00232843661201989,0.00317874548107564
-0.0251589023763556,0.271857937764603,0.147386463524477,-0.034187412311996,-0.00233138924199384,0.00318033956169454
-0.0251826467280302,0.271856317720857,0.147388672641184,-0.0341963487288874,-0.00233433565546681,0.00318191294624988
-0.0252063973449382,0.271854695633347,0.147390882842768,-0.03420545705648,-0.00233727515889529,0.00318346366544782
-0.0252301543483041,0.27185307150713,0.147393094112763,-0.0342147426356737,-0.00234020700767294,0.00318498960930909
-0.0252539178631374,0.271851445347793,0.14739530643319,-0.0342242110289889,-0.00234313040215419,0.00318648851636605
-0.0252776880183909,0.271849817161504,0.14739751978444,-0.0342338680316829,-0.00234604448333134,0.00318795796192733
-0.025301464947126,0.271848186955047,0.147399734145161,-0.0342437196834901,-0.00234894832813294,0.00318939534532349
-0.0253252487866867,0.271846554735869,0.147401949492131,-0.0342537722810169,-0.00235184094430623,0.00319079787603379
-0.0253490396788827,0.271844920512136,0.147404165800119,-0.0342640323908204,-0.00235472126484134,0.00319216255858245
-0.0253728377701815,0.271843284292779,0.147406383041736,-0.0342745068632206,-0.00235758814189368,0.00319348617608672
-0.0253966432119105,0.271841646087558,0.147408601187282,-0.034285202846866,-0.00236044034015189,0.0031947652723172
-0.0254204561604694,0.271840005907123,0.147410820204562,-0.0342961278041023,-0.00236327652959639,0.00319599613212363
-0.0254442767775537,0.271838363763082,0.14741304005871,-0.0343072895271758,-0.00236609527758555,0.00319717476005851
-0.0254681052303898,0.271836719668076,0.147415260711979,-0.0343186961553098,-0.00236889504019991,0.0031982968570135
-0.0254919416919816,0.27183507363586,0.147417482123524,-0.0343303561926861,-0.00237167415276689,0.00319935779466176
-0.0255157863413713,0.271833425681392,0.147419704249163,-0.0343422785273746,-0.00237443081948001,0.00320035258747867
-0.025539639363912,0.271831775820921,0.147421927041121,-0.034354472451229,-0.00237716310201569,0.00320127586208219
-0.0255635009515561,0.2718301240721,0.147424150447745,-0.034366947680784,-0.00237986890704042,0.00320212182360935
-0.0255873713031568,0.27182847045409,0.147426374413202,-0.0343797143791685,-0.00238254597248774,0.00320288421880854
-0.0256112506247874,0.271826814987689,0.147428598877146,-0.0343927831790683,-0.00238519185247205,0.0032035562954949
-0.0256351391300746,0.271825157695458,0.147430823774355,-0.034406165206688,-0.00238780390068529,0.00320413075796195
-0.02565903704055,0.271823498601875,0.147433049034338,-0.0344198721067716,-0.00239037925211273,0.003204599717915
-0.0256829445860198,0.271821837733486,0.147435274580904,-0.0344339160685998,-0.00239291480287544,0.00320495464041837
-0.0257068620049515,0.271820175119083,0.147437500331696,-0.0344483098529384,-0.00239540718798993,0.0032051862843019
-0.0257307895448804,0.271818510789893,0.147439726197673,-0.034463066819842,-0.00239785275680597,0.00320528463639718
-0.0257547274628372,0.271816844779784,0.147441952082552,-0.0344782009572593,-0.00240024754585866,0.00320523883890623
-0.0257786760257916,0.271815177125495,0.147444177882195,-0.0344937269101493,-0.00240258724883131,0.00320503710910394
-0.0258026355111205,0.271813507866882,0.147446403483933,-0.0345096600100752,-0.00240486718329837,0.00320466665050329
-0.0258266062070949,0.271811837047196,0.147448628765831,-0.0345260163048691,-0.00240708225386746,0.00320411355448164
-0.0258505884133871,0.27181016471338,0.147450853595878,-0.0345428125880601,-0.00240922691129772,0.00320336269125823
-0.0258745824415991,0.271808490916403,0.147453077831099,-0.0345600664275973,-0.00241129510711881,0.00320239758897446
-0.0258985886158094,0.27180681571162,0.147455301316573,-0.0345777961932794,-0.00241328024321598,0.00320120029947644
-0.0259226072731396,0.271805139159177,0.147457523884362,-0.0345960210821524,-0.00241517511578097,0.00319975124923067
-0.0259466387643359,0.271803461324448,0.147459745352322,-0.034614761140918,-0.00241697185295848,0.00319802907361973
-0.0259706834543666,0.271801782278528,0.147461965522799,-0.0346340372842453,-0.00241866184543393,0.00319601043265217
-0.0259947417230294,0.271800102098769,0.147464184181185,-0.0346538713074468,-0.00242023566912335,0.0031936698059015
-0.0260188139655649,0.271798420869372,0.147466401094329,-0.034674285891768,-0.0024216829990275,0.00319097926423676
-0.0260429005932714,0.271796738682052,0.147468616008772,-0.0346953046000229,-0.00242299251320855,0.0031879082156439
-0.0260670020341119,0.271795055636762,0.14747082864881,-0.0347169518597941,-0.00242415178573563,0.00318442312215462
-0.0260911187333046,0.271793371842499,0.14747303871433,-0.0347392529308062,-0.00242514716732677,0.00318048718459945
-0.0261152511538831,0.271791687418207,0.147475245878436,-0.03476223385216,-0.0024259636522982,0.00317605999161803
-0.0261393997772129,0.271790002493758,0.147477449784799,-0.0347859213643461,-0.00242658473030552,0.00317109712904322
-0.0261635651034419,0.271788317211064,0.147479650044736,-0.0348103427995704,-0.00242699222125611,0.00316554974553328
-0.0261877476518626,0.271786631725292,0.147481846233957,-0.0348355259325961,-0.00242716609167291,0.00315936407009835
-0.0262119479611532,0.271784946206223,0.147484037888973,-0.0348614987825183,-0.00242708425072718,0.00315248087704664
-0.0262361665894622,0.271783260839758,0.1474862245031,-0.0348882893537867,-0.00242672232414108,0.00314483489388644
-0.0262604041142846,0.271781575829592,0.14748840552204,-0.0349159253020851,-0.00242605340423704,0.00313635414799197
-0.0262846611320811,0.271779891399059,0.147490580338982,-0.034944433508024,-0.00242504777455307,0.00312695924828336
-0.0263089382575571,0.271778207793197,0.14749274828918,-0.0349738395372186,-0.00242367260784546,0.00311656259935689
-0.0263332361225238,0.271776525281011,0.147494908643964,-0.0350041669616755,-0.00242189163682678,0.00310506754698339
-0.0263575553742295,0.27177484415799,0.147497060604135,-0.0350354365118689,-0.00241966479793025,0.00309236745654317
-0.0263818966730338,0.271773164748874,0.147499203292692,-0.0350676650231119,-0.00241694784975078,0.00307834472971486
-0.0264062606892669,0.271771487410691,0.147501335746862,-0.0351008641331074,-0.00241369196979265,0.00306286977016101
-0.0264306480990815,0.271769812536086,0.147503456909404,-0.0351350386799608,-0.00240984333599179,0.00304579991667471
-0.0264550595790736,0.271768140556938,0.147505565619158,-0.0351701847421329,-0.00240534270336409,0.00302697837275275
-0.026479495799398,0.271766471948274,0.147507660600867,-0.0352062872534662,-0.00240012499151477,0.00300623317605295
-0.0265039574150585,0.271764807232449,0.147509740454322,-0.0352433171190262,-0.00239411890591849,0.00298337627040812
-0.0265284450549995,0.271763146983583,0.147511803642905,-0.0352812277518133,-0.00238724662538008,0.00295820276839663
-0.0265529593085663,0.271761491832164,0.14751384848174,-0.0353199509483784,-0.00237942360042882,0.00293049052522309
-0.0265775007088511,0.271759842469747,0.147515873125685,-0.0353593920261475,-0.0023705585230184,0.00290000018588555
-0.0266020697123852,0.271758199653589,0.147517875557593,-0.0353994241603002,-0.00236055354733874,0.00286647591860726
-0.0266266666746122,0.27175656421101,0.14751985357739,-0.035439881889829,-0.00234930486472884,0.00282964710790064
-0.0266512918205647,0.271754937043201,0.147521804792765,-0.0354805538175595,-0.0023367037624174,0.00278923134966482
-0.0266759452102273,0.271753319128079,0.147523726612503,-0.0355211746184682,-0.00232263832427453,0.00274493916317455
-0.0267006266981701,0.27175171152169,0.147525616243831,-0.0355614166043908,-0.00230699595932758,0.00269648090340932
-0.0267253358872976,0.271750115357506,0.147527470695477,-0.0356008812861466,-0.00228966696356712,0.00264357640295745
-0.0267500720769235,0.271748531842829,0.14752928678853,-0.0356390916320445,-0.00227054932347694,0.00258596787127843
-0.0267748342060008,0.271746962251376,0.147531061177516,-0.035675486045812,-0.00224955493910908,0.00252343648752896
-0.0267996207931609,0.271745407911019,0.14753279038435,-0.0357094154519215,-0.00222661736022575,0.00245582289638493
-0.0268244298762975,0.271743870185641,0.147534470847838,-0.0357401452328906,-0.00220170096271975,0.00238305140143662
-0.0268492589557553,0.271742350450209,0.147536098991031,-0.0357668640074607,-0.00217481121444199,0.0023051569925724
-0.0268741049465543,0.271740850058543,0.147537671307858,-0.0357887011467262,-0.00214600530927662,0.00222231344483861
-0.0268989641461913,0.271739370303848,0.147539184468893,-0.0358047542465992,-0.0021154021770781,0.00213485986440739
-0.0269238322250833,0.271737912372792,0.147540635444172,-0.0358141268771747,-0.00208319098892627,0.0020433227456979
-0.0269487042468671,0.271736477294393,0.147542021638863,-0.0358159769127003,-0.00204963735752734,0.00194843026078951
-0.0269735747259767,0.271735065885959,0.147543341034617,-0.0358095752456129,-0.00201508513388828,0.0018511131097041
-0.0269984377281234,0.271733678700409,0.147544592324606,-0.0357943688924536,-0.00197995000545922,0.00175248445580625
-0.027023287012431,0.271732315981412,0.14754577502685,-0.0357700357309441,-0.00194470364931802,0.00165379842740092
-0.0270481162063907,0.271730977631779,0.147546889563679,-0.0357365242779196,-0.00190985221658686,0.00155639535755172
-0.0270729190037362,0.271729663197971,0.147547937299327,-0.0356940797310946,-0.00187591127998457,0.00146163521098024
-0.0270976893732365,0.271728371873613,0.147548920526205,-0.035643246582605,-0.00184337624678613,0.00137081716774439
-0.0271224217573903,0.271727102524009,0.147549842394598,-0.0355848368147309,-0.00181269280500768,0.00128510100862745
-0.0271471112397265,0.271725853729019,0.147550706794151,-0.0355198743068953,-0.00178423423723231,0.00120544836107692
-0.0271717536696191,0.271724623839005,0.147551518201796,-0.0354495292361663,-0.00175828623473441,0.00113258399438364
-0.02719634573891,0.271723411038949,0.147552281509235,-0.0353750451837929,-0.00173503871362415,0.00106697632510768
-0.0272208850071499,0.27172221341534,0.147553001844928,-0.035297666037295,-0.00171458622379964,0.00100884139342015
-0.027245369879425,0.271721029019886,0.147553684406358,-0.0352185740440747,-0.00169693627563367,0.000958167270371129
-0.0272697995467021,0.271719855925541,0.147554334313919,-0.0351388440278122,-0.00168202266772076,0.000914750587629062
-0.0272941739000559,0.271718692272302,0.147554956492436,-0.0350594138767204,-0.00166972123152999,0.000878238708712118
-0.0273184934297809,0.271717536301813,0.147555555582515,-0.0349810702386925,-0.00165986603261755,0.00084817271911633
-0.0273427591192128,0.271716386381038,0.147556135880819,-0.0349044470802479,-0.00165226444780291,0.00082402716888185
-0.0273669723410356,0.271715241016157,0.147556701306015,-0.0348300336934659,-0.00164671011019154,0.000805243963804248
-0.0273911347614291,0.271714098858346,0.147557255385889,-0.0347581887366045,-0.00164299330202295,0.000791259386917894
-0.0274152482552205,0.27171295870325,0.147557801260836,-0.0346891574695584,-0.00164090877607044,0.000781524288713718
-0.0274393148334645,0.27171181948585,0.147558341699169,-0.0346230900029127,-0.00164026122824798,0.000775518091675749
-0.0274633365835829,0.271710680272242,0.147558879120286,-0.0345600590117852,-0.00164086878136776,0.000772757584420407
-0.0274873156213238,0.271709540249575,0.147559415622448,-0.0345000759433612,-0.00164256489175319,0.000772801597529734
-0.0275112540532964,0.271708398715092,0.14755995301268,-0.0344431052193673,-0.00164519907608305,0.000775252608130397
-0.0275351539486208,0.271707255064972,0.147560492836994,-0.034389076274887,-0.00164863680339016,0.000779756181186769
-0.0275590173181976,0.271706108783461,0.14756103640968,-0.0343378934930751,-0.00165275883111973,0.000785998981999647
-0.0275828461001987,0.271704959432589,0.147561584840898,-0.0342894442182943,-0.00165746019955426,0.000793705923963101
-0.0276066421505224,0.271703806642656,0.147562139062109,-0.0342436050882558,-0.00166264904253328,0.000802636866094404
-0.0276304072371378,0.271702650103575,0.14756269984914,-0.0342002469407943,-0.00166824532632496,0.000812583152359995
-0.0276541430374128,0.271701489557094,0.147563267842859,-0.0341592385413587,-0.0016741795924709,0.000823364189060571
-0.0276778511376859,0.271700324789877,0.147563843567513,-0.0341204493538339,-0.0016803917532641,0.000834824184618616
-0.0277015330344882,0.271699155627387,0.147564427446891,-0.0340837515481704,-0.00168682996870155,0.000846829123916596
-0.0277251901369415,0.271697981928525,0.147565019818472,-0.0340490214080666,-0.00169344961976079,0.000859264012747836
-0.0277488237699661,0.27169680358094,0.147565620945757,-0.0340161402735637,-0.00170021238329173,0.000872030403166961
-0.0277724351780134,0.27169562049695,0.147566231028983,-0.0339849951278208,-0.00170708540758931,0.000885044194584276
-0.0277960255291091,0.271694432610001,0.147566850214396,-0.0339554789155224,-0.00171404058384381,0.00089823369569791
-0.0278195959190436,0.271693239871596,0.147567478602269,-0.0339274906621323,-0.00172105390645423,0.000911537926935547
-0.0278431473755938,0.271692042248653,0.147568116253812,-0.0339009354476515,-0.00172810491422904,0.000924905140912036
-0.0278666808626868,0.271690839721207,0.14756876319713,-0.0338757242772696,-0.0017351762040381,0.00093829153747044
-0.027890197284449,0.271689632280444,0.147569419432342,-0.0338517738806591,-0.00174225300890015,0.000951660151221092
-0.0279136974890968,0.271688419926992,0.147570084935988,-0.0338290064647342,-0.00174932283270348,0.000964979890356529
-0.0279371822726461,0.271687202669467,0.147570759664813,-0.0338073494356252,-0.00175637513396989,0.000978224706323112
-0.0279606523824214,0.271685980523202,0.147571443559014,-0.0337867351085307,-0.00176340105374699,0.000991372880325419
-0.0279841085203632,0.271684753509169,0.147572136545028,-0.0337671004118895,-0.00177039318042387,0.00100440640807577
-0.0280075513461285,0.271683521653043,0.147572838537924,-0.0337483865928976,-0.00177734534698197,0.00101731047036295
-0.0280309814799902,0.271682284984402,0.147573549443452,-0.0337305389306542,-0.00178425245630779,0.00103007297775209
-0.0280543995055403,0.271681043536035,0.147574269159798,-0.0337135064599429,-0.00179111033067485,0.00104268417903034
-0.0280778059722056,0.271679797343351,0.147574997579091,-0.0336972417078909,-0.00179791558203407,0.00105513632443861
-0.0281012013975857,0.271678546443873,0.147575734588688,-0.0336817004447784,-0.00180466550021916,0.00106742337599724
-0.0281245862696231,0.271677290876795,0.147576480072273,-0.0336668414495714,-0.0018113579570018,0.00107954075862846
-0.0281479610486152,0.271676030682614,0.147577233910799,-0.0336526262905417,-0.00181799132234061,0.00109148514567542
-0.0281713261690798,0.271674765902807,0.147577995983288,-0.0336390191206631,-0.00182456439219133,0.00110325427284612
-0.0281946820414824,0.271673496579557,0.14757876616751,-0.0336259864869659,-0.00183107632808623,0.0011148467814338
-0.0282180290538376,0.271672222755516,0.147579544340569,-0.0336134971540069,-0.00183752660311211,0.00112626208079556
-0.0282413675731907,0.27167094447361,0.147580330379389,-0.0336015219402087,-0.00184391495586887,0.0011375002305416
-0.028264697946991,0.271669661776865,0.147581124161131,-0.0335900335665193,-0.00185024135068626,0.0011485618390711
-0.028288020504364,0.271668374708264,0.147581925563544,-0.0335790065165867,-0.00185650594326342,0.00115944797617441
-0.0283113355572897,0.271667083310622,0.147582734465259,-0.0335684169076795,-0.00186270905098563,0.00117016009774599
-0.0283346434016955,0.271665787626488,0.14758355074603,-0.0335582423715987,-0.00186885112728013,0.00118069998093694
-0.0283579443184692,0.271664487698054,0.147584374286945,-0.0335484619448542,-0.00187493273945845,0.00119106966830312
-0.0283812385743988,0.271663183567083,0.147585204970584,-0.0335390559673779,-0.00188095454958596,0.00120127141975124
-0.0284045264230447,0.271661875274851,0.147586042681161,-0.033530005989193,-0.0018869172979386,0.00121130767113037
-0.0284278081055501,0.271660562862099,0.147586887304634,-0.0335212946843147,-0.00189282178873962,0.00122118099867747
-0.0284510838513932,0.271659246368988,0.147587738728789,-0.0335129057713842,-0.00189866887784127,0.00123089408843939
-0.0284743538790872,0.271657925835071,0.147588596843306,-0.0335048239404662,-0.00190445946210344,0.00124044971003041
-0.0284976183968309,0.271656601299267,0.147589461539812,-0.0334970347855154,-0.00191019447024168,0.00124985069413533
-0.0285208776031146,0.27165527279984,0.147590332711917,-0.0334895247420554,-0.00191587485494985,0.00125909991325391
-0.0285441316872844,0.271653940374388,0.147591210255232,-0.0334822810296406,-0.00192150158612891,0.00126820026525122
-0.0285673808300675,0.27165260405983,0.147592094067387,-0.0334752915987148,-0.0019270756450764,0.00127715465933955
-0.0285906252040632,0.271651263892401,0.147592984048034,-0.0334685450815099,-0.00193259801950733,0.00128596600415705
-0.0286138649741998,0.271649919907649,0.14759388009884,-0.033462030746642,-0.0019380696993044,0.00129463719768419
-0.028637100298162,0.271648572140435,0.147594782123477,-0.0334557384571228,-0.00194349167289274,0.00130317111872409
-0.0286603313267899,0.271647220624937,0.147595690027611,-0.033449658631495,-0.00194886492416346,0.00131157061975772
-0.0286835582044524,0.271645865394649,0.147596603718875,-0.0334437822078433,-0.00195419042987222,0.00131983852098156
-0.028706781069396,0.27164450648239,0.14759752310685,-0.0334381006104492,-0.00195946915745019,0.00132797760537019
-0.0287300000540715,0.271643143920314,0.147598448103033,-0.0334326057188758,-0.00196470206317375,0.00133599061462559
-0.0287532152854404,0.271641777739913,0.147599378620811,-0.0334272898392901,-0.00196989009064521,0.00134388024589303
-0.0287764268852616,0.271640407972028,0.147600314575428,-0.0334221456778428,-0.00197503416954382,0.00135164914913936
-0.0287996349703605,0.271639034646861,0.147601255883952,-0.0334171663159447,-0.00198013521461101,0.00135929992510284
-0.0288228396528815,0.271637657793984,0.147602202465237,-0.0334123451872882,-0.00198519412483907,0.00136683512373684
-0.0288460410405251,0.271636277442348,0.147603154239893,-0.0334076760564828,-0.00199021178283351,0.00137425724307179
-0.028869239236771,0.271634893620301,0.147604111130243,-0.0334031529991682,-0.00199518905433171,0.00138156872845293
-0.028892434341087,0.271633506355591,0.147605073060293,-0.0333987703835052,-0.00200012678784847,0.00138877197207871
-0.0289156264491269,0.271632115675388,0.14760603995569,-0.0333945228529277,-0.00200502581443692,0.00139586931281202
-0.0289388156529151,0.271630721606287,0.147607011743687,-0.033390405310065,-0.00200988694754615,0.00140286303621771
-0.0289620020410221,0.271629324174326,0.147607988353106,-0.0333864129017442,-0.00201471098296248,0.0014097553747934
-0.0289851856987287,0.271627923404996,0.147608969714299,-0.0333825410049924,-0.00201949869882204,0.00141654850836355
-0.0290083667081815,0.271626519323253,0.147609955759118,-0.0333787852139635,-0.00202425085568424,0.00142324456461102
-0.0290315451485394,0.271625111953533,0.147610946420871,-0.0333751413277217,-0.00202896819665692,0.00142984561972334
-0.0290547210961115,0.27162370131976,0.14761194163429,-0.0333716053388187,-0.00203365144756521,0.00143635369913474
-0.0290778946244884,0.271622287445361,0.147612941335499,-0.0333681734226075,-0.00203830131715699,0.00144277077834293
-0.029101065804665,0.271620870353276,0.147613945461975,-0.0333648419272365,-0.00204291849733829,0.0014490987837959
-0.0291242347051575,0.27161945006597,0.147614953952515,-0.0333616073642796,-0.00204750366343555,0.00145533959382232
-0.0291474013921139,0.271618026605445,0.147615966747207,-0.0333584663999536,-0.00205205747447656,0.00146149503960461
-0.0291705659294183,0.271616599993253,0.14761698378739,-0.0333554158468826,-0.00205658057348893,0.00146756690618111
-0.0291937283787898,0.271615170250502,0.147618005015632,-0.033352452656371,-0.00206107358781134,0.00147355693346952
-0.0292168887998765,0.27161373739787,0.147619030375691,-0.0333495739111493,-0.00206553712941487,0.00147946681730464
-0.0292400472503443,0.271612301455617,0.147620059812488,-0.0333467768185609,-0.00206997179523161,0.00148529821048422
-0.0292632037859611,0.271610862443593,0.147621093272076,-0.0333440587041582,-0.0020743781674883,0.00149105272381758
-0.029286358460677,0.271609420381247,0.147622130701616,-0.0333414170056819,-0.00207875681404309,0.00149673192717262
-0.0293095113266998,0.271607975287641,0.147623172049341,-0.0333388492673966,-0.00208310828872378,0.00150233735051736
-0.0293326624345675,0.271606527181455,0.147624217264536,-0.0333363531347583,-0.00208743313166585,0.00150787048495268
-0.0293558118332166,0.271605076081001,0.147625266297507,-0.0333339263493934,-0.00209173186964935,0.00151333278373372
-0.0293789595700475,0.271603622004226,0.147626319099556,-0.0333315667443676,-0.00209600501643328,0.00151872566327752
-0.029402105690986,0.27160216496873,0.147627375622956,-0.0333292722397252,-0.0021002530730869,0.00152405050415505
-0.0294252502405425,0.271600704991764,0.147628435820929,-0.0333270408382811,-0.00210447652831811,0.0015293086520695
-0.0294483932618683,0.271599242090247,0.147629499647616,-0.0333248706216564,-0.00210867585879095,0.00153450141879928
-0.0294715347968085,0.27159777628077,0.147630567058061,-0.033322759746523,-0.00211285152945073,0.00153963008315544
-0.0294946748859532,0.271596307579606,0.147631638008182,-0.0333207064410689,-0.00211700399383064,0.00154469589188508
-0.0295178135686859,0.271594836002715,0.147632712454754,-0.0333187090016519,-0.00212113369435895,0.00154970006057102
-0.0295409508832298,0.271593361565755,0.147633790355384,-0.0333167657896373,-0.00212524106265872,0.00155464377450683
-0.029564086866692,0.271591884284089,0.147634871668492,-0.0333148752284066,-0.00212932651984102,0.00155952818955061
-0.0295872215551053,0.271590404172788,0.147635956353292,-0.0333130358005271,-0.00213339047679165,0.00156435443295707
-0.0296103549834684,0.271588921246644,0.147637044369771,-0.0333112460450729,-0.00213743333445114,0.00156912360418814
-0.0296334871857845,0.271587435520172,0.147638135678669,-0.0333095045550865,-0.00214145548408801,0.00157383677570205
-0.0296566181950978,0.271585947007621,0.147639230241461,-0.0333078099751749,-0.0021454573075653,0.00157849499372095
-0.0296797480435283,0.271584455722975,0.147640328020343,-0.0333061609992303,-0.00214943917760024,0.00158309927897749
-0.0297028767623059,0.271582961679964,0.147641428978207,-0.033304556368269,-0.00215340145801629,0.0015876506274378
-0.0297260043818014,0.271581464892069,0.14764253307863,-0.0333029948683792,-0.00215734450399319,0.00159215001101655
-0.0297491309315581,0.271579965372525,0.147643640285857,-0.0333014753287779,-0.00216126866230083,0.00159659837824647
-0.0297722564403204,0.271578463134332,0.147644750564783,-0.0332999966199613,-0.0021651742715361,0.00160099665495322
-0.0297953809360625,0.271576958190254,0.147645863880937,-0.03329855765195,-0.00216906166234857,0.00160534574489807
-0.0298185044460147,0.271575450552832,0.147646980200469,-0.033297157372622,-0.00217293115766066,0.0016096465304041
-0.0298416269966893,0.271573940234383,0.147648099490136,-0.0332957947661268,-0.00217678307288161,0.00161389987296364
-0.0298647486139053,0.271572427247007,0.147649221717283,-0.0332944688513786,-0.00218061771611536,0.00161810661382753
-0.0298878693228122,0.271570911602594,0.147650346849836,-0.0332931786806218,-0.00218443538836238,0.00162226757457666
-0.0299109891479124,0.271569393312828,0.147651474856281,-0.033291923338067,-0.00218823638371567,0.00162638355767608
-0.0299341081130831,0.271567872389188,0.147652605705658,-0.0332907019385914,-0.00219202098955102,0.00163045534701238
-0.0299572262415972,0.27156634884296,0.147653739367544,-0.0332895136265018,-0.00219578948671165,0.00163448370841456
-0.0299803435561428,0.271564822685233,0.14765487581204,-0.0332883575743555,-0.0021995421496884,0.0016384693901615
-0.0300034600788435,0.271563293926911,0.147656015009764,-0.0332872329818389,-0.00220327924679,0.00164241312346181
-0.030026575831276,0.271561762578711,0.147657156931834,-0.0332861390746937,-0.00220700104031724,0.00164631562294271
-0.0300496908344879,0.271560228651171,0.147658301549857,-0.0332850751036981,-0.00221070778672308,0.00165017758710032
-0.030072805109015,0.271558692154654,0.147659448835924,-0.0332840403436916,-0.00221439973677239,0.00165399969874778
-0.0300959186748977,0.27155715309935,0.147660598762591,-0.0332830340926453,-0.00221807713569605,0.00165778262544722
-0.0301190315516965,0.271555611495279,0.147661751302873,-0.0332820556707748,-0.00222174022334036,0.00166152701992845
-0.0301421437585076,0.271554067352298,0.147662906430236,-0.0332811044196924,-0.00222538923431208,0.00166523352049476
-0.0301652553139768,0.271552520680103,0.14766406411858,-0.0332801797015977,-0.00222902439811907,0.0016689027514162
-0.0301883662363141,0.271550971488231,0.147665224342238,-0.033279280898504,-0.00223264593930666,0.00167253532331077
-0.030211476543307,0.271549419786067,0.147666387075959,-0.0332784074114988,-0.00223625407759002,0.00167613183351388
-0.0302345862523335,0.271547865582843,0.147667552294906,-0.0332775586600372,-0.00223984902798251,0.00167969286643647
-0.0302576953803746,0.271546308887644,0.147668719974639,-0.0332767340812654,-0.00224343100092014,0.00168321899391217
-0.0302808039440265,0.271544749709409,0.147669890091113,-0.0332759331293742,-0.00224700020238241,0.00168671077553378
-0.0303039119595119,0.271543188056939,0.14767106262067,-0.0332751552749797,-0.00225055683400943,0.00169016875897947
-0.0303270194426916,0.271541623938893,0.147672237540024,-0.033274400004531,-0.00225410109321558,0.00169359348032909
-0.030350126409075,0.271540057363795,0.147673414826259,-0.0332736668197426,-0.0022576331732998,0.00169698546437075
-0.0303732328738305,0.271538488340038,0.147674594456821,-0.0332729552370511,-0.00226115326355255,0.00170034522489818
-0.030396338851796,0.271536916875884,0.147675776409507,-0.0332722647870944,-0.00226466154935965,0.001703673264999
-0.0304194443574878,0.271535342979466,0.14767696066246,-0.0332715950142129,-0.00226815821230297,0.00170697007733434
-0.0304425494051107,0.271533766658794,0.147678147194164,-0.0332709454759711,-0.00227164343025788,0.00171023614440914
-0.0304656540085666,0.271532187921755,0.147679335983431,-0.0332703157426985,-0.00227511737748937,0.0017134719388384
-0.0304887581814634,0.271530606776117,0.147680527009401,-0.0332697053970507,-0.00227858022474211,0.00171667792359738
-0.0305118619371231,0.271529023229529,0.14768172025153,-0.0332691140335864,-0.00228203213933115,0.00171985455227235
-0.0305349652885905,0.271527437289527,0.147682915689586,-0.0332685412583629,-0.00228547328522829,0.00172300226929983
-0.0305580682486405,0.271525848963533,0.147684113303645,-0.0332679866885475,-0.00228890382314623,0.00172612151019951
-0.030581170829786,0.271524258258858,0.14768531307408,-0.0332674499520436,-0.00229232391062035,0.00172921270180035
-0.0306042730442849,0.271522665182707,0.147686514981557,-0.0332669306871329,-0.00229573370208802,0.00173227626245989
-0.0306273749041476,0.271521069742176,0.147687719007032,-0.0332664285421311,-0.00229913334896565,0.00173531260227714
-0.0306504764211437,0.271519471944259,0.147688925131742,-0.0332659431750564,-0.00230252299972353,0.00173832212329925
-0.0306735776068086,0.271517871795846,0.147690133337198,-0.0332654742533124,-0.00230590279995844,0.00174130521972205
-0.0306966784724496,0.271516269303728,0.147691343605186,-0.0332650214533819,-0.00230927289246423,0.00174426227808485
-0.0307197790291528,0.271514664474598,0.147692555917756,-0.0332645844605331,-0.00231263341730038,0.00174719367745949
-0.0307428792877885,0.271513057315053,0.147693770257218,-0.0332641629685374,-0.00231598451185854,0.00175009978963393
-0.0307659792590171,0.271511447831595,0.147694986606139,-0.0332637566793967,-0.00231932631092727,0.00175298097929059
-0.0307890789532952,0.271509836030632,0.147696204947336,-0.0332633653030827,-0.00232265894675484,0.00175583760417949
-0.0308121783808803,0.271508221918482,0.147697425263873,-0.0332629885572844,-0.00232598254911034,0.00175867001528651
-0.0308352775518366,0.271506605501375,0.147698647539055,-0.0332626261671663,-0.002329297245343,0.00176147855699675
-0.0308583764760402,0.271504986785452,0.147699871756422,-0.0332622778651345,-0.0023326031604399,0.00176426356725335
-0.0308814751631834,0.271503365776767,0.14770109789975,-0.0332619433906125,-0.00233590041708201,0.00176702537771173
-0.0309045736227803,0.271501742481293,0.147702325953041,-0.0332616224898245,-0.00233918913569872,0.00176976431388948
-0.0309276718641708,0.271500116904917,0.14770355590052,-0.0332613149155868,-0.00234246943452081,0.00177248069531212
-0.0309507698965254,0.271498489053445,0.147704787726636,-0.0332610204271068,-0.002345741429632,0.00177517483565465
-0.0309738677288498,0.271496858932605,0.147706021416048,-0.0332607387897896,-0.002349005235019,0.00177784704287925
-0.0309969653699887,0.271495226548044,0.147707256953633,-0.0332604697750508,-0.00235226096262026,0.00178049761936908
-0.0310200628286299,0.271493591905335,0.14770849432447,-0.0332602131601369,-0.00235550872237336,0.00178312686205846
-0.0310431601133089,0.271491955009971,0.147709733513848,-0.0332599687279513,-0.0023587486222611,0.00178573506255936
-0.031066257232412,0.271490315867376,0.147710974507253,-0.0332597362668868,-0.00236198076835659,0.00178832250728513
-0.0310893541941806,0.271488674482897,0.147712217290369,-0.0332595155706644,-0.00236520526486587,0.00179088947756767
-0.0311124510067146,0.271487030861811,0.147713461849074,-0.0332593064381767,-0.0023684222141719,0.00179343624977762
-0.0311355476779761,0.271485385009324,0.147714708169436,-0.0332591086733379,-0.00237163171687483,0.00179596309543513
-0.0311586442157925,0.271483736930572,0.147715956237711,-0.033258922084938,-0.00237483387183245,0.00179847028132071
-0.0311817406278602,0.271482086630624,0.147717206040337,-0.0332587464865028,-0.00237802877619933,0.00180095806958246
-0.0312048369217478,0.271480434114483,0.147718457563933,-0.0332585816961586,-0.00238121652546491,0.00180342671784041
-0.031227933104899,0.271478779387085,0.147719710795295,-0.0332584275365007,-0.0023843972134906,0.00180587647928812
-0.0312510291846359,0.2714771224533,0.147720965721395,-0.0332582838344675,-0.00238757093254586,0.00180830760279155
-0.0312741251681618,0.271475463317937,0.147722222329375,-0.0332581504212179,-0.00239073777334338,0.00181072033298532
-0.0312972210625644,0.271473801985742,0.147723480606545,-0.0332580271320137,-0.0023938978250733,0.00181311491036637
-0.0313203168748181,0.271472138461398,0.147724740540381,-0.0332579138061051,-0.00239705117543657,0.00181549157138527
-0.0313434126117873,0.271470472749529,0.147726002118523,-0.0332578102866203,-0.00240019791067741,0.00181785054853504
-0.0313665082802285,0.2714688048547,0.147727265328769,-0.0332577164204593,-0.00240333811561496,0.00182019207043769
-0.0313896038867934,0.271467134781417,0.147728530159076,-0.0332576320581901,-0.00240647187367411,0.00182251636192853
-0.0314126994380311,0.271465462534127,0.147729796597556,-0.0332575570539495,-0.00240959926691552,0.00182482364413824
-0.0314357949403905,0.271463788117223,0.147731064632473,-0.0332574912653461,-0.00241272037606491,0.00182711413457293
-0.0314588904002229,0.271462111535041,0.147732334252239,-0.033257434553367,-0.0024158352805416,0.00182938804719203
-0.0314819858237842,0.271460432791863,0.147733605445416,-0.0332573867822878,-0.00241894405848627,0.00183164559248427
-0.0315050812172372,0.271458751891916,0.14773487820071,-0.0332573478195845,-0.00242204678678809,0.00183388697754171
-0.0315281765866537,0.271457068839375,0.147736152506969,-0.0332573175358491,-0.00242514354111114,0.00183611240613185
-0.0315512719380168,0.271455383638363,0.147737428353183,-0.033257295804708,-0.00242823439592017,0.001838322078768
-0.0315743672772226,0.271453696292951,0.147738705728477,-0.0332572825027417,-0.00243131942450566,0.00184051619277777
-0.0315974626100828,0.271452006807161,0.147739984622116,-0.0332572775094088,-0.00243439869900836,0.00184269494236994
-0.0316205579423263,0.271450315184963,0.147741265023496,-0.0332572807069708,-0.0024374722904422,0.00184485851869692
-0.0316436532796009,0.271448621430279,0.147742546922146,-0.0332572919804209,-0.00244054026872137,0.00184700710992903
-0.0316667486274759,0.271446925546984,0.147743830307723,-0.0332573112174131,-0.0024436027026775,0.00184914090130054
-0.0316898439914431,0.271445227538904,0.147745115170014,-0.0332573383081948,-0.00244665966008546,0.00185126007518066
-0.0317129393769193,0.271443527409819,0.14774640149893,-0.0332573731455415,-0.00244971120768402,0.00185336481112989
-0.0317360347892475,0.271441825163464,0.147747689284506,-0.0332574156246928,-0.00245275741119706,0.00185545528595755
-0.0317591302336988,0.271440120803526,0.147748978516899,-0.0332574656432907,-0.00245579833535411,0.00185753167377793
-0.0317822257154742,0.27143841433365,0.147750269186387,-0.0332575231013201,-0.00245883404391048,0.00185959414606505
-0.0318053212397057,0.271436705757435,0.147751561283365,-0.0332575879010505,-0.00246186459966688,0.00186164287170611
-0.0318284168114585,0.27143499507844,0.147752854798343,-0.0332576599469799,-0.00246489006448854,0.00186367801705367
-0.0318515124357322,0.271433282300177,0.147754149721949,-0.0332577391457802,-0.00246791049932397,0.00186569974597654
-0.0318746081174623,0.271431567426119,0.147755446044922,-0.0332578254062442,-0.00247092596422312,0.0018677082199095
-0.0318977038615215,0.271429850459697,0.147756743758112,-0.0332579186392346,-0.00247393651835529,0.00186970359790182
-0.0319207996727217,0.2714281314043,0.14775804285248,-0.0332580187576336,-0.00247694222002646,0.0018716860366646
-0.0319438955558146,0.271426410263279,0.147759343319093,-0.0332581256762952,-0.00247994312669633,0.00187365569061706
-0.0319669915154936,0.271424687039943,0.147760645149126,-0.0332582393119976,-0.0024829392949949,0.00187561271193172
-0.0319900875563951,0.271422961737564,0.147761948333859,-0.0332583595833983,-0.0024859307807387,0.00187755725057849
-0.0320131836830993,0.271421234359374,0.147763252864674,-0.0332584864109895,-0.00248891763894666,0.0018794894543678
-0.0320362799001322,0.271419504908569,0.147764558733057,-0.0332586197170552,-0.00249189992385553,0.00188140946899265
-0.0320593762119662,0.271417773388304,0.147765865930593,-0.0332587594256296,-0.00249487768893507,0.0018833174380698
-0.0320824726230215,0.271416039801701,0.147767174448965,-0.0332589054624567,-0.00249785098690277,0.00188521350317988
-0.0321055691376676,0.271414304151844,0.147768484279957,-0.0332590577549505,-0.00250081986973834,0.00188709780390668
-0.032128665760224,0.271412566441781,0.147769795415446,-0.0332592162321577,-0.0025037843886978,0.00188897047787553
-0.0321517624949612,0.271410826674525,0.147771107847405,-0.0332593808247196,-0.00250674459432724,0.00189083166079072
-0.0321748593461026,0.271409084853054,0.147772421567902,-0.0332595514648367,-0.00250970053647854,0.00189268148647225
-0.0321979563178247,0.271407340980311,0.147773736569094,-0.0332597280862338,-0.00251265226431205,0.00189452008689131
-0.0322210534142586,0.271405595059207,0.147775052843232,-0.0332599106241251,-0.00251559982632874,0.00189634759220595
-0.0322441506394909,0.271403847092617,0.147776370382655,-0.0332600990151822,-0.00251854327036653,0.00189816413079478
-0.0322672479975647,0.271402097083385,0.147777689179793,-0.0332602931975011,-0.00252148264361814,0.00189996982929063
-0.0322903454924806,0.271400345034321,0.14777900922716,-0.0332604931105715,-0.00252441799264304,0.00190176481261318
-0.0323134431281978,0.271398590948205,0.147780330517359,-0.033260698695246,-0.00252734936337927,0.00190354920400106
-0.0323365409086346,0.271396834827782,0.147781653043075,-0.0332609098937111,-0.00253027680115485,0.00190532312504312
-0.0323596388376699,0.27139507667577,0.147782976797081,-0.0332611266494578,-0.00253320035069913,0.00190708669570906
-0.0323827369191436,0.271393316494852,0.147784301772229,-0.0332613489072542,-0.00253612005615372,0.00190884003437938
-0.0324058351568578,0.271391554287683,0.147785627961454,-0.0332615766131182,-0.00253903596108337,0.00191058325787468
-0.0324289335545774,0.271389790056887,0.147786955357772,-0.0332618097142911,-0.00254194810848647,0.00191231648148432
-0.0324520321160312,0.271388023805059,0.147788283954279,-0.0332620481592117,-0.00254485654080539,0.00191403981899446
-0.0324751308449127,0.271386255534764,0.147789613744147,-0.0332622918974918,-0.00254776129993666,0.00191575338271553
-0.0324982297448806,0.271384485248538,0.147790944720629,-0.0332625408798911,-0.0025506624272408,0.00191745728350906
-0.0325213288195598,0.27138271294889,0.147792276877052,-0.0332627950582944,-0.00255355996355208,0.00191915163081397
-0.0325444280725423,0.2713809386383,0.147793610206819,-0.0332630543856881,-0.00255645394918798,0.00192083653267235
-0.0325675275073878,0.271379162319218,0.147794944703408,-0.0332633188161379,-0.0025593444239585,0.00192251209575456
-0.0325906271276245,0.27137738399407,0.14779628036037,-0.033263588304767,-0.00256223142717526,0.00192417842538399
-0.0326137269367496,0.271375603665253,0.14779761717133,-0.033263862807735,-0.00256511499766041,0.00192583562556112
-0.0326368269382304,0.271373821335137,0.147798955129982,-0.0332641422822171,-0.00256799517375533,0.00192748379898722
-0.0326599271355049,0.271372037006066,0.147800294230095,-0.0332644266863842,-0.00257087199332924,0.00192912304708748
-0.0326830275319821,0.271370250680359,0.147801634465505,-0.0332647159793831,-0.00257374549378747,0.00193075347003367
-0.0327061281310431,0.271368462360307,0.147802975830117,-0.0332650101213177,-0.00257661571207976,0.00193237516676633
-0.0327292289360418,0.271366672048177,0.147804318317906,-0.0332653090732305,-0.00257948268470821,0.00193398823501657
-0.032752329950305,0.27136487974621,0.147805661922913,-0.0332656127970841,-0.00258234644773518,0.00193559277132727
-0.0327754311771337,0.271363085456623,0.147807006639247,-0.0332659212557444,-0.00258520703679101,0.001937188871074
-0.0327985326198032,0.271361289181608,0.147808352461081,-0.0332662344129631,-0.00258806448708228,0.00193877662848751
-0.0328216342815643,0.271359490923331,0.147809699382654,-0.0332665522333604,-0.00259091883339633,0.00194035613666551
-0.0328447361656432,0.271357690683938,0.147811047398271,-0.03326687468241,-0.00259377011011284,0.00194192748760484
-0.0328678382752424,0.271355888465548,0.147812396502298,-0.0332672017264227,-0.00259661835120807,0.00194349077221228
-0.0328909406135415,0.271354084270257,0.147813746689164,-0.0332675333325309,-0.00259946359026257,0.00194504608032546
-0.0329140431836973,0.271352278100138,0.147815097953361,-0.0332678694686738,-0.00260230586046796,0.00194659350073143
-0.0329371459888449,0.271350469957241,0.147816450289443,-0.0332682101035831,-0.00260514519463367,0.00194813312118469
-0.0329602490320977,0.271348659843595,0.147817803692022,-0.0332685552067681,-0.00260798162519347,0.001949665028425
-0.0329833523165484,0.271346847761204,0.147819158155772,-0.0332689047485026,-0.00261081518421196,0.00195118930819477
-0.0330064558452691,0.271345033712052,0.147820513675426,-0.0332692586998112,-0.00261364590339081,0.00195270604525612
-0.0330295596213123,0.2713432176981,0.147821870245775,-0.0332696170324556,-0.00261647381407503,0.00195421532340763
-0.0330526636477109,0.271341399721287,0.147823227861668,-0.033269979718923,-0.00261929894725895,0.00195571722550073
-0.0330757679274791,0.271339579783531,0.147824586518011,-0.0332703467324124,-0.00262212133359229,0.00195721183345583
-0.0330988724636126,0.27133775788673,0.147825946209767,-0.0332707180468233,-0.00262494100338589,0.00195869922827806
-0.0331219772590894,0.271335934032759,0.147827306931955,-0.0332710936367437,-0.00262775798661753,0.00196017949007279
-0.0331450823168698,0.271334108223475,0.147828668679648,-0.0332714734774384,-0.0026305723129375,0.0019616526980608
-0.0331681876398976,0.271332280460711,0.147830031447976,-0.0332718575448381,-0.00263338401167415,0.0019631189305932
-0.0331912932310995,0.271330450746282,0.147831395232122,-0.0332722458155281,-0.00263619311183928,0.00196457826516603
-0.0332143990933868,0.271328619081983,0.147832760027321,-0.033272638266738,-0.00263899964213346,0.0019660307784346
-0.0332375052296548,0.27132678546959,0.147834125828863,-0.0332730348763314,-0.00264180363095126,0.0019674765462276
-0.0332606116427838,0.271324949910856,0.147835492632091,-0.0332734356227955,-0.00264460510638634,0.00196891564356085
-0.0332837183356392,0.271323112407517,0.147836860432397,-0.0332738404852314,-0.00264740409623649,0.00197034814465092
-0.0333068253110724,0.271321272961291,0.147838229225226,-0.0332742494433447,-0.00265020062800856,0.0019717741229284
-0.0333299325719207,0.271319431573874,0.147839599006075,-0.0332746624774359,-0.00265299472892329,0.00197319365105097
-0.033353040121008,0.271317588246946,0.147840969770488,-0.0332750795683916,-0.0026557864259201,0.00197460680091622
-0.033376147961145,0.271315742982166,0.14784234151406,-0.0332755006976754,-0.00265857574566167,0.00197601364367421
-0.0333992560951298,0.271313895781177,0.147843714232438,-0.0332759258473197,-0.00266136271453863,0.00197741424973988
-0.0334223645257484,0.271312046645601,0.147845087921313,-0.0332763549999167,-0.00266414735867398,0.00197880868880514
-0.0334454732557748,0.271310195577044,0.147846462576427,-0.0332767881386106,-0.00266692970392715,0.00198019702984974
-0.0334685822879711,0.271308342577094,0.14784783819357,-0.0332772252470903,-0.00266970977589994,0.00198157934115729
-0.0334916916250888,0.27130648764732,0.147849214768577,-0.0332776663095804,-0.00267248759993841,0.00198295569032026
-0.0335148012698683,0.271304630789275,0.147850592297331,-0.0332781113108343,-0.00267526320113861,0.00198432614425555
-0.0335379112250399,0.271302772004494,0.147851970775761,-0.0332785602361269,-0.0026780366043503,0.00198569076921455
-0.0335610214933236,0.271300911294495,0.147853350199843,-0.0332790130712476,-0.002680807834181,0.00198704963079401
-0.0335841320774296,0.271299048660777,0.147854730565596,-0.033279469802493,-0.00268357691499998,0.00198840279394674
-0.0336072429800592,0.271297184104827,0.147856111869086,-0.0332799304166604,-0.00268634387094219,0.00198975032299215
-0.0336303542039042,0.27129531762811,0.147857494106422,-0.0332803949010412,-0.00268910872591203,0.00199109228162656
-0.0336534657516481,0.271293449232077,0.147858877273758,-0.0332808632434142,-0.00269187150358719,0.00199242873293336
-0.033676577625966,0.271291578918163,0.14786026136729,-0.0332813354320399,-0.00269463222742233,0.00199375973939302
-0.0336996898295248,0.271289706687787,0.147861646383261,-0.0332818114556542,-0.00269739092065274,0.00199508536289283
-0.0337228023649841,0.271287832542349,0.147863032317951,-0.0332822913034621,-0.00270014760629787,0.00199640566473662
-0.0337459152349958,0.271285956483237,0.147864419167688,-0.0332827749651327,-0.00270290230716492,0.00199772070565419
-0.033769028442205,0.271284078511822,0.147865806928839,-0.0332832624307933,-0.00270565504585225,0.0019990305458106
-0.0337921419892502,0.271282198629456,0.147867195597812,-0.0332837536910239,-0.00270840584475284,0.00200033524481541
-0.0338152558787633,0.271280316837481,0.147868585171058,-0.033284248736852,-0.00271115472605756,0.0020016348617316
-0.0338383701133702,0.27127843313722,0.147869975645068,-0.0332847475597476,-0.00271390171175852,0.00200292945508448
-0.033861484695691,0.271276547529982,0.147871367016374,-0.0332852501516183,-0.00271664682365231,0.00200421908287037
-0.0338845996283403,0.27127466001706,0.147872759281547,-0.0332857565048043,-0.00271939008334318,0.00200550380256519
-0.0339077149139278,0.271272770599734,0.147874152437199,-0.0332862666120735,-0.00272213151224615,0.00200678367113289
-0.0339308305550579,0.271270879279268,0.14787554647998,-0.0332867804666177,-0.00272487113159018,0.00200805874503373
-0.0339539465543307,0.27126898605691,0.147876941406581,-0.0332872980620475,-0.00272760896242113,0.00200932908023247
-0.033977062914342,0.271267090933896,0.14787833721373,-0.0332878193923879,-0.00273034502560458,0.00201059473220558
-0.0340001796376835,0.271265193911445,0.147879733898194,-0.0332883444520757,-0.00273307934182945,0.00201185575595212
-0.0340232967269431,0.271263294990765,0.147881131456777,-0.0332888732359534,-0.00273581193160991,0.00201311220599707
-0.0340464141847055,0.271261394173046,0.147882529886322,-0.0332894057392663,-0.00273854281528887,0.00201436413640194
-0.034069532013552,0.271259491459467,0.14788392918371,-0.033289941957659,-0.00274127201304064,0.00201561160077158
-0.0340926502160613,0.271257586851192,0.147885329345857,-0.0332904818871711,-0.00274399954487366,0.00201685465226152
-0.0341157687948091,0.271255680349369,0.147886730369718,-0.0332910255242343,-0.00274672543063325,0.0020180933435853
-0.0341388877523691,0.271253771955137,0.147888132252282,-0.0332915728656686,-0.00274944969000425,0.00201932772702166
-0.0341620070913127,0.271251861669616,0.147889534990576,-0.0332921239086789,-0.00275217234251372,0.00202055785442155
-0.0341851268142096,0.271249949493917,0.147890938581662,-0.0332926786508524,-0.00275489340753343,0.00202178377721514
-0.0342082469236281,0.271248035429136,0.147892343022638,-0.0332932370901548,-0.00275761290428253,0.00202300554641863
-0.0342313674221348,0.271246119476353,0.147893748310638,-0.0332937992249279,-0.00276033085182999,0.00202422321264104
-0.0342544883122956,0.27124420163664,0.147895154442829,-0.0332943650538863,-0.00276304726909711,0.00202543682609078
-0.0342776095966756,0.271242281911052,0.147896561416414,-0.0332949345761151,-0.00276576217485996,0.00202664643658228
-0.0343007312778394,0.271240360300632,0.147897969228631,-0.0332955077910667,-0.00276847558775179,0.00202785209354237
-0.0343238533583513,0.27123843680641,0.147899377876751,-0.0332960846985589,-0.0027711875262654,0.00202905384601665
-0.0343469758407755,0.271236511429405,0.14790078735808,-0.0332966652987718,-0.00277389800875546,0.00203025174267575
-0.0343700987276768,0.27123458417062,0.147902197669957,-0.0332972495922459,-0.00277660705344084,0.00203144583182149
-0.0343932220216199,0.271232655031048,0.147903608809754,-0.0332978375798795,-0.00277931467840686,0.00203263616139295
-0.0344163457251709,0.271230724011669,0.147905020774878,-0.0332984292629271,-0.00278202090160756,0.00203382277897245
-0.0344394698408964,0.271228791113449,0.147906433562766,-0.0332990246429964,-0.00278472574086785,0.00203500573179145
-0.0344625943713646,0.271226856337345,0.14790784717089,-0.0332996237220474,-0.00278742921388574,0.00203618506673639
-0.0344857193191449,0.271224919684298,0.147909261596754,-0.0333002265023896,-0.00279013133823445,0.00203736083035437
-0.0345088446868087,0.271222981155239,0.147910676837894,-0.0333008329866809,-0.00279283213136456,0.00203853306885886
-0.034531970476929,0.271221040751086,0.147912092891877,-0.0333014431779253,-0.00279553161060605,0.00203970182813524
-0.0345550966920813,0.271219098472746,0.147913509756305,-0.0333020570794718,-0.00279822979317042,0.00204086715374628
-0.0345782233348435,0.271217154321114,0.147914927428807,-0.0333026746950125,-0.00280092669615269,0.00204202909093761
-0.0346013504077962,0.271215208297072,0.147916345907046,-0.0333032960285813,-0.00280362233653339,0.00204318768464304
-0.0346244779135227,0.271213260401491,0.147917765188716,-0.0333039210845527,-0.00280631673118059,0.00204434297948982
-0.0346476058546095,0.27121131063523,0.147919185271542,-0.0333045498676383,-0.00280900989685135,0.00204549501980528
-0.034670734233647,0.271209358999137,0.147920606153278,-0.0333051823828943,-0.00281170185019587,0.0020466438496162
-0.0346938630532287,0.271207405494048,0.147922027831711,-0.0333058186357056,-0.00281439260775503,0.00204778951266242
-0.034716992315952,0.271205450120788,0.147923450304656,-0.0333064586317967,-0.00281708218596618,0.00204893205239623
-0.0347401220244186,0.27120349288017,0.14792487356996,-0.0333071023772265,-0.00281977060116365,0.00205007151198868
-0.0347632521812342,0.271201533772996,0.147926297625497,-0.0333077498783884,-0.00282245786958058,0.00205120793433445
-0.0347863827890095,0.271199572800057,0.147927722469175,-0.0333084011420085,-0.00282514400735069,0.00205234136205661
-0.0348095138503596,0.271197609962133,0.147929148098928,-0.0333090561751457,-0.00282782903051014,0.00205347183751142
-0.0348326453679048,0.271195645259991,0.14793057451272,-0.0333097149851905,-0.00283051295499921,0.00205459940279294
-0.0348557773442706,0.27119367869439,0.147932001708546,-0.0333103775798648,-0.00283319579666412,0.00205572409973771
-0.0348789097820881,0.271191710266076,0.147933429684427,-0.0333110439672212,-0.00283587757125868,0.00205684596992926
-0.0349020426839939,0.271189739975785,0.147934858438415,-0.033311714155643,-0.00283855829444604,0.00205796505470267
-0.0349251760526306,0.27118776782424,0.14793628796859,-0.0333123881538433,-0.00284123798180033,0.00205908139514896
-0.0349483098906471,0.271185793812157,0.14793771827306,-0.033313065970865,-0.00284391664880835,0.00206019503211952
-0.0349714442006985,0.271183817940239,0.147939149349962,-0.0333137476160809,-0.00284659431087118,0.00206130600623046
-0.0349945789854467,0.271181840209177,0.147940581197462,-0.0333144330991931,-0.00284927098330582,0.00206241435786688
-0.0350177142475603,0.271179860619654,0.147942013813751,-0.0333151224302334,-0.00285194668134678,0.00206352012718711
-0.0350408499897151,0.271177879172341,0.14794344719705,-0.033315815619563,-0.00285462142014765,0.00206462335412692
-0.0350639862145942,0.2711758958679,0.147944881345608,-0.0333165126778727,-0.00285729521478269,0.00206572407840362
-0.0350871229248881,0.27117391070698,0.1479463162577,-0.0333172136161835,-0.00285996808024836,0.00206682233952022
-0.0351102601232953,0.271171923690222,0.147947751931629,-0.033317918445846,-0.00286264003146483,0.00206791817676938
-0.0351333978125219,0.271169934818256,0.147949188365726,-0.0333186271785417,-0.00286531108327754,0.0020690116292375
-0.0351565359952828,0.2711679440917,0.147950625558349,-0.0333193398262826,-0.00286798125045863,0.00207010273580863
-0.0351796746743009,0.271165951511165,0.147952063507881,-0.0333200564014121,-0.00287065054770849,0.00207119153516836
-0.0352028138523079,0.271163957077249,0.147953502212734,-0.0333207769166057,-0.00287331898965717,0.00207227806580775
-0.0352259535320446,0.271161960790541,0.147954941671345,-0.033321501384871,-0.00287598659086586,0.00207336236602708
-0.0352490937162606,0.27115996265162,0.147956381882179,-0.0333222298195491,-0.00287865336582831,0.00207444447393969
-0.0352722344077153,0.271157962661054,0.147957822843727,-0.0333229622343149,-0.00288131932897225,0.0020755244274757
-0.0352953756091773,0.271155960819403,0.147959264554505,-0.033323698643178,-0.00288398449466082,0.00207660226438575
-0.0353185173234253,0.271153957127215,0.147960707013057,-0.0333244390604838,-0.00288664887719394,0.00207767802224459
-0.0353416595532481,0.271151951585029,0.147962150217952,-0.0333251835009144,-0.0028893124908097,0.00207875173845482
-0.0353648023014447,0.271149944193375,0.147963594167785,-0.0333259319794895,-0.00289197534968572,0.00207982345025039
-0.0353879455708246,0.27114793495277,0.147965038861178,-0.0333266845115677,-0.00289463746794053,0.0020808931947002
-0.0354110893642083,0.271145923863726,0.147966484296776,-0.0333274411128477,-0.0028972988596349,0.00208196100871166
-0.035434233684427,0.271143910926741,0.147967930473251,-0.0333282017993692,-0.00289995953877319,0.00208302692903413
-0.0354573785343235,0.271141896142306,0.147969377389303,-0.0333289665875149,-0.00290261951930603,0.00208409099226212
-0.0354805239167519,0.271139879510901,0.147970825043653,-0.0333297354940113,-0.00290527881512486,0.00208515323483943
-0.0355036698345781,0.271137861032996,0.147972273435049,-0.0333305085359307,-0.00290793744007516,0.00208621369306162
-0.0355268162906798,0.271135840709053,0.147973722562266,-0.0333312857306923,-0.00291059540794832,0.00208727240307996
-0.0355499632879472,0.271133818539523,0.147975172424102,-0.0333320670960641,-0.00291325273248576,0.00208832940090463
-0.0355731108292828,0.271131794524848,0.147976623019379,-0.0333328526501645,-0.00291590942738024,0.00208938472240798
-0.0355962589176019,0.271129768665461,0.147978074346947,-0.0333336424114642,-0.00291856550627704,0.00209043840332778
-0.0356194075558325,0.271127740961784,0.147979526405679,-0.033334436398788,-0.00292122098277524,0.00209149047927053
-0.0356425567469162,0.271125711414232,0.147980979194472,-0.0333352346313166,-0.00292387587042894,0.00209254098571458
-0.0356657064938077,0.271123680023209,0.147982432712249,-0.0333360371285889,-0.00292653018274842,0.00209358995801338
-0.0356888567994755,0.271121646789108,0.147983886957956,-0.0333368439105038,-0.00292918393320144,0.00209463743139863
-0.0357120076669021,0.271119611712317,0.147985341930564,-0.0333376549973224,-0.00293183713521435,0.00209568344098337
-0.0357351590990842,0.271117574793211,0.147986797629071,-0.0333384704096705,-0.00293448980217334,0.00209672802176513
-0.0357583110990328,0.271115536032157,0.147988254052494,-0.0333392901685407,-0.00293714194742561,0.00209777120862897
-0.0357814636697738,0.271113495429513,0.147989711199879,-0.0333401142952947,-0.00293979358428052,0.00209881303635058
-0.0358046168143479,0.271111452985627,0.147991169070294,-0.0333409428116661,-0.00294244472601078,0.00209985353959925
-0.0358277705358112,0.271109408700838,0.14799262766283,-0.0333417757397626,-0.0029450953858536,0.00210089275294093
-0.0358509248372351,0.271107362575477,0.147994086976604,-0.0333426131020689,-0.00294774557701186,0.00210193071084119
-0.0358740797217069,0.271105314609865,0.147995547010757,-0.0333434549214493,-0.00295039531265522,0.00210296744766819
-0.0358972351923298,0.271103264804312,0.147997007764451,-0.0333443012211506,-0.00295304460592125,0.0021040029976956
-0.0359203912522233,0.271101213159122,0.147998469236876,-0.0333451520248052,-0.00295569346991736,0.00210503739510643
-0.0359435479045235,0.271099159674589,0.147999931427241,-0.0333460073564326,-0.00295834191771893,0.00210607067399247
-0.0359667051523832,0.271097104350997,0.148001394334783,-0.033346867240445,-0.00296098996237482,0.00210710286836228
-0.0359898629989725,0.27109504718862,0.14800285795876,-0.0333477317016484,-0.00296363761690559,0.00210813401214069
-0.0360130214474787,0.271092988187727,0.148004322298453,-0.0333486007652467,-0.00296628489430533,0.0021091641391725
-0.0360361805011066,0.271090927348574,0.14800578735317,-0.0333494744568447,-0.00296893180754276,0.0021101932832253
-0.0360593401630794,0.271088864671409,0.148007253122238,-0.0333503528024517,-0.00297157836956233,0.00211122147799224
-0.0360825004366379,0.271086800156472,0.148008719605011,-0.0333512358284849,-0.0029742245932853,0.00211224875709489
-0.0361056613250419,0.271084733803994,0.148010186800863,-0.0333521235617731,-0.00297687049161077,0.00211327515408593
-0.0361288228315697,0.271082665614195,0.148011654709195,-0.03335301602956,-0.00297951607741682,0.00211430070245196
-0.0361519849595186,0.271080595587289,0.148013123329428,-0.0333539132595085,-0.00298216136356153,0.00211532543561622
-0.0361751477122056,0.271078523723479,0.148014592661008,-0.0333548152797043,-0.00298480636288408,0.00211634938694131
-0.036198311092967,0.271076450022959,0.148016062703403,-0.0333557221186598,-0.00298745108820577,0.00211737258973193
-0.0362214751051592,0.271074374485917,0.148017533456106,-0.0333566338053182,-0.00299009555233113,0.00211839507723756
-0.0362446397521589,0.271072297112528,0.14801900491863,-0.0333575503690577,-0.00299273976804892,0.00211941688265515
-0.0362678050373632,0.27107021790296,0.148020477090515,-0.033358471839696,-0.00299538374813322,0.00212043803913178
-0.0362909709641902,0.271068136857373,0.14802194997132,-0.033359398247494,-0.00299802750534445,0.00212145857976737
-0.0363141375360792,0.271066053975918,0.14802342356063,-0.0333603296231611,-0.00300067105243043,0.00212247853761723
-0.0363373047564907,0.271063969258735,0.14802489785805,-0.0333612659978589,-0.00300331440212741,0.00212349794569476
-0.0363604726289073,0.271061882705958,0.148026372863212,-0.0333622074032068,-0.00300595756716108,0.00212451683697406
-0.0363836411568338,0.271059794317709,0.148027848575768,-0.0333631538712856,-0.00300860056024742,0.00212553524439179
-0.036406810343797,0.271057704094105,0.148029324995392,-0.0333641054346443,-0.00301124339409459,0.00212655320085269
-0.0364299801933468,0.271055612035252,0.148030802121783,-0.0333650621263028,-0.0030138860814026,0.00212757073922782
-0.0364531507090562,0.271053518141246,0.148032279954663,-0.0333660239797585,-0.00301652863486524,0.00212858789236004
-0.0364763218945214,0.271051422412176,0.148033758493774,-0.0333669910289911,-0.00301917106717089,0.00212960469306579
-0.0364994937533627,0.271049324848122,0.148035237738885,-0.0333679633084679,-0.0030218133910035,0.00213062117413771
-0.0365226662892242,0.271047225449155,0.148036717689783,-0.0333689408531496,-0.00302445561904362,0.00213163736834717
-0.0365458395057746,0.271045124215337,0.148038198346282,-0.0333699236984956,-0.0030270977639694,0.00213265330844676
-0.0365690134067074,0.271043021146721,0.148039679708216,-0.0333709118804694,-0.00302973983845761,0.0021336690271729
-0.0365921879957413,0.271040916243352,0.148041161775442,-0.0333719054355454,-0.00303238185518464,0.00213468455724828
-0.0366153632766202,0.271038809505266,0.148042644547842,-0.0333729044007138,-0.0030350238268275,0.00213569993138441
-0.0366385392531144,0.271036700932489,0.148044128025319,-0.0333739088134873,-0.00303766576606483,0.00213671518228415
-0.0366617159290199,0.27103459052504,0.148045612207797,-0.0333749187119072,-0.0030403076855779,0.00213773034264414
-0.0366848933081597,0.271032478282927,0.148047097095226,-0.0333759341345498,-0.00304294959805159,0.00213874544515734
-0.0367080713943835,0.271030364206152,0.148048582687576,-0.0333769551205325,-0.00304559151617543,0.00213976052251549
-0.0367312501915685,0.271028248294706,0.148050068984842,-0.0333779817095212,-0.00304823345264454,0.00214077560741158
-0.0367544297036197,0.271026130548572,0.14805155598704,-0.0333790139417364,-0.00305087542016069,0.00214179073254233
-0.03677760993447,0.271024010967724,0.14805304369421,-0.0333800518579603,-0.00305351743143322,0.00214280593061065
-0.036800790888081,0.271021889552127,0.148054532106413,-0.0333810954995441,-0.00305615949918008,0.00214382123432806
-0.0368239725684433,0.271019766301737,0.148056021223734,-0.0333821449084149,-0.00305880163612882,0.00214483667641719
-0.0368471549795764,0.271017641216502,0.148057511046281,-0.0333832001270835,-0.00306144385501754,0.00214585228961417
-0.0368703381255301,0.271015514296361,0.148059001574183,-0.0333842611986519,-0.00306408616859589,0.00214686810667142
-0.0368935220103839,0.271013385541243,0.148060492807595,-0.0333853281668192,-0.00306672858962629,0.00214788416035889
-0.0369167066382481,0.271011254951069,0.148061984746691,-0.0333864010758926,-0.00306937113088438,0.00214890048346812
-0.0369398920132638,0.271009122525752,0.148063477391669,-0.0333874799707932,-0.00307201380516044,0.00214991710881362
-0.0369630781396037,0.271006988265195,0.148064970742753,-0.0333885648970649,-0.00307465662526032,0.00215093406923561
-0.0369862650214721,0.271004852169292,0.148066464800184,-0.0333896559008823,-0.0030772996040064,0.00215195139760237
-0.0370094526631059,0.271002714237928,0.148067959564231,-0.03339075302906,-0.00307994275423856,0.00215296912681268
-0.0370326410687745,0.271000574470979,0.148069455035183,-0.0333918563290605,-0.00308258608881519,0.00215398728979819
-0.0370558302427805,0.270998432868314,0.148070951213353,-0.0333929658490035,-0.00308522962061414,0.00215500591952584
-0.0370790201894603,0.270996289429791,0.148072448099076,-0.0333940816376749,-0.00308787336253374,0.00215602504900022
-0.0371022109131843,0.270994144155259,0.148073945692711,-0.0333952037445363,-0.00309051732749376,0.00215704471126598
-0.0371254024183574,0.270991997044559,0.148075443994639,-0.0333963322197339,-0.00309316152843641,0.00215806493941022
-0.0371485947094198,0.270989848097523,0.148076943005265,-0.0333974671141087,-0.00309580597832733,0.00215908576656486
-0.0371717877908471,0.270987697313973,0.148078442725017,-0.033398608479206,-0.00309845069015656,0.00216010722590901
-0.0371949816671509,0.270985544693723,0.148079943154344,-0.0333997563672858,-0.00310109567693957,0.00216112935067137
-0.0372181763428794,0.270983390236577,0.148081444293721,-0.0334009108313328,-0.00310374095171825,0.00216215217413258
-0.0372413718226179,0.270981233942332,0.148082946143644,-0.0334020719250669,-0.00310638652756185,0.00216317572962762
-0.0372645681109893,0.270979075810772,0.148084448704634,-0.033403239702954,-0.00310903241756806,0.00216420005054814
-0.0372877652126543,0.270976915841676,0.148085951977233,-0.033404414220217,-0.00311167863486393,0.00216522517034484
-0.0373109631323125,0.270974754034811,0.148087455962007,-0.033405595532847,-0.00311432519260727,0.00216625112253053
-0.0373341618747027,0.270972590389938,0.148088960659548,-0.033406783697614,-0.00311697210398614,0.00216727794067961
-0.0373573614446031,0.270970424906804,0.148090466070467,-0.0334079787720798,-0.00311961938222206,0.00216830565843471
-0.0373805618468324,0.270968257585152,0.148091972195401,-0.033409180814609,-0.00312226704056957,0.00216933430950621
-0.0374037630862501,0.270966088424712,0.148093479035009,-0.0334103898843814,-0.00312491509231755,0.00217036392767524
-0.0374269651677569,0.270963917425207,0.148094986589976,-0.0334116060414041,-0.0031275635507902,0.002171394546796
-0.0374501680962956,0.27096174458635,0.148096494861008,-0.0334128293465247,-0.00313021242934806,0.00217242620079812
-0.0374733718768515,0.270959569907844,0.148098003848836,-0.0334140598614437,-0.00313286174138903,0.00217345892368898
-0.0374965765144532,0.270957393389384,0.148099513554213,-0.0334152976487282,-0.00313551150034934,0.00217449274955604
-0.0375197820141729,0.270955215030654,0.148101023977918,-0.0334165427718248,-0.00313816171970456,0.00217552771256914
-0.0375429883811271,0.27095303483133,0.148102535120752,-0.0334177952950738,-0.00314081241297062,0.00217656384698282
-0.0375661956204774,0.270950852791078,0.14810404698354,-0.0334190552837232,-0.00314346359370478,0.00217760118713863
-0.0375894037374312,0.270948668909556,0.148105559567132,-0.0334203228039429,-0.00314611527550667,0.00217863976746737
-0.0376126127372419,0.27094648318641,0.148107072872401,-0.0334215979228397,-0.00314876747201924,0.00217967962249147
-0.0376358226252099,0.270944295621278,0.148108586900244,-0.0334228807084717,-0.00315142019692981,0.00218072078682718
-0.0376590334066832,0.270942106213789,0.148110101651583,-0.0334241712298643,-0.00315407346397103,0.00218176329518688
-0.0376822450870582,0.270939914963561,0.148111617127362,-0.0334254695570252,-0.00315672728692191,0.00218280718238137
-0.0377054576717802,0.270937721870203,0.148113133328552,-0.0334267757609611,-0.00315938167960878,0.00218385248332207
-0.037728671166344,0.270935526933315,0.148114650256147,-0.0334280899136932,-0.00316203665590631,0.00218489923302333
-0.037751885576295,0.270933330152487,0.148116167911164,-0.0334294120882743,-0.00316469222973854,0.00218594746660461
-0.0377751009072296,0.270931131527299,0.148117686294646,-0.0334307423588052,-0.00316734841507929,0.00218699721929154
-0.0377983171647959,0.270928931057321,0.148119205407661,-0.0334320808004552,-0.00317000522595536,0.00218804852642301
-0.0378215343546949,0.270926728742115,0.148120725251301,-0.033433427489475,-0.00317266267644427,0.002189101423446
-0.0378447524826806,0.27092452458123,0.148122245826681,-0.0334347825032178,-0.00317532078067744,0.00219015594592274
-0.0378679715545612,0.270922318574209,0.148123767134944,-0.0334361459201579,-0.00317797955284063,0.0021912121295316
-0.0378911915762,0.270920110720582,0.148125289177254,-0.0334375178199088,-0.00318063900717494,0.00219227001006933
-0.0379144125535156,0.270917901019871,0.148126811954803,-0.0334388982832433,-0.00318329915797782,0.00219332962345316
-0.0379376344924835,0.270915689471587,0.148128335468807,-0.0334402873921128,-0.00318596001960403,0.00219439100572295
-0.0379608573991363,0.270913476075232,0.148129859720507,-0.0334416852296681,-0.00318862160646665,0.00219545419304334
-0.0379840812795648,0.270911260830296,0.148131384711168,-0.0334430918802798,-0.00319128393303808,0.00219651922170579
-0.0380073061399188,0.270909043736261,0.148132910442083,-0.0334445074295595,-0.003193947013851,0.00219758612813075
-0.038030531986408,0.270906824792599,0.148134436914567,-0.0334459319643818,-0.00319661086349934,0.00219865494886965
-0.038053758825303,0.270904603998769,0.148135964129963,-0.0334473655729061,-0.00319927549663931,0.00219972572060698
-0.0380769866629359,0.270902381354224,0.148137492089639,-0.0334488083445995,-0.00320194092799034,0.00220079848016231
-0.0381002155057015,0.270900156858404,0.148139020794988,-0.0334502603702598,-0.00320460717233603,0.00220187326449229
-0.038123445360058,0.270897930510738,0.148140550247428,-0.0334517217420395,-0.00320727424452517,0.0022029501106926
-0.0381466762325283,0.270895702310647,0.148142080448405,-0.0334531925534698,-0.00320994215947266,0.00220402905599994
-0.0381699081297005,0.27089347225754,0.148143611399389,-0.0334546728994854,-0.00321261093216048,0.00220511013779389
-0.0381931410582292,0.270891240350817,0.148145143101878,-0.0334561628764502,-0.00321528057763864,0.00220619339359886
-0.0382163750248365,0.270889006589865,0.148146675557393,-0.0334576625821828,-0.0032179511110261,0.0022072788610859
-0.0382396100363128,0.270886770974064,0.148148208767483,-0.0334591721159834,-0.00322062254751174,0.00220836657807452
-0.0382628460995181,0.270884533502781,0.148149742733725,-0.0334606915786609,-0.00322329490235529,0.00220945658253453
-0.038286083221383,0.270882294175373,0.148151277457719,-0.0334622210725607,-0.00322596819088821,0.0022105489125877
-0.0383093214089095,0.270880052991185,0.148152812941095,-0.0334637607015927,-0.00322864242851439,0.00221164360650893
-0.0383325606691724,0.270877809949554,0.148154349185507,-0.033465310571262,-0.00323131763071196,0.00221274070273032
-0.0383558010093204,0.270875565049805,0.148155886192636,-0.0334668707886966,-0.00323399381303279,0.0022138402398391
-0.0383790424365771,0.27087331829125,0.148157423964192,-0.0334684414626791,-0.00323667099110432,0.00221494225658172
-0.0384022849582424,0.270871069673194,0.148158962501909,-0.0334700227036779,-0.00323934918063017,0.0022160467918647
-0.0384255285816932,0.270868819194928,0.14816050180755,-0.033471614623879,-0.00324202839739103,0.00221715388475611
-0.0384487733143851,0.270866566855734,0.148162041882905,-0.0334732173372188,-0.00324470865724545,0.00221826357448701
-0.0384720191638534,0.270864312654881,0.148163582729792,-0.0334748309594175,-0.0032473899761307,0.00221937590045274
-0.0384952661377144,0.270862056591629,0.148165124350053,-0.0334764556080138,-0.00325007237006353,0.00222049090221426
-0.0385185142436668,0.270859798665226,0.148166666745562,-0.0334780914023996,-0.00325275585514101,0.00222160861949936
-0.0385417634894925,0.270857538874908,0.148168209918218,-0.0334797384638563,-0.00325544044754125,0.00222272909220379
-0.0385650138830587,0.2708552772199,0.148169753869948,-0.0334813969155917,-0.00325812616352419,0.00222385236039235
-0.0385882654323187,0.270853013699417,0.148171298602708,-0.0334830668827776,-0.00326081301943231,0.00222497846429992
-0.0386115181453132,0.270850748312661,0.148172844118481,-0.0334847484925888,-0.00326350103169135,0.0022261074443323
-0.0386347720301722,0.270848481058823,0.148174390419279,-0.0334864418742425,-0.00326619021681096,0.00222723934106712
-0.0386580270951161,0.270846211937084,0.14817593750714,-0.0334881471590391,-0.00326888059138542,0.00222837419525454
-0.0386812833484571,0.270843940946612,0.148177485384133,-0.033489864480404,-0.00327157217209421,0.0022295120478179
-0.0387045407986009,0.270841668086562,0.148179034052354,-0.0334915939739299,-0.00327426497570262,0.00223065293985423
-0.0387277994540482,0.270839393356081,0.148180583513929,-0.0334933357774211,-0.00327695901906237,0.00223179691263475
-0.038751059323396,0.2708371167543,0.148182133771011,-0.0334950900309377,-0.00327965431911208,0.00223294400760511
-0.0387743204153394,0.270834838280343,0.148183684825783,-0.0334968568768423,-0.00328235089287783,0.00223409426638565
-0.0387975827386733,0.270832557933317,0.148185236680456,-0.0334986364598467,-0.00328504875747358,0.00223524773077142
-0.0388208463022938,0.270830275712321,0.148186789337272,-0.0335004289270604,-0.00328774793010163,0.00223640444273215
-0.0388441111152001,0.270827991616441,0.148188342798499,-0.0335022344280403,-0.00329044842805297,0.00223756444441208
-0.0388673771864961,0.270825705644749,0.148189897066438,-0.0335040531148413,-0.00329315026870768,0.00223872777812954
-0.0388906445253921,0.270823417796308,0.148191452143417,-0.0335058851420688,-0.00329585346953516,0.00223989448637651
-0.0389139131412068,0.270821128070167,0.148193008031794,-0.0335077306669318,-0.00329855804809443,0.00224106461181793
-0.0389371830433688,0.270818836465363,0.148194564733956,-0.0335095898492984,-0.0033012640220343,0.00224223819729089
-0.0389604542414188,0.27081654298092,0.148196122252323,-0.033511462851752,-0.00330397140909344,0.00224341528580387
-0.0389837267450113,0.270814247615852,0.148197680589341,-0.0335133498396478,-0.00330668022710088,0.00224459592053449
-0.0390070005639168,0.270811950369158,0.148199239747488,-0.0335152509811744,-0.0033093904939752,0.00224578014482965
-0.0390302757080233,0.270809651239826,0.148200799729272,-0.0335171664474134,-0.00331210222772525,0.00224696800220289
-0.0390535521873388,0.270807350226832,0.148202360537231,-0.0335190964124018,-0.00331481544644977,0.00224815953633286
-0.0390768300119932,0.270805047329136,0.148203922173934,-0.0335210410531967,-0.00331753016833721,0.0022493547910612
-0.0391001091922404,0.27080274254569,0.148205484641979,-0.033523000549941,-0.00332024641166545,0.00225055381039022
-0.0391233897384605,0.27080043587543,0.148207047943996,-0.0335249750859309,-0.00332296419480148,0.0022517566384804
-0.039146671661162,0.270798127317281,0.148208612082647,-0.0335269648476859,-0.00332568353620096,0.00225296331964749
-0.039169954970984,0.270795816870154,0.14821017706062,-0.0335289700250195,-0.00332840445440773,0.00225417389835939
-0.0391932396786987,0.270793504532947,0.14821174288064,-0.0335309908111132,-0.0033311269680532,0.00225538841923278
-0.0392165257952136,0.270791190304547,0.148213309545459,-0.0335330274025915,-0.0033338510958556,0.00225660692702931
-0.039239813331574,0.270788874183825,0.148214877057861,-0.0335350799995993,-0.00333657685661921,0.00225782946665161
-0.0392631022989652,0.270786556169641,0.148216445420662,-0.0335371488058817,-0.00333930426923342,0.0022590560831388
-0.0392863927087156,0.270784236260842,0.148218014636708,-0.0335392340288653,-0.00334203335267167,0.00226028682166178
-0.0393096845722988,0.27078191445626,0.148219584708879,-0.0335413358797428,-0.00334476412599028,0.002261521727518
-0.0393329779013363,0.270779590754716,0.148221155640083,-0.0335434545735592,-0.00334749660832719,0.00226276084612593
-0.0393562727076004,0.270777265155015,0.148222727433262,-0.0335455903293004,-0.00335023081890045,0.00226400422301906
-0.039379569003017,0.270774937655952,0.148224300091389,-0.0335477433699847,-0.00335296677700671,0.00226525190383942
-0.039402866799668,0.270772608256305,0.148225873617469,-0.033549913922757,-0.00335570450201942,0.00226650393433069
-0.0394261661097947,0.270770276954841,0.148227448014537,-0.033552102218985,-0.00335844401338697,0.00226776036033081
-0.0394494669458006,0.270767943750313,0.148229023285664,-0.0335543084943588,-0.00336118533063061,0.002269021227764
-0.0394727693202543,0.270765608641459,0.148230599433948,-0.0335565329889931,-0.00336392847334217,0.00227028658263231
-0.0394960732458926,0.270763271627006,0.148232176462522,-0.0335587759475328,-0.00336667346118165,0.00227155647100655
-0.0395193787356242,0.270760932705665,0.148233754374551,-0.0335610376192605,-0.00336942031387458,0.00227283093901662
-0.0395426858025322,0.270758591876134,0.148235333173231,-0.0335633182582088,-0.00337216905120912,0.00227411003284123
-0.0395659944598778,0.270756249137097,0.148236912861789,-0.0335656181232744,-0.00337491969303303,0.00227539379869692
-0.0395893047211038,0.270753904487226,0.148238493443488,-0.0335679374783367,-0.00337767225925033,0.00227668228282634
-0.0396126165998381,0.270751557925176,0.148240074921618,-0.033570276592379,-0.00338042676981777,0.00227797553148588
-0.0396359301098972,0.270749209449591,0.148241657299506,-0.0335726357396143,-0.00338318324474094,0.00227927359093245
-0.0396592452652896,0.270746859059099,0.148243240580508,-0.0335750151996137,-0.00338594170407024,0.00228057650740942
-0.0396825620802201,0.270744506752316,0.148244824768013,-0.0335774152574397,-0.00338870216789648,0.00228188432713178
-0.0397058805690935,0.270742152527842,0.148246409865441,-0.0335798362037833,-0.00339146465634613,0.00228319709627029
-0.0397292007465182,0.270739796384264,0.148247995876247,-0.0335822783351045,-0.0033942291895764,0.00228451486093477
-0.0397525226273106,0.270737438320156,0.148249582803915,-0.0335847419537783,-0.00339699578776979,0.0022858376671563
-0.0397758462264993,0.270735078334076,0.148251170651963,-0.0335872273682452,-0.00339976447097088,0.0022871655608651
-0.0397991715593291,0.27073271642457,0.148252759423938,-0.0335897348931621,-0.00340253525983251,0.00228849858789279
-0.0398224986412655,0.270730352590168,0.148254349123422,-0.0335922648495681,-0.00340530817422653,0.00228983679390195
-0.0398458274879995,0.270727986829387,0.148255939754028,-0.0335948175650439,-0.00340808323440817,0.00229118022440663
-0.0398691581154515,0.27072561914073,0.148257531319399,-0.0335973933738826,-0.00341086046061409,0.00229252892473916
-0.0398924905397767,0.270723249522685,0.148259123823209,-0.0335999926172643,-0.00341363987305728,0.00229388294002322
-0.0399158247773696,0.270720877973729,0.148260717269167,-0.0336026156434369,-0.00341642149192109,0.00229524231514629
-0.039939160844869,0.27071850449232,0.148262311661009,-0.033605262807902,-0.00341920533735231,0.00229660709473085
-0.0399624987591632,0.270716129076907,0.148263907002504,-0.0336079344736075,-0.00342199142945332,0.00229797732310448
-0.0399858385373952,0.270713751725921,0.148265503297452,-0.0336106310111456,-0.00342477978827328,0.00229935304426853
-0.040009180196968,0.270711372437782,0.148267100549681,-0.033613352798958,-0.00342757043379841,0.00230073430186523
-0.0400325237555503,0.270708991210896,0.148268698763051,-0.0336161002235469,-0.00343036338594139,0.00230212113914293
-0.040055869231082,0.270706608043652,0.148270297941453,-0.0336188736796937,-0.0034331586645297,0.00230351359891952
-0.0400792166417801,0.27070422293443,0.148271898088806,-0.0336216735706843,-0.00343595628929315,0.00230491172354365
-0.0401025660061447,0.270701835881592,0.148273499209057,-0.0336245003085421,-0.00343875627985045,0.00230631555485356
-0.040125917342965,0.270699446883489,0.148275101306185,-0.0336273543142691,-0.00344155865569477,0.00230772513413358
-0.040149270671326,0.270697055938458,0.148276704384194,-0.0336302360180948,-0.00344436343617847,0.00230914050206773
-0.0401726260106146,0.270694663044822,0.14827830844712,-0.0336331458598007,-0.00344717063999609,0.00231056169843575
-0.0401959833805265,0.270692268200892,0.148279913499022,-0.033636084288828,-0.00344998028618112,0.00231198876198714
-0.0402193428010728,0.270689871404966,0.14828151954399,-0.0336390517646218,-0.00345279239406002,0.00231342173214502
-0.0402427042925875,0.270687472655326,0.148283126586138,-0.0336420487569876,-0.00345560698225667,0.00231486064668721
-0.0402660678757345,0.270685071950245,0.148284734629606,-0.0336450757463273,-0.00345842406915765,0.00231630554250433
-0.0402894335715148,0.270682669287981,0.148286343678562,-0.0336481332239573,-0.00346124367289878,0.00231775645555427
-0.0403128014012748,0.27068026466678,0.148287953737195,-0.0336512216924219,-0.00346406581134057,0.0023192134207901
-0.0403361713867137,0.270677858084875,0.148289564809722,-0.0336543416658133,-0.00346689050204262,0.00232067647208443
-0.0403595435498918,0.270675449540488,0.148291176900379,-0.033657493670128,-0.00346971776222871,0.00232214564215966
-0.040382917913239,0.270673039031828,0.148292790013426,-0.0336606782435646,-0.00347254760882778,0.00232362096251619
-0.0404062944995633,0.270670626557095,0.148294404153146,-0.0336638959371259,-0.00347538005830816,0.0023251024632889
-0.0404296733320601,0.270668212114475,0.14829601932384,-0.033667147315547,-0.00347821512670233,0.00232659017283565
-0.0404530544343213,0.270665795702142,0.14829763552983,-0.0336704329553532,-0.00348105282958955,0.00232808411849674
-0.0404764378303433,0.270663377318264,0.148299252775454,-0.0336737534470231,-0.00348389318228256,0.00232958432631034
-0.0404998235445385,0.270660956960995,0.148300871065071,-0.0336771093956487,-0.0034867361994657,0.00233109082029098
-0.0405232116017438,0.270658534628479,0.148302490403054,-0.0336805014209714,-0.00348958189526156,0.00233260362260827
-0.0405466020272322,0.270656110318851,0.14830411079379,-0.0336839301577946,-0.00349243028320207,0.002334122753499
-0.0405699948467225,0.270653684030237,0.14830573224168,-0.0336873962564571,-0.0034952813761881,0.00233564823114735
-0.0405933900863911,0.270651255760755,0.148307354751139,-0.0336909003833156,-0.00349813518644471,0.00233718007155394
-0.0406167877728823,0.270648825508513,0.148308978326589,-0.0336944432212463,-0.0035009917254736,0.00233871828839755
-0.0406401879333212,0.270646393271613,0.148310602972463,-0.0336980254701688,-0.00350385100400344,0.00234026289289084
-0.0406635905953243,0.270643959048148,0.148312228693199,-0.0337016478475731,-0.00350671303193273,0.00234181389361689
-0.0406869957870131,0.270641522836208,0.148313855493242,-0.0337053110891009,-0.00350957781827933,0.0023433712963798
-0.0407104035370262,0.270639084633872,0.148315483377038,-0.0337090159491152,-0.00351244537111615,0.00234493510402178
-0.040733813874533,0.270636644439217,0.148317112349035,-0.0337127632013093,-0.003515315697509,0.00234650531624315
-0.0407572268292468,0.270634202250315,0.148318742413681,-0.0337165536393362,-0.00351818880344943,0.00234808192940885
-0.0407806424314393,0.270631758065234,0.148320373575417,-0.0337203880774604,-0.00352106469378253,0.00234966493634209
-0.0408040607119551,0.270629311882039,0.148322005838681,-0.033724267351245,-0.00352394337213348,0.00235125432611173
-0.0408274817022263,0.270626863698794,0.1483236392079,-0.0337281923182488,-0.00352682484082461,0.00235285008379704
-0.0408509054342889,0.270624413513559,0.148325273687489,-0.0337321638587684,-0.00352970910079215,0.00235445219024807
-0.0408743319407979,0.270621961324396,0.148326909281851,-0.0337361828766019,-0.00353259615149577,0.00235606062182761
-0.0408977612550445,0.270619507129369,0.148328545995366,-0.0337402502998447,-0.00353548599082271,0.00235767535013809
-0.0409211934109731,0.270617050926542,0.148330183832398,-0.0337443670817178,-0.00353837861498617,0.00235929634173209
-0.0409446284431989,0.270614592713983,0.148331822797282,-0.0337485342014333,-0.00354127401841845,0.00236092355780801
-0.0409680663870267,0.270612132489764,0.148333462894325,-0.0337527526650898,-0.00354417219365529,0.0023625569538823
-0.0409915072784692,0.270609670251964,0.148335104127803,-0.0337570235066102,-0.00354707313121532,0.00236419647944699
-0.0410149511542673,0.270607205998667,0.148336746501953,-0.0337613477887175,-0.00354997681947102,0.00236584207760403
-0.0410383980519101,0.27060473972797,0.148338390020969,-0.0337657266039505,-0.00355288324451155,0.00236749368467753
-0.041061848009656,0.270602271437976,0.148340034689,-0.0337701610757245,-0.00355579238999729,0.00236915122980256
-0.0410853010665547,0.270599801126803,0.148341680510144,-0.0337746523594344,-0.003558704237005,0.00237081463448768
-0.0411087572624698,0.270597328792582,0.14834332748844,-0.0337792016436162,-0.00356161876386496,0.00237248381215591
-0.0411322166381019,0.27059485443346,0.148344975627864,-0.0337838101511362,-0.00356453594598327,0.00237415866764498
-0.0411556792350132,0.270592378047604,0.148346624932324,-0.0337884791404561,-0.00356745575565803,0.00237583909668944
-0.0411791450956525,0.270589899633199,0.148348275405651,-0.033793209906941,-0.00357037816188103,0.00237752498536353
-0.0412026142633815,0.270587419188453,0.148349927051595,-0.0337980037842286,-0.00357330313012705,0.00237921620949006
-0.0412260867825016,0.2705849367116,0.148351579873813,-0.0338028621456578,-0.0035762306221298,0.00238091263401202
-0.0412495626982823,0.270582452200903,0.148353233875868,-0.0338077864057663,-0.00357916059564404,0.00238261411232584
-0.0412730420569899,0.270579965654654,0.148354889061213,-0.03381277802184,-0.00358209300418862,0.00238432048556391
-0.0412965249059182,0.270577477071179,0.148356545433191,-0.0338178384955617,-0.00358502779677933,0.00238603158184605
-0.0413200112934198,0.270574986448842,0.148358202995016,-0.0338229693747071,-0.00358796491763789,0.00238774721546775
-0.0413435012689385,0.270572493786046,0.148359861749772,-0.0338281722549328,-0.0035909043058844,0.00238946718604234
-0.0413669948830435,0.27056999908124,0.148361521700395,-0.0338334487816445,-0.003593845895209,0.00239119127758588
-0.0413904921874643,0.270567502332921,0.148363182849669,-0.0338388006519523,-0.00359678961352157,0.00239291925754157
-0.0414139932351279,0.270565003539636,0.148364845200207,-0.0338442296167205,-0.00359973538257776,0.00239465087574006
-0.0414374980801958,0.27056250269999,0.148366508754443,-0.0338497374827013,-0.00360268311757814,0.00239638586328516
-0.0414610067781048,0.27055999981265,0.148368173514619,-0.0338553261147968,-0.00360563272674408,0.00239812393137606
-0.0414845193856074,0.270557494876347,0.148369839482767,-0.0338609974384026,-0.00360858411085949,0.00239986477003704
-0.041508035960815,0.270554987889887,0.148371506660698,-0.033866753441877,-0.00361153716278425,0.00240160804676831
-0.0415315565632424,0.270552478852151,0.148373175049981,-0.0338725961791293,-0.0036144917669327,0.00240335340510204
-0.041555081253854,0.270549967762103,0.148374844651932,-0.0338785277723339,-0.0036174477987155,0.00240510046305833
-0.0415786100951128,0.270547454618798,0.148376515467589,-0.0338845504148084,-0.00362040512353373,0.0024068488106851
-0.0416021431510304,0.270544939421387,0.1483781874977,-0.0338906663738265,-0.00362336359822133,0.00240859801241544
-0.0416256804872196,0.270542422169126,0.148379860742696,-0.0338968779941533,-0.00362632306608616,0.00241034759671248
-0.0416492221709491,0.270539902861381,0.148381535202669,-0.0339031877008343,-0.00362928336066794,0.00241209706294341
-0.0416727682712005,0.270537381497642,0.148383210877354,-0.0339095980030543,-0.00363224430244629,0.00241384587424316
-0.0416963188587285,0.270534858077523,0.148384887766099,-0.0339161114976271,-0.00363520569864213,0.00241559345647278
-0.0417198740061227,0.27053233260078,0.14838656586784,-0.0339227308727959,-0.00363816734229642,0.0024173391956974
-0.0417434337878717,0.270529805067319,0.14838824518107,-0.0339294589122724,-0.00364112901127283,0.00241908243546135
-0.0417669982804324,0.270527275477203,0.148389925703815,-0.0339362984994852,-0.00364409046721422,0.00242082247392075
-0.0417905675622995,0.270524743830667,0.148391607433592,-0.0339432526220094,-0.00364705145441405,0.0024225585607469
-0.0418141417140804,0.270522210128132,0.148393290367382,-0.0339503243762698,-0.00365001169860815,0.00242428989381343
-0.0418377208185716,0.270519674370215,0.14839497450159,-0.0339575169724436,-0.00365297090566732,0.00242601561561508
-0.04186130496084,0.270517136557743,0.148396659832004,-0.0339648337396686,-0.00365592876019664,0.00242773480943183
-0.0418848942283075,0.270514596691772,0.148398346353755,-0.0339722781315108,-0.00365888492402288,0.00242944649519127
-0.0419084887108385,0.270512054773601,0.148400034061268,-0.0339798537317034,-0.00366183903456079,0.00243114962500361
-0.0419320885008338,0.270509510804789,0.148401722948217,-0.0339875642602478,-0.00366479070305885,0.0024328430783681
-0.0419556936933264,0.270506964787175,0.148403413007471,-0.0339954135797922,-0.00366773951269748,0.00243452565698268
-0.041979304386083,0.270504416722898,0.148405104231039,-0.0340034057023834,-0.00367068501653923,0.00243619607915245
-0.0420029206797106,0.270501866614417,0.148406796610006,-0.0340115447965787,-0.00367362673531197,0.0024378529737476
-0.0420265426777677,0.270499314464538,0.148408490134476,-0.0340198351949625,-0.00367656415501357,0.00243949487367864
-0.0420501704868802,0.270496760276435,0.148410184793497,-0.0340282814020489,-0.0036794967243164,0.00244112020883215
-0.0420738042168648,0.27049420405368,0.148411880574988,-0.0340368881026484,-0.00368242385175994,0.00244272729843495
-0.0420974439808563,0.27049164580027,0.148413577465661,-0.0340456601706844,-0.0036853449027075,0.00244431434278204
-0.0421210898954426,0.270489085520657,0.148415275450934,-0.034054602678499,-0.00368825919604566,0.00244587941427246
-0.0421447420808062,0.270486523219786,0.14841697451484,-0.0340637209066925,-0.00369116600060517,0.00244742044769423
-0.0421684006608713,0.270483958903127,0.148418674639925,-0.0340730203544807,-0.00369406453127081,0.00244893522967322
-0.0421920657634606,0.270481392576714,0.148420375807145,-0.03408250675066,-0.00369695394475755,0.00245042138722457
-0.0422157375204579,0.27047882424719,0.148422077995749,-0.0340921860651698,-0.00369983333501571,0.00245187637530701
-0.0422394160679803,0.270476253921849,0.148423781183155,-0.0341020645213092,-0.00370270172823161,0.00245329746329054
-0.0422631015465576,0.270473681608688,0.148425485344813,-0.0341121486085993,-0.00370555807737932,0.00245468172021994
-0.0422867941013234,0.270471107316456,0.148427190454069,-0.0341224450964265,-0.003708401256289,0.00245602599878063
-0.0423104938822133,0.270468531054716,0.148428896481999,-0.0341329610483737,-0.00371123005317007,0.00245732691780345
-0.0423342010441744,0.270465952833902,0.148430603397246,-0.0341437038373703,-0.0037140431635437,0.00245858084318698
-0.0423579157473865,0.270463372665389,0.148432311165834,-0.0341546811616642,-0.00371683918252069,0.00245978386706658
-0.0423816381574923,0.270460790561565,0.148434019750974,-0.0341659010616511,-0.00371961659635696,0.00246093178505094
-0.0424053684458431,0.270458206535911,0.148435729112845,-0.0341773719376234,-0.003722373773214,0.00246202007133123
-0.0424291067897532,0.270455620603082,0.148437439208366,-0.0341891025684138,-0.00372510895303493,0.00246304385142856
-0.0424528533727709,0.270453032779006,0.148439149990939,-0.0342011021310421,-0.00372782023645011,0.00246399787234735
-0.0424766083849614,0.270450443080981,0.148440861410178,-0.0342133802213368,-0.00373050557260223,0.00246487646984581
-0.0425003720232052,0.270447851527784,0.14844257341161,-0.0342259468755715,-0.00373316274577668,0.00246567353251943
-0.0425241444915123,0.270445258139795,0.148444285936353,-0.0342388125931542,-0.00373578936070804,0.00246638246235402
-0.0425479260013513,0.270442662939122,0.148445998920761,-0.0342519883603107,-0.00373838282641279,0.00246699613135536
-0.0425717167719964,0.270440065949746,0.148447712296039,-0.0342654856748405,-0.00374094033839077,0.002467506833834
-0.0425955170308913,0.270437467197676,0.148449425987827,-0.0342793165718599,-0.00374345885900834,0.00246790623385409
-0.0426193270140322,0.270434866711116,0.148451139915739,-0.0342934936505221,-0.00374593509586061,0.00246818530730962
-0.0426431469663673,0.270432264520655,0.148452853992866,-0.0343080301015896,-0.00374836547788014,0.00246833427801527
-0.0426669771422199,0.270429660659462,0.148454568125229,-0.0343229397358878,-0.00375074612894013,0.00246834254714553
-0.0426908178057274,0.270427055163515,0.14845628221118,-0.0343382370133255,-0.00375307283865493,0.00246819861524161
-0.0427146692313028,0.27042444807184,0.148457996140747,-0.0343539370724176,-0.00375534103005863,0.00246788999594395
-0.0427385317041159,0.270421839426779,0.14845970979492,-0.0343700557600064,-0.00375754572379431,0.00246740312048525
-0.0427624055205963,0.270419229274284,0.148461423044857,-0.0343866096608536,-0.00375968149840401,0.00246672323186716
-0.0427862909889548,0.270416617664237,0.148463135751023,-0.0344036161266763,-0.00376174244625936,0.00246583426751304
-0.0428101884297269,0.270414004650806,0.148464847762237,-0.03442109330408,-0.00376372212461515,0.0024647187290411
-0.0428340981763334,0.270411390292833,0.148466558914629,-0.0344390601606923,-0.00376561350120628,0.00246335753763978
-0.0428580205756589,0.270408774654267,0.148468269030482,-0.0344575365086246,-0.00376740889373685,0.00246172987334469
-0.0428819559886458,0.270406157804637,0.148469977916966,-0.0344765430241624,-0.00376909990253344,0.0024598129963165
-0.0429059047908991,0.270403539819575,0.148471685364738,-0.0344961012623419,-0.00377067733554758,0.00245758204799621
-0.0429298673733005,0.270400920781396,0.148473391146389,-0.0345162336646492,-0.0037721311247994,0.00245500982977742
-0.0429538441426236,0.270398300779736,0.148475095014742,-0.0345369635578144,-0.00377345023325011,0.00245206655656728
-0.0429778355221451,0.270395679912264,0.148476796700959,-0.0345583151410274,-0.00377462255098381,0.00244871958233688
-0.0430018419522425,0.270393058285463,0.14847849591245,-0.0345803134583726,-0.00377563477946065,0.00244493309446458
-0.043025863890965,0.270390436015501,0.148480192330557,-0.0346029843524954,-0.00377647230248487,0.00244066777337928
-0.0430499018145668,0.270387813229193,0.148481885607992,-0.0346263543946359,-0.00377711904240938,0.00243588041371001
-0.0430739562179788,0.270385190065076,0.148483575365994,-0.0346504507849358,-0.0037775572999878,0.00243052350288533
-0.043098027615201,0.27038256667459,0.148485261191176,-0.0346753012157371,-0.00377776757617709,0.00242454475287018
-0.0431221165395839,0.270379943223398,0.148486942632034,-0.0347009336887606,-0.00377772837412721,0.00241788658059412
-0.0431462235439638,0.270377319892846,0.148488619195071,-0.0347273762751478,-0.00377741597955751,0.00241048553257757
-0.0431703492006062,0.270374696881592,0.148490290340506,-0.0347546568048104,-0.00377680421776755,0.00240227164944914
-0.0431944941009079,0.270372074407398,0.148491955477516,-0.0347828024688475,-0.00377586418565159,0.00239316776643539
-0.0432186588547849,0.270369452709131,0.148493613958968,-0.034811839314983,-0.00377456395740067,0.00238308874683275
-0.0432428440896639,0.270366832048972,0.1484952650756,-0.0348417916118947,-0.00377286826308506,0.00237194064691684
-0.043267050448983,0.270364212714852,0.148496908049594,-0.0348726810537649,-0.00377073814007729,0.00235961981289064
-0.0432912785900706,0.270361595023154,0.148498542027499,-0.0349045257701025,-0.00376813055856364,0.00234601191403719
-0.0433155291812608,0.270358979321667,0.148500166072467,-0.0349373390999593,-0.00376499802412133,0.00233099092097129
-0.0433398028980613,0.270356365992832,0.148501779155763,-0.0349711280819736,-0.00376128816294141,0.00231441804496991
-0.0433641004181536,0.270353755457277,0.148503380147528,-0.0350058916038077,-0.00375694329886204,0.00229614066405373
-0.0433884224149783,0.270351148177647,0.148504967806806,-0.03504161814683,-0.00375190003620916,0.0022759912744902
-0.0434127695495867,0.27034854466271,0.148506540770871,-0.0350782830534038,-0.00374608886918076,0.00225378652445368
-0.0434371424604122,0.270345945471725,0.148508097543926,-0.0351158452384775,-0.00373943384718794,0.00222932640971037
-0.0434615417505363,0.270343351219001,0.148509636485335,-0.0351542432633073,-0.00373185233714565,0.00220239374195991
-0.0434859679719853,0.270340762578587,0.148511155797625,-0.0351933906919598,-0.00372325493828184,0.00217275403898092
-0.0435104216065348,0.270338180288927,0.148512653514606,-0.0352331706629187,-0.00371354562330209,0.00214015603375579
-0.0435349030424551,0.270335605157334,0.14851412749014,-0.0352734296339661,-0.00370262220195671,0.00210433305778521
-0.0435594125466318,0.270333038063976,0.148515575388259,-0.0353139703067781,-0.00369037722860593,0.00206500561999248
-0.0435839502314997,0.270330479965049,0.148516994675604,-0.0353545438150425,-0.00367669950381467,0.00202188557554939
-0.0436085160163613,0.270327931894639,0.148518382617442,-0.0353948413808904,-0.00366147634773546,0.00197468234865929
-0.0436331095828217,0.270325394964692,0.148519736278869,-0.0354344858173972,-0.00364459684625165,0.00192311172933149
-0.0436577303244458,0.27032287036232,0.148521052533168,-0.0354730234945619,-0.00362595627944054,0.0018669077789327
-0.0436823772912495,0.270320359343569,0.148522328079658,-0.0355099176911382,-0.00360546192333523,0.00180583831966831
-0.0437070491304153,0.270317863222646,0.148523559473637,-0.0355445446111535,-0.00358304035034594,0.00173972430075355
-0.0437317440256362,0.270315383355543,0.148524743171114,-0.0355761937093778,-0.0035586462171239,0.00166846298185616
-0.0437564596387332,0.270312921117117,0.148525875590806,-0.0356040742687789,-0.00353227229073425,0.00159205430085673
-0.0437811930586037,0.270310477870933,0.148526953195154,-0.0356273302384093,-0.00350396010853459,0.00151062895154114
-0.0438059407638074,0.270308054931759,0.148527972590746,-0.0356450648655066,-0.00347381029995826,0.00142447571815873
-0.0438306986058374,0.270305653521319,0.148528930646589,-0.0356563756208858,-0.0034419915340543,0.00133406503088298
-0.0438554618201892,0.270303274718534,0.148529824626547,-0.0356603993489469,-0.00340874732856339,0.00124006568597781
-0.0438802250723987,0.270300919406106,0.148530652329851,-0.0356563677962594,-0.00337439940788358,0.00114335038221259
-0.0439049825455837,0.27029858821687,0.148531412229497,-0.0356436704647503,-0.00333934431702737,0.00104498277020139
-0.0439297280711366,0.270296281485824,0.148532103593659,-0.035621913655552,-0.00330404031651391,0.000946181640938926
-0.0439544552956102,0.270293999214174,0.148532726575898,-0.0355909647754207,-0.0032689866294204,0.000848268506061465
-0.0439791578730686,0.270291741049209,0.148533282265313,-0.0355509817775814,-0.00323469896497424,0.000752604694718782
-0.0440038296720793,0.270289506282417,0.148533772688481,-0.0355024239203483,-0.0032016812878926,0.000660515068635231
-0.0440284649796049,0.270287293868145,0.148534200755546,-0.0354460304592087,-0.00317039581978995,0.000573206627966009
-0.0440530586790776,0.270285102461704,0.148534570154229,-0.0353827700293119,-0.00314123809509407,0.000491702806456074
-0.0440776063880271,0.270282930472023,0.148534885206023,-0.0353137769984476,-0.00311451988666393,0.000416799698346695
-0.0441021045490165,0.270280776123757,0.148535150698471,-0.0352402807830729,-0.00309045904635153,0.000349040908414792
-0.0441265504698956,0.2702786375238,0.148535371707307,-0.0351635319712521,-0.00306917722073516,0.000288714262404579
-0.0441509423147608,0.270276512726444,0.148535553424287,-0.0350847360821263,-0.0030507058481786,0.00023587077616142
-0.0441752790540183,0.270274399792103,0.148535701003904,-0.0350050027092652,-0.00303499822156216,0.000190358536298177
-0.0441995603849593,0.27027229683637,0.148535819436501,-0.0349253113334996,-0.00302194484046719,0.000151863899234822
-0.0442237866341209,0.270270202067938,0.148535913450991,-0.0348464928451588,-0.00301138978999881,0.000119954720415868
-0.0442479586517193,0.270268113815326,0.148535987447035,-0.0347692247365903,-0.00300314634819167,9.41213586480957E-05
-0.0442720777065912,0.270266030543398,0.148536045453994,-0.0346940367633202,-0.00299701063756353,7.38124204809778E-05
-0.0442961453876759,0.270263950861257,0.148536091112428,-0.0346213235845962,-0.00299277277369677,5.84637993138041E-05
-0.044320163515803,0.270261873523296,0.148536127673333,-0.0345513613480462,-0.00299022540740056,4.75207846469964E-05
-0.0443441340676657,0.270259797425191,0.148536158010458,-0.0344843258388692,-0.00298916982949809,4.04537483546102E-05
-0.0443680591124122,0.270257721596399,0.148536184641554,-0.0344203104664987,-0.00298941997187174,3.67683196734457E-05
-0.0443919407603403,0.270255645190493,0.148536209755066,-0.0343593429625482,-0.00299080471316525,3.60111308371453E-05
-0.0444157811225416,0.270253567474366,0.148536235239609,-0.034301400175763,-0.00299316889797316,3.77722068756017E-05
-0.0444395822800868,0.270251487817063,0.148536262714212,-0.0342464207230998,-0.00299637343187479,4.16849517250728E-05
-0.0444633462612468,0.27024940567879,0.148536293557948,-0.0341943155069151,-0.00300029474966472,4.74245140860962E-05
-0.0444870750253207,0.270247320600427,0.148536328938044,-0.0341449762529311,-0.0030048238879789,5.47051429528172E-05
-0.0445107704517674,0.270245232193783,0.148536369835955,-0.0340982822978216,-0.00300986533467333,6.32769867443071E-05
-0.0445344343335199,0.270243140132685,0.148536417071097,-0.0340541058793528,-0.00301533577861048,7.29226602117495E-05
-0.0445580683735247,0.270241044144947,0.148536471322199,-0.0340123161797256,-0.00302116284484851,8.34538001867393E-05
-0.0445816741837224,0.270238944005199,0.148536533146296,-0.0339727823517326,-0.00302728387081113,9.47077530779841E-05
-0.0446052532858372,0.27023683952855,0.148536602995493,-0.0339353757292333,-0.00303364475733899,0.000106544479745256
-0.0446288071134681,0.270234730565015,0.148536681231671,-0.0338999713940059,-0.00304019891295704,0.000118843722519474
-0.0446523370150876,0.270232616994633,0.148536768139319,-0.0338664492413341,-0.00304690629905246,0.000131502451481122
-0.0446758442576399,0.270230498723227,0.148536863936691,-0.0338346946606987,-0.00305373257652924,0.000144432588755905
-0.0446993300305059,0.270228375678705,0.148536968785483,-0.0338045989250783,-0.00306064835012407,0.000157558998398032
-0.0447227954496589,0.270226247807867,0.148537082799187,-0.0337760593630648,-0.00306762850389155,0.000170817722927261
-0.0447462415618825,0.27022411507364,0.148537206050311,-0.0337489793691631,-0.00307465161893528,0.0001841544424165
-0.0447696693489525,0.270221977452692,0.148537338576593,-0.0337232683017819,-0.00308169946765991,0.00019752313764178
-0.044793079731719,0.270219834933366,0.148537480386357,-0.0336988413021722,-0.00308875657397869,0.000210884930247721
-0.0448164735740434,0.270217687513912,0.148537631463113,-0.0336756190582668,-0.00309580983222239,0.000224207079897306
-0.044839851686558,0.270215535200953,0.14853779176951,-0.0336535275356289,-0.00310284817770896,0.00023746211887895
-0.0448632148302319,0.270213378008172,0.148537961250736,-0.0336324976898543,-0.00310986230228737,0.000250627106280007
-0.0448865637197339,0.270211215955177,0.14853813983743,-0.0336124651714387,-0.00311684440894197,0.000263682985651078
-0.0449098990265906,0.270209049066529,0.148538327448186,-0.0335933700308928,-0.00312378800025234,0.00027661403211977
-0.0449332213821406,0.270206877370901,0.148538523991693,-0.0335751564296554,-0.00313068769652598,0.000289407377102589
-0.0449565313802924,0.270204700900363,0.148538729368573,-0.0335577723610227,-0.0031375390778622,0.000302052599356395
-0.0449798295800913,0.270202519689759,0.148538943472962,-0.0335411693833036,-0.00314433854824717,0.000314541371935236
-0.0450031165081068,0.27020033377618,0.14853916619385,-0.0335253023665102,-0.0031510832203672,0.000326867161142132
-0.0450263926606487,0.270198143198503,0.148539397416235,-0.0335101292538988,-0.00315777081440075,0.000339024965706431
-0.0450496585058227,0.270195947997005,0.148539637022109,-0.0334956108384712,-0.00316439957130376,0.000351011092722001
-0.0450729144854359,0.270193748213025,0.148539884891298,-0.0334817105541807,-0.00317096817804808,0.000362822964900664
-0.0450961610167628,0.270191543888677,0.148540140902174,-0.0334683942816182,-0.00317747570311909,0.000374458954618112
-0.0451193984941809,0.270189335066608,0.14854040493227,-0.0334556301675769,-0.003183921540858,0.000385918241029077
-0.0451426272906853,0.270187121789783,0.148540676858792,-0.0334433884578499,-0.00319030536341257,0.000397200687003517
-0.0451658477592923,0.270184904101314,0.148540956559054,-0.0334316413425113,-0.00319662707925487,0.000408306733134326
-0.0451890602343393,0.270182682044304,0.148541243910855,-0.0334203628129458,-0.00320288679734915,0.000419237306411307
-0.0452122650326887,0.270180455661717,0.148541538792779,-0.0334095285298168,-0.00320908479620679,0.000429993741561489
-0.0452354624548452,0.270178224996277,0.14854184108446,-0.0333991157012413,-0.00321522149715022,0.000440577713279226
-0.0452586527859899,0.270175990090369,0.148542150666798,-0.0333891029704217,-0.00322129744121617,0.000450991177856211
-0.045281836296941,0.270173750985969,0.148542467422132,-0.0333794703120312,-0.00322731326920335,0.000461236322918962
-0.0453050132450447,0.270171507724578,0.148542791234388,-0.0333701989366788,-0.00323326970444124,0.00047131552417025
-0.0453281838750026,0.270169260347168,0.148543121989198,-0.0333612712028352,-0.00323916753790945,0.000481231308168235
-0.0453513484196398,0.270167008894145,0.148543459573989,-0.0333526705356153,-0.00324500761539803,0.000490986320339087
-0.0453745071006198,0.27016475340531,0.14854380387806,-0.0333443813518797,-0.00325079082643179,0.00050058329750329
-0.0453976601291087,0.270162493919836,0.148544154792635,-0.033336388991142,-0.00325651809472544,0.000510025044310935
-0.0454208077063933,0.270160230476242,0.148544512210904,-0.0333286796518119,-0.00326219036996617,0.000519314413059053
-0.0454439500244573,0.270157963112383,0.148544876028048,-0.0333212403323406,-0.00326780862074754,0.000528454286436035
-0.0454670872665171,0.270155691865436,0.148545246141256,-0.0333140587768651,-0.00327337382850462,0.000537447562805076
-0.0454902196075228,0.270153416771893,0.148545622449733,-0.0333071234249935,-0.00327888698231428,0.000546297143675937
-0.0455133472146241,0.270151137867558,0.148546004854696,-0.0333004233653811,-0.00328434907445212,0.000555005923086297
-0.0455364702476063,0.270148855187546,0.148546393259367,-0.0332939482927979,-0.00328976109660314,0.000563576778627045
-0.0455595888592971,0.270146568766286,0.148546787568956,-0.0332876884684,-0.00329512403664146,0.000572012563895448
-0.0455827031959472,0.270144278637519,0.148547187690649,-0.033281634682945,-0.00330043887590444,0.000580316102184364
-0.0456058133975858,0.270141984834312,0.148547593533575,-0.0332757782227138,-0.0033057065868974,0.00058849018124444
-0.0456289195983539,0.270139687389057,0.148548005008791,-0.0332701108379287,-0.00331092813136605,0.000596537548958326
-0.045652021926816,0.270137386333485,0.148548422029244,-0.0332646247134453,-0.00331610445870331,0.000604460909844059
-0.0456751205062522,0.27013508169867,0.148548844509743,-0.0332593124415686,-0.00332123650462681,0.000612262922222468
-0.0456982154549328,0.270132773515043,0.148549272366928,-0.0332541669968008,-0.00332632519010541,0.000619946195996431
-0.0457213068863749,0.2701304618124,0.148549705519234,-0.0332491817123792,-0.00333137142049611,0.000627513290942746
-0.0457443949095842,0.270128146619914,0.148550143886853,-0.033244350258461,-0.00333637608486366,0.000634966715447276
-0.0457674796292819,0.270125827966147,0.148550587391706,-0.0332396666218265,-0.00334134005545971,0.000642308925624971
-0.0457905611461174,0.270123505879059,0.148551035957396,-0.0332351250869878,-0.00334626418733631,0.000649542324760805
-0.0458136395568697,0.270121180386025,0.14855148950918,-0.0332307202185878,-0.00335114931807964,0.000656669263037523
-0.0458367149546355,0.270118851513844,0.148551947973928,-0.0332264468449967,-0.00335599626764407,0.000663692037499175
-0.0458597874290072,0.27011651928875,0.148552411280085,-0.0332223000430135,-0.00336080583827351,0.000670612892218708
-0.0458828570662404,0.270114183736428,0.148552879357638,-0.0332182751235887,-0.00336557881449736,0.000677434018637815
-0.045905923949412,0.270111844882024,0.148553352138076,-0.0332143676184922,-0.00337031596319089,0.000684157556054233
-0.0459289881585688,0.270109502750155,0.148553829554359,-0.0332105732678616,-0.00337501803368528,0.000690785592218749
-0.0459520497708685,0.270107157364927,0.148554311540875,-0.0332068880085509,-0.00337968575793227,0.000697320164057065
-0.0459751088607122,0.270104808749943,0.148554798033412,-0.0332033079632422,-0.00338431985069835,0.000703763258451058
-0.0459981654998699,0.270102456928314,0.148555288969119,-0.0331998294302486,-0.00338892100979544,0.000710116813099785
-0.0460212197575995,0.270100101922673,0.148555784286474,-0.0331964488739662,-0.00339348991633729,0.000716382717432473
-0.0460442717007583,0.270097743755186,0.148556283925253,-0.0331931629159281,-0.00339802723501595,0.000722562813559883
-0.0460673213939096,0.270095382447564,0.148556787826491,-0.0331899683264085,-0.00340253361440396,0.000728658897280289
-0.0460903688994235,0.27009301802107,0.148557295932457,-0.0331868620165638,-0.00340700968725404,0.000734672719065517
-0.0461134142775716,0.270090650496537,0.148557808186621,-0.0331838410310381,-0.0034114560708259,0.000740605985107561
-0.0461364575866174,0.270088279894372,0.148558324533619,-0.0331809025410275,-0.00341587336721288,0.000746460358353212
-0.0461594988829023,0.270085906234569,0.148558844919232,-0.033178043837762,-0.00342026216367575,0.000752237459547677
-0.0461825382209264,0.27008352953672,0.148559369290347,-0.033175262326376,-0.00342462303298016,0.000757938868278025
-0.0462055756534255,0.270081149820025,0.148559897594939,-0.0331725555201441,-0.00342895653373578,0.000763566124012443
-0.0462286112314446,0.270078767103299,0.148560429782036,-0.0331699210350546,-0.00343326321073585,0.000769120727131907
-0.0462516450044074,0.270076381404985,0.148560965801693,-0.0331673565847012,-0.00343754359529561,0.000774604139951362
-0.0462746770201822,0.27007399274316,0.14856150560497,-0.0331648599754696,-0.0034417982055886,0.000780017787728022
-0.0462977073251447,0.270071601135548,0.148562049143903,-0.0331624291019993,-0.00344602754698138,0.000785363059658687
-0.0463207359642385,0.270069206599525,0.148562596371483,-0.0331600619429104,-0.00345023211235716,0.000790641309840845
-0.0463437629810308,0.270066809152127,0.148563147241625,-0.0331577565567591,-0.00345441238244938,0.000795853858255319
-0.0463667884177676,0.270064408810064,0.148563701709153,-0.0331555110782326,-0.0034585688261558,0.00080100199169044
-0.0463898123154248,0.270062005589723,0.148564259729771,-0.0331533237145487,-0.00346270190085421,0.000806086964666243
-0.0464128347137575,0.270059599507175,0.148564821260045,-0.033151192742056,-0.00346681205271088,0.000811110000334213
-0.046435855651347,0.270057190578188,0.148565386257377,-0.0331491165030195,-0.00347089971698281,0.000816072291356135
-0.0464588751656452,0.270054778818231,0.148565954679991,-0.0331470934025811,-0.00347496531831364,0.000820975000761749
-0.0464818932930176,0.270052364242479,0.148566526486905,-0.0331451219058835,-0.00347900927102289,0.000825819262784996
-0.0465049100687839,0.270049946865827,0.148567101637916,-0.0331432005353477,-0.00348303197938861,0.000830606183678792
-0.0465279255272569,0.27004752670289,0.148567680093581,-0.0331413278680952,-0.00348703383792315,0.000835336842508338
-0.0465509397017792,0.270045103768012,0.148568261815195,-0.0331395025335059,-0.00349101523164229,0.000840012291923141
-0.0465739526247597,0.270042678075274,0.148568846764778,-0.0331377232109037,-0.00349497653632624,0.000844633558904611
-0.046596964327706,0.270040249638499,0.148569434905051,-0.0331359886273581,-0.00349891811878007,0.000849201645509388
-0.0466199748412584,0.270037818471258,0.148570026199424,-0.033134297555608,-0.00350284033707487,0.000853717529558365
-0.04664298419522,0.270035384586876,0.148570620611979,-0.0331326488120815,-0.00350674354079481,0.000858182165339308
-0.0466659924185866,0.27003294799844,0.148571218107451,-0.033131041255022,-0.00351062807127131,0.000862596484272496
-0.046688999539575,0.270030508718801,0.148571818651215,-0.0331294737827058,-0.0035144942618119,0.000866961395560204
-0.0467120055856505,0.27002806676058,0.148572422209269,-0.0331279453317502,-0.00351834243792273,0.000871277786817054
-0.0467350105835528,0.270025622136178,0.148573028748221,-0.0331264548755047,-0.00352217291752468,0.000875546524681626
-0.0467580145593207,0.270023174857775,0.148573638235274,-0.033125001422521,-0.00352598601116341,0.00087976845540978
-0.0467810175383166,0.270020724937339,0.14857425063821,-0.0331235840150984,-0.00352978202221333,0.000883944405450131
-0.0468040195452489,0.270018272386629,0.14857486592538,-0.033122201727899,-0.00353356124707558,0.000888075182002141
-0.0468270206041943,0.270015817217203,0.148575484065688,-0.0331208536666297,-0.00353732397537149,0.000892161573560426
-0.0468500207386192,0.270013359440417,0.148576105028581,-0.033119538966789,-0.00354107049012446,0.00089620435042678
-0.0468730199713992,0.270010899067434,0.148576728784031,-0.0331182567924686,-0.00354480106794817,0.000900204265237816
-0.0468960183248393,0.270008436109227,0.148577355302531,-0.0331170063352162,-0.00354851597921756,0.00090416205344532
-0.0469190158206921,0.270005970576583,0.148577984555076,-0.0331157868129493,-0.00355221548824055,0.000908078433797395
-0.0469420124801762,0.27000350248011,0.148578616513156,-0.0331145974689195,-0.00355589985342348,0.000911954108801718
-0.0469650083239927,0.270001031830234,0.148579251148741,-0.0331134375707251,-0.00355956932743161,0.000915789765174557
-0.0469880033723429,0.269998558637211,0.148579888434277,-0.0331123064093683,-0.00356322415734484,0.000919586074275958
-0.0470109976449432,0.269996082911127,0.148580528342666,-0.0331112032983555,-0.00356686458480869,0.000923343692531545
-0.0470339911610408,0.2699936046619,0.148581170847265,-0.0331101275728387,-0.00357049084618086,0.000927063261841336
-0.0470569839394288,0.269991123899288,0.148581815921868,-0.0331090785887945,-0.0035741031726733,0.00093074540997597
-0.0470799759984597,0.269988640632889,0.148582463540703,-0.0331080557222407,-0.00357770179049009,0.000934390750960752
-0.0471029673560599,0.269986154872146,0.148583113678419,-0.0331070583684869,-0.00358128692096003,0.000937999885445073
-0.0471259580297416,0.269983666626349,0.148583766310077,-0.0331060859414171,-0.00358485878067059,0.000941573401074465
-0.0471489480366169,0.26998117590464,0.148584421411142,-0.0331051378728066,-0.00358841758158738,0.000945111872823502
-0.0471719373934091,0.269978682716016,0.148585078957474,-0.0331042136116657,-0.00359196353118042,0.000948615863346066
-0.0471949261164647,0.26997618706933,0.14858573892532,-0.0331033126236124,-0.00359549683254139,0.000952085923301209
-0.0472179142217647,0.269973688973297,0.148586401291305,-0.0331024343902726,-0.00359901768449853,0.000955522591671802
-0.0472409017249353,0.269971188436494,0.148587066032423,-0.0331015784087052,-0.003602526281728,0.000958926396073468
-0.047263888641259,0.269968685467365,0.148587733126034,-0.0331007441908519,-0.00360602281486198,0.000962297853054134
-0.0472868749856841,0.269966180074223,0.148588402549849,-0.0330999312630098,-0.00360950747059354,0.000965637468384487
-0.0473098607728349,0.269963672265251,0.148589074281928,-0.033099139165326,-0.00361298043177837,0.000968945737339676
-0.0473328460170209,0.269961162048511,0.148589748300673,-0.0330983674513135,-0.00361644187753356,0.000972223144972505
-0.0473558307322461,0.269958649431936,0.148590424584818,-0.0330976156873865,-0.0036198919833344,0.000975470166381032
-0.0473788149322182,0.269956134423341,0.148591103113423,-0.0330968834524161,-0.00362333092110332,0.000978687266954951
-0.0474017986303559,0.269953617030425,0.148591783865868,-0.0330961703373014,-0.00362675885930614,0.000981874902640846
-0.0474247818397982,0.269951097260767,0.148592466821848,-0.0330954759445607,-0.0036301759630357,0.000985033520173412
-0.0474477645734121,0.269948575121835,0.148593151961364,-0.0330947998879378,-0.0036335823940978,0.000988163557312793
-0.0474707468438001,0.269946050620987,0.148593839264717,-0.033094141792024,-0.00363697831109379,0.000991265443072294
-0.0474937286633074,0.269943523765468,0.148594528712504,-0.0330935012918956,-0.00364036386950068,0.000994339597939365
-0.0475167100440297,0.269940994562419,0.148595220285612,-0.0330928780327655,-0.00364373922174901,0.00099738643409007
-0.0475396909978195,0.269938463018877,0.14859591396521,-0.0330922716696482,-0.00364710451729833,0.00100040635559727
-0.0475626715362931,0.269935929141772,0.148596609732746,-0.0330916818670381,-0.00365045990271064,0.00100339975863268
-0.0475856516708371,0.269933392937939,0.148597307569938,-0.0330911082986007,-0.00365380552172159,0.00100636703166302
-0.0476086314126145,0.269930854414109,0.148598007458774,-0.0330905506468745,-0.00365714151530971,0.00100930855564053
-0.0476316107725708,0.269928313576919,0.148598709381502,-0.0330900086029861,-0.00366046802176277,0.0010122247041855
-0.0476545897614398,0.26992577043291,0.14859941332063,-0.0330894818663738,-0.00366378517674662,0.00101511584377536
-0.0476775683897497,0.26992322498853,0.148600119258913,-0.0330889701445244,-0.0036670931133633,0.00101798233390488
-0.047700546667828,0.269920677250134,0.148600827179358,-0.0330884731527177,-0.0036703919622163,0.00102082452726513
-0.0477235246058073,0.26991812722399,0.148601537065212,-0.0330879906137816,-0.00367368185146955,0.00102364276990569
-0.0477465022136302,0.269915574916274,0.148602248899962,-0.033087522257856,-0.0036769629069057,0.00102643740139452
-0.0477694795010543,0.26991302033308,0.148602962667326,-0.0330870678221658,-0.00368023525198268,0.00102920875497339
-0.0477924564776573,0.269910463480413,0.148603678351253,-0.0330866270508016,-0.00368349900788873,0.00103195715770881
-0.0478154331528413,0.269907904364196,0.148604395935918,-0.0330861996945094,-0.00368675429359589,0.00103468293063882
-0.0478384095358377,0.269905342990272,0.148605115405714,-0.0330857855104866,-0.00369000122591202,0.00103738638891557
-0.0478613856357111,0.269902779364401,0.148605836745253,-0.033085384262187,-0.00369323991953215,0.00104006784194612
-0.0478843614613649,0.269900213492265,0.14860655993936,-0.0330849957191314,-0.00369647048708444,0.0010427275935186
-0.0479073370215434,0.269897645379468,0.148607284973067,-0.0330846196567258,-0.00369969303918288,0.00104536594194623
-0.0479303123248375,0.26989507503154,0.148608011831615,-0.0330842558560858,-0.00370290768447054,0.00104798318018608
-0.047953287379688,0.269892502453934,0.148608740500442,-0.0330839041038674,-0.00370611452966568,0.00105057959596517
-0.0479762621943893,0.269889927652031,0.148609470965188,-0.0330835641921034,-0.00370931367960572,0.00105315547190099
-0.0479992367770931,0.269887350631137,0.148610203211685,-0.0330832359180458,-0.00371250523729011,0.00105571108561872
-0.0480222111358124,0.269884771396491,0.148610937225957,-0.0330829190840139,-0.00371568930392202,0.00105824670986534
-0.0480451852784244,0.269882189953259,0.148611672994217,-0.0330826134972473,-0.00371886597894888,0.00106076261262053
-0.0480681592126742,0.269879606306542,0.148612410502859,-0.0330823189697637,-0.00372203536010189,0.00106325905720471
-0.0480911329461778,0.26987702046137,0.148613149738463,-0.0330820353182227,-0.00372519754343443,0.00106573630238406
-0.0481141064864256,0.269874432422709,0.148613890687783,-0.0330817623637931,-0.00372835262335951,0.00106819460247283
-0.0481370798407855,0.26987184219546,0.14861463333775,-0.0330814999320249,-0.00373150069268619,0.00107063420743284
-0.0481600530165054,0.26986924978446,0.148615377675467,-0.0330812478527266,-0.00373464184265502,0.00107305536297048
-0.0481830260207168,0.269866655194482,0.148616123688206,-0.033081005959845,-0.00373777616297206,0.0010754583106295
-0.0482059988604368,0.269864058430238,0.148616871363405,-0.0330807740913507,-0.00374090374184481,0.00107784328788881
-0.0482289715425719,0.269861459496381,0.148617620688667,-0.0330805520891262,-0.00374402466601139,0.00108021052824291
-0.0482519440739198,0.2698588583975,0.148618371651753,-0.033080339798858,-0.00374713902077495,0.00108256026129512
-0.0482749164611724,0.269856255138131,0.148619124240585,-0.0330801370699327,-0.00375024689003411,0.00108489271284091
-0.0482978887109184,0.269853649722746,0.148619878443239,-0.0330799437553363,-0.00375334835631327,0.00108720810495053
-0.0483208608296453,0.269851042155766,0.148620634247944,-0.033079759711556,-0.00375644350079212,0.00108950665604953
-0.0483438328237425,0.269848432441551,0.148621391643079,-0.0330795847984868,-0.00375953240333441,0.0010917885809972
-0.0483668046995029,0.26984582058441,0.148622150617173,-0.0330794188793394,-0.00376261514251595,0.00109405409116304
-0.0483897764631258,0.269843206588596,0.148622911158899,-0.0330792618205522,-0.00376569179565202,0.00109630339450125
-0.0484127481207189,0.269840590458307,0.148623673257072,-0.033079113491706,-0.00376876243882393,0.00109853669562335
-0.0484357196783001,0.269837972197693,0.148624436900652,-0.0330789737654407,-0.00377182714690508,0.00110075419586897
-0.0484586911418001,0.269835351810849,0.148625202078733,-0.0330788425173754,-0.00377488599358623,0.00110295609337482
-0.0484816625170642,0.26983272930182,0.148625968780548,-0.0330787196260309,-0.00377793905140022,0.00110514258314199
-0.0485046338098543,0.269830104674601,0.148626736995465,-0.0330786049727541,-0.00378098639174606,0.00110731385710148
-0.0485276050258509,0.269827477933139,0.148627506712982,-0.0330784984416455,-0.00378402808491241,0.00110947010417825
-0.0485505761706549,0.26982484908133,0.14862827792273,-0.0330783999194886,-0.00378706420010049,0.0011116115103535
-0.0485735472497896,0.269822218123025,0.148629050614465,-0.0330783092956813,-0.00379009480544643,0.00111373825872557
-0.0485965182687022,0.269819585062027,0.148629824778071,-0.0330782264621697,-0.0037931199680431,0.00111585052956922
-0.0486194892327659,0.269816949902092,0.148630600403557,-0.033078151313384,-0.00379613975396136,0.00111794850039361
-0.0486424601472814,0.269814312646931,0.148631377481052,-0.0330780837461762,-0.00379915422827086,0.0011200323459987
-0.0486654310174784,0.269811673300212,0.148632156000808,-0.0330780236597596,-0.00380216345506027,0.00112210223853041
-0.0486884018485176,0.269809031865555,0.148632935953193,-0.0330779709556501,-0.00380516749745712,0.00112415834753441
-0.0487113726454922,0.26980638834654,0.148633717328694,-0.0330779255376103,-0.00380816641764708,0.00112620084000832
-0.0487343434134291,0.269803742746702,0.148634500117912,-0.0330778873115928,-0.00381116027689264,0.00112822988045389
-0.0487573141572908,0.269801095069535,0.148635284311563,-0.0330778561856885,-0.00381414913555171,0.00113024563092558
-0.0487802848819765,0.269798445318491,0.148636069900471,-0.0330778320700736,-0.00381713305309554,0.00113224825108037
-0.0488032555923238,0.26979579349698,0.148636856875575,-0.0330778148769602,-0.00382011208812625,0.00113423789822519
-0.0488262262931104,0.269793139608374,0.148637645227918,-0.0330778045205467,-0.00382308629839399,0.00113621472736343
-0.0488491969890544,0.269790483656003,0.148638434948653,-0.0330778009169709,-0.00382605574081361,0.00113817889124037
-0.0488721676848169,0.269787825643158,0.148639226029037,-0.0330778039842639,-0.00382902047148109,0.00114013054038763
-0.0488951383850026,0.269785165573093,0.14864001846043,-0.0330778136423055,-0.00383198054568941,0.00114206982316644
-0.048918109094161,0.269782503449021,0.148640812234296,-0.0330778298127811,-0.00383493601794423,0.00114399688581003
-0.0489410798167879,0.26977983927412,0.148641607342199,-0.0330778524191391,-0.00383788694197908,0.00114591187246497
-0.0489640505573267,0.269777173051531,0.148642403775801,-0.0330778813865506,-0.00384083337077028,0.00114781492523164
-0.0489870213201692,0.269774504784356,0.148643201526865,-0.0330779166418695,-0.00384377535655147,0.00114970618420363
-0.0490099921096572,0.269771834475663,0.148644000587248,-0.0330779581135937,-0.00384671295082784,0.00115158578750643
-0.0490329629300831,0.269769162128485,0.148644800948903,-0.0330780057318282,-0.00384964620439005,0.00115345387133505
-0.0490559337856917,0.269766487745817,0.148645602603878,-0.0330780594282484,-0.00385257516732781,0.00115531056999093
-0.0490789046806805,0.269763811330623,0.148646405544312,-0.0330781191360647,-0.00385549988904312,0.00115715601591795
-0.0491018756192015,0.269761132885831,0.148647209762437,-0.0330781847899885,-0.00385842041826334,0.00115899033973762
-0.0491248466053616,0.269758452414335,0.148648015250573,-0.0330782563261984,-0.00386133680305382,0.00116081367028358
-0.0491478176432239,0.269755769918997,0.14864882200113,-0.033078333682308,-0.00386424909083034,0.00116262613463518
-0.049170788736809,0.269753085402646,0.148649630006607,-0.0330784167973345,-0.00386715732837127,0.00116442785815047
-0.0491937598900951,0.269750398868079,0.148650439259586,-0.0330785056116678,-0.00387006156182947,0.00116621896449835
-0.0492167311070199,0.26974771031806,0.148651249752739,-0.0330786000670409,-0.00387296183674386,0.00116799957569006
-0.0492397023914807,0.269745019755323,0.148652061478818,-0.0330787001065008,-0.00387585819805131,0.00116976981211119
-0.0492626737473362,0.26974232718257,0.148652874430659,-0.03307880567438,-0.00387875069009583,0.00117152979254696
-0.0492856451784067,0.269739632602472,0.148653688601183,-0.0330789167162702,-0.00388163935664224,0.00117327963421889
-0.0493086166884748,0.269736936017672,0.148654503983387,-0.0330790331789943,-0.00388452424088498,0.00117501945280883
-0.0493315882812869,0.269734237430781,0.148655320570351,-0.0330791550105815,-0.00388740538545901,0.00117674936248838
-0.0493545599605538,0.269731536844381,0.148656138355234,-0.0330792821602415,-0.00389028283245001,0.00117846947594648
-0.0493775317299512,0.269728834261027,0.14865695733127,-0.0330794145783405,-0.00389315662340431,0.00118017990441642
-0.049400503593121,0.269726129683241,0.148657777491773,-0.0330795522163766,-0.0038960267993387,0.00118188075770229
-0.0494234755536713,0.269723423113522,0.148658598830131,-0.0330796950269573,-0.00389889340074996,0.0011835721442048
-0.0494464476151783,0.269720714554336,0.148659421339807,-0.0330798429637767,-0.00390175646762423,0.00118525417094666
-0.0494694197811861,0.269718004008126,0.148660245014338,-0.0330799959815933,-0.00390461603944621,0.00118692694359737
-0.0494923920552076,0.269715291477304,0.148661069847333,-0.0330801540362088,-0.00390747215520806,0.00118859056649744
-0.0495153644407256,0.269712576964257,0.148661895832475,-0.0330803170844474,-0.00391032485341825,0.00119024514268221
-0.0495383369411932,0.269709860471345,0.148662722963516,-0.0330804850841354,-0.00391317417211015,0.00119189077390511
-0.0495613095600347,0.269707142000902,0.14866355123428,-0.0330806579940812,-0.00391602014885042,0.00119352756066043
-0.0495842823006457,0.269704421555237,0.148664380638659,-0.0330808357740569,-0.00391886282074734,0.00119515560220567
-0.0496072551663946,0.26970169913663,0.148665211170615,-0.0330810183847787,-0.0039217022244588,0.00119677499658335
-0.0496302281606228,0.26969897474734,0.148666042824175,-0.0330812057878892,-0.00392453839620032,0.0011983858406425
-0.0496532012866451,0.269696248389597,0.148666875593437,-0.0330813979459398,-0.00392737137175275,0.00119998823005955
-0.0496761745477512,0.269693520065611,0.14866770947256,-0.0330815948223728,-0.00393020118646934,0.00120158225935746
-0.0496991479472048,0.269690789777562,0.148668544455772,-0.033081796381506,-0.00393302787528533,0.00120316802193181
-0.0497221214882458,0.26968805752761,0.148669380537365,-0.0330820025885146,-0.00393585147272213,0.00120474561006154
-0.0497450951740902,0.269685323317891,0.148670217711693,-0.0330822134094164,-0.00393867201289652,0.00120631511493432
-0.0497680690079304,0.269682587150515,0.148671055973174,-0.0330824288110559,-0.00394148952952717,0.00120787662666395
-0.0497910429929362,0.26967984902757,0.148671895316289,-0.0330826487610896,-0.00394430405594149,0.00120943023430897
-0.0498140171322552,0.269677108951122,0.148672735735579,-0.0330828732279706,-0.00394711562508241,0.00121097602589083
-0.0498369914290134,0.269674366923212,0.148673577225647,-0.0330831021809351,-0.00394992426951499,0.00121251408841179
-0.0498599658863158,0.269671622945861,0.148674419781155,-0.0330833355899878,-0.00395273002143287,0.00121404450787236
-0.0498829405072465,0.269668877021067,0.148675263396825,-0.0330835734258886,-0.00395553291266464,0.0012155673692885
-0.0499059152948699,0.269666129150804,0.148676108067438,-0.0330838156601395,-0.00395833297468011,0.00121708275670841
-0.0499288902522306,0.269663379337027,0.148676953787832,-0.0330840622649714,-0.00396113023859634,0.00121859075322903
-0.0499518653823544,0.269660627581669,0.148677800552903,-0.0330843132133317,-0.00396392473518372,0.00122009144101224
-0.0499748406882484,0.26965787388664,0.148678648357605,-0.033084568478872,-0.0039667164948718,0.00122158490130067
-0.0499978161729018,0.26965511825383,0.148679497196945,-0.0330848280359366,-0.00396950554775505,0.0012230712144333
-0.050020791839286,0.26965236068511,0.148680347065989,-0.0330850918595502,-0.00397229192359854,0.00122455045986071
-0.0500437676903554,0.269649601182327,0.148681197959855,-0.0330853599254071,-0.00397507565184352,0.00122602271616006
-0.0500667437290478,0.269646839747311,0.148682049873717,-0.0330856322098602,-0.00397785676161282,0.00122748806104978
-0.0500897199582846,0.269644076381869,0.148682902802802,-0.0330859086899103,-0.00398063528171664,0.00122894657140507
-0.0501126963809719,0.26964131108779,0.14868375674239,-0.0330861893431945,-0.00398341124065617,0.00123039832326776
-0.0501356730000001,0.269638543866843,0.148684611687815,-0.0330864741479783,-0.00398618466663112,0.00123184339186654
-0.0501586498182447,0.269635774720777,0.14868546763446,-0.0330867630831438,-0.00398895558754319,0.00123328185162636
-0.0501816268385669,0.269633003651323,0.148686324577763,-0.0330870561281808,-0.00399172403100147,0.00123471377618289
-0.0502046040638139,0.26963023066019,0.148687182513209,-0.0330873532631772,-0.00399449002432729,0.00123613923839562
-0.0502275814968192,0.269627455749072,0.148688041436337,-0.0330876544688101,-0.003997253594559,0.00123755831036075
-0.050250559140403,0.269624678919641,0.148688901342733,-0.0330879597263365,-0.00400001476845664,0.00123897106342382
-0.0502735369973728,0.269621900173553,0.148689762228034,-0.0330882690175852,-0.00400277357250657,0.00124037756819213
-0.0502965150705237,0.269619119512444,0.148690624087925,-0.0330885823249475,-0.00400553003292603,0.00124177789454693
-0.0503194933626387,0.269616336937933,0.14869148691814,-0.03308889963137,-0.00400828417566751,0.00124317211165539
-0.0503424718764891,0.26961355245162,0.14869235071446,-0.0330892209203455,-0.0040110360264232,0.00124456028798238
-0.0503654506148351,0.269610766055088,0.148693215472713,-0.0330895461759061,-0.00401378561062922,0.00124594249130196
-0.0503884295804258,0.269607977749902,0.148694081188775,-0.0330898753826152,-0.00401653295346987,0.0012473187887088
-0.0504114087759999,0.26960518753761,0.148694947858568,-0.0330902085255602,-0.00401927807988174,0.00124868924662926
-0.0504343882042859,0.269602395419743,0.148695815478059,-0.033090545590345,-0.00402202101455781,0.00125005393083233
-0.0504573678680022,0.269599601397813,0.148696684043262,-0.0330908865630835,-0.00402476178195143,0.00125141290644044
-0.0504803477698583,0.269596805473319,0.148697553550234,-0.0330912314303925,-0.00402750040628024,0.00125276623793994
-0.0505033279125541,0.26959400764774,0.148698423995078,-0.033091580179385,-0.00403023691153003,0.00125411398919155
-0.0505263082987808,0.269591207922538,0.148699295373942,-0.0330919327976644,-0.00403297132145891,0.00125545622344149
-0.0505492889312214,0.269588406299162,0.148700167683015,-0.0330922892733165,-0.00403570365959959,0.00125679300332764
-0.0505722698125506,0.269585602779041,0.148701040918531,-0.0330926495949055,-0.00403843394926523,0.00125812439089522
-0.0505952509454354,0.26958279736359,0.148701915076768,-0.0330930137514669,-0.00404116221355158,0.0012594504476026
-0.0506182323325352,0.269579990054208,0.148702790154044,-0.033093381732502,-0.00404388847534089,0.00126077123433176
-0.0506412139765024,0.269577180852277,0.148703666146721,-0.0330937535279723,-0.00404661275730536,0.00126208681139764
-0.0506641958799826,0.269574369759164,0.148704543051201,-0.0330941291282936,-0.0040493350819106,0.00126339723855738
-0.0506871780456148,0.269571556776222,0.148705420863929,-0.0330945085243316,-0.00405205547141899,0.00126470257501932
-0.0507101604760319,0.269568741904786,0.148706299581391,-0.0330948917073958,-0.00405477394789297,0.00126600287945192
-0.0507331431738609,0.269565925146177,0.148707179200111,-0.0330952786692352,-0.00405749053319834,0.00126729820999252
-0.0507561261417232,0.2695631065017,0.148708059716655,-0.033095669402033,-0.00406020524900743,0.00126858862425593
-0.0507791093822349,0.269560285972648,0.148708941127631,-0.0330960638984021,-0.00406291811680231,0.00126987417934291
-0.0508020928980072,0.269557463560294,0.148709823429682,-0.0330964621513804,-0.00406562915787783,0.00127115493184846
-0.0508250766916465,0.269554639265902,0.148710706619493,-0.0330968641544267,-0.00406833839334473,0.00127243093787007
-0.050848060765755,0.269551813090717,0.148711590693787,-0.0330972699014156,-0.0040710458441326,0.00127370225301571
-0.0508710451229305,0.269548985035971,0.148712475649327,-0.0330976793866343,-0.00407375153099286,0.00127496893241181
-0.0508940297657672,0.269546155102883,0.148713361482911,-0.0330980926047779,-0.00407645547450164,0.00127623103071099
-0.0509170146968557,0.269543323292655,0.148714248191377,-0.0330985095509454,-0.00407915769506263,0.00127748860209979
-0.0509399999187832,0.269540489606478,0.1487151357716,-0.0330989302206365,-0.0040818582129099,0.00127874170030617
-0.0509629854341343,0.269537654045527,0.148716024220493,-0.0330993546097469,-0.00408455704811009,0.00127999037860559
-0.0509859712454904,0.269534816610963,0.148716913535004,-0.0330997827145668,-0.00408725422056759,0.00128123468983392
-0.0510089573554306,0.269531977303934,0.148717803712119,-0.0331002145317746,-0.00408994975002362,0.00128247468638629
-0.051031943766532,0.269529136125575,0.14871869474886,-0.0331006500584357,-0.00409264365606122,0.00128371042022973
-0.0510549304813698,0.269526293077005,0.148719586642284,-0.0331010892919983,-0.0040953359581073,0.00128494194290875
-0.0510779175025174,0.269523448159333,0.148720479389484,-0.0331015322302906,-0.0040980266754352,0.00128616930555223
-0.0511009048325468,0.269520601373652,0.14872137298759,-0.033101978871518,-0.00410071582716719,0.00128739255888021
-0.0511238924740291,0.269517752721042,0.148722267433765,-0.0331024292142597,-0.00410340343227702,0.00128861175321051
-0.0511468804295343,0.269514902202572,0.148723162725208,-0.0331028832574665,-0.00410608950959233,0.00128982693846535
-0.051169868701632,0.269512049819295,0.148724058859152,-0.0331033410004574,-0.00410877407779709,0.00129103816417779
-0.0511928572928913,0.269509195572253,0.148724955832864,-0.0331038024429177,-0.00411145715543399,0.00129224547949812
-0.0512158462058813,0.269506339462475,0.148725853643646,-0.0331042675848961,-0.00411413876090676,0.00129344893320012
-0.0512388354431713,0.269503481490977,0.148726752288833,-0.0331047364268025,-0.0041168189124825,0.00129464857368727
-0.0512618250073307,0.269500621658763,0.148727651765794,-0.0331052089694056,-0.00411949762829399,0.00129584444899884
-0.0512848149009301,0.269497759966822,0.14872855207193,-0.0331056852138309,-0.0041221749263419,0.00129703660681589
-0.0513078051265405,0.269494896416133,0.148729453204676,-0.0331061651615582,-0.004124850824497,0.00129822509446719
-0.0513307956867344,0.269492031007663,0.1487303551615,-0.03310664881442,-0.0041275253405024,0.00129940995893508
-0.0513537865840854,0.269489163742365,0.148731257939902,-0.0331071361745995,-0.00413019849197566,0.00130059124686119
-0.051376777821169,0.269486294621181,0.148732161537415,-0.0331076272446285,-0.00413287029641092,0.00130176900455213
-0.0513997694005622,0.269483423645039,0.148733065951602,-0.0331081220273866,-0.00413554077118158,0.00130294327798656
-0.0514227613248448,0.269480550814858,0.14873397118006,-0.0331086205260972,-0.00413820993354002,0.00130411411281477
-0.0514457535965984,0.269477676131542,0.148734877220418,-0.0331091227443292,-0.00414087780062319,0.00130528155437305
-0.0514687462184072,0.269474799595986,0.148735784070333,-0.0331096286859931,-0.00414354438945229,0.00130644564768307
-0.0514917391928585,0.269471921209071,0.148736691727497,-0.0331101383553408,-0.00414620971693527,0.0013076064374587
-0.0515147325225424,0.269469040971668,0.148737600189631,-0.0331106517569636,-0.00414887379986887,0.00130876396811122
-0.0515377262100527,0.269466158884633,0.148738509454486,-0.0331111688957915,-0.00415153665494049,0.00130991828375444
-0.0515607202579863,0.269463274948816,0.148739419519846,-0.0331116897770916,-0.00415419829873012,0.00131106942820978
-0.051583714668944,0.269460389165051,0.148740330383524,-0.0331122144064675,-0.00415685874771222,0.00131221744501132
-0.0516067094455309,0.269457501534161,0.148741242043361,-0.033112742789858,-0.00415951801825758,0.0013133623774107
-0.0516297045903559,0.269454612056961,0.148742154497233,-0.0331132749335364,-0.00416217612663515,0.00131450426838201
-0.0516527001060327,0.269451720734251,0.14874306774304,-0.0331138108441094,-0.00416483308901385,0.00131564316062664
-0.0516756959951797,0.269448827566821,0.148743981778716,-0.033114350528517,-0.00416748892146438,0.00131677909657801
-0.0516986922604198,0.269445932555451,0.148744896602222,-0.0331148939940308,-0.00417014363996098,0.00131791211840627
-0.0517216889043817,0.269443035700909,0.148745812211549,-0.0331154412482544,-0.00417279726038317,0.00131904226802293
-0.051744685929699,0.269440137003951,0.148746728604717,-0.0331159922991226,-0.0041754497985175,0.00132016958708548
-0.0517676833390112,0.269437236465324,0.148747645779774,-0.0331165471549006,-0.00417810127005922,0.00132129411700186
-0.0517906811349636,0.269434334085764,0.148748563734799,-0.033117105824184,-0.004180751690614,0.00132241589893495
-0.0518136793202074,0.269431429865994,0.148749482467896,-0.0331176683158986,-0.00418340107569953,0.00132353497380695
-0.0518366778974004,0.269428523806728,0.1487504019772,-0.0331182346392998,-0.00418604944074718,0.00132465138230375
-0.0518596768692067,0.26942561590867,0.148751322260875,-0.0331188048039729,-0.0041886968011036,0.0013257651648792
-0.0518826762382974,0.269422706172511,0.148752243317109,-0.0331193788198327,-0.00419134317203207,0.00132687636175923
-0.0519056760073504,0.269419794598934,0.148753165144121,-0.0331199566971237,-0.00419398856871523,0.00132798501294672
-0.0519286761790508,0.26941688118861,0.148754087740158,-0.0331205384464204,-0.00419663300625508,0.00132909115822474
-0.0519516767560914,0.2694139659422,0.148755011103492,-0.0331211240786268,-0.00419927649967546,0.00133019483716121
-0.0519746777411725,0.269411048860353,0.148755935232425,-0.0331217136049773,-0.0042019190639234,0.00133129608911282
-0.0519976791370025,0.269408129943711,0.148756860125285,-0.0331223070370368,-0.0042045607138706,0.00133239495322903
-0.0520206809462975,0.269405209192903,0.148757785780428,-0.033122904386701,-0.00420720146431495,0.00133349146845604
-0.0520436831717825,0.269402286608549,0.148758712196235,-0.0331235056661968,-0.004209841329982,0.00133458567354074
-0.0520666858161909,0.269399362191258,0.148759639371115,-0.033124110888083,-0.00421248032552645,0.00133567760703456
-0.0520896888822649,0.269396435941628,0.148760567303505,-0.033124720065251,-0.00421511846553358,0.00133676730729732
-0.0521126923727557,0.26939350786025,0.148761495991867,-0.0331253332109249,-0.00421775576452073,0.00133785481250102
-0.0521356962904241,0.269390577947702,0.14876242543469,-0.033125950338663,-0.00422039223693869,0.00133894016063362
-0.05215870063804,0.269387646204553,0.148763355630489,-0.0331265714623579,-0.00422302789717311,0.00134002338950274
-0.0521817054183834,0.269384712631363,0.148764286577805,-0.0331271965962382,-0.00422566275954596,0.00134110453673932
-0.0522047106342442,0.26938177722868,0.148765218275205,-0.0331278257548684,-0.00422829683831683,0.00134218363980132
-0.0522277162884225,0.269378839997043,0.148766150721284,-0.033128458953151,-0.00423093014768437,0.00134326073597726
-0.0522507223837289,0.269375900936983,0.14876708391466,-0.0331290962063269,-0.00423356270178761,0.00134433586238983
-0.0522737289229848,0.269372960049018,0.148768017853979,-0.0331297375299763,-0.00423619451470676,0.001345409055998
-0.0522967359090221,0.269370017333659,0.14876895253791,-0.0331303829400219,-0.00423882560046667,0.00134648035360604
-0.0523197433446845,0.269367072791405,0.148769887965151,-0.0331310324527274,-0.00424145597303488,0.0013475497918587
-0.0523427512328267,0.269364126422747,0.148770824134422,-0.0331316860847006,-0.00424408564632521,0.00134861740725017
-0.0523657595763151,0.269361178228166,0.14877176104447,-0.0331323438528944,-0.00424671463419846,0.00134968323612614
-0.0523887683780283,0.269358228208133,0.148772698694067,-0.0331330057746087,-0.00424934295046369,0.00135074731468712
-0.0524117776408565,0.269355276363109,0.14877363708201,-0.0331336718674915,-0.00425197060887953,0.00135180967899178
-0.0524347873677028,0.269352322693547,0.148774576207121,-0.033134342149541,-0.0042545976231554,0.00135287036496029
-0.0524577975614826,0.269349367199889,0.148775516068248,-0.0331350166391072,-0.00425722400695276,0.00135392940837755
-0.0524808082251243,0.269346409882569,0.148776456664261,-0.0331356953548936,-0.00425984977388636,0.00135498684489644
-0.0525038193615693,0.26934345074201,0.148777397994057,-0.0331363783159594,-0.00426247493752549,0.00135604271004108
-0.0525268309737726,0.269340489778626,0.148778340056558,-0.0331370655417211,-0.00426509951139516,0.00135709703920997
-0.0525498430647024,0.269337526992822,0.148779282850709,-0.033137757051955,-0.00426772350897737,0.00135814986767915
-0.0525728556373411,0.269334562384994,0.14878022637548,-0.0331384528667992,-0.00427034694371225,0.00135920123060539
-0.0525958686946853,0.269331595955527,0.148781170629865,-0.0331391530067554,-0.00427296982899931,0.00136025116302925
-0.0526188822397454,0.2693286277048,0.148782115612883,-0.0331398574926918,-0.00427559217819861,0.0013612996998782
-0.0526418962755471,0.269325657633179,0.148783061323577,-0.0331405663458451,-0.00427821400463193,0.00136234687596968
-0.0526649108051306,0.269322685741022,0.148784007761015,-0.0331412795878232,-0.00428083532158393,0.00136339272601418
-0.0526879258315512,0.26931971202868,0.148784954924287,-0.0331419972406076,-0.00428345614230333,0.00136443728461815
-0.0527109413578799,0.269316736496492,0.148785902812508,-0.0331427193265558,-0.00428607648000406,0.00136548058628704
-0.0527339573872029,0.269313759144789,0.148786851424818,-0.0331434458684043,-0.00428869634786641,0.00136652266542832
-0.0527569739226228,0.269310779973892,0.148787800760379,-0.0331441768892713,-0.0042913157590382,0.00136756355635442
-0.052779990967258,0.269307798984115,0.148788750818379,-0.0331449124126595,-0.00429393472663584,0.00136860329328562
-0.0528030085242437,0.269304816175761,0.148789701598027,-0.0331456524624591,-0.00429655326374549,0.00136964191035298
-0.0528260265967315,0.269301831549123,0.148790653098559,-0.0331463970629508,-0.00429917138342422,0.00137067944160124
-0.0528490451878902,0.269298845104488,0.148791605319231,-0.0331471462388089,-0.00430178909870103,0.00137171592099163
-0.0528720643009059,0.269295856842132,0.148792558259325,-0.0331479000151045,-0.00430440642257804,0.00137275138240482
-0.052895083938982,0.269292866762322,0.148793511918145,-0.0331486584173088,-0.00430702336803154,0.00137378585964367
-0.0529181041053401,0.269289874865317,0.148794466295021,-0.0331494214712967,-0.0043096399480131,0.00137481938643607
-0.0529411248032195,0.269286881151365,0.148795421389303,-0.0331501892033497,-0.00431225617545067,0.00137585199643776
-0.0529641460358782,0.269283885620707,0.148796377200367,-0.0331509616401601,-0.00431487206324962,0.0013768837232351
-0.0529871678065928,0.269280888273575,0.148797333727611,-0.0331517388088341,-0.00431748762429388,0.00137791460034782
-0.0530101901186589,0.269277889110191,0.148798290970456,-0.0331525207368961,-0.00432010287144694,0.00137894466123179
-0.0530332129753912,0.269274888130768,0.148799248928348,-0.0331533074522919,-0.00432271781755297,0.0013799739392817
-0.053056236380124,0.269271885335511,0.148800207600754,-0.0331540989833933,-0.00432533247543786,0.00138100246783392
-0.0530792603362117,0.269268880724616,0.148801166987165,-0.0331548953590015,-0.00432794685791024,0.00138203028016888
-0.0531022848470286,0.269265874298269,0.148802127087096,-0.0331556966083518,-0.00433056097776264,0.00138305740951423
-0.0531253099159695,0.269262866056649,0.148803087900084,-0.0331565027611172,-0.00433317484777245,0.00138408388904719
-0.0531483355464499,0.269259855999924,0.148804049425688,-0.0331573138474134,-0.00433578848070298,0.00138510975189727
-0.0531713617419066,0.269256844128255,0.148805011663493,-0.0331581298978028,-0.0043384018893045,0.00138613503114898
-0.0531943885057976,0.269253830441794,0.148805974613104,-0.0331589509432992,-0.00434101508631529,0.00138715975984439
-0.0532174158416026,0.269250814940681,0.148806938274151,-0.0331597770153722,-0.00434362808446265,0.00138818397098582
-0.0532404437528232,0.269247797625053,0.148807902646285,-0.0331606081459525,-0.00434624089646395,0.00138920769753844
-0.0532634722429837,0.269244778495032,0.148808867729181,-0.033161444367436,-0.00434885353502768,0.00139023097243285
-0.0532865013156307,0.269241757550736,0.148809833522538,-0.0331622857126896,-0.00435146601285439,0.00139125382856769
-0.053309530974334,0.269238734792271,0.148810800026076,-0.0331631322150553,-0.0043540783426378,0.00139227629881222
-0.0533325612226865,0.269235710219736,0.148811767239538,-0.0331639839083565,-0.00435669053706578,0.00139329841600888
-0.0533555920643051,0.26923268383322,0.148812735162691,-0.0331648408269024,-0.00435930260882134,0.00139432021297586
-0.0533786235028304,0.269229655632804,0.148813703795323,-0.033165703005494,-0.00436191457058369,0.00139534172250966
-0.0534016555419274,0.269226625618561,0.148814673137247,-0.0331665704794293,-0.00436452643502922,0.00139636297738763
-0.0534246881852859,0.269223593790553,0.148815643188296,-0.0331674432845091,-0.00436713821483249,0.00139738401037046
-0.0534477214366206,0.269220560148835,0.148816613948328,-0.033168321457043,-0.00436974992266729,0.00139840485420477
-0.0534707552996717,0.269217524693452,0.148817585417224,-0.033169205033855,-0.00437236157120759,0.00139942554162559
-0.053493789778205,0.269214487424441,0.148818557594885,-0.0331700940522897,-0.00437497317312855,0.00140044610535885
-0.0535168248760127,0.26921144834183,0.148819530481238,-0.0331709885502185,-0.00437758474110753,0.00140146657812394
-0.0535398605969132,0.269208407445639,0.14882050407623,-0.0331718885660458,-0.00438019628782505,0.00140248699263606
-0.0535628969447518,0.269205364735877,0.148821478379833,-0.0331727941387158,-0.00438280782596597,0.00140350738160906
-0.0535859339234013,0.269202320212546,0.14882245339204,-0.0331737053077186,-0.00438541936822019,0.00140452777775745
-0.0536089715367617,0.26919927387564,0.148823429112867,-0.0331746221130973,-0.00438803092728384,0.00140554821379916
-0.0536320097887614,0.269196225725141,0.148824405542354,-0.0331755445954547,-0.00439064251586022,0.00140656872245793
-0.0536550486833568,0.269193175761024,0.148825382680561,-0.0331764727959604,-0.00439325414666078,0.00140758933646582
-0.0536780882245335,0.269190123983258,0.148826360527575,-0.0331774067563579,-0.00439586583240616,0.00140861008856557
-0.053701128416306,0.269187070391797,0.148827339083502,-0.0331783465189722,-0.00439847758582712,0.00140963101151316
-0.0537241692627185,0.269184014986592,0.148828318348472,-0.0331792921267166,-0.00440108941966554,0.00141065213808014
-0.053747210767845,0.269180957767582,0.148829298322637,-0.0331802436231013,-0.00440370134667546,0.00141167350105617
-0.0537702529357905,0.269177898734697,0.148830279006174,-0.0331812010522404,-0.00440631337962398,0.00141269513325137
-0.0537932957706902,0.26917483788786,0.148831260399281,-0.0331821644588601,-0.00440892553129233,0.0014137170674988
-0.0538163392767109,0.269171775226984,0.148832242502179,-0.0331831338883071,-0.00441153781447681,0.00141473933665686
-0.053839383458051,0.269168710751973,0.148833225315112,-0.0331841093865564,-0.00441415024198977,0.00141576197361171
-0.0538624283189411,0.269165644462723,0.148834208838346,-0.0331850910002204,-0.00441676282666066,0.00141678501127968
-0.0538854738636445,0.269162576359119,0.148835193072172,-0.0331860787765568,-0.00441937558133694,0.00141780848260972
-0.0539085200964573,0.26915950644104,0.148836178016902,-0.0331870727634783,-0.0044219885188851,0.00141883242058572
-0.0539315670217093,0.269156434708353,0.148837163672872,-0.0331880730095607,-0.00442460165219168,0.00141985685822901
-0.0539546146437642,0.269153361160919,0.14883815004044,-0.0331890795640528,-0.00442721499416418,0.00142088182860067
-0.0539776629670201,0.269150285798588,0.148839137119987,-0.0331900924768855,-0.00442982855773214,0.001421907364804
-0.0540007119959101,0.269147208621201,0.148840124911918,-0.0331911117986816,-0.00443244235584803,0.00142293349998684
-0.0540237617349026,0.269144129628592,0.148841113416661,-0.0331921375807652,-0.00443505640148831,0.001423960267344
-0.0540468121885019,0.269141048820583,0.148842102634666,-0.0331931698751722,-0.0044376707076544,0.00142498770011962
-0.0540698633612489,0.26913796619699,0.148843092566406,-0.03319420873466,-0.00444028528737362,0.00142601583160955
-0.0540929152577211,0.269134881757618,0.148844083212379,-0.0331952542127186,-0.00444290015370026,0.00142704469516372
-0.0541159678825334,0.269131795502263,0.148845074573105,-0.0331963063635803,-0.00444551531971648,0.00142807432418849
-0.054139021240339,0.269128707430712,0.148846066649126,-0.0331973652422318,-0.00444813079853341,0.00142910475214899
-0.054162075335829,0.269125617542745,0.148847059441009,-0.033198430904424,-0.00445074660329191,0.00143013601257173
-0.054185130173734,0.269122525838129,0.148848052949343,-0.033199503406684,-0.0044533627471639,0.00143116813904655
-0.0542081857588238,0.269119432316626,0.148849047174743,-0.0332005828063271,-0.00445597924335313,0.00143220116522929
-0.0542312420959084,0.269116336977984,0.148850042117845,-0.0332016691614675,-0.00445859610509621,0.001433235124844
-0.0542542991898384,0.269113239821947,0.148851037779307,-0.0332027625310315,-0.00446121334566362,0.00143427005168532
-0.0542773570455057,0.269110140848247,0.148852034159815,-0.033203862974769,-0.0044638309783607,0.00143530597962085
-0.0543004156678438,0.269107040056606,0.148853031260074,-0.0332049705532664,-0.00446644901652865,0.00143634294259345
-0.0543234750618288,0.269103937446738,0.148854029080816,-0.0332060853279596,-0.00446906747354549,0.00143738097462356
-0.0543465352324795,0.269100833018348,0.148855027622794,-0.0332072073611467,-0.00447168636282711,0.00143842010981159
-0.0543695961848585,0.269097726771131,0.148856026886787,-0.0332083367160019,-0.00447430569782824,0.00143946038234017
-0.0543926579240725,0.269094618704773,0.148857026873596,-0.0332094734565887,-0.00447692549204341,0.00144050182647651
-0.0544157204552729,0.269091508818949,0.148858027584048,-0.0332106176478743,-0.00447954575900801,0.00144154447657472
-0.0544387837836567,0.269088397113328,0.14885902901899,-0.0332117693557434,-0.00448216651229925,0.00144258836707806
-0.0544618479144669,0.269085283587567,0.148860031179297,-0.0332129286470134,-0.00448478776553715,0.0014436335325213
-0.0544849128529931,0.269082168241313,0.148861034065866,-0.0332140955894486,-0.00448740953238555,0.00144468000753298
-0.0545079786045726,0.269079051074205,0.148862037679619,-0.0332152702517761,-0.00449003182655311,0.00144572782683768
-0.0545310451745904,0.269075932085873,0.1488630420215,-0.0332164527037006,-0.00449265466179431,0.00144677702525834
-0.0545541125684805,0.269072811275935,0.148864047092481,-0.033217643015921,-0.00449527805191042,0.0014478276377185
-0.0545771807917264,0.269069688644002,0.148865052893555,-0.0332188412601462,-0.00449790201075053,0.00144887969924456
-0.0546002498498614,0.269066564189674,0.14886605942574,-0.0332200475091117,-0.00450052655221253,0.00144993324496807
-0.0546233197484701,0.269063437912542,0.14886706669008,-0.0332212618365978,-0.0045031516902448,0.00145098831012955
-0.0546463904931884,0.269060309812185,0.148868074687642,-0.0332224843174424,-0.00450577743884451,0.00145204493007424
-0.0546694620897048,0.269057179888176,0.148869083419518,-0.0332237150275653,-0.00450840381206263,0.00145310314026408
-0.0546925345437606,0.269054048140076,0.148870092886824,-0.0332249540439817,-0.00451103082400227,0.0014541629762734
-0.0547156078611511,0.269050914567436,0.148871103090703,-0.0332262014448221,-0.00451365848882026,0.00145522447379276
-0.0547386820477264,0.269047779169799,0.14887211403232,-0.033227457309351,-0.00451628682072825,0.00145628766863114
-0.0547617571093919,0.269044641946694,0.148873125712866,-0.033228721717986,-0.00451891583399363,0.00145735259671807
-0.0547848330521092,0.269041502897646,0.148874138133558,-0.033229994752318,-0.00452154554294054,0.00145841929410584
-0.0548079098818971,0.269038362022165,0.148875151295637,-0.0332312764951308,-0.00452417596195088,0.00145948779697159
-0.0548309876048322,0.269035219319753,0.148876165200369,-0.0332325670304222,-0.00452680710546526,0.00146055814161948
-0.0548540662270499,0.269032074789903,0.148877179849046,-0.0332338664434247,-0.00452943898798399,0.00146163036448273
-0.0548771457547453,0.269028928432095,0.148878195242985,-0.0332351748206273,-0.00453207162406804,0.00146270450212579
-0.0549002261941739,0.269025780245803,0.148879211383529,-0.0332364922497972,-0.00453470502834005,0.00146378059124629
-0.0549233075516527,0.269022630230486,0.148880228272044,-0.033237818820003,-0.00453733921548528,0.00146485866867719
-0.0549463898335608,0.269019478385597,0.148881245909926,-0.0332391546216367,-0.00453997420025254,0.00146593877138872
-0.0549694730463409,0.269016324710575,0.148882264298593,-0.0332404997464383,-0.00454260999745521,0.00146702093649044
-0.0549925571964994,0.269013169204853,0.148883283439491,-0.0332418542875192,-0.00454524662197216,0.00146810520123313
-0.0550156422906084,0.26901001186785,0.14888430333409,-0.0332432183393871,-0.0045478840887487,0.0014691916030108
-0.0550387283353057,0.269006852698976,0.148885323983887,-0.0332445919979712,-0.00455052241279758,0.0014702801793626
-0.0550618153372963,0.26900369169763,0.148886345390406,-0.0332459753606481,-0.00455316160919986,0.00147137096797466
-0.0550849033033536,0.269000528863202,0.148887367555197,-0.0332473685262679,-0.00455580169310593,0.00147246400668201
-0.0551079922403197,0.26899736419507,0.148888390479834,-0.033248771595181,-0.00455844267973586,0.00147355933346965
-0.0551310821551073,0.268994197692601,0.148889414165921,-0.0332501846692672,-0.00456108458438238,0.00147465698647715
-0.0551541730547003,0.268991029355153,0.148890438615085,-0.0332516078519618,-0.00456372742240851,0.00147575700399594
-0.0551772649461549,0.268987859182072,0.148891463828982,-0.0332530412482861,-0.00456637120925076,0.00147685942447407
-0.0552003578366007,0.268984687172695,0.148892489809295,-0.0332544849648762,-0.00456901596041944,0.00147796428651716
-0.0552234517332423,0.268981513326345,0.148893516557732,-0.0332559391100138,-0.00457166169149952,0.00147907162888994
-0.0552465466433597,0.268978337642337,0.14889454407603,-0.0332574037936571,-0.00457430841815151,0.00148018149051784
-0.0552696425743099,0.268975160119975,0.14889557236595,-0.0332588791274723,-0.00457695615611229,0.00148129391048845
-0.0552927395335283,0.268971980758549,0.148896601429284,-0.0332603652248665,-0.00457960492119592,0.00148240892805297
-0.0553158375285293,0.268968799557343,0.14889763126785,-0.0332618622010207,-0.00458225472929449,0.00148352658262761
-0.0553389365669083,0.268965616515625,0.148898661883491,-0.0332633701729243,-0.00458490559637891,0.00148464691379491
-0.0553620366563423,0.268962431632654,0.148899693278081,-0.0332648892594094,-0.00458755753849967,0.001485769961305
-0.0553851378045915,0.26895924490768,0.14890072545352,-0.033266419581187,-0.00459021057178765,0.00148689576507679
-0.0554082400195008,0.268956056339937,0.148901758411735,-0.0332679612608839,-0.00459286471245484,0.00148802436519913
-0.0554313433090008,0.268952865928652,0.148902792154684,-0.0332695144230794,-0.00459551997679506,0.00148915580193179
-0.0554544476811091,0.268949673673039,0.148903826684348,-0.0332710791943445,-0.00459817638118468,0.00149029011570649
-0.0554775531439321,0.2689464795723,0.148904862002742,-0.0332726557032812,-0.00460083394208329,0.00149142734712775
-0.0555006597056665,0.268943283625625,0.148905898111904,-0.0332742440805622,-0.00460349267603437,0.00149256753697366
-0.0555237673745999,0.268940085832196,0.148906935013904,-0.0332758444589734,-0.00460615259966588,0.0014937107261966
-0.0555468761591132,0.26893688619118,0.148907972710839,-0.033277456973455,-0.00460881372969088,0.00149485695592382
-0.0555699860676818,0.268933684701733,0.148909011204834,-0.0332790817611462,-0.00461147608290812,0.00149600626745794
-0.0555930971088769,0.268930481363,0.148910050498044,-0.0332807189614287,-0.00461413967620254,0.0014971587022773
-0.0556162092913676,0.268927276174114,0.148911090592653,-0.0332823687159731,-0.00461680452654575,0.00149831430203627
-0.0556393226239218,0.268924069134196,0.148912131490873,-0.0332840311687854,-0.00461947065099657,0.00149947310856537
-0.0556624371154086,0.268920860242355,0.148913173194945,-0.0332857064662551,-0.0046221380667014,0.0015006351638713
-0.0556855527747995,0.268917649497689,0.14891421570714,-0.0332873947572027,-0.00462480679089401,0.00150180051013516
-0.0557086696111698,0.268914436899283,0.148915259029758,-0.0332890961929365,-0.00462747684089827,0.00150296918971862
-0.0557317876337013,0.268911222446211,0.148916303165129,-0.0332908109272951,-0.00463014823412492,0.00150414124515383
-0.0557549068516834,0.268908006137532,0.148917348115612,-0.0332925391167071,-0.00463282098807413,0.00150531671914933
-0.0557780272745148,0.268904787972297,0.148918393883596,-0.0332942809202434,-0.00463549512033512,0.00150649565458765
-0.0558011489117059,0.268901567949542,0.148919440471499,-0.0332960364996733,-0.00463817064858631,0.00150767809452441
-0.0558242717728802,0.268898346068291,0.148920487881771,-0.0332978060195224,-0.0046408475905954,0.00150886408218716
-0.0558473958677765,0.268895122327557,0.148921536116889,-0.0332995896471308,-0.00464352596421943,0.00151005366097415
-0.0558705212062507,0.268891896726339,0.148922585179363,-0.0333013875527139,-0.00464620578740466,0.00151124687445272
-0.0558936477982782,0.268888669263624,0.148923635071733,-0.0333031999094245,-0.00464888707818655,0.00151244376635766
-0.0559167756539553,0.268885439938386,0.148924685796567,-0.0333050268934163,-0.00465156985468953,0.00151364438058919
-0.055939904783502,0.268882208749588,0.148925737356467,-0.0333068686839095,-0.00465425413512673,0.00151484876121078
-0.0559630351972637,0.268878975696179,0.148926789754062,-0.0333087254632578,-0.0046569399377997,0.00151605695244671
-0.0559861669057135,0.268875740777096,0.148927842992015,-0.0333105974170174,-0.00465962728109792,0.00151726899867934
-0.0560092999194547,0.268872503991261,0.148928897073019,-0.033312484734018,-0.00466231618349835,0.00151848494444612
-0.0560324342492226,0.268869265337587,0.148929951999795,-0.0333143876064353,-0.0046650066635648,0.00151970483443629
-0.0560555699058874,0.26886602481497,0.148931007775101,-0.033316306229866,-0.00466769873994722,0.00152092871348729
-0.0560787069004562,0.268862782422296,0.14893206440172,-0.0333182408034044,-0.00467039243138094,0.00152215662658087
-0.0561018452440756,0.268859538158437,0.148933121882471,-0.0333201915297216,-0.00467308775668568,0.00152338861883876
-0.0561249849480343,0.268856292022252,0.148934180220201,-0.0333221586151463,-0.00467578473476459,0.00152462473551812
-0.0561481260237654,0.268853044012586,0.148935239417791,-0.0333241422697483,-0.00467848338460305,0.00152586502200649
-0.0561712684828495,0.268849794128271,0.148936299478152,-0.0333261427074244,-0.00468118372526737,0.00152710952381638
-0.0561944123370167,0.268846542368127,0.148937360404227,-0.0333281601459863,-0.00468388577590341,0.00152835828657949
-0.05621755759815,0.26884328873096,0.148938422198991,-0.0333301948072513,-0.00468658955573495,0.00152961135604043
-0.0562407042782879,0.268840033215561,0.148939484865451,-0.0333322469171353,-0.00468929508406199,0.00153086877804995
-0.0562638523896272,0.268836775820711,0.148940548406646,-0.0333343167057511,-0.00469200238025985,0.00153213059856035
-0.0562870019445258,0.268833516545175,0.148941612825645,-0.0333364044074982,-0.00469471146377317,0.00153339686360747
-0.0563101529555061,0.268830255387704,0.148942678125552,-0.0333385102611771,-0.00469742235411979,0.00153466761931806
-0.0563333054352578,0.268826992347038,0.1489437443095,-0.033340634510085,-0.00470013507088417,0.00153594291189038
-0.0563564593966411,0.268823727421901,0.148944811380657,-0.0333427774021256,-0.00470284963371572,0.00153722278758744
-0.0563796148526902,0.268820460611004,0.148945879342221,-0.0333449391899194,-0.0047055660623261,0.00153850729272693
-0.0564027718166162,0.268817191913044,0.148946948197424,-0.0333471201309176,-0.00470828437648611,0.00153979647367057
-0.0564259303018109,0.268813921326707,0.148948017949528,-0.0333493204875192,-0.00471100459602245,0.00154109037681269
-0.0564490903218496,0.26881064885066,0.148949088601828,-0.0333515405271916,-0.00471372674081417,0.00154238904856813
-0.0564722518904957,0.268807374483561,0.148950160157654,-0.0333537805225946,-0.00471645083078891,0.0015436925353593
-0.0564954150217035,0.268804098224051,0.148951232620364,-0.0333560407517087,-0.00471917688591883,0.00154500088360248
-0.0565185797296224,0.26880082007076,0.148952305993351,-0.0333583214979667,-0.00472190492621627,0.00154631413969329
-0.0565417460286002,0.2687975400223,0.148953380280038,-0.0333606230503894,-0.00472463497172908,0.00154763234999122
-0.0565649139331879,0.268794258077274,0.148954455483883,-0.0333629457037255,-0.00472736704253569,0.00154895556080322
-0.0565880834581428,0.268790974234268,0.148955531608374,-0.0333652897585959,-0.00473010115873978,0.00155028381836634
-0.0566112546184332,0.268787688491854,0.148956608657032,-0.0333676555216421,-0.00473283734046462,0.00155161716882929
-0.0566344274292425,0.26878440084859,0.148957686633409,-0.0333700433056795,-0.00473557560784705,0.00155295565823292
-0.0566576019059735,0.268781111303022,0.148958765541091,-0.0333724534298556,-0.00473831598103106,0.00155429933248954
-0.0566807780642528,0.26877781985368,0.148959845383693,-0.0333748862198122,-0.0047410584801609,0.00155564823736098
-0.0567039559199357,0.268774526499081,0.148960926164864,-0.0333773420078542,-0.00474380312537383,0.00155700241843544
-0.0567271354891102,0.268771231237726,0.148962007888284,-0.0333798211331221,-0.00474654993679235,0.00155836192110292
-0.0567503167881027,0.268767934068107,0.148963090557663,-0.0333823239417703,-0.00474929893451677,0.00155972679052937
-0.0567734998334822,0.268764634988696,0.148964174176746,-0.0333848507871558,-0.00475205013861397,0.00156109707162944
-0.0567966846420658,0.268761333997954,0.148965258749304,-0.0333874020300218,-0.00475480356910991,0.00156247280903557
-0.0568198712309234,0.26875803109433,0.148966344279142,-0.0333899780386997,-0.00475755924597561,0.00156385404706615
-0.0568430596173838,0.268754726276255,0.148967430770097,-0.0333925791893097,-0.00476031718912081,0.00156524082969581
-0.0568662498190395,0.268751419542149,0.148968518226033,-0.033395205865977,-0.0047630774183664,0.00156663320056594
-0.0568894418537527,0.268748110890418,0.148969606650846,-0.0333978584610267,-0.00476583995349081,0.00156803120282079
-0.0569126357396611,0.268744800319453,0.148970696048461,-0.0334005373753025,-0.0047686048136739,0.00156943487891934
-0.0569358314951833,0.268741487827634,0.148971786422834,-0.033403243018209,-0.00477137201848053,0.00157084427055609
-0.0569590291390258,0.268738173413325,0.148972877777948,-0.0334059758080565,-0.0047741415878106,0.00157225942025878
-0.0569822286901885,0.268734857074877,0.148973970117816,-0.033408736172351,-0.00477691354095074,0.00157368036915079
-0.0570054301679715,0.268731538810628,0.148975063446479,-0.0334115245480039,-0.00477968789703216,0.00157510715772415
-0.0570286335919815,0.268728218618903,0.148976157768007,-0.033414341381601,-0.00478246467501475,0.00157653982579262
-0.057051838982139,0.268724896498014,0.148977253086496,-0.0334171871296732,-0.0047852438936692,0.00157797841243709
-0.057075046358685,0.26872157244626,0.14897834940607,-0.033420062258981,-0.00478802557155829,0.00157942295595057
-0.0570982557421881,0.268718246461925,0.148979446730878,-0.0334229672468004,-0.00479080972701555,0.00158087349377569
-0.0571214671535523,0.268714918543283,0.148980545065096,-0.0334259025812284,-0.00479359637812532,0.0015823300624441
-0.0571446806140244,0.268711588688596,0.148981644412924,-0.0334288687616854,-0.00479638554271909,0.00158379269746421
-0.0571678961452022,0.26870825689611,0.148982744778588,-0.0334318662996936,-0.00479917723827737,0.00158526143294411
-0.0571911137690423,0.268704923164064,0.148983846166334,-0.0334348957171183,-0.00480197148191355,0.00158673630237243
-0.0572143335078679,0.268701587490681,0.148984948580435,-0.0334379575481735,-0.00480476829057092,0.00158821733824969
-0.0572375553843778,0.268698249874174,0.148986052025183,-0.03344105233994,-0.00480756768073045,0.00158970457149641
-0.0572607794216549,0.268694910312745,0.148987156504892,-0.0334441806523957,-0.0048103696684641,0.00159119803164777
-0.0572840056431759,0.268691568804585,0.148988262023898,-0.0334473430587664,-0.00481317426940687,0.00159269774677512
-0.05730723407282,0.268688225347873,0.148989368586551,-0.0334505401459212,-0.00481598149872249,0.00159420374338655
-0.0573304647348788,0.26868487994078,0.148990476197223,-0.0334537725148002,-0.00481879137107227,0.00159571604633364
-0.0573536976540666,0.268681532581465,0.148991584860302,-0.0334570407808332,-0.00482160390057462,0.00159723467869515
-0.0573769328555298,0.268678183268078,0.148992694580191,-0.0334603455743872,-0.00482441910076662,0.00159875966166436
-0.057400170364858,0.26867483199876,0.148993805361307,-0.033463687541226,-0.00482723698456175,0.00160029101442688
-0.057423410208095,0.268671478771642,0.148994917208079,-0.0334670673429926,-0.00483005756420676,0.00160182875403515
-0.0574466524117493,0.268668123584849,0.148996030124947,-0.0334704856576996,-0.00483288085123291,0.00160337289526832
-0.0574698970028064,0.268664766436497,0.148997144116362,-0.0334739431802478,-0.00483570685640745,0.00160492345049173
-0.0574931440087403,0.268661407324695,0.148998259186782,-0.0334774406229583,-0.00483853558968014,0.00160648042950324
-0.0575163934575257,0.268658046247545,0.14899937534067,-0.0334809787161355,-0.0048413670601294,0.00160804383937744
-0.0575396453776512,0.268654683203143,0.149000492582493,-0.0334845582086318,-0.00484420127590051,0.00160961368428908
-0.0575628997981319,0.26865131818958,0.149001610916721,-0.0334881798684545,-0.0048470382441446,0.00161118996533798
-0.0575861567485228,0.268647951204943,0.149002730347823,-0.0334918444833858,-0.00484987797095196,0.00161277268035784
-0.0576094162589335,0.268644582247314,0.149003850880265,-0.0334955528616303,-0.00485272046128173,0.00161436182371526
-0.0576326783600417,0.268641211314773,0.149004972518508,-0.033499305832487,-0.00485556571888733,0.00161595738609701
-0.057655943083109,0.268637838405396,0.149006095267007,-0.0335031042470513,-0.00485841374623811,0.00161755935428611
-0.0576792104599952,0.268634463517261,0.149007219130202,-0.0335069489789311,-0.0048612645444325,0.00161916771091623
-0.0577024805231754,0.268631086648443,0.149008344112523,-0.0335108409250196,-0.0048641181131138,0.00162078243423001
-0.0577257533057555,0.268627707797019,0.149009470218384,-0.0335147810062719,-0.00486697445037251,0.00162240349780351
-0.0577490288414897,0.268624326961067,0.149010597452175,-0.0335187701685266,-0.00486983355264722,0.00162403087026457
-0.0577723071647978,0.268620944138668,0.149011725818267,-0.0335228093833588,-0.00487269541461848,0.00162566451499228
-0.0577955883107837,0.268617559327909,0.149012855320999,-0.033526899648969,-0.00487556002909609,0.0016273043897982
-0.0578188723152537,0.268614172526882,0.149013985964684,-0.0335310419911074,-0.00487842738689932,0.00162895044658814
-0.0578421592147366,0.268610783733684,0.149015117753594,-0.0335352374640386,-0.00488129747672992,0.00163060263100377
-0.0578654490465031,0.268607392946424,0.149016250691964,-0.033539487151544,-0.00488417028503703,0.00163226088204191
-0.0578887418485877,0.268604000163218,0.149017384783985,-0.0335437921679756,-0.00488704579587457,0.00163392513165354
-0.0579120376598091,0.268600605382197,0.149018520033796,-0.0335481536593396,-0.00488992399074766,0.00163559530431112
-0.0579353365197934,0.268597208601503,0.149019656445482,-0.0335525728044398,-0.00489280484845142,0.00163727131655675
-0.0579586384689971,0.268593809819296,0.149020794023066,-0.0335570508160658,-0.00489568834489872,0.00163895307651847
-0.0579819435487309,0.268590409033753,0.149021932770506,-0.0335615889422327,-0.00489857445293712,0.00164064048339728
-0.0580052518011848,0.26858700624307,0.149023072691686,-0.0335661884674755,-0.00490146314215395,0.00164233342692161
-0.0580285632694542,0.268583601445466,0.149024213790409,-0.0335708507142004,-0.00490435437866893,0.00164403178676756
-0.0580518779975661,0.268580194639185,0.149025356070391,-0.0335755770440974,-0.00490724812491367,0.00164573543194269
-0.0580751960305071,0.268576785822499,0.149026499535255,-0.0335803688596133,-0.00491014433939687,0.0016474442201301
-0.0580985174142528,0.268573374993709,0.149027644188518,-0.0335852276054999,-0.00491304297645482,0.00164915799699371
-0.0581218421957966,0.268569962151149,0.149028790033589,-0.0335901547704144,-0.00491594398598279,0.00165087659543013
-0.058145170423182,0.268566547293192,0.149029937073753,-0.0335951518886124,-0.00491884731315287,0.00165259983478256
-0.0581685021455339,0.268563130418247,0.149031085312166,-0.0336002205417078,-0.00492175289811025,0.00165432751999717
-0.0581918374130927,0.26855971152477,0.149032234751845,-0.0336053623605165,-0.00492466067565023,0.00165605944072588
-0.0582151762772489,0.268556290611262,0.149033385395651,-0.0336105790269867,-0.00492757057487367,0.00165779537037011
-0.0582385187905795,0.268552867676276,0.149034537246286,-0.0336158722762197,-0.00493048251881926,0.00165953506506089
-0.0582618650068851,0.268549442718421,0.149035690306275,-0.0336212438985849,-0.00493339642407062,0.00166127826257088
-0.0582852149812301,0.268546015736365,0.149036844577953,-0.0336266957419397,-0.00493631220033741,0.00166302468115513
-0.0583085687699821,0.268542586728843,0.149038000063452,-0.0336322297139382,-0.00493922975000471,0.0016647740183046
-0.0583319264308551,0.268539155694659,0.14903915676469,-0.0336378477844864,-0.0049421489676575,0.00166652594943269
-0.0583552880229538,0.268535722632695,0.149040314683347,-0.0336435519882803,-0.00494506973956585,0.00166828012645375
-0.0583786536068187,0.268532287541912,0.149041473820855,-0.0336493444274869,-0.00494799194313741,0.00167003617627298
-0.0584020232444747,0.268528850421361,0.149042634178377,-0.0336552272745517,-0.00495091544633075,0.00167179369916946
-0.0584253969994804,0.26852541127019,0.14904379575679,-0.0336612027751466,-0.00495384010702708,0.00167355226706593
-0.0584487749369802,0.268521970087647,0.149044958556662,-0.033667273251264,-0.00495676577235714,0.00167531142167683
-0.0584721571237586,0.26851852687309,0.149046122578232,-0.0336734411044674,-0.00495969227798053,0.00167707067252626
-0.0584955436282964,0.268515081625996,0.149047287821386,-0.0336797088192973,-0.0049626194473107,0.00167882949481996
-0.0585189345208294,0.26851163434597,0.149048454285634,-0.0336860789668685,-0.00496554709068796,0.00168058732717268
-0.0585423298734103,0.268508185032752,0.149049621970084,-0.0336925542086312,-0.00496847500448686,0.00168234356916182
-0.0585657297599725,0.268504733686229,0.149050790873409,-0.0336991373003358,-0.00497140297016072,0.0016840975787076
-0.058589134256397,0.268501280306446,0.149051960993823,-0.0337058310962022,-0.00497433075321459,0.00168584866925929
-0.0586125434405825,0.268497824893617,0.149053132329048,-0.0337126385533028,-0.00497725810210075,0.00168759610677274
-0.0586359573925179,0.268494367448134,0.149054304876278,-0.0337195627361772,-0.00498018474703106,0.001689339106462
-0.0586593761943593,0.268490907970587,0.149055478632142,-0.033726606821689,-0.00498311039869913,0.00169107682930666
-0.0586827999305093,0.268487446461771,0.149056653592668,-0.0337337741041403,-0.00498603474690443,0.00169280837829396
-0.0587062286877006,0.268483982922706,0.149057829753239,-0.0337410680006557,-0.0049889574590696,0.00169453279437258
-0.0587296625550831,0.26848051735465,0.14905900710855,-0.0337484920568615,-0.00499187817864348,0.00169624905209664
-0.0587531016243155,0.268477049759118,0.149060185652558,-0.0337560499528593,-0.0049947965233768,0.00169795605492689
-0.0587765459896602,0.268473580137901,0.149061365378435,-0.0337637455095325,-0.00499771208346312,0.00169965263016698
-0.0587999957480842,0.268470108493082,0.149062546278508,-0.0337715826951905,-0.00500062441953051,0.00170133752349769
-0.0588234509993633,0.268466634827062,0.149063728344204,-0.0337795656325762,-0.00500353306047158,0.00170300939307494
-0.0588469118461921,0.268463159142581,0.149064911565985,-0.0337876986062583,-0.00500643750109728,0.00170466680315304
-0.058870378394299,0.268459681442741,0.149066095933284,-0.0337959860704286,-0.00500933719959873,0.00170630821719048
-0.0588938507525668,0.268456201731035,0.149067281434427,-0.0338044326571312,-0.00501223157479924,0.00170793199039112
-0.0589173290331594,0.268452720011374,0.149068468056558,-0.0338130431849457,-0.00501512000317729,0.0017095363616285
-0.0589408133516544,0.268449236288118,0.149069655785558,-0.0338218226681572,-0.00501800181563911,0.00171111944469862
-0.0589643038271819,0.268445750566106,0.149070844605948,-0.033830776326428,-0.00502087629401786,0.00171267921883377
-0.0589878005825713,0.268442262850696,0.149072034500799,-0.0338399095950158,-0.00502374266727226,0.00171421351841404
-0.0590113037445046,0.268438773147802,0.149073225451624,-0.0338492281355593,-0.00502660010735771,0.00171572002179578
-0.059034813443677,0.268435281463931,0.149074417438265,-0.0338587378474659,-0.00502944772473701,0.00171719623917417
-0.0590583298149667,0.268431787806234,0.149075610438773,-0.0338684448799343,-0.00503228456349587,0.00171863949938612
-0.0590818529976128,0.268428292182548,0.149076804429278,-0.0338783556446464,-0.0050351095960247,0.0017200469355501
-0.0591053831354015,0.26842479460145,0.149077999383847,-0.0338884768291656,-0.00503792171722357,0.00172141546942868
-0.0591289203768631,0.268421295072315,0.149079195274328,-0.0338988154110688,-0.00504071973818186,0.00172274179438476
-0.0591524648754789,0.268417793605373,0.149080392070192,-0.0339093786728889,-0.00504350237928305,0.00172402235679903
-0.0591760167898976,0.268414290211778,0.149081589738348,-0.033920174217811,-0.00504626826266777,0.00172525333577177
-0.0591995762841638,0.268410784903675,0.149082788242954,-0.0339312099862826,-0.00504901590399983,0.00172643062096174
-0.0592231435279587,0.268407277694281,0.149083987545204,-0.0339424942734835,-0.00505174370345597,0.00172754978834832
-0.0592467186968524,0.268403768597967,0.149085187603107,-0.0339540357477256,-0.00505444993585706,0.00172860607371064
-0.0592703019725699,0.268400257630348,0.149086388371232,-0.03396584346981,-0.00505713273985643,0.00172959434357897
-0.0592938935432704,0.268396744808382,0.149087589800451,-0.0339779269133701,-0.00505979010607815,0.00173050906339384
-0.0593174936038417,0.268393230150478,0.149088791837639,-0.0339902959862273,-0.00506241986409542,0.00173134426257226
-0.0593411023562091,0.268389713676614,0.149089994425364,-0.034002961052773,-0.00506501966812201,0.0017320934961471
-0.0593647200096607,0.268386195408459,0.149091197501543,-0.0340159329573895,-0.00506758698127608,0.00173274980260651
-0.0593883467811896,0.268382675369517,0.149092400999065,-0.034029223048921,-0.00507011905825954,0.00173330565751795
-0.0594119828958511,0.268379153585276,0.149093604845381,-0.0340428432060921,-0.00507261292626963,0.00173375292245846
-0.0594356285871428,0.268375630083374,0.149094808962065,-0.0340568058640426,-0.00507506536395912,0.00173408278875384
-0.0594592840973982,0.268372104893778,0.149096013264321,-0.0340711240416513,-0.00507747287820474,0.00173428571540657
-0.0594829496782027,0.268368578048984,0.149097217660454,-0.0340858113697547,-0.00507983167844722,0.00173435136057999
-0.0595066255908284,0.268365049584229,0.149098422051287,-0.0341008821200539,-0.00508213764831811,0.00173426850589146
-0.0595303121066891,0.268361519537734,0.149099626329526,-0.0341163512345468,-0.00508438631424005,0.00173402497268928
-0.0595540095078166,0.268357987950958,0.149100830379057,-0.0341322343552513,-0.00508657281064735,0.00173360752938518
-0.0595777180873567,0.268354454868888,0.149102034074184,-0.0341485478539096,-0.00508869184143016,0.00173300178880063
-0.0596014381500865,0.268350920340349,0.149103237278785,-0.0341653088612761,-0.00509073763715733,0.00173219209435991
-0.059625170012951,0.268347384418352,0.14910443984539,-0.0341825352954814,-0.00509270390757788,0.00173116139381766
-0.0596489140056198,0.26834384716047,0.149105641614161,-0.0342002458888204,-0.00509458378883987,0.00172989109905401
-0.0596726704710608,0.268340308629261,0.149106842411775,-0.0342184602121509,-0.00509636978479752,0.00172836093029128
-0.0596964397661301,0.268336768892726,0.149108042050187,-0.0342371986958766,-0.00509805370170171,0.00172654874289211
-0.0597202222621748,0.268333228024818,0.149109240325273,-0.0342564826462344,-0.0050996265754854,0.00172443033468345
-0.0597440183456454,0.268329686106007,0.149110437015325,-0.0342763342552885,-0.00510107859076378,0.00172197923151628
-0.059767828418712,0.2683261432239,0.149111631879394,-0.0342967766026532,-0.00510239899056933,0.00171916644851451
-0.0597916528998774,0.268322599473931,0.149112824655453,-0.034317833646476,-0.00510357597573373,0.00171596022419491
-0.0598154922245825,0.268319054960121,0.149114015058371,-0.0343395302007187,-0.00510459659271328,0.00171232572434241
-0.0598393468457846,0.268315509795922,0.149115202777666,-0.0343618918948314,-0.00510544660854226,0.00170822471225119
-0.0598632172345059,0.268311964105155,0.149116387475013,-0.0343849451114244,-0.00510611037146497,0.00170361518160489
-0.0598871038803262,0.268308418023049,0.149117568781495,-0.0344087168961287,-0.00510657065569451,0.00169845094802027
-0.0599110072918015,0.26830487169739,0.149118746294537,-0.0344332348327047,-0.00510680848863463,0.00169268119501876
-0.0599349279967832,0.268301325289799,0.149119919574524,-0.0344585268749723,-0.00510680295881326,0.0016862499699877
-0.0599588665426024,0.268297778977157,0.149121088141043,-0.0344846211250892,-0.00510653100273793,0.00167909562563903
-0.0599828234960743,0.268294232953173,0.149122251468716,-0.0345115455453151,-0.00510596716890979,0.00167115020260089
-0.0600067994432801,0.268290687430135,0.149123408982581,-0.0345393275880784,-0.0051050833573072,0.00166233874902438
-0.0600307949890548,0.268287142640849,0.149124560052988,-0.0345679937252297,-0.00510384853293898,0.00165257857394533
-0.0600548107561085,0.268283598840779,0.14912570398994,-0.0345975688539501,-0.00510222841246292,0.00164177843226758
-0.0600788473836842,0.268280056310423,0.149126840036852,-0.0346280755517331,-0.00510018512360967,0.0016298376413175
-0.0601029055256349,0.268276515357934,0.149127967363669,-0.0346595331475724,-0.00509767683823311,0.00161664513190579
-0.0601269858477833,0.268272976321993,0.149129085059311,-0.0346919565703426,-0.00509465738140065,0.00160207844118963
-0.0601510890243873,0.26826943957498,0.149130192123394,-0.0347253549279078,-0.00509107582130602,0.00158600266106932
-0.0601752157335164,0.268265905526414,0.149131287457213,-0.0347597297634004,-0.005086876047948,0.00156826936439032
-0.0601993666510807,0.268262374626701,0.149132369853991,-0.0347950729261181,-0.00508199635313455,0.00154871554364922
-0.0602235424432308,0.268258847371159,0.149133437988394,-0.0348313639872926,-0.00507636903034381,0.00152716261288359
-0.0602477437567829,0.268255324304313,0.149134490405406,-0.0348685671236655,-0.0050699200211464,0.00150341554523452
-0.0602719712072704,0.268251806024403,0.149135525508677,-0.0349066273874709,-0.00506256864553159,0.00147726224693317
-0.0602962253641695,0.268248293188041,0.149136541548556,-0.0349454662819679,-0.00505422746712827,0.00144847330456585
-0.0603205067327891,0.268244786514892,0.149137536610132,-0.034984976570134,-0.00504480236149349,0.00141680228771472
-0.060344815732274,0.268241286792213,0.149138508601742,-0.0350250162655085,-0.00503419287659617,0.00138198684394005
-0.0603691526691458,0.26823779487901,0.149139455244598,-0.0350654017946689,-0.00502229299929911,0.00134375088724435
-0.0603935177058255,0.268234311709477,0.149140374064428,-0.03510590038913,-0.00500899246912782,0.0013018082519871
-0.060417910823641,0.268230838295291,0.149141262386276,-0.035146221870134,-0.00499417880915178,0.00125586825677202
-0.0604423317800133,0.268227375726185,0.149142117333987,-0.0351860101472103,-0.00497774026846088,0.00120564368359852
-0.0604667800597859,0.268223925168107,0.149142935836219,-0.0352248349691795,-0.00495956988501424,0.00115086170882976
-0.0604912548211399,0.268220487858103,0.149143714641223,-0.035262184752865,-0.0049395708685684,0.00109127828912143
-0.0605157548372348,0.268217065094965,0.149144450342919,-0.0352974616586828,-0.00491766345406734,0.0010266963640937
-0.0605402784356385,0.268213658224588,0.149145139420978,-0.0353299804484583,-0.00489379326532351,0.00095698794262804
-0.060564823438818,0.268210268619034,0.149145778297478,-0.0353589729918814,-0.00486794102871578,0.000882119642060329
-0.0605893871103038,0.26820689764851,0.149146363412179,-0.0353836004650391,-0.00484013315906748,0.000802180498132031
-0.060613966112544,0.268203546645932,0.1491468913173,-0.0354029750409006,-0.00481045233318452,0.000717409862919958
-0.0606385564833952,0.26820021686449,0.149147358790836,-0.0354161919248433,-0.00477904691878461,0.00062822235380087
-0.0606631536384077,0.268196909429324,0.149147762965251,-0.0354223715282363,-0.00474613834118983,0.000535226712233272
-0.0606877524058687,0.268193625285041,0.149148101466219,-0.0354207116534469,-0.00471202552754512,0.000439235117824868
-0.0607123471013626,0.268190365141768,0.14914837255283,-0.0354105485601175,-0.00467708406000296,0.00034125685781076
-0.0607369316457804,0.268187129424739,0.149148575245878,-0.0353914189372647,-0.00464175634659524,0.000242469596503489
-0.060761499722775,0.268183918234086,0.149148709428672,-0.0353631096947949,-0.00460653253726399,0.000144170399286767
-0.0607860449649322,0.268180731319882,0.149148775909492,-0.0353256911408079,-0.00457192638409467,4.77152415046216E-05
-0.0608105611575433,0.268177568074999,0.149148776438339,-0.0352795337398889,-0.00453844806349113,-4.55527856251315E-05
-0.0608350424453249,0.268174427547845,0.149148713669906,-0.0352252974737115,-0.00450657452325173,-0.000134384757496469
-0.0608594835200759,0.268171308475122,0.149148591071986,-0.0351638886952401,-0.00447672263425465,-0.000217698106751022
-0.0608838797710555,0.268168209330722,0.149148412791344,-0.0350963988072785,-0.00444922983553529,-0.000294626493561102
-0.0609082273900206,0.268165128385471,0.149148183492027,-0.035024035662046,-0.00442434207575755,-0.000364549996240973
-0.0609325234267727,0.268162063772767,0.149147908179384,-0.0349480503037302,-0.00440220910677758,-0.00042710540438577
-0.0609567657944449,0.268159013554634,0.14914759202482,-0.0348696674129867,-0.00438288795210084,-0.000482173898645162
-0.0609809532307634,0.268155975782847,0.149147240205753,-0.0347900291598745,-0.00436635327311909,-0.000529850919399323
-0.0610050852261209,0.268152948551213,0.149146857770291,-0.0347101559078169,-0.00435251202583126,-0.000570406358117524
-0.0610291619301196,0.268149930036917,0.149146449531052,-0.0346309232776428,-0.00434121987818737,-0.000604241309517161
-0.061053184047356,0.26814691853049,0.149146019988832,-0.0345530536796821,-0.00433229729608722,-0.000631846006244882
-0.0610771527314983,0.268143912455149,0.14914557328406,-0.0344771192958585,-0.00432554388838,-0.000653762323602457
-0.0611010694843954,0.268140910376984,0.149145113172129,-0.0344035530180123,-0.0043207503214483,-0.00067055270921419
-0.0611249360646102,0.268137911007801,0.149144643017868,-0.0343326641530209,-0.00431770761165465,-0.000682776068825311
-0.0611487544077429,0.268134913202383,0.14914416580445,-0.0342646563190371,-0.00431621390426615,-0.000690970281795872
-0.0611725265593736,0.268131915951834,0.149143684152346,-0.0341996456106168,-0.00431607903735236,-0.000695640523463461
-0.0611962546203194,0.268128918374417,0.149143200344692,-0.0341376777421413,-0.0043171272896368,-0.000697252335487771
-0.0612199407032129,0.268125919704986,0.149142716356124,-0.0340787434221549,-0.00431919872903463,-0.000696228351979869
-0.0612435868990393,0.268122919283857,0.149142233882922,-0.034022791626665,-0.00432214954073564,-0.000692947687742668
-0.061267195252139,0.268119916545716,0.149141754372885,-0.0339697407218519,-0.00432585165074262,-0.000687747156324202
-0.0612907677422195,0.268116911008955,0.14914127905394,-0.0339194875563058,-0.00433019189371167,-0.000680923660295994
-0.0613143062720372,0.268113902265689,0.149140808960809,-0.0338719147345485,-0.00433507091293647,-0.00067273725763759
-0.061337812659569,0.26811088997259,0.14914034495944,-0.0338268963208446,-0.00434040192890054,-0.000663414545358259
-0.0613612886336735,0.268107873842595,0.149139887769041,-0.0337843022253702,-0.00434610947160415,-0.000653152111683011
-0.0613847358324106,0.268104853637484,0.14913943798174,-0.033744001508868,-0.00435212814002285,-0.000642119893048909
-0.0614081558033411,0.268101829161299,0.149138996079989,-0.0337058648161432,-0.0043584014283473,-0.000630464335101719
-0.061431550005267,0.268098800254551,0.149138562451848,-0.0336697661189213,-0.00436488064148156,-0.000618311302052515
-0.0614549198109868,0.268095766789145,0.149138137404347,-0.0336355839163635,-0.00437152390871451,-0.000605768712408273
-0.0614782665107325,0.268092728663948,0.149137721175114,-0.0336032020203971,-0.00437829530121749,-0.000592928892178144
-0.0615015913160382,0.268089685800947,0.149137313942465,-0.0335725100252362,-0.0043851640479718,-0.000579870660165306
-0.0615248953638472,0.268086638141909,0.149136915834135,-0.0335434035374329,-0.0043921038445933,-0.000566661161275667
-0.0615481797207154,0.268083585645492,0.149136526934812,-0.0335157842309165,-0.00439909224799467,-0.000553357468863351
-0.0615714453870051,0.268080528284758,0.149136147292639,-0.0334895597754773,-0.00440611014852209,-0.000540007979262624
-0.0615946933009982,0.268077466045013,0.149135776924807,-0.0334646436760306,-0.00441314131120064,-0.000526653621423916
-0.0616179243428738,0.268074398921957,0.149135415822372,-0.0334409550514365,-0.00442017197808648,-0.000513328903515528
-0.0616411393385183,0.268071326920086,0.149135063954388,-0.0334184183742989,-0.00442719052473154,-0.000500062816431528
-0.0616643390631464,0.268068250051312,0.149134721271465,-0.0333969631884811,-0.00443418716230841,-0.000486879612965349
-0.0616875242447209,0.268065168333787,0.149134387708817,-0.0333765238159248,-0.00444115368079063,-0.000473799480709058
-0.0617106955671681,0.268062081790878,0.149134063188883,-0.0333570390613557,-0.00444808322923391,-0.000460839117876023
-0.0617338536733905,0.268058990450294,0.14913374762357,-0.0333384519216987,-0.00445497012460434,-0.000448012231204499
-0.0617569991680781,0.268055894343335,0.14913344091618,-0.0333207093041023,-0.00446180968759479,-0.000435329963684135
-0.0617801326203305,0.268052793504241,0.149133142963058,-0.0333037617555296,-0.00446859810115788,-0.000422801262418992
-0.0618032545660937,0.26804968796964,0.149132853655008,-0.0332875632058041,-0.00447533228858983,-0.000410433195093056
-0.0618263655104246,0.268046577778073,0.149132572878496,-0.0332720707250262,-0.00448200980846935,-0.000398231222192537
-0.0618494659295918,0.268043462969578,0.149132300516685,-0.0332572442958485,-0.00448862876408496,-0.000386199431254481
-0.0618725562730232,0.268040343585346,0.14913203645032,-0.0332430466005892,-0.00449518772533446,-0.000374340738474345
-0.0618956369651112,0.268037219667421,0.149131780558474,-0.0332294428228629,-0.00450168566136778,-0.000362657062236687
-0.0619187084068852,0.268034091258438,0.14913153271919,-0.0332164004633067,-0.00450812188245255,-0.000351149472582892
-0.06194177097756,0.268030958401409,0.149131292810026,-0.0332038891686636,-0.00451449598981549,-0.000339818319893827
-0.0619648250359709,0.268027821139534,0.149131060708515,-0.0331918805735887,-0.00452080783233105,-0.000328663345760312
-0.0619878709219027,0.268024679516043,0.14913083629255,-0.0331803481543922,-0.00452705746912162,-0.00031768377849571
-0.062010908957321,0.268021533574061,0.149130619440717,-0.0331692670939529,-0.00453324513725532,-0.000306878415427131
-0.0620339394475134,0.268018383356497,0.149130410032563,-0.0331586141570398,-0.00453937122384268,-0.000296245693794141
-0.0620569626821478,0.268015228905943,0.14913020794883,-0.0331483675752963,-0.00454543624193249,-0.000285783751825116
-0.0620799789362535,0.268012070264599,0.14913001307164,-0.0331385069411719,-0.0045514408096907,-0.000275490481337801
-0.0621029884711319,0.268008907474204,0.149129825284651,-0.033129013110133,-0.00455738563241346,-0.000265363573038154
-0.0621259915352016,0.268005740575982,0.149129644473183,-0.0331198681104807,-0.00456327148700471,-0.000255400555476641
-0.0621489883647843,0.268002569610596,0.14912947052432,-0.0331110550602184,-0.0045690992085705,-0.000245598828571257
-0.0621719791848337,0.267999394618112,0.149129303326987,-0.0331025580903756,-0.00457486967885933,-0.00023595569239799
-0.0621949642096146,0.267996215637971,0.149129142772012,-0.0330943622742828,-0.00458058381629753,-0.000226468371901314
-0.0622179436433343,0.267993032708966,0.149128988752168,-0.0330864535623132,-0.0045862425674085,-0.000217134038071871
-0.0622409176807303,0.267989845869225,0.149128841162209,-0.0330788187216465,-0.00459184689943247,-0.000207949826065862
-0.062263886507618,0.267986655156198,0.149128699898883,-0.0330714452806468,-0.00459739779398814,-0.000198912850676157
-0.0622868503014015,0.267983460606652,0.149128564860947,-0.0330643214774782,-0.00460289624163889,-0.000190020219509634
-0.0623098092315492,0.267980262256662,0.149128435949167,-0.0330574362126091,-0.00460834323724536,-0.000181269044175189
-0.0623327634600389,0.267977060141613,0.149128313066307,-0.0330507790049,-0.00461373977599623,-0.00017265644976135
-0.0623557131417726,0.267973854296201,0.149128196117124,-0.0330443399509592,-0.00461908685003989,-0.000164179582800551
-0.0623786584249646,0.267970644754432,0.149128085008345,-0.0330381096875316,-0.00462438544562301,-0.000155835617963618
-0.0624015994515045,0.267967431549633,0.149127979648648,-0.0330320793566525,-0.00462963654068045,-0.000147621763624592
-0.0624245363572963,0.267964214714452,0.149127879948637,-0.0330262405733549,-0.00463484110281292,-0.000139535266459428
-0.0624474692725767,0.267960994280873,0.149127785820814,-0.0330205853957207,-0.00464000008760202,-0.000131573415206887
-0.062470398322213,0.267957770280218,0.149127697179547,-0.0330151062970924,-0.00464511443721817,-0.000123733543705053
-0.0624933236259823,0.267954542743161,0.14912761394104,-0.0330097961402706,-0.00465018507928259,-0.000116013033302177
-0.0625162452988335,0.267951311699737,0.149127536023299,-0.0330046481535437,-0.0046552129259494,-0.000108409314727635
-0.0625391634511334,0.267948077179352,0.149127463346096,-0.0329996559084048,-0.00466019887317798,-0.000100919869499279
-0.0625620781888974,0.267944839210797,0.149127395830933,-0.032994813298819,-0.00466514380017347,-9.35422309217894E-05
-0.0625849896140074,0.267941597822258,0.149127333401009,-0.0329901145219367,-0.00467004856896345,-8.62739847588589E-05
-0.0626078978244154,0.267938353041329,0.149127275981179,-0.0329855540601204,-0.004674914024104,-7.9112769593279E-05
-0.0626308029143357,0.267935104895023,0.149127223497921,-0.0329811266642012,-0.00467974099248843,-7.20562769442509E-05
-0.0626537049744262,0.267931853409783,0.149127175879298,-0.0329768273378638,-0.00468453028324764,-6.51022511686418E-05
-0.0626766040919587,0.267928598611501,0.149127133054919,-0.0329726513230777,-0.00468928268772838,-5.82484891804793E-05
-0.0626995003509794,0.267925340525521,0.149127094955907,-0.0329685940864951,-0.00469399897953795,-5.14928400169553E-05
-0.0627223938324608,0.267922079176658,0.149127061514861,-0.0329646513067447,-0.00469867991464563,-4.48332042755683E-05
-0.0627452846144446,0.267918814589208,0.149127032665817,-0.0329608188625539,-0.00470332623153195,-3.82675334437769E-05
-0.0627681727721767,0.267915546786961,0.149127008344221,-0.032957092821641,-0.00470793865137827,-3.17938291398753E-05
-0.0627910583782348,0.267912275793209,0.149126988486884,-0.0329534694303178,-0.00471251787829095,-2.54101422788654E-05
-0.0628139415026492,0.267909001630765,0.149126973031959,-0.0329499451037599,-0.00471706459954942,-1.91145721912237E-05
-0.0628368222130165,0.267905724321968,0.149126961918899,-0.0329465164168801,-0.00472157948588537,-1.29052656719154E-05
-0.062859700574608,0.267902443888697,0.149126955088429,-0.0329431800957832,-0.00472606319177248,-6.78041601686671E-06
-0.0628825766504715,0.267899160352382,0.149126952482513,-0.0329399330097455,-0.00473051635573479,-7.38262020815736E-07
-0.062905450501528,0.267895873734017,0.14912695404432,-0.0329367721636888,-0.00473493960066601,5.22291304146248E-06
-0.0629283221866639,0.267892584054167,0.149126959718201,-0.0329336946911135,-0.00473933353415738,1.11047824462171E-05
-0.0629511917628177,0.267889291332979,0.149126969449649,-0.0329306978474592,-0.00474369874883177,1.69089770582234E-05
-0.0629740592850624,0.267885995590196,0.149126983185279,-0.0329277790038629,-0.00474803582268187,2.26370863697526E-05
-0.0629969248066837,0.267882696845164,0.149127000872794,-0.0329249356412898,-0.00475234531941044,2.8290659536743E-05
-0.0630197883792546,0.267879395116842,0.149127022460958,-0.0329221653450086,-0.00475662778877133,3.38712064085924E-05
-0.0630426500527062,0.267876090423812,0.149127047899573,-0.032919465799392,-0.00476088376690965,3.93801985485343E-05
-0.0630655098753941,0.267872782784288,0.149127077139447,-0.0329168347830167,-0.00476511377670019,4.48190702420472E-05
-0.0630883678941628,0.267869472216126,0.149127110132374,-0.0329142701640477,-0.00476931832808288,5.01892194911519E-05
-0.0631112241544063,0.267866158736832,0.149127146831104,-0.032911769895884,-0.00477349791839452,5.54920089927253E-05
-0.0631340787001256,0.267862842363572,0.149127187189324,-0.032909332013054,-0.00477765303269413,6.0728767094575E-05
-0.0631569315739835,0.267859523113176,0.149127231161629,-0.0329069546273328,-0.00478178414409344,6.59007887578188E-05
-0.063179782817358,0.267856201002154,0.149127278703504,-0.0329046359240915,-0.00478589171406208,7.10093364506491E-05
-0.063202632470391,0.267852876046696,0.1491273297713,-0.0329023741588331,-0.0047899761927465,7.60556410709013E-05
-0.0632254805720365,0.267849548262685,0.149127384322209,-0.0329001676539254,-0.00479403801927308,8.10409028236276E-05
-0.0632483271601058,0.267846217665703,0.14912744231425,-0.0328980147955111,-0.00479807762204673,8.59662920825285E-05
-0.0632711722713107,0.267842884271036,0.149127503706242,-0.0328959140305839,-0.00480209541904301,9.08329502301682E-05
-0.063294015941305,0.267839548093685,0.149127568457788,-0.032893863864221,-0.00480609181809352,9.56419904768654E-05
-0.0633168582047234,0.267836209148372,0.149127636529254,-0.0328918628569637,-0.00481006721716448,0.000100394498658247
-0.0633396990952199,0.267832867449543,0.149127707881751,-0.032889909622335,-0.00481402200462858,0.000105091534011541
-0.0633625386455033,0.267829523011382,0.149127782477116,-0.0328880028244878,-0.00481795655952985,0.00010973412993076
-0.0633853768873715,0.267826175847809,0.149127860277897,-0.0328861411759746,-0.00482187125184184,0.000114323294700978
-0.0634082138517446,0.267822825972491,0.14912794124733,-0.032884323435633,-0.00482576644271885,0.000118860012211994
-0.0634310495686964,0.267819473398848,0.149128025349329,-0.0328825484065781,-0.0048296424847406,0.000123345242651674
-0.0634538840674842,0.267816118140059,0.149128112548466,-0.0328808149342982,-0.00483349972215009,0.000127779923179323
-0.0634767173765777,0.267812760209065,0.149128202809955,-0.0328791219048451,-0.00483733849108503,0.000132164968579458
-0.0634995495236869,0.267809399618576,0.149128296099639,-0.0328774682431158,-0.00484115911980264,0.000136501271896355
-0.0635223805357877,0.267806036381079,0.149128392383974,-0.032875852911219,-0.0048449619288986,0.00014078970505067
-0.0635452104391484,0.267802670508839,0.149128491630012,-0.032874274906923,-0.00484874723151782,0.000145031119433395
-0.0635680392593525,0.267799302013906,0.149128593805393,-0.0328727332621774,-0.00485251533356294,0.000149226346490657
-0.0635908670213234,0.267795930908121,0.149128698878324,-0.0328712270417089,-0.00485626653389298,0.00015337619828218
-0.0636136937493455,0.26779255720312,0.149128806817571,-0.0328697553416836,-0.00486000112451807,0.0001574814680272
-0.0636365194670864,0.267789180910338,0.149128917592444,-0.0328683172884334,-0.00486371939078818,0.000161542930632923
-0.0636593441976168,0.267785802041014,0.149129031172787,-0.0328669120372432,-0.00486742161157617,0.000165561343206868
-0.0636821679634307,0.267782420606195,0.14912914752896,-0.0328655387711952,-0.00487110805945549,0.000169537445553543
-0.0637049907864643,0.267779036616743,0.149129266631835,-0.0328641967000671,-0.00487477900087258,0.000173471960655909
-0.0637278126881136,0.267775650083334,0.149129388452776,-0.0328628850592819,-0.00487843469631417,0.000177365595142087
-0.0637506336892525,0.267772261016468,0.149129512963636,-0.0328616031089061,-0.0048820754004695,0.000181219039737713
-0.0637734538102494,0.267768869426468,0.14912964013674,-0.0328603501326936,-0.00488570136238779,0.000185032969704398
-0.0637962730709831,0.267765475323487,0.149129769944878,-0.0328591254371737,-0.00488931282563092,0.000188808045264694
-0.0638190914908585,0.267762078717511,0.149129902361292,-0.0328579283507799,-0.00489291002842157,0.000192544912014003
-0.0638419090888217,0.267758679618362,0.149130037359668,-0.032856758223018,-0.00489649320378688,0.000196244201319798
-0.0638647258833738,0.2677552780357,0.149130174914127,-0.0328556144236714,-0.00490006257969779,0.000199906530708573
-0.0638875418925854,0.267751873979033,0.149130314999212,-0.0328544963420414,-0.00490361837920423,0.000203532504240906
-0.0639103571341093,0.26774846745771,0.149130457589882,-0.0328534033862213,-0.00490716082056645,0.000207122712876033
-0.0639331716251938,0.267745058480936,0.149130602661501,-0.0328523349824022,-0.00491069011738147,0.000210677734820386
-0.0639559853826948,0.267741647057764,0.149130750189833,-0.0328512905742085,-0.00491420647870714,0.000214198135874691
-0.0639787984230875,0.267738233197107,0.149130900151027,-0.0328502696220628,-0.00491771010918184,0.000217684469761914
-0.0640016107624782,0.267734816907735,0.149131052521614,-0.0328492716025774,-0.00492120120914024,0.000221137278448907
-0.0640244224166153,0.267731398198282,0.149131207278498,-0.0328482960079723,-0.00492467997472596,0.000224557092457725
-0.0640472334008994,0.267727977077247,0.149131364398947,-0.0328473423455172,-0.00492814659800087,0.000227944431167491
-0.0640700437303945,0.267724553552997,0.149131523860586,-0.032846410136998,-0.00493160126705104,0.000231299803107082
-0.0640928534198372,0.267721127633768,0.149131685641389,-0.032845498918204,-0.00493504416608965,0.000234623706238978
-0.0641156624836464,0.267717699327671,0.149131849719673,-0.0328446082384383,-0.00493847547555673,0.00023791662823452
-0.0641384709359325,0.267714268642693,0.14913201607409,-0.0328437376600466,-0.00494189537221603,0.000241179046740888
-0.0641612787905066,0.2677108355867,0.149132184683619,-0.032842886757967,-0.00494530402924899,0.000244411429640055
-0.0641840860608887,0.267707400167437,0.149132355527562,-0.0328420551192965,-0.00494870161634591,0.000247614235299995
-0.0642068927603162,0.267703962392535,0.149132528585536,-0.0328412423428766,-0.00495208829979447,0.00025078791281838
-0.064229698901752,0.267700522269507,0.149132703837467,-0.0328404480388945,-0.00495546424256566,0.000253932902259032
-0.0642525044978918,0.267697079805758,0.149132881263582,-0.0328396718285006,-0.00495882960439721,0.000257049634881354
-0.0642753095611723,0.267693635008581,0.149133060844406,-0.0328389133434415,-0.00496218454187449,0.000260138533362982
-0.0642981141037779,0.267690187885161,0.149133242560753,-0.0328381722257073,-0.00496552920850921,0.000263200012015864
-0.0643209181376476,0.267686738442578,0.149133426393725,-0.0328374481271922,-0.00496886375481572,0.000266234476995991
-0.0643437216744824,0.26768328668781,0.1491336123247,-0.0328367407093696,-0.00497218832838515,0.000269242326506971
-0.0643665247257512,0.267679832627731,0.14913380033533,-0.0328360496429784,-0.00497550307395751,0.000272223950997472
-0.0643893273026974,0.267676376269116,0.149133990407538,-0.0328353746077227,-0.0049788081334909,0.000275179733353894
-0.064412129416345,0.267672917618644,0.149134182523509,-0.0328347152919821,-0.00498210364623097,0.000278110049085495
-0.0644349310775048,0.267669456682897,0.149134376665686,-0.0328340713925334,-0.00498538974877534,0.00028101526650613
-0.0644577322967793,0.267665993468362,0.149134572816764,-0.0328334426142829,-0.00498866657513845,0.000283895746909814
-0.0644805330845694,0.267662527981437,0.14913477095969,-0.0328328286700089,-0.00499193425681374,0.000286751844741373
-0.0645033334510789,0.267659060228426,0.149134971077652,-0.0328322292801132,-0.00499519292283416,0.000289583907762246
-0.06452613340632,0.267655590215546,0.149135173154078,-0.0328316441723831,-0.00499844269983097,0.000292392277211561
-0.0645489329601185,0.267652117948927,0.14913537717263,-0.0328310730817609,-0.00500168371209093,0.000295177287962657
-0.0645717321221185,0.267648643434613,0.149135583117202,-0.0328305157501225,-0.00500491608161185,0.000297939268675171
-0.0645945309017871,0.267645166678565,0.149135790971913,-0.0328299719260644,-0.00500813992815663,0.000300678541942843
-0.0646173293084192,0.267641687686659,0.149136000721105,-0.0328294413646982,-0.00501135536930579,0.000303395424437178
-0.0646401273511417,0.267638206464693,0.149136212349336,-0.032828923827452,-0.00501456252050854,0.000306090227047073
-0.0646629250389183,0.267634723018384,0.14913642584138,-0.0328284190818801,-0.00501776149513239,0.000308763255014575
-0.0646857223805529,0.267631237353372,0.149136641182219,-0.0328279269014783,-0.00502095240451151,0.000311414808066853
-0.0647085193846944,0.267627749475219,0.149136858357044,-0.0328274470655072,-0.00502413535799363,0.000314045180544537
-0.0647313160598405,0.267624259389414,0.149137077351245,-0.0328269793588199,-0.00502731046298577,0.000316654661526524
-0.0647541124143408,0.267620767101369,0.149137298150415,-0.0328265235716977,-0.00503047782499872,0.000319243534951369
-0.0647769084564019,0.267617272616425,0.149137520740338,-0.0328260794996906,-0.0050336375476898,0.00032181207973414
-0.0647997041940895,0.267613775939853,0.149137745106994,-0.0328256469434627,-0.00503678973290685,0.000324360569886234
-0.0648224996353329,0.267610277076851,0.14913797123655,-0.0328252257086449,-0.00503993448072631,0.00032688927461963
-0.0648452947879283,0.267606776032551,0.149138199115357,-0.0328248156056907,-0.005043071889495,0.000329398458460638
-0.0648680896595415,0.267603272812014,0.14913842872995,-0.0328244164497382,-0.00504620205586849,0.000331888381354469
-0.0648908842577118,0.267599767420239,0.149138660067043,-0.0328240280604759,-0.00504932507484879,0.000334359298768205
-0.0649136785898548,0.267596259862154,0.149138893113524,-0.0328236502620144,-0.00505244103982115,0.000336811461791017
-0.0649364726632653,0.267592750142628,0.149139127856456,-0.0328232828827607,-0.0050555500425899,0.00033924511723175
-0.0649592664851206,0.267589238266464,0.14913936428307,-0.0328229257552985,-0.00505865217341325,0.000341660507713906
-0.0649820600624829,0.267585724238402,0.149139602380766,-0.0328225787162708,-0.00506174752103727,0.000344057871768141
-0.0650048534023027,0.267582208063123,0.149139842137107,-0.0328222416062681,-0.00506483617272898,0.000346437443922319
-0.0650276465114207,0.267578689745248,0.149140083539817,-0.0328219142697189,-0.00506791821430854,0.000348799454789242
-0.0650504393965711,0.267575169289336,0.149140326576781,-0.0328215965547846,-0.00507099373018064,0.00035114413115206
-0.0650732320643841,0.267571646699892,0.149140571236039,-0.0328212883132576,-0.00507406280336509,0.000353471696047497
-0.0650960245213879,0.26756812198136,0.149140817505782,-0.032820989400463,-0.00507712551552659,0.000355782368846902
-0.0651188167740114,0.26756459513813,0.149141065374357,-0.0328206996751629,-0.00508018194700374,0.000358076365335245
-0.065141608828587,0.267561066174536,0.149141314830256,-0.0328204189994644,-0.00508323217683739,0.000360353897788067
-0.0651644006913521,0.267557535094857,0.149141565862119,-0.0328201472387303,-0.00508627628279816,0.000362615175046478
-0.0651871923684518,0.26755400190332,0.149141818458729,-0.0328198842614927,-0.00508931434141337,0.000364860402590256
-0.065209983865941,0.267550466604099,0.14914207260901,-0.0328196299393694,-0.00509234642799323,0.000367089782609091
-0.0652327751897865,0.267546929201313,0.149142328302027,-0.032819384146983,-0.00509537261665637,0.000369303514072037
-0.0652555663458688,0.267543389699035,0.14914258552698,-0.0328191467618823,-0.00509839298035584,0.000371501792797917
-0.0652783573399851,0.267539848101284,0.149142844273207,-0.0328189176644659,-0.00510140759089929,0.000373684811510539
-0.0653011481778497,0.26753630441203,0.149143104530174,-0.0328186967379098,-0.00510441651897865,0.000375852759919227
-0.0653239388650971,0.267532758635195,0.149143366287483,-0.0328184838680951,-0.00510741983418938,0.000378005824770868
-0.0653467294072834,0.267529210774655,0.149143629534862,-0.0328182789435395,-0.00511041760505399,0.000380144189913823
-0.0653695198098882,0.267525660834234,0.149143894262164,-0.03281808185533,-0.00511340989904396,0.000382268036357645
-0.0653923100783163,0.267522108817714,0.14914416045937,-0.0328178924970582,-0.00511639678260128,0.000384377542331333
-0.0654151002178994,0.267518554728829,0.149144428116583,-0.0328177107647572,-0.0051193783211593,0.00038647288334018
-0.0654378902338979,0.267514998571268,0.149144697224025,-0.0328175365568412,-0.00512235457916327,0.000388554232221233
-0.0654606801315026,0.267511440348676,0.149144967772039,-0.0328173697740459,-0.00512532562009023,0.000390621759197416
-0.065483469915836,0.267507880064655,0.149145239751085,-0.032817210319371,-0.00512829150646849,0.000392675631930355
-0.0655062595919539,0.267504317722763,0.149145513151739,-0.0328170580980253,-0.00513125229989666,0.000394716015571927
-0.0655290491648473,0.267500753326515,0.149145787964689,-0.0328169130173721,-0.00513420806106217,0.000396743072814575
-0.0655518386394434,0.267497186879385,0.149146064180737,-0.0328167749868772,-0.00513715884975943,0.000398756963940438
-0.0655746280206072,0.267493618384805,0.149146341790794,-0.0328166439180582,-0.0051401047249075,0.0004007578468693
-0.0655974173131432,0.267490047846169,0.149146620785882,-0.032816519724435,-0.00514304574456732,0.000402745877205424
-0.0656202065217964,0.267486475266826,0.149146901157129,-0.0328164023214822,-0.00514598196595865,0.00040472120828327
-0.0656429956512536,0.267482900650091,0.149147182895767,-0.0328162916265824,-0.00514891344547653,0.000406683991212162
-0.0656657847061452,0.267479323999237,0.149147465993135,-0.0328161875589816,-0.00515184023870737,0.000408634374919906
-0.0656885736910458,0.267475745317499,0.149147750440674,-0.0328160900397451,-0.00515476240044471,0.000410572506195409
-0.0657113626104763,0.267472164608074,0.149148036229925,-0.0328159989917151,-0.00515767998470377,0.000412498529728159
-0.0657341514689039,0.267468581874123,0.149148323352529,-0.0328159143394702,-0.0051605930447396,0.000414412588157336
-0.0657569402707445,0.267464997118769,0.149148611800227,-0.0328158360092838,-0.00516350163305694,0.00041631482209878
-0.0657797290203635,0.2674614103451,0.149148901564854,-0.0328157639290866,-0.00516640580142783,0.000418205370192386
-0.0658025177220765,0.267457821556167,0.149149192638345,-0.0328156980284283,-0.00516930560090485,0.000420084369137885
-0.0658253063801508,0.267454230754987,0.149149485012725,-0.0328156382384407,-0.00517220108183478,0.000421951953731925
-0.0658480949988066,0.267450637944542,0.149149778680114,-0.0328155844918026,-0.00517509229387197,0.000423808256904311
-0.0658708835822176,0.267447043127778,0.149150073632723,-0.0328155367227045,-0.00517797928599148,0.000425653409753429
-0.0658936721345125,0.26744344630761,0.149150369862854,-0.0328154948668155,-0.00518086210650183,0.000427487541580877
-0.0659164606597757,0.267439847486918,0.149150667362898,-0.0328154588612501,-0.00518374080305757,0.000429310779925327
-0.0659392491620486,0.267436246668549,0.149150966125334,-0.0328154286445366,-0.00518661542267146,0.00043112325059562
-0.0659620376453303,0.267432643855319,0.149151266142727,-0.0328154041565864,-0.00518948601172649,0.000432925077703158
-0.0659848261135786,0.267429039050011,0.149151567407728,-0.0328153853386635,-0.00519235261598757,0.000434716383693554
-0.066007614570711,0.267425432255376,0.149151869913074,-0.0328153721333556,-0.00519521528061297,0.000436497289377609
-0.0660304030206056,0.267421823474134,0.149152173651584,-0.0328153644845453,-0.00519807405016555,0.000438267913961601
-0.0660531914671019,0.267418212708975,0.149152478616158,-0.032815362337383,-0.00520092896862371,0.00044002837507692
-0.066075979914002,0.267414599962559,0.149152784799779,-0.0328153656382596,-0.00520378007939212,0.000441778788809063
-0.0660987683650707,0.267410985237514,0.14915309219551,-0.0328153743347804,-0.00520662742531221,0.000443519269726003
-0.0661215568240374,0.267407368536441,0.149153400796491,-0.0328153883757401,-0.00520947104867253,0.00044524993090594
-0.0661443452945957,0.26740374986191,0.149153710595944,-0.0328154077110977,-0.00521231099121973,0.000446970883966951
-0.0661671337804057,0.267400129216463,0.149154021587164,-0.0328154322919514,-0.00521514729416421,0.000448682239083553
-0.0661899222850932,0.267396506602612,0.149154333763524,-0.0328154620705176,-0.00521797999819612,0.000450384105027787
-0.0662127108122515,0.267392882022844,0.149154647118472,-0.0328154970001062,-0.00522080914349062,0.000452076589184654
-0.0662354993654418,0.267389255479617,0.149154961645528,-0.0328155370350989,-0.00522363476971807,0.000453759797579526
-0.066258287948194,0.267385626975359,0.14915527733829,-0.0328155821309278,-0.00522645691605307,0.000455433834902553
-0.0662810765640073,0.267381996512474,0.149155594190422,-0.0328156322440545,-0.00522927562118336,0.000457098804532554
-0.0663038652163511,0.267378364093339,0.149155912195665,-0.0328156873319491,-0.00523209092331844,0.000458754808560426
-0.0663266539086659,0.267374729720304,0.149156231347827,-0.032815747353071,-0.0052349028601981,0.000460401947812053
-0.066349442644363,0.267371093395693,0.149156551640786,-0.032815812266849,-0.00523771146910073,0.000462040321870764
-0.0663722314268265,0.267367455121803,0.14915687306849,-0.0328158820336629,-0.00524051678685147,0.000463670029099304
-0.0663950202594131,0.267363814900909,0.149157195624954,-0.0328159566148246,-0.00524331884983019,0.00046529116666137
-0.0664178091454528,0.267360172735257,0.14915751930426,-0.0328160359725609,-0.00524611769397931,0.000466903830542705
-0.0664405980882499,0.267356528627071,0.149157844100557,-0.0328161200699956,-0.00524891335481147,0.000468508115571755
-0.0664633870910833,0.267352882578548,0.149158170008058,-0.0328162088711328,-0.005251705867417,0.000470104115439919
-0.0664861761572071,0.267349234591864,0.149158497021043,-0.0328163023408402,-0.00525449526647134,0.000471691922721376
-0.0665089652898516,0.267345584669169,0.149158825133853,-0.0328164004448333,-0.00525728158624218,0.000473271628892526
-0.0665317544922233,0.267341932812588,0.149159154340895,-0.0328165031496597,-0.00526006486059655,0.000474843324351038
-0.0665545437675058,0.267338279024226,0.149159484636637,-0.0328166104226838,-0.00526284512300778,0.000476407098434516
-0.0665773331188604,0.267334623306163,0.149159816015608,-0.0328167222320719,-0.00526562240656221,0.000477963039438805
-0.0666001225494266,0.267330965660455,0.149160148472398,-0.0328168385467779,-0.00526839674396595,0.000479511234635929
-0.0666229120623224,0.267327306089137,0.14916048200166,-0.0328169593365292,-0.0052711681675513,0.000481051770291694
-0.0666457016606454,0.267323644594222,0.149160816598104,-0.0328170845718128,-0.00527393670928254,0.0004825847316812
-0.0666684913474725,0.267319981177701,0.149161152256498,-0.0328172142238628,-0.00527670240076509,0.000484110203112648
-0.0666912811258612,0.267316315841541,0.149161488971672,-0.0328173482646459,-0.00527946527324712,0.000485628267933525
-0.0667140709988496,0.267312648587689,0.149161826738509,-0.0328174866668502,-0.00528222535762869,0.000487139008553812
-0.0667368609694574,0.267308979418071,0.149162165551951,-0.0328176294038718,-0.00528498268446694,0.000488642506460194
-0.0667596510406858,0.267305308334592,0.149162505406998,-0.0328177764498035,-0.00528773728398187,0.000490138842231711
-0.0667824412155182,0.267301635339134,0.149162846298704,-0.0328179277794228,-0.00529048918606202,0.00049162809555508
-0.0668052314969208,0.267297960433562,0.149163188222177,-0.0328180833681806,-0.00529323842027005,0.000493110345239752
-0.0668280218878432,0.267294283619717,0.14916353117258,-0.03281824319219,-0.00529598501584824,0.000494585669232669
-0.0668508123912183,0.267290604899422,0.149163875145132,-0.0328184072282155,-0.00529872900172386,0.00049605414463275
-0.0668736030099633,0.267286924274479,0.149164220135102,-0.0328185754536626,-0.00530147040651444,0.000497515847705094
-0.0668963937469798,0.26728324174667,0.149164566137815,-0.0328187478465673,-0.005304209258533,0.000498970853894935
-0.0669191846051544,0.26727955731776,0.149164913148644,-0.0328189243855864,-0.00530694558579306,0.000500419237841332
-0.0669419755873592,0.26727587098949,0.149165261163018,-0.0328191050499876,-0.00530967941601372,0.000501861073390596
-0.0669647666964519,0.267272182763587,0.149165610176414,-0.0328192898196399,-0.00531241077662453,0.000503296433609488
-0.0669875579352766,0.267268492641755,0.14916596018436,-0.0328194786750047,-0.00531513969477029,0.000504725390798167
-0.0670103493066641,0.267264800625681,0.149166311182436,-0.0328196715971266,-0.00531786619731582,0.000506148016502895
-0.067033140813432,0.267261106717034,0.149166663166267,-0.0328198685676245,-0.00532059031085054,0.000507564381528524
-0.0670559324583854,0.267257410917463,0.149167016131532,-0.0328200695686834,-0.00532331206169311,0.00050897455595074
-0.0670787242443175,0.2672537132286,0.149167370073956,-0.0328202745830459,-0.00532603147589583,0.000510378609128095
-0.0671015161740093,0.267250013652059,0.149167724989311,-0.0328204835940041,-0.00532874857924907,0.000511776609713813
-0.0671243082502306,0.267246312189436,0.149168080873417,-0.0328206965853918,-0.00533146339728557,0.000513168625667383
-0.0671471004757401,0.267242608842308,0.149168437722143,-0.0328209135415769,-0.00533417595528471,0.000514554724265924
-0.0671698928532859,0.267238903612238,0.149168795531402,-0.0328211344474537,-0.00533688627827648,0.000515934972115062
-0.0671926853856058,0.267235196500767,0.149169154297154,-0.0328213592884361,-0.00533959439104621,0.000517309435161297
-0.0672154780754275,0.267231487509423,0.149169514015405,-0.0328215880504498,-0.00534230031813769,0.000518678178700842
-0.0672382709254692,0.267227776639714,0.149169874682205,-0.0328218207199262,-0.00534500408385766,0.000520041267391414
-0.06726106393844,0.267224063893134,0.149170236293649,-0.0328220572837953,-0.0053477057122796,0.000521398765262438
-0.0672838571170397,0.267220349271159,0.149170598845877,-0.032822297729479,-0.00535040522724756,0.000522750735725292
-0.06730665046396,0.267216632775247,0.149170962335072,-0.0328225420448853,-0.00535310265237992,0.000524097241583367
-0.0673294439818841,0.267212914406842,0.149171326757462,-0.0328227902184018,-0.00535579801107303,0.000525438345041954
-0.0673522376734872,0.267209194167371,0.149171692109315,-0.0328230422388895,-0.00535849132650487,0.000526774107717985
-0.0673750315414372,0.267205472058245,0.149172058386945,-0.0328232980956775,-0.0053611826216386,0.000528104590649577
-0.0673978255883946,0.267201748080859,0.149172425586705,-0.0328235577785569,-0.00536387191922609,0.000529429854305444
-0.0674206198170131,0.267198022236592,0.149172793704993,-0.0328238212777757,-0.00536655924181132,0.000530749958594133
-0.0674434142299395,0.267194294526808,0.149173162738245,-0.0328240885840327,-0.00536924461173379,0.000532064962873114
-0.0674662088298145,0.267190564952856,0.149173532682941,-0.0328243596884733,-0.00537192805113186,0.000533374925957711
-0.067489003619273,0.267186833516068,0.1491739035356,-0.0328246345826837,-0.00537460958194602,0.000534679906129901
-0.0675117986009437,0.267183100217762,0.149174275292782,-0.0328249132586862,-0.00537728922592214,0.000535979961146935
-0.0675345937774503,0.267179365059242,0.149174647951086,-0.0328251957089345,-0.00537996700461459,0.000537275148249858
-0.0675573891514115,0.267175628041794,0.149175021507152,-0.0328254819263091,-0.0053826429393894,0.000538565524171852
-0.0675801847254407,0.267171889166692,0.149175395957658,-0.0328257719041127,-0.00538531705142732,0.000539851145146475
-0.0676029805021473,0.267168148435195,0.149175771299321,-0.0328260656360659,-0.00538798936172684,0.000541132066915742
-0.0676257764841362,0.267164405848546,0.149176147528898,-0.0328263631163029,-0.00539065989110716,0.00054240834473809
-0.0676485726740085,0.267160661407976,0.149176524643182,-0.0328266643393675,-0.00539332866021113,0.000543680033396213
-0.0676713690743617,0.267156915114699,0.149176902639005,-0.0328269693002092,-0.00539599568950811,0.000544947187204775
-0.0676941656877897,0.267153166969916,0.149177281513238,-0.0328272779941789,-0.00539866099929664,0.000546209860017661
-0.0677169625168834,0.267149416974816,0.149177661262786,-0.0328275904170261,-0.00540132460970797,0.000547468105236784
-0.0677397595642311,0.267145665130569,0.149178041884594,-0.0328279065648944,-0.00540398654070764,0.000548721975817378
-0.0677625568324184,0.267141911438338,0.149178423375641,-0.0328282264343182,-0.005406646812099,0.00054997152427662
-0.0677853543240284,0.267138155899266,0.149178805732945,-0.0328285500222197,-0.00540930544352564,0.000551216802700417
-0.0678081520416427,0.267134398514485,0.149179188953557,-0.0328288773259054,-0.00541196245447405,0.000552457862750404
-0.0678309499878407,0.267130639285116,0.149179573034567,-0.0328292083430627,-0.00541461786427615,0.000553694755670855
-0.0678537481652005,0.267126878212262,0.149179957973098,-0.0328295430717574,-0.0054172716921119,0.000554927532295482
-0.0678765465762991,0.267123115297017,0.14918034376631,-0.0328298815104305,-0.00541992395701174,0.000556156243054125
-0.0678993452237124,0.267119350540457,0.149180730411395,-0.032830223657895,-0.00542257467785911,0.000557380937979352
-0.0679221441100157,0.26711558394365,0.149181117905583,-0.0328305695133341,-0.00542522387339285,0.000558601666712958
-0.0679449432377836,0.267111815507649,0.149181506246137,-0.0328309190762974,-0.00542787156220961,0.00055981847851236
-0.0679677426095909,0.267108045233492,0.149181895430352,-0.0328312723466996,-0.00543051776276621,0.000561031422256911
-0.0679905422280123,0.267104273122207,0.149182285455561,-0.032831629324817,-0.005433162493382,0.000562240546454101
-0.0680133420956227,0.267100499174809,0.149182676319127,-0.032831990011286,-0.00543580577224107,0.00056344589924569
-0.0680361422149977,0.2670967233923,0.149183068018448,-0.0328323544071002,-0.00543844761739462,0.000564647528413734
-0.0680589425887137,0.267092945775668,0.149183460550955,-0.0328327225136091,-0.00544108804676309,0.00056584548138653
-0.0680817432193482,0.267089166325892,0.14918385391411,-0.032833094332515,-0.00544372707813842,0.000567039805244477
-0.0681045441094798,0.267085385043935,0.14918424810541,-0.032833469865872,-0.0054463647291862,0.000568230546725853
-0.068127345261689,0.26708160193075,0.149184643122384,-0.0328338491160836,-0.0054490010174478,0.000569417752232501
-0.0681501466785576,0.267077816987278,0.149185038962592,-0.0328342320859013,-0.00545163596034246,0.000570601467835453
-0.06817294836267,0.267074030214446,0.149185435623626,-0.0328346187784224,-0.00545426957516938,0.000571781739280454
-0.0681957503166124,0.267070241613171,0.14918583310311,-0.0328350091970889,-0.00545690187910981,0.000572958611993428
-0.0682185525429738,0.267066451184358,0.149186231398699,-0.0328354033456861,-0.00545953288922898,0.000574132131085854
-0.0682413550443458,0.267062658928898,0.149186630508081,-0.0328358012283404,-0.00546216262247817,0.000575302341360084
-0.068264157823323,0.267058864847674,0.149187030428973,-0.0328362028495189,-0.00546479109569668,0.000576469287314571
-0.0682869608825033,0.267055068941553,0.149187431159124,-0.0328366082140276,-0.0054674183256137,0.000577633013149048
-0.068309764224488,0.267051271211394,0.149187832696312,-0.0328370173270103,-0.00547004432885033,0.00057879356276962
-0.068332567851882,0.267047471658043,0.149188235038347,-0.0328374301939478,-0.00547266912192138,0.000579950979793801
-0.0683553717672943,0.267043670282335,0.149188638183069,-0.0328378468206566,-0.00547529272123735,0.000581105307555483
-0.068378175973338,0.267039867085092,0.149189042128347,-0.0328382672132879,-0.00547791514310619,0.000582256589109846
-0.0684009804726304,0.267036062067127,0.149189446872081,-0.0328386913783279,-0.00548053640373581,0.000583404867239359
-0.0684237852677937,0.267032255229241,0.149189852412199,-0.0328391193225937,-0.00548315651923317,0.000584550184453808
-0.0684465903614549,0.267028446572223,0.149190258746661,-0.0328395510532372,-0.00548577550561006,0.000585692583002092
-0.0684693957562458,0.267024636096852,0.149190665873454,-0.0328399865777415,-0.00548839337878218,0.000586832104872157
-0.068492201454804,0.267020823803895,0.149191073790595,-0.0328404259039212,-0.00549101015457161,0.000587968791796781
-0.0685150074597721,0.26701700969411,0.14919148249613,-0.0328408690399217,-0.00549362584870845,0.000589102685258108
-0.0685378137737988,0.267013193768241,0.149191891988132,-0.0328413159942192,-0.00549624047683254,0.000590233826492129
-0.0685606203995388,0.267009376027024,0.149192302264705,-0.0328417667756201,-0.00549885405449514,0.000591362256493111
-0.068583427339653,0.267005556471183,0.149192713323981,-0.0328422213932608,-0.00550146659716056,0.00059248801601797
-0.0686062345968086,0.267001735101431,0.149193125164119,-0.0328426798566078,-0.00550407812020782,0.00059361114559059
-0.0686290421736796,0.26699791191847,0.149193537783306,-0.0328431421754572,-0.00550668863893224,0.000594731685506089
-0.0686518500729471,0.266994086922994,0.149193951179759,-0.0328436083599351,-0.00550929816854702,0.00059584967583503
-0.068674658297299,0.266990260115684,0.149194365351719,-0.0328440784204972,-0.00551190672418485,0.000596965156427591
-0.0686974668494308,0.266986431497211,0.14919478029746,-0.0328445523679296,-0.00551451432089943,0.000598078166917679
-0.0687202757320458,0.266982601068235,0.149195196015277,-0.0328450302133478,-0.00551712097366658,0.000599188746725566
-0.0687430849478545,0.266978768829407,0.149195612503499,-0.0328455119681996,-0.00551972669738745,0.000600296935067617
-0.068765894499576,0.266974934781367,0.149196029760476,-0.0328459976442619,-0.00552233150688757,0.000601402770951747
-0.0687887043899376,0.266971098924744,0.149196447784589,-0.0328464872536436,-0.00552493541691998,0.000602506293187044
-0.068811514621675,0.266967261260159,0.149196866574245,-0.0328469808087853,-0.00552753844216627,0.000603607540386239
-0.0688343251975328,0.26696342178822,0.149197286127878,-0.0328474783224601,-0.00553014059723803,0.000604706550969543
-0.0688571361202644,0.266959580509527,0.149197706443946,-0.0328479798077738,-0.00553274189667838,0.000605803363168466
-0.0688799473926327,0.26695573742467,0.149198127520938,-0.0328484852781664,-0.00553534235496326,0.000606898015029582
-0.0689027590174098,0.266951892534226,0.149198549357365,-0.0328489947474121,-0.00553794198650299,0.000607990544418256
-0.0689255709973775,0.266948045838765,0.149198971951767,-0.0328495082296206,-0.00554054080564359,0.000609080989022343
-0.0689483833353276,0.266944197338847,0.149199395302709,-0.0328500257392378,-0.00554313882666816,0.000610169386355832
-0.0689711960340621,0.266940347035021,0.149199819408783,-0.0328505472910472,-0.00554573606379832,0.000611255773762471
-0.0689940090963932,0.266936494927826,0.149200244268605,-0.0328510729001705,-0.0055483325311955,0.000612340188419332
-0.069016822525144,0.266932641017791,0.149200669880818,-0.032851602582069,-0.00555092824296235,0.000613422667340351
-0.0690396363231481,0.266928785305438,0.149201096244092,-0.0328521363525447,-0.00555352321314402,0.00061450324737983
-0.0690624504932504,0.266924927791275,0.14920152335712,-0.0328526742277422,-0.00555611745572966,0.000615581965236577
-0.0690852650383072,0.266921068475803,0.149201951218621,-0.0328532162241483,-0.005558710984653,0.000616658857454588
-0.0691080799611863,0.266917207359514,0.149202379827341,-0.0328537623585958,-0.00556130381379475,0.000617733960430649
-0.0691308952647671,0.266913344442887,0.149202809182049,-0.0328543126482636,-0.00556389595698322,0.000618807310414932
-0.0691537109519414,0.266909479726396,0.149203239281541,-0.0328548671106784,-0.00556648742799575,0.000619878943515022
-0.0691765270256131,0.266905613210501,0.149203670124637,-0.0328554257637168,-0.00556907824055997,0.000620948895699229
-0.0691993434886987,0.266901744895655,0.149204101710182,-0.0328559886256066,-0.00557166840835506,0.000622017202799882
-0.0692221603441273,0.266897874782302,0.149204534037046,-0.0328565557149289,-0.00557425794501298,0.000623083900516567
-0.0692449775948412,0.266894002870875,0.149204967104124,-0.0328571270506196,-0.00557684686411972,0.000624149024419369
-0.0692677952437961,0.266890129161797,0.149205400910335,-0.032857702651972,-0.00557943517921649,0.000625212609952058
-0.0692906132939609,0.266886253655485,0.149205835454624,-0.0328582825386383,-0.00558202290380098,0.000626274692435268
-0.0693134317483186,0.266882376352342,0.149206270735957,-0.0328588667306318,-0.00558461005132853,0.000627335307069642
-0.0693362506098659,0.266878497252766,0.149206706753329,-0.0328594552483292,-0.00558719663521337,0.000628394488938952
-0.069359069881614,0.266874616357143,0.149207143505757,-0.0328600481124731,-0.00558978266882976,0.000629452273013196
-0.0693818895665887,0.26687073366585,0.149207580992282,-0.0328606453441738,-0.00559236816551323,0.000630508694151673
-0.0694047096678302,0.266866849179256,0.149208019211969,-0.0328612469649121,-0.00559495313856169,0.000631563787106038
-0.0694275301883943,0.26686296289772,0.149208458163909,-0.0328618529965418,-0.0055975376012367,0.000632617586523428
-0.0694503511313516,0.266859074821592,0.149208897847215,-0.0328624634612921,-0.00560012156676435,0.000633670126948977
-0.0694731724997886,0.266855184951212,0.149209338261024,-0.0328630783817704,-0.00560270504833679,0.00063472144282955
-0.0694959942968075,0.266851293286912,0.149209779404499,-0.0328636977809652,-0.00560528805911316,0.000635771568516203
-0.0695188165255265,0.266847399829014,0.149210221276824,-0.0328643216822485,-0.00560787061222073,0.000636820538267244
-0.0695416391890805,0.266843504577831,0.149210663877209,-0.0328649501093792,-0.00561045272075607,0.000637868386251147
-0.0695644622906206,0.266839607533668,0.149211107204887,-0.0328655830865057,-0.00561303439778613,0.000638915146549446
-0.0695872858333151,0.26683570869682,0.149211551259113,-0.0328662206381694,-0.00561561565634941,0.000639960853159613
-0.0696101098203494,0.266831808067572,0.149211996039169,-0.0328668627893074,-0.00561819650945698,0.000641005539997907
-0.0696329342549265,0.266827905646203,0.149212441544357,-0.0328675095652557,-0.00562077697009328,0.000642049240901394
-0.0696557591402666,0.26682400143298,0.149212887774005,-0.0328681609917541,-0.00562335705121858,0.000643091989634037
-0.0696785844796086,0.266820095428161,0.149213334727463,-0.0328688170949471,-0.00562593676576803,0.000644133819884625
-0.0697014102762095,0.266816187631998,0.149213782404106,-0.0328694779013892,-0.00562851612665412,0.000645174765272808
-0.0697242365333444,0.266812278044731,0.149214230803329,-0.032870143438048,-0.00563109514676739,0.000646214859351059
-0.069747063254308,0.266808366666592,0.149214679924554,-0.0328708137323078,-0.00563367383897751,0.000647254135607429
-0.0697698904424137,0.266804453497805,0.149215129767225,-0.0328714888119738,-0.00563625221613437,0.000648292627468284
-0.0697927181009945,0.266800538538584,0.149215580330808,-0.0328721687052757,-0.00563883029106911,0.000649330368301034
-0.069815546233403,0.266796621789135,0.149216031614792,-0.0328728534408716,-0.00564140807659518,0.000650367391416841
-0.0698383748430122,0.266792703249653,0.149216483618693,-0.0328735430478525,-0.00564398558550943,0.000651403730073316
-0.0698612039332151,0.266788782920327,0.149216936342045,-0.032874237555746,-0.00564656283059313,0.0006524394174772
-0.0698840335074255,0.266784860801335,0.149217389784407,-0.032874936994521,-0.00564913982461299,0.000653474486787033
-0.0699068635690782,0.266780936892848,0.149217843945363,-0.032875641394592,-0.00565171658032225,0.000654508971115814
-0.0699296941216291,0.266777011195026,0.149218298824517,-0.0328763507868233,-0.0056542931104617,0.00065554290353364
-0.069952525168556,0.266773083708021,0.149218754421498,-0.0328770652025343,-0.0056568694277607,0.000656576317070339
-0.0699753567133584,0.266769154431978,0.149219210735956,-0.0328777846735033,-0.00565944554493822,0.000657609244718091
-0.069998188759558,0.26676522336703,0.149219667767566,-0.0328785092319731,-0.00566202147470386,0.000658641719434038
-0.0700210213106991,0.266761290513304,0.149220125516025,-0.0328792389106556,-0.00566459722975889,0.000659673774142876
-0.070043854370349,0.266757355870915,0.149220583981052,-0.0328799737427368,-0.00566717282279724,0.000660705441739444
-0.0700666879420981,0.266753419439973,0.14922104316239,-0.0328807137618822,-0.00566974826650653,0.000661736755091298
-0.0700895220295603,0.266749481220577,0.149221503059804,-0.0328814590022418,-0.0056723235735691,0.000662767747041279
-0.0701123566363734,0.266745541212816,0.149221963673083,-0.0328822094984556,-0.00567489875666297,0.000663798450410061
-0.0701351917661995,0.266741599416774,0.149222425002037,-0.0328829652856592,-0.0056774738284629,0.000664828897998698
-0.0701580274227253,0.266737655832522,0.149222887046501,-0.0328837263994893,-0.00568004880164131,0.000665859122591156
-0.0701808636096624,0.266733710460125,0.14922334980633,-0.03288449287609,-0.00568262368886937,0.000666889156957228
-0.0702037003307475,0.266729763299638,0.149223813281404,-0.032885264752117,-0.00568519850281817,0.000667919033853694
-0.0702265375897432,0.266725814351107,0.149224277471626,-0.0328860420647461,-0.00568777325615932,0.000668948786028758
-0.070249375390438,0.266721863614571,0.149224742376919,-0.0328868248516776,-0.0056903479615662,0.000669978446223318
-0.0702722137366466,0.266717911090058,0.149225207997232,-0.0328876131511429,-0.00569292263171498,0.000671008047173798
-0.0702950526322107,0.266713956777588,0.149225674332534,-0.0328884070019114,-0.00569549727928556,0.000672037621614626
-0.0703178920809989,0.266710000677172,0.149226141382819,-0.0328892064432965,-0.00569807191696257,0.000673067202280712
-0.0703407320869075,0.266706042788813,0.149226609148102,-0.0328900115151624,-0.00570064655743636,0.000674096821909922
-0.0703635726538605,0.266702083112505,0.149227077628421,-0.0328908222579312,-0.00570322121340398,0.000675126513245539
-0.0703864137858101,0.266698121648233,0.149227546823839,-0.0328916387125898,-0.00570579589757016,0.000676156309038732
-0.0704092554867375,0.266694158395971,0.149228016734438,-0.0328924609206967,-0.00570837062264831,0.000677186242051014
-0.0704320977606527,0.266690193355689,0.149228487360326,-0.0328932889243898,-0.0057109454013615,0.000678216345056687
-0.0704549406115951,0.266686226527343,0.149228958701631,-0.0328941227663932,-0.00571352024644345,0.000679246650845307
-0.0704777840436342,0.266682257910884,0.149229430758506,-0.0328949624900255,-0.00571609517063952,0.000680277192224114
-0.0705006280608696,0.266678287506251,0.149229903531127,-0.0328958081392069,-0.00571867018670768,0.00068130800202048
-0.0705234726674317,0.266674315313378,0.14923037701969,-0.0328966597584676,-0.00572124530741953,0.000682339113084347
-0.0705463178674821,0.266670341332186,0.149230851224417,-0.0328975173929558,-0.00572382054556129,0.000683370558290652
-0.0705691636652138,0.26666636556259,0.14923132614555,-0.0328983810884453,-0.00572639591393474,0.00068440237054176
-0.070592010064852,0.266662388004495,0.149231801783357,-0.0328992508913451,-0.00572897142535828,0.000685434582769881
-0.0706148570706541,0.266658408657797,0.149232278138127,-0.0329001268487072,-0.00573154709266829,0.000686467227940398
-0.0706377046869108,0.266654427522383,0.149232755210171,-0.0329010090082345,-0.00573412292871834,0.00068750033905059
-0.0706605529179458,0.266650444598131,0.149233232999824,-0.0329018974182923,-0.00573669894638284,0.000688533949137543
-0.0706834017681167,0.266646459884912,0.149233711507445,-0.032902792127915,-0.00573927515855628,0.000689568091276933
-0.0707062512418154,0.266642473382585,0.149234190733415,-0.0329036931868169,-0.00574185157815465,0.00069060279858629
-0.0707291013434686,0.266638485091002,0.149234670678137,-0.0329046006454007,-0.00574442821811638,0.000691638104227398
-0.0707519520775384,0.266634495010006,0.149235151342039,-0.0329055145547683,-0.00574700509140336,0.000692674041408693
-0.0707748034485222,0.26663050313943,0.149235632725571,-0.0329064349667296,-0.00574958221100192,0.000693710643387644
-0.070797655460954,0.266626509479097,0.149236114829206,-0.0329073619338138,-0.00575215958992382,0.000694747943473151
-0.0708205081194044,0.266622514028825,0.14923659765344,-0.0329082955092788,-0.00575473724120722,0.000695785975027921
-0.0708433614284813,0.266618516788419,0.149237081198792,-0.0329092357471224,-0.00575731517791769,0.000696824771470849
-0.0708662153928303,0.266614517757675,0.149237565465807,-0.0329101827020927,-0.00575989341314918,0.000697864366279391
-0.0708890700171353,0.266610516936384,0.149238050455049,-0.0329111364296995,-0.00576247196002504,0.00069890479299193
-0.070911925306119,0.266606514324322,0.149238536167109,-0.0329120969862253,-0.00576505083169894,0.000699946085210148
-0.0709347812645435,0.266602509921261,0.149239022602598,-0.0329130644287367,-0.00576763004135595,0.00070098827660138
-0.0709576378972107,0.266598503726961,0.149239509762153,-0.0329140388150966,-0.00577020960221343,0.000702031400900979
-0.0709804952089631,0.266594495741174,0.149239997646434,-0.0329150202039755,-0.00577278952752212,0.000703075491914657
-0.0710033532046843,0.266590485963641,0.149240486256124,-0.0329160086548646,-0.00577536983056702,0.000704120583520842
-0.0710262118892991,0.266586474394097,0.149240975591928,-0.0329170042280874,-0.00577795052466847,0.000705166709673018
-0.071049071267775,0.266582461032264,0.149241465654579,-0.0329180069848132,-0.00578053162318308,0.000706213904402067
-0.071071931345122,0.266578445877857,0.149241956444829,-0.0329190169870691,-0.0057831131395042,0.000707262201817163
-0.0710947921263933,0.266574428930581,0.149242447963456,-0.032920034297756,-0.00578569508706513,0.000708311636113882
-0.0711176536166865,0.266570410190133,0.149242940211261,-0.0329210589806583,-0.00578827747933678,0.00070936224156787
-0.0711405158211435,0.266566389656198,0.14924343318907,-0.0329220911004603,-0.00579086032983085,0.000710414052542924
-0.0711633787449516,0.266562367328454,0.149243926897732,-0.0329231307227598,-0.00579344365210032,0.00071146710349187
-0.0711862423933439,0.266558343206569,0.14924442133812,-0.0329241779140827,-0.00579602745974041,0.000712521428958874
-0.0712091067716,0.2665543172902,0.149244916511131,-0.0329252327418977,-0.00579861176638957,0.000713577063581744
-0.0712319718850467,0.266550289578997,0.149245412417686,-0.0329262952746313,-0.00580119658573051,0.000714634042094222
-0.0712548377390588,0.266546260072598,0.149245909058731,-0.0329273655816835,-0.00580378193149113,0.000715692399328278
-0.0712777043390594,0.266542228770634,0.149246406435235,-0.0329284437334433,-0.00580636781744558,0.000716752170216391
-0.071300571690521,0.266538195672724,0.149246904548191,-0.032929529801305,-0.00580895425741521,0.000717813389793811
-0.071323439798966,0.266534160778478,0.149247403398619,-0.0329306238576846,-0.00581154126526957,0.000718876093200839
-0.0713463086699673,0.266530124087498,0.149247902987561,-0.0329317259760368,-0.00581412885492742,0.000719940315685061
-0.0713691783091494,0.266526085599375,0.149248403316084,-0.0329328362308717,-0.00581671704035768,0.000721006092603611
-0.0713920487221889,0.26652204531369,0.14924890438528,-0.0329339546977731,-0.00581930583558045,0.000722073459425395
-0.071414919914815,0.266518003230015,0.149249406196265,-0.0329350814534157,-0.00582189525466802,0.000723142451733315
-0.0714377918928109,0.266513959347911,0.149249908750181,-0.032936216575584,-0.00582448531174579,0.000724213105226484
-0.0714606646620139,0.266509913666931,0.149250412048193,-0.0329373601431908,-0.00582707602099335,0.000725285455722425
-0.0714835382283166,0.266505866186616,0.149250916091493,-0.0329385122362964,-0.00582966739664537,0.000726359539159263
-0.0715064125976677,0.2665018169065,0.149251420881296,-0.0329396729361284,-0.00583225945299268,0.0007274353915979
-0.0715292877760725,0.266497765826104,0.149251926418844,-0.0329408423251023,-0.0058348522043837,0.00072851304922542
-0.0715521637695943,0.266493712944941,0.149252432705402,-0.0329420204868382,-0.00583744566522329,0.000729592548352099
-0.0715750405843546,0.266489658262512,0.149252939742262,-0.0329432075061879,-0.00584003984997696,0.000730673925421244
-0.0715979182265343,0.266485601778311,0.149253447530742,-0.0329444034692521,-0.00584263477316971,0.000731757217006158
-0.0716207967023746,0.26648154349182,0.149253956072182,-0.0329456084634034,-0.00584523044938751,0.000732842459813499
-0.0716436760181778,0.26647748340251,0.149254465367951,-0.0329468225773084,-0.00584782689327825,0.000733929690685349
-0.0716665561803083,0.266473421509842,0.149254975419443,-0.032948045900951,-0.00585042411955274,0.000735018946601244
-0.0716894371951933,0.26646935781327,0.149255486228077,-0.0329492785256554,-0.00585302214298563,0.00073611026468019
-0.071712319069324,0.266465292312234,0.149255997795297,-0.0329505205441103,-0.00585562097841637,0.000737203682182662
-0.0717352018092563,0.266461225006164,0.149256510122575,-0.0329517720503933,-0.00585822064075017,0.000738299236512557
-0.0717580854216123,0.266457155894482,0.149257023211407,-0.032953033139996,-0.00586082114495895,0.000739396965219134
-0.0717809699130805,0.266453084976598,0.149257537063316,-0.0329543039098492,-0.00586342250608221,0.000740496905998917
-0.0718038552904173,0.266449012251911,0.149258051679852,-0.03295558445835,-0.00586602473922802,0.000741599096697567
-0.0718267415604482,0.26644493771981,0.149258567062591,-0.0329568748853877,-0.00586862785957392,0.000742703575311715
-0.0718496287300683,0.266440861379675,0.149259083213134,-0.0329581752923717,-0.00587123188236778,0.000743810379990769
-0.0718725168062438,0.266436783230872,0.149259600133111,-0.0329594857822596,-0.00587383682292878,0.000744919549038676
-0.071895405796013,0.26643270327276,0.149260117824175,-0.0329608064595856,-0.00587644269664823,0.000746031120915636
-0.0719182957064871,0.266428621504685,0.14926063628801,-0.0329621374304904,-0.00587904951899047,0.00074714513423979
-0.0719411865448519,0.266424537925983,0.149261155526325,-0.0329634788027508,-0.00588165730549374,0.00074826162778885
-0.0719640783183684,0.266420452535978,0.149261675540854,-0.0329648306858109,-0.00588426607177103,0.000749380640501682
-0.0719869710343743,0.266416365333986,0.149262196333362,-0.0329661931908134,-0.00588687583351094,0.00075050221147985
-0.072009864700285,0.266412276319309,0.149262717905638,-0.032967566430632,-0.00588948660647846,0.000751626379989091
-0.0720327593235949,0.266408185491239,0.1492632402595,-0.0329689505199046,-0.00589209840651583,0.00075275318546075
-0.0720556549118788,0.266404092849058,0.149263763396793,-0.0329703455750673,-0.00589471124954357,0.000753882667493785
-0.0720785514727927,0.266399998392036,0.14926428731939,-0.0329717517143874,-0.00589732515156027,0.000755014865853481
-0.0721014490140757,0.266395902119432,0.149264812029189,-0.0329731690580018,-0.00589994012864478,0.00075614982047653
-0.0721243475435507,0.266391804030494,0.149265337528121,-0.0329745977279513,-0.00590255619695604,0.000757287571469658
-0.0721472470691261,0.266387704124458,0.14926586381814,-0.0329760378482186,-0.00590517337273399,0.000758428159111345
-0.0721701475987973,0.26638360240055,0.14926639090123,-0.0329774895447661,-0.0059077916723003,0.000759571623852831
-0.0721930491406476,0.266379498857983,0.149266918779404,-0.0329789529455755,-0.00591041111205905,0.000760718006319048
-0.07221595170285,0.26637539349596,0.149267447454701,-0.0329804281806874,-0.00591303170849734,0.000761867347309458
-0.0722388552936686,0.266371286313671,0.149267976929192,-0.0329819153822425,-0.00591565347818597,0.00076301968779879
-0.0722617599214597,0.266367177310298,0.149268507204972,-0.0329834146845241,-0.00591827643777995,0.0007641750689377
-0.0722846655946742,0.266363066485006,0.149269038284167,-0.0329849262240006,-0.00592090060401914,0.000765333532053302
-0.0723075723218579,0.266358953836953,0.149269570168934,-0.0329864501393701,-0.00592352599372873,0.000766495118649613
-0.072330480111654,0.266354839365283,0.149270102861454,-0.0329879865716057,-0.00592615262381974,0.000767659870407871
-0.0723533889728045,0.266350723069129,0.14927063636394,-0.0329895356640017,-0.00592878051128949,0.000768827829186735
-0.0723762989141517,0.266346604947612,0.149271170678635,-0.0329910975622218,-0.00593140967322203,0.000769999037022358
-0.0723992099446396,0.26634248499984,0.149271705807809,-0.0329926724143474,-0.00593404012678847,0.000771173536128332
-0.0724221220733161,0.26633836322491,0.149272241753763,-0.032994260370928,-0.00593667188924739,0.000772351368895491
-0.0724450353093347,0.266334239621909,0.149272778518825,-0.0329958615850326,-0.00593930497794509,0.000773532577891553
-0.0724679496619558,0.266330114189908,0.149273316105357,-0.0329974762123023,-0.00594193941031583,0.000774717205860626
-0.0724908651405488,0.266325986927968,0.149273854515746,-0.0329991044110046,-0.00594457520388206,0.00077590529572254
-0.0725137817545943,0.266321857835139,0.149274393752412,-0.0330007463420887,-0.00594721237625452,0.000777096890572002
-0.0725366995136851,0.266317726910456,0.149274933817804,-0.0330024021692424,-0.00594985094513233,0.000778292033677576
-0.072559618427529,0.266313594152943,0.149275474714401,-0.0330040720589509,-0.00595249092830307,0.000779490768480463
-0.0725825385059502,0.266309459561613,0.149276016444713,-0.0330057561805562,-0.00595513234364263,0.000780693138593083
-0.0726054597588918,0.266305323135464,0.149276559011279,-0.0330074547063195,-0.0059577752091152,0.000781899187797438
-0.0726283821964172,0.266301184873482,0.149277102416669,-0.0330091678114834,-0.00596041954277301,0.000783108960043257
-0.0726513058287127,0.266297044774643,0.149277646663484,-0.0330108956743378,-0.00596306536275611,0.000784322499445878
-0.0726742306660897,0.266292902837908,0.149278191754356,-0.0330126384762855,-0.00596571268729193,0.000785539850283687
-0.0726971567189862,0.266288759062225,0.149278737691947,-0.0330143964019121,-0.00596836153469527,0.000786761056996577
-0.07272008399797,0.266284613446531,0.149279284478949,-0.0330161696390543,-0.00597101192336723,0.000787986164181538
-0.0727430125137401,0.266280465989748,0.149279832118088,-0.0330179583788736,-0.00597366387179493,0.000789215216590456
-0.0727659422771297,0.266276316690788,0.149280380612118,-0.0330197628159301,-0.00597631739855075,0.000790448259126414
-0.0727888732991083,0.266272165548547,0.149280929963826,-0.0330215831482584,-0.00597897252229152,0.000791685336839914
-0.072811805590784,0.266268012561911,0.149281480176031,-0.0330234195774463,-0.00598162926175759,0.000792926494924765
-0.0728347391634062,0.26626385772975,0.14928203125158,-0.0330252723087149,-0.00598428763577184,0.000794171778713613
-0.072857674028368,0.266259701050923,0.149282583193355,-0.0330271415510016,-0.00598694766323851,0.000795421233673099
-0.0728806101972093,0.266255542524275,0.149283136004269,-0.0330290275170448,-0.00598960936314191,0.000796674905398626
-0.0729035476816186,0.266251382148638,0.149283689687266,-0.0330309304234717,-0.00599227275454504,0.000797932839608722
-0.0729264864934365,0.266247219922831,0.149284244245322,-0.0330328504908877,-0.005994937856588,0.00079919508213896
-0.0729494266446582,0.266243055845659,0.149284799681444,-0.0330347879439692,-0.00599760468848631,0.000800461678935425
-0.0729723681474361,0.266238889915914,0.149285355998672,-0.0330367430115585,-0.00600027326952899,0.00080173267604772
-0.0729953110140834,0.266234722132375,0.149285913200079,-0.0330387159267614,-0.00600294361907661,0.000803008119621439
-0.0730182552570763,0.266230552493807,0.149286471288767,-0.0330407069270482,-0.00600561575655898,0.00080428805589014
-0.0730412008890577,0.266226380998962,0.149287030267874,-0.0330427162543565,-0.00600828970147282,0.000805572531166741
-0.0730641479228401,0.266222207646577,0.149287590140566,-0.0330447441551986,-0.00601096547337913,0.000806861591834339
-0.0730870963714086,0.266218032435377,0.149288150910046,-0.0330467908807701,-0.00601364309190038,0.000808155284336412
-0.0731100462479246,0.266213855364073,0.149288712579544,-0.0330488566870634,-0.00601632257671752,0.000809453655166374
-0.0731329975657289,0.266209676431361,0.149289275152327,-0.0330509418349839,-0.00601900394756668,0.000810756750856448
-0.0731559503383453,0.266205495635926,0.149289838631692,-0.0330530465904688,-0.00602168722423573,0.000812064617965829
-0.0731789045794839,0.266201312976438,0.149290403020967,-0.033055171224611,-0.00602437242656048,0.000813377303068101
-0.0732018603030449,0.26619712845155,0.149290968323516,-0.0330573160137854,-0.00602705957442072,0.000814694852737858
-0.0732248175231226,0.266192942059907,0.149291534542733,-0.0330594812397799,-0.00602974868773587,0.000816017313536785
-0.0732477762540085,0.266188753800136,0.149292101682044,-0.0330616671899299,-0.00603243978646029,0.000817344731997118
-0.0732707365101959,0.26618456367085,0.149292669744908,-0.0330638741572568,-0.00603513289057853,0.000818677154607823
-0.0732936983063833,0.266180371670652,0.149293238734817,-0.0330661024406109,-0.00603782802010007,0.000820014627796168
-0.0733166616574793,0.266176177798127,0.149293808655293,-0.0330683523448187,-0.00604052519505357,0.000821357197910002
-0.0733396265786057,0.266171982051847,0.149294379509893,-0.0330706241808347,-0.00604322443548092,0.000822704911198592
-0.0733625930851029,0.266167784430373,0.149294951302204,-0.0330729182658983,-0.00604592576143069,0.000824057813792256
-0.0733855611925335,0.266163584932247,0.149295524035846,-0.0330752349236945,-0.00604862919295111,0.000825415951680754
-0.0734085309166873,0.266159383556001,0.149296097714471,-0.0330775744845212,-0.00605133475008262,0.000826779370690324
-0.073431502273586,0.266155180300153,0.149296672341761,-0.0330799372854604,-0.00605404245284964,0.000828148116459298
-0.0734544752794875,0.266150975163205,0.149297247921432,-0.0330823236705342,-0.00605675232130253,0.000829522234306911
-0.0734774499508911,0.266146768143645,0.149297824457229,-0.0330847339909261,-0.00605946437542121,0.000830901769400347
-0.0735004263045428,0.26614255923995,0.149298401952931,-0.0330871686051608,-0.00606217863513177,0.000832286766674325
-0.0735234043574399,0.266138348450581,0.149298980412346,-0.033089627879399,-0.00606489511974394,0.000833677270669613
-0.0735463841268368,0.266134135773987,0.149299559839314,-0.0330921121874347,-0.00606761384891133,0.000835073325475704
-0.07356936563025,0.2661299212086,0.149300140237705,-0.0330946219108631,-0.00607033484307408,0.000836474975426401
-0.0735923488854642,0.266125704752842,0.149300721611419,-0.0330971574395481,-0.00607305812189928,0.000837882264058834
-0.0736153339105372,0.26612148640512,0.149301303964387,-0.0330997191717225,-0.00607578370495472,0.000839295234467288
-0.0736383207238068,0.266117266163825,0.14930188730057,-0.033102307514219,-0.00607851161169882,0.000840713929269568
-0.0736613093438962,0.266113044027339,0.149302471623957,-0.033104922882707,-0.00608124186146549,0.000842138390562261
-0.0736842997897204,0.266108819994027,0.149303056938567,-0.0331075657019404,-0.00608397447345184,0.000843568659882455
-0.0737072920804925,0.266104594062241,0.149303643248449,-0.0331102364060018,-0.00608670946670072,0.000845004778156152
-0.0737302862357306,0.266100366230323,0.149304230557678,-0.0331129354385685,-0.00608944686008554,0.000846446785652307
-0.0737532822752642,0.266096136496598,0.149304818870357,-0.0331156632533753,-0.00609218667232067,0.000847894721879243
-0.0737762802192415,0.26609190485938,0.149305408190618,-0.03311842031492,-0.00609492892188321,0.000849348625213295
-0.0737992800881367,0.266087671316971,0.149305998522616,-0.0331212070967178,-0.00609767362692304,0.000850808533754367
-0.0738222819027564,0.266083435867659,0.149306589870535,-0.0331240240832223,-0.00610042080551534,0.000852274484891229
-0.0738452856842477,0.26607919850972,0.149307182238585,-0.0331268717703073,-0.00610317047540413,0.000853746514772079
-0.0738682914541058,0.266074959241418,0.149307775630999,-0.0331297506652139,-0.00610592265403346,0.000855224658503921
-0.0738912992341823,0.266070718061005,0.149308370052034,-0.0331326612868747,-0.00610867735853071,0.000856708950101921
-0.0739143090466934,0.266066474966721,0.149308965505971,-0.0331356041662571,-0.0061114346056806,0.000858199422413745
-0.0739373209142282,0.266062229956794,0.149309561997114,-0.0331385798467136,-0.0061141944118962,0.000859696107034577
-0.0739603348597575,0.266057983029441,0.149310159529787,-0.0331415888843529,-0.00611695679319028,0.000861199034224065
-0.073983350906643,0.26605373418287,0.149310758108336,-0.0331446318484197,-0.00611972176514401,0.000862708232815193
-0.0740063690786463,0.266049483415275,0.149311357737125,-0.0331477093216931,-0.0061224893428751,0.000864223730121194
-0.0740293893999384,0.266045230724843,0.149311958420536,-0.0331508219008823,-0.00612525954099956,0.00086574555182559
-0.0740524118951097,0.266040976109748,0.149312560162972,-0.0331539701970703,-0.00612803237359949,0.00086727372188854
-0.0740754365891802,0.266036719568155,0.149313162968847,-0.033157154836141,-0.00613080785418134,0.000868808262425746
-0.0740984635076098,0.266032461098223,0.149313766842593,-0.0331603764592379,-0.00613358599563474,0.000870349193590942
-0.0741214926763089,0.266028200698098,0.149314371788655,-0.0331636357232374,-0.00613636681018881,0.000871896533449703
-0.0741445241216498,0.266023938365921,0.149314977811488,-0.0331669333012398,-0.00613915030936636,0.000873450297847326
-0.074167557870478,0.266019674099822,0.149315584915559,-0.0331702698830799,-0.00614193650393449,0.000875010500267377
-0.074190593950124,0.266015407897928,0.149316193105342,-0.0331736461758531,-0.00614472540385224,0.000876577151682274
-0.0742136323884156,0.266011139758355,0.14931680238532,-0.0331770629044664,-0.00614751701821586,0.00087815026039644
-0.0742366732136901,0.266006869679217,0.149317412759978,-0.0331805208122084,-0.00615031135520039,0.000879729831879363
-0.0742597164548077,0.266002597658619,0.149318024233805,-0.0331840206613408,-0.00615310842199794,0.000881315868589491
-0.0742827621411647,0.265998323694664,0.149318636811292,-0.0331875632337152,-0.00615590822475219,0.000882908369788321
-0.0743058103027074,0.26599404778545,0.149319250496925,-0.033191149331411,-0.00615871076848892,0.000884507331341973
-0.0743288609699462,0.265989769929072,0.14931986529519,-0.0331947797774004,-0.0061615160570421,0.000886112745512615
-0.0743519141739705,0.265985490123624,0.149320481210563,-0.0331984554162402,-0.0061643240929764,0.000887724600737622
-0.0743749699464639,0.265981208367196,0.149321098247512,-0.0332021771147907,-0.00616713487750437,0.000889342881395273
-0.07439802831972,0.26597692465788,0.149321716410492,-0.0332059457629618,-0.00616994841039834,0.000890967567556199
-0.0744210893266584,0.265972638993768,0.149322335703944,-0.033209762274494,-0.00617276468989824,0.000892598634722039
-0.0744441530008421,0.265968351372953,0.149322956132288,-0.0332136275877644,-0.00617558371261181,0.000894236053545019
-0.0744672193764944,0.265964061793533,0.149323577699925,-0.0332175426666323,-0.00617840547341084,0.000895879789534353
-0.0744902884885168,0.265959770253608,0.149324200411227,-0.0332215085013153,-0.00618122996531942,0.00089752980274302
-0.0745133603725083,0.265955476751285,0.149324824270538,-0.0332255261093051,-0.00618405717939661,0.000899186047436668
-0.074536435064784,0.265951181284676,0.149325449282168,-0.033229596536317,-0.00618688710461034,0.000900848471740206
-0.0745595126023951,0.265946883851904,0.149326075450388,-0.0332337208572855,-0.00618971972770505,0.000902517017266898
-0.0745825930231501,0.2659425844511,0.149326702779427,-0.0332379001773972,-0.00619255503306037,0.000904191618721327
-0.0746056763656356,0.265938283080408,0.149327331273466,-0.0332421356331695,-0.00619539300254079,0.000905872203479434
-0.0746287626692387,0.265933979737984,0.149327960936632,-0.0332464283935766,-0.00619823361533626,0.000907558691142542
-0.0746518519741698,0.265929674422002,0.149328591772994,-0.0332507796612196,-0.006201076847792,0.000909250993062252
-0.0746749443214866,0.265925367130651,0.149329223786557,-0.0332551906735559,-0.00620392267322919,0.000910949011839604
-0.0746980397531185,0.26592105786214,0.149329856981254,-0.033259662704174,-0.00620677106175217,0.000912652640788387
-0.0747211383118924,0.265916746614702,0.149330491360941,-0.0332641970641295,-0.0062096219800452,0.000914361763367826
-0.0747442400415588,0.265912433386591,0.149331126929389,-0.0332687951033339,-0.00621247539115342,0.000916076252575141
-0.07476734498682,0.265908118176091,0.149331763690279,-0.0332734582120276,-0.00621533125425572,0.000917795970311995
-0.0747904531933579,0.265903800981514,0.14933240164719,-0.0332781878222763,-0.00621818952441289,0.000919520766687162
-0.0748135647078638,0.265899481801206,0.149333040803593,-0.0332829854095784,-0.00622105015230911,0.000921250479297795
-0.0748366795780694,0.265895160633547,0.149333681162842,-0.033287852494523,-0.00622391308397116,0.000922984932451848
-0.0748597978527783,0.265890837476958,0.149334322728164,-0.0332927906445305,-0.00622677826047076,0.000924723936343321
-0.0748829195818997,0.265886512329903,0.149334965502649,-0.0332978014756683,-0.006229645617606,0.000926467286170945
-0.074906044816482,0.26588218519089,0.149335609489239,-0.0333028866545598,-0.00623251508556325,0.000928214761203632
-0.0749291736087498,0.265877856058479,0.149336254690717,-0.0333080479003747,-0.00623538658855497,0.000929966123779368
-0.0749523060121397,0.265873524931287,0.149336901109696,-0.0333132869869166,-0.00623826004443338,0.000931721118239693
-0.0749754420813403,0.265869191807986,0.149337548748603,-0.0333186057448091,-0.00624113536427855,0.000933479469792181
-0.0749985818723314,0.265864856687316,0.149338197609669,-0.0333240060637864,-0.0062440124519568,0.000935240883296054
-0.0750217254424266,0.265860519568084,0.14933884769491,-0.0333294898950944,-0.00624689120365089,0.000937005041966038
-0.0750448728503166,0.265856180449174,0.149339499006117,-0.0333350592540066,-0.00624977150735578,0.000938771605986565
-0.0750680241561143,0.265851839329548,0.149340151544835,-0.0333407162224629,-0.0062526532423398,0.00094054021103023
-0.0750911794214029,0.265847496208258,0.149340805312348,-0.0333464629518444,-0.00625553627856986,0.000942310466678101
-0.075114338709284,0.265843151084448,0.149341460309658,-0.0333523016658691,-0.00625842047609198,0.000944081954720482
-0.0751375020844298,0.265838803957363,0.149342116537467,-0.0333582346636492,-0.00626130568437227,0.000945854227347981
-0.075160669613136,0.265834454826356,0.149342773996156,-0.0333642643228913,-0.00626419174158794,0.000947626805209233
-0.075183841363378,0.265830103690899,0.14934343268576,-0.0333703931032646,-0.00626707847386886,0.000949399175333212
-0.0752070174048684,0.265825750550585,0.149344092605947,-0.0333766235499166,-0.00626996569448046,0.000951170788893148
-0.0752301978091181,0.265821395405145,0.14934475375599,-0.0333829582972152,-0.00627285320295425,0.00095294105882799
-0.0752533826494999,0.265817038254453,0.149345416134739,-0.0333894000726349,-0.00627574078414658,0.000954709357270591
-0.0752765720013137,0.265812679098537,0.149346079740597,-0.0333959517008673,-0.00627862820723171,0.000956475012797307
-0.0752997659418564,0.265808317937592,0.149346744571479,-0.0334026161081389,-0.00628151522461838,0.000958237307471348
-0.0753229645504934,0.265803954771991,0.149347410624791,-0.0334093963267643,-0.00628440157078674,0.000959995473669674
-0.0753461679087341,0.265799589602298,0.149348077897381,-0.0334162954999175,-0.00628728696103301,0.000961748690662987
-0.0753693761003104,0.265795222429282,0.149348746385513,-0.0334233168866769,-0.00629017109012215,0.000963496080945351
-0.0753925892112594,0.26579085325393,0.149349416084817,-0.0334304638673276,-0.00629305363083496,0.0009652367062793
-0.0754158073300095,0.265786482077465,0.149350086990251,-0.0334377399489468,-0.00629593423240213,0.000966969563436728
-0.07543903054747,0.265782108901365,0.149350759096053,-0.0334451487713005,-0.0062988125188172,0.000968693579612439
-0.0754622589571258,0.265777733727374,0.149351432395689,-0.0334526941130361,-0.0063016880870134,0.000970407607471972
-0.0754854926551358,0.265773356557528,0.149352106881801,-0.0334603798982325,-0.00630456050489799,0.000972110419815432
-0.0755087317404368,0.265768977394175,0.149352782546151,-0.0334682102032978,-0.00630742930922829,0.000973800703813861
-0.0755319763148514,0.265764596239994,0.149353459379555,-0.0334761892642511,-0.00631029400331529,0.000975477054784006
-0.0755552264832007,0.265760213098023,0.149354137371821,-0.0334843214843725,-0.00631315405453688,0.000977137969451004
-0.075578482353425,0.265755827971681,0.149354816511679,-0.0334926114423419,-0.00631600889165466,0.000978781838679441
-0.0756017440367072,0.2657514408648,0.149355496786698,-0.0335010639007603,-0.00631885790189823,0.000980406939585101
-0.0756250116476041,0.265747051781651,0.149356178183213,-0.0335096838151777,-0.00632170042781053,0.000982011427001917
-0.0756482853041835,0.265742660726981,0.14935686068623,-0.0335184763436133,-0.00632453576382405,0.000983593324228739
-0.0756715651281685,0.265738267706041,0.149357544279334,-0.0335274468566204,-0.00632736315254749,0.000985150512997464
-0.0756948512450886,0.265733872724629,0.149358228944587,-0.033536600947885,-0.00633018178072879,0.000986680722575812
-0.0757181437844383,0.26572947578913,0.149358914662419,-0.0335459444454436,-0.00633299077487076,0.000988181517937829
-0.0757414428798443,0.265725076906556,0.149359601411506,-0.0335554834235127,-0.00633578919646026,0.000989650286900509
-0.0757647486692404,0.265720676084593,0.149360289168645,-0.033565224214977,-0.00633857603677495,0.0009910842261299
-0.0757880612950522,0.265716273331658,0.149360977908618,-0.0335751734245882,-0.00634135021122775,0.000992480325909424
-0.07581138090439,0.265711868656946,0.149361667604037,-0.0335853379428642,-0.00634411055319741,0.000993835353536357
-0.0758347076492527,0.265707462070493,0.149362358225188,-0.0335957249607847,-0.00634685580730037,0.000995145835223971
-0.0758580416867419,0.26570305358324,0.149363049739856,-0.0336063419852791,-0.00634958462204231,0.000996408036347268
-0.0758813831792867,0.265698643207104,0.149363742113135,-0.0336171968555625,-0.00635229554178754,0.000997617939869225
-0.07590473229488,0.265694230955048,0.149364435307224,-0.0336282977603237,-0.00635498699797395,0.000998771222751523
-0.0759280892073283,0.265689816841169,0.149365129281208,-0.0336396532558852,-0.00635765729949923,0.00099986323016028
-0.0759514540965132,0.265685400880783,0.149365823990813,-0.0336512722852532,-0.00636030462218461,0.00100088894720917
-0.0759748271486665,0.265680983090523,0.149366519388152,-0.0336631641981746,-0.00636292699722239,0.00100184296799919
-0.07599820855666,0.265676563488442,0.149367215421437,-0.0336753387721864,-0.0063655222984966,0.00100271946165758
-0.0760215985203111,0.265672142094128,0.149367912034672,-0.0336878062347265,-0.00636808822865688,0.00100351213506074
-0.0760449972467018,0.26566771892883,0.149368609167319,-0.0337005772862064,-0.00637062230380262,0.0010042141918631
-0.0760684049505162,0.265663294015589,0.149369306753934,-0.0337136631241961,-0.00637312183663372,0.00100481828745153
-0.0760918218543946,0.265658867379391,0.149370004723764,-0.0337270754685949,-0.00637558391789012,0.00100531647935553
-0.0761152481893049,0.265654439047322,0.149370703000323,-0.0337408265878192,-0.00637800539589185,0.00100570017261716
-0.0761386841949329,0.265650009048751,0.149371401500907,-0.0337549293259025,-0.00638038285396153,0.00100596005954694
-0.0761621301200923,0.265645577415515,0.149372100136085,-0.0337693971304958,-0.00638271258549286,0.00100608605323893
-0.0761855862231525,0.265641144182136,0.149372798809129,-0.0337842440815592,-0.00638499056638927,0.00100606721412367
-0.0762090527724892,0.26563670938605,0.149373497415394,-0.0337994849207162,-0.00638721242457499,0.00100589166877086
-0.0762325300469538,0.265632273067857,0.14937419584164,-0.0338151350809067,-0.00638937340623173,0.00100554652003395
-0.0762560183363633,0.265627835271605,0.149374893965287,-0.0338312107161418,-0.00639146833838099,0.00100501774753845
-0.0762795179420118,0.265623396045088,0.149375591653596,-0.0338477287310035,-0.00639349158738319,0.00100429009738458
-0.0763030291772018,0.265618955440188,0.149376288762774,-0.0338647068093491,-0.0063954370128666,0.00100334695979555
-0.0763265523677947,0.265614513513242,0.149376985136982,-0.033882163441672,-0.00639729791654787,0.00100217023329522
-0.0763500878527796,0.265610070325446,0.149377680607248,-0.0339001179503202,-0.00639906698533384,0.00100074017382438
-0.0763736359848604,0.265605625943309,0.149378374990273,-0.0339185905117042,-0.00640073622802462,0.000999035227014376
-0.0763971971310532,0.265601180439143,0.149379068087108,-0.0339376021740825,-0.00640229690485419,0.000997031841635693
-0.0764207716732975,0.265596733891613,0.149379759681694,-0.033957174869722,-0.0064037394490195,0.000994704261994719
-0.0764443600090724,0.265592286386339,0.149380449539255,-0.0339773314193348,-0.00640505337924574,0.00099202429682315
-0.0764679625520116,0.265587838016565,0.14938113740452,-0.0339980955266274,-0.00640622720233657,0.000988961061914549
-0.076491579732512,0.2655833888839,0.149381822999753,-0.0340194917600541,-0.00640724830454171,0.000985480693494653
-0.0765152119983218,0.265578939099135,0.149382506022573,-0.034041545518261,-0.00640810283045956,0.000981546029010721
-0.076538859815101,0.265574488783154,0.149383186143548,-0.0340642829749698,-0.00640877554806778,0.000977116251714966
-0.0765625236669321,0.265570038067937,0.149383863003518,-0.034087730997861,-0.00640924969836467,0.000972146495150341
-0.0765862040567647,0.265565587097683,0.149384536210632,-0.0341119170350112,-0.0064095068279866,0.000966587403359915
-0.076609901506768,0.265561136030047,0.149385205337067,-0.0341368689608276,-0.00640952660308242,0.00096038464245042
-0.076633616558559,0.265556685037516,0.149385869915386,-0.0341626148716892,-0.00640928660266461,0.000953478359018962
-0.076657349773268,0.265552234308939,0.149386529434495,-0.0341891828192888,-0.00640876208965713,0.000945802580998349
-0.0766811017313931,0.265547784051217,0.149387183335175,-0.0342166004671221,-0.00640792575793218,0.000937284556722804
-0.0767048730323851,0.265543334491189,0.149387831005123,-0.0342448946523195,-0.00640674745383596,0.000927844028635952
-0.0767286642938877,0.265538885877707,0.149388471773466,-0.0342740908313467,-0.00640519387107335,0.00091739243911805
-0.0767524761505468,0.265534438483947,0.149389104904703,-0.0343042123836608,-0.00640322821844062,0.000905832067644374
-0.076776309252277,0.265529992609942,0.149389729592026,-0.0343352797421151,-0.00640080986087576,0.000893055101189835
-0.0768001642618531,0.265525548585393,0.149390344949963,-0.0343673093129712,-0.00639789393573002,0.00087894264371726
-0.0768240418516676,0.265521106772738,0.14939095000633,-0.0344003121415618,-0.00639443094825019,0.00086336367624684
-0.0768479426994573,0.265516667570517,0.149391543693438,-0.0344342922719847,-0.00639036635322592,0.000846173987013163
-0.0768718674827673,0.265512231417023,0.14939212483856,-0.0344692447412617,-0.00638564013383648,0.000827215102177213
-0.0768958168718774,0.265507798794246,0.149392692153669,-0.0345051531403055,-0.0063801863943003,0.000806313262466427
-0.0769197915208599,0.265503370232088,0.149393244224492,-0.0345419866665443,-0.00637393299042644,0.00078327851110726
-0.0769437920563972,0.265498946312808,0.149393779499009,-0.0345796965881172,-0.00636680123192827,0.000757903984338419
-0.0769678190639054,0.265494527675642,0.149394296275546,-0.0346182120375118,-0.00635870570323256,0.000729965529879608
-0.0769918730704922,0.265490115021482,0.149394792690785,-0.0346574350594246,-0.00634955426533036,0.000699221820383811
-0.0770159545241927,0.265485709117475,0.149395266708065,-0.0346972348533678,-0.00633924832126525,0.000665415181524012
-0.0770400637689221,0.265481310801306,0.149395716106606,-0.0347374411864793,-0.00632768345118243,0.000628273415181628
-0.0770642010145721,0.265476920984888,0.149396138472425,-0.0347778370101964,-0.00631475054973961,0.000587512967805892
-0.0770883663017343,0.265472540657026,0.149396531192055,-0.0348181504081587,-0.00630033762689777,0.000542843866268568
-0.0771125594606783,0.265468170884562,0.149396891450434,-0.0348580461426101,-0.00628433245943229,0.000493976909605032
-0.0771367800644412,0.265463812811311,0.149397216234732,-0.03489711726448,-0.00626662629888046,0.000440633648384965
-0.077161027376318,0.265459467654005,0.149397502346226,-0.0349348775185868,-0.00624711884076906,0.000382559673325604
-0.0771853002926532,0.26545513669429,0.149397746422677,-0.0349707556035889,-0.00622572462495104,0.000319541631439613
-0.077209597282684,0.265450821265759,0.149397944973881,-0.0350040927093096,-0.00620238094812734,0.000251428144240769
-0.0772339163283217,0.265446522734983,0.149398094433046,-0.0350341451015314,-0.0061770572033972,0.000178154373987238
-0.0772582548680589,0.265442242475649,0.149398191226248,-0.0350600937727581,-0.00614976528893993,9.97693253319587E-05
-0.0772826097506109,0.265437981835312,0.149398231861304,-0.0350810631325408,-0.00612057033245674,1.64640277523814E-05
-0.0773069772050845,0.2654337420949,0.149398213035695,-0.0350961500022982,-0.00608960059729138,-7.14022897996211E-05
-0.0773313528348801,0.265429524421976,0.149398131761016,-0.0351044628838352,-0.00605705544963638,-0.000163281344778228
-0.077355731642247,0.265425329819345,0.149397985499159,-0.0351051709398672,-0.0060232106141983,-0.000258423388053111
-0.0773801080901637,0.265421159071341,0.149397772302948,-0.0350975622799617,-0.00598841924552633,-0.000355877865905389
-0.0774044762068327,0.265417012691764,0.149397490949653,-0.0350811069367462,-0.00595310539940957,-0.000454514423183666
-0.0774288297320376,0.265412890879812,0.14939714105184,-0.0350555121065048,-0.00591774760318367,-0.000553066607577316
-0.0774531622961055,0.265408793490129,0.149396723132172,-0.0350207602655886,-0.00588285541222129,-0.000650190291438288
-0.0774774676194768,0.265404720020345,0.149396238654322,-0.0349771305593535,-0.00584894282725344,-0.000744531816893948
-0.07750173972001,0.26540066961793,0.149395690002678,-0.0349251975990321,-0.0058164993969207,-0.000834806822627276
-0.0775259731083833,0.265396641107129,0.149395080406785,-0.0348657979613741,-0.00578596217123685,-0.000919877110163318
-0.0775501629509214,0.265392633033464,0.149394413818677,-0.0347999726974275,-0.00575769382931039,-0.000998807639877547
-0.0775743051887033,0.265388643720754,0.149393694758403,-0.0347289004260689,-0.00573196843481752,-0.00107090193353331
-0.0775983966083501,0.265384671335484,0.149392928141471,-0.0346538254589207,-0.00570896452564958,-0.00113571857617953
-0.0776224348625274,0.265380713953261,0.149392119102194,-0.0345759863654143,-0.00568876613818427,-0.001193066134971
-0.0776464184439043,0.265376769621897,0.149391272827817,-0.0344965548800983,-0.00567137118861382,-0.00124297813273045
-0.0776703466221719,0.265372836416727,0.149390394414854,-0.0344165910660088,-0.00565670505624527,-0.00128567545522684
-0.0776942193558801,0.265368912485434,0.149389488753744,-0.0343370154762195,-0.00564463678619906,-0.00132152340713998
-0.0777180371904021,0.265364996081412,0.149388560443604,-0.0342585966774791,-0.00563499554008805,-0.00135098876577972
-0.0777418011517583,0.265361085586141,0.149387613735649,-0.0341819512133594,-0.00562758560044225,-0.00137460064787583
-0.0777655126437222,0.265357179521908,0.149386652501774,-0.0341075525175865,-0.00562219905675622,-0.00139291742439305
-0.0777891733532549,0.265353276556624,0.14938568022374,-0.0340357454760015,-0.00561862587798578,-0.00140650053316016
-0.0778127851671934,0.265349375502551,0.149384699998153,-0.033966763881252,-0.00561666141044338,-0.00141589508139366
-0.077836350101441,0.265345475310649,0.149383714552751,-0.0339007486595511,-0.00561611155497999,-0.00142161653591558
-0.0778598702426308,0.265341575062016,0.149382726270114,-0.033837765397094,-0.00561679600521646,-0.00142414248496958
-0.0778833477014473,0.265337673957639,0.149381737215644,-0.0337778202716396,-0.0056185499674749,-0.00142390837035849
-0.0779067845763235,0.265333771307363,0.149380749167439,-0.0337208739523561,-0.00562122475634016,-0.00142130615880205
-0.0779301829260365,0.26532986651873,0.14937976364633,-0.0336668533489233,-0.00562468760037161,-0.00141668507193009
-0.0779535447497427,0.265325959086157,0.149378781944899,-0.0336156612868666,-0.00562882092522111,-0.00141035366811508
-0.0779768719730574,0.265322048580724,0.149377805154749,-0.033567184300296,-0.005633521318575,-0.00140258273534174
-0.0780001664389662,0.265318134640755,0.149376834191601,-0.0335212987814396,-0.00563869832746854,-0.00139360859826638
-0.0780234299025062,0.265314216963253,0.149375869818034,-0.0334778757381191,-0.0056442731924483,-0.00138363656324288
-0.0780466640283418,0.265310295296222,0.149374912663831,-0.0334367844025309,-0.00565017759461768,-0.00137284430800413
-0.078069870390507,0.265306369431828,0.149373963244049,-0.0333978949113561,-0.00565635245875063,-0.0013613851038503
-0.0780930504737463,0.265302439200381,0.149373021974908,-0.0333610802414297,-0.00566274683961288,-0.00134939080075038
-0.0781162056759858,0.265298504465041,0.149372089187709,-0.0333262175629292,-0.00566931690578009,-0.00133697454222806
-0.0781393373115809,0.265294565117207,0.149371165140963,-0.0332931891413601,-0.00567602502534084,-0.00132423320123249
-0.0781624466150655,0.265290621072494,0.149370250030927,-0.0332618828945401,-0.00568283895197689,-0.00131124954315646
-0.0781855347451935,0.265286672267252,0.149369344000719,-0.0332321926895094,-0.00568973110631529,-0.00129809413135141
-0.078208602789116,0.265282718655548,0.149368447148203,-0.0332040184467016,-0.00569667794583777,-0.00128482699544348
-0.0782316517665788,0.265278760206557,0.149367559532788,-0.0331772661042032,-0.00570365941342015,-0.00127149908531496
-0.0782546826340595,0.265274796902314,0.149366681181283,-0.0331518474818683,-0.00571065845816552,-0.00125815353513731
-0.0782776962887842,0.265270828735772,0.149365812092934,-0.033127680076915,-0.00571766062119769,-0.0012448267546659
-0.0783006935725855,0.26526685570913,0.149364952243762,-0.0331046868149235,-0.00572465367551849,-0.00123154937462676
-0.0783236752755777,0.265262877832396,0.149364101590282,-0.0330827957734873,-0.00573162731532028,-0.00121834706162139
-0.0783466421396338,0.265258895122144,0.149363260072706,-0.033061939891971,-0.00573857288781501,-0.00120524122037872
-0.0783695948616601,0.265254907600454,0.149362427617679,-0.0330420566769604,-0.00574548316196327,-0.0011922495984179
-0.0783925340966656,0.265250915293989,0.149361604140643,-0.0330230879103515,-0.0057523521291246,-0.00117938680642546
-0.0784154604606322,0.265246918233214,0.149360789547848,-0.0330049793649042,-0.00575917483127652,-0.00116666476594261
-0.07843837453319,0.265242916451712,0.149359983738089,-0.0329876805306529,-0.0057659472129845,-0.00115409309453792
-0.0784612768601078,0.265238909985608,0.149359186604182,-0.0329711443540608,-0.00577266599389109,-0.00114167943704087
-0.0784841679556065,0.265234898873071,0.149358398034237,-0.0329553269914438,-0.00577932855879294,-0.00112942975061494
-0.0785070483045071,0.265230883153878,0.149357617912741,-0.0329401875770436,-0.00578593286290718,-0.0011173485500164
-0.0785299183642223,0.265226862869055,0.149356846121482,-0.0329256880058916,-0.00579247735020814,-0.00110543911864018
-0.0785527785666027,0.265222838060559,0.149356082540346,-0.0329117927314079,-0.00579896088296205,-0.00109370369029959
-0.0785756293196472,0.26521880877101,0.149355327047984,-0.0328984685770652,-0.00580538268097048,-0.00108214360565959
-0.0785984710090873,0.265214775043461,0.149354579522387,-0.0328856845616893,-0.00581174226912418,-0.00107075944700909
-0.0786213039998552,0.2652107369212,0.149353839841371,-0.0328734117376721,-0.00581803943212312,-0.00105955115438004
-0.0786441286374428,0.265206694447589,0.149353107882988,-0.0328616230412792,-0.00582427417540028,-0.00104851812553783
-0.0786669452491615,0.265202647665918,0.149352383525869,-0.0328502931544017,-0.00583044669135487,-0.00103765930219273
-0.0786897541453099,0.265198596619286,0.149351666649518,-0.0328393983769013,-0.00583655733019611,-0.00102697324425945
-0.0787125556202552,0.265194541350505,0.149350957134553,-0.032828916508833,-0.00584260657475622,-0.00101645819384457
-0.0787353499534374,0.265190481902007,0.149350254862908,-0.0328188267418184,-0.00584859501873443,-0.00100611213036731
-0.0787581374103003,0.265186418315784,0.149349559717993,-0.0328091095588813,-0.0058545233479057,-0.000995932818031557
-0.0787809182431555,0.265182350633319,0.14934887158484,-0.0327997466420885,-0.00586039232389717,-0.000985917846682821
-0.0788036926919855,0.265178278895549,0.149348190350198,-0.0327907207873933,-0.00586620277018275,-0.000976064666961595
-0.0788264609851892,0.265174203142819,0.149347515902632,-0.0327820158261023,-0.00587195556000173,-0.000966370620516832
-0.0788492233402759,0.265170123414851,0.149346848132579,-0.0327736165524398,-0.0058776516059435,-0.000956832965950142
-0.0788719799645098,0.265166039750727,0.149346186932403,-0.0327655086567144,-0.00588329185097674,-0.000947448901065032
-0.0788947310555113,0.265161952188863,0.149345532196432,-0.0327576786636359,-0.00588887726073174,-0.000938215581917604
-0.078917476801816,0.265157860766998,0.149344883820976,-0.0327501138753636,-0.0058944088168686,-0.000929130139100615
-0.0789402173833959,0.265153765522187,0.149344241704342,-0.032742802318889,-0.0058998875113952,-0.000920189691612786
-0.0789629529721464,0.265149666490793,0.149343605746841,-0.0327357326974305,-0.00590531434179287,-0.000911391358680891
-0.0789856837323391,0.265145563708487,0.149342975850778,-0.0327288943454706,-0.00591069030686553,-0.000902732269749757
-0.0790084098210464,0.265141457210244,0.149342351920449,-0.0327222771871727,-0.00591601640320125,-0.000894209572927702
-0.079031131388537,0.265137347030352,0.14934173386212,-0.0327158716978876,-0.00592129362217193,-0.000885820442077043
-0.0790538485786462,0.265133233202411,0.149341121584009,-0.0327096688685051,-0.00592652294739965,-0.000877562082733783
-0.0790765615291225,0.265129115759342,0.149340514996262,-0.0327036601724192,-0.00593170535262816,-0.000869431737013489
-0.0790992703719515,0.265124994733393,0.149339914010926,-0.0326978375348981,-0.00593684179994629,-0.000861426687639737
-0.0791219752336603,0.265120870156149,0.149339318541922,-0.0326921933046664,-0.00594193323831674,-0.000853544261213677
-0.0791446762356017,0.265116742058542,0.149338728505009,-0.0326867202275245,-0.00594698060237007,-0.000845781830827223
-0.0791673734942216,0.265112610470858,0.149338143817755,-0.0326814114218448,-0.00595198481142755,-0.000838136818112565
-0.07919006712131,0.265108475422751,0.149337564399501,-0.0326762603557934,-0.00595694676872478,-0.000830606694798314
-0.0792127572242357,0.265104336943254,0.149336990171325,-0.0326712608261489,-0.00596186736080575,-0.000823188983850385
-0.0792354439061686,0.26510019506079,0.149336421056008,-0.0326664069385889,-0.00596674745706668,-0.000815881260248997
-0.0792581272662868,0.265096049803185,0.149335856977997,-0.0326616930893339,-0.005971587909428,-0.000808681151456344
-0.0792808073999731,0.265091901197677,0.149335297863369,-0.0326571139480438,-0.00597638955211713,-0.000801586337619205
-0.0793034843989987,0.265087749270935,0.149334743639791,-0.0326526644418719,-0.00598115320154615,-0.000794594551545512
-0.0793261583516973,0.265083594049063,0.149334194236489,-0.0326483397405894,-0.0059858796562711,-0.000787703578488836
-0.0793488293431282,0.265079435557619,0.149333649584208,-0.0326441352426987,-0.00599056969702105,-0.000780911255769951
-0.0793714974552313,0.265075273821625,0.149333109615176,-0.0326400465624652,-0.00599522408678562,-0.000774215472263829
-0.0793941627669717,0.265071108865578,0.149332574263071,-0.0326360695177943,-0.00599984357095445,-0.000767614167767831
-0.0794168253544782,0.265066940713465,0.149332043462983,-0.0326322001188979,-0.00600442887749739,-0.00076110533227946
-0.0794394852911721,0.265062769388773,0.149331517151381,-0.0326284345576883,-0.00600898071718101,-0.000754687005193889
-0.0794621426478907,0.2650585949145,0.149330995266079,-0.0326247691978487,-0.00601349978381448,-0.000748357274438667
-0.0794847974930029,0.265054417313169,0.149330477746201,-0.0326212005655323,-0.00601798675451975,-0.000742114275557888
-0.0795074498925193,0.26505023660684,0.149329964532151,-0.0326177253406436,-0.00602244229002146,-0.000735956190756848
-0.0795300999101956,0.265046052817116,0.14932945556558,-0.0326143403486636,-0.00602686703495155,-0.000729881247918172
-0.0795527476076314,0.265041865965162,0.14932895078935,-0.0326110425529751,-0.00603126161817241,-0.00072388771958903
-0.0795753930443633,0.265037676071708,0.149328450147513,-0.0326078290476635,-0.0060356266530951,-0.000717973921968212
-0.0795980362779533,0.265033483157067,0.149327953585272,-0.0326046970507483,-0.00603996273802201,-0.000712138213870232
-0.0796206773640727,0.265029287241138,0.149327461048955,-0.0326016438978242,-0.00604427045648181,-0.000706378995693405
-0.0796433163565816,0.265025088343423,0.149326972485989,-0.0325986670360812,-0.00604855037757176,-0.000700694708387764
-0.0796659533076045,0.265020886483031,0.149326487844867,-0.0325957640186778,-0.00605280305630011,-0.00069508383242792
-0.0796885882676019,0.265016681678692,0.149326007075127,-0.0325929324994447,-0.00605702903392776,-0.00068954488679561
-0.0797112212854382,0.265012473948765,0.149325530127319,-0.0325901702278949,-0.00606122883831068,-0.000684076427966458
-0.0797338524084474,0.265008263311245,0.149325056952986,-0.0325874750445252,-0.00606540298423467,-0.000678677048923435
-0.0797564816824937,0.265004049783777,0.149324587504634,-0.0325848448763827,-0.00606955197375172,-0.000673345378172035
-0.0797791091520308,0.264999833383658,0.149324121735709,-0.0325822777328849,-0.00607367629650952,-0.000668080078778876
-0.0798017348601574,0.264995614127853,0.149323659600574,-0.0325797717018751,-0.0060777764300766,-0.000662879847426903
-0.0798243588486706,0.264991392032997,0.149323201054486,-0.0325773249458974,-0.00608185284026183,-0.000657743413490282
-0.0798469811581162,0.264987167115405,0.149322746053574,-0.0325749356986778,-0.00608590598142985,-0.000652669538125359
-0.0798696018278373,0.264982939391084,0.149322294554815,-0.0325726022618007,-0.0060899362968069,-0.000647657013389254
-0.0798922208960202,0.264978708875732,0.149321846516016,-0.0325703230015639,-0.00609394421878379,-0.000642704661371893
-0.0799148383997383,0.264974475584755,0.14932140189579,-0.0325680963460057,-0.00609793016921061,-0.000637811333352736
-0.0799374543749938,0.264970239533266,0.149320960653538,-0.0325659207820905,-0.00610189455968502,-0.000632975908977856
-0.079960068856758,0.264966000736097,0.149320522749432,-0.0325637948530672,-0.00610583779178512,-0.000628197295349155
-0.0799826818790096,0.264961759207806,0.149320088144391,-0.0325617171559038,-0.00610976025743701,-0.000623474426468805
-0.0800052934747704,0.264957514962681,0.149319656800066,-0.0325596863389109,-0.00611366233914546,-0.000618806262346808
-0.0800279036761415,0.264953268014745,0.149319228678821,-0.0325577010994754,-0.00611754441026206,-0.000614191788341753
-0.0800505125143348,0.264949018377769,0.149318803743716,-0.0325557601819063,-0.00612140683524229,-0.000609630014387753
-0.0800731200197065,0.264944766065273,0.149318381958492,-0.0325538623754214,-0.00612524996984026,-0.000605119974233526
-0.080095726221787,0.26494051109053,0.149317963287551,-0.0325520065121932,-0.00612907416138693,-0.000600660724814488
-0.0801183311493102,0.264936253466577,0.149317547695941,-0.0325501914655154,-0.00613287974901731,-0.000596251345612796
-0.0801409348302409,0.264931993206219,0.149317135149346,-0.0325484161480511,-0.00613666706390667,-0.000591890937995151
-0.0801635372918024,0.264927730322032,0.149316725614061,-0.0325466795101776,-0.00614043642948566,-0.00058757862460852
-0.0801861385605016,0.264923464826371,0.149316319056988,-0.0325449805384084,-0.00614418816165652,-0.000583313548774603
-0.0802087386621535,0.264919196731373,0.149315915445614,-0.0325433182538931,-0.00614792256900169,-0.000579094873906263
-0.0802313376219053,0.264914926048966,0.149315514748001,-0.0325416917109908,-0.00615163995298625,-0.000574921782941518
-0.0802539354642583,0.264910652790867,0.149315116932771,-0.0325400999959119,-0.00615534060815456,-0.000570793477794627
-0.0802765322130902,0.264906376968593,0.149314721969095,-0.0325385422254254,-0.00615902482232111,-0.000566709178823765
-0.0802991278916757,0.264902098593465,0.149314329826679,-0.0325370175456281,-0.00616269287675433,-0.00056266812431879
-0.0803217225227056,0.264897817676608,0.149313940475751,-0.0325355251307689,-0.00616634504636199,-0.000558669569985417
-0.0803443161283076,0.26489353422896,0.149313553887051,-0.0325340641821349,-0.00616998159985702,-0.000554712788483518
-0.0803669087300634,0.264889248261274,0.149313170031818,-0.0325326339269828,-0.00617360279993248,-0.000550797068941284
-0.0803895003490268,0.264884959784121,0.149312788881778,-0.0325312336175229,-0.00617720890342427,-0.000546921716503383
-0.0804120910057408,0.2648806688079,0.149312410409136,-0.0325298625299491,-0.00618080016147037,-0.000543086051889184
-0.0804346807202537,0.264876375342832,0.149312034586562,-0.0325285199635137,-0.00618437681966532,-0.000539289410964556
-0.080457269512135,0.264872079398974,0.149311661387182,-0.0325272052396435,-0.00618793911821002,-0.000535531144326822
-0.0804798574004904,0.264867780986215,0.14931129078457,-0.0325259177010962,-0.00619148729205708,-0.00053181061690248
-0.0805024444039763,0.264863480114285,0.149310922752734,-0.0325246567111539,-0.00619502157105176,-0.000528127207557271
-0.080525030540814,0.264859176792753,0.149310557266108,-0.0325234216528535,-0.00619854218006873,-0.000524480308718217
-0.0805476158288027,0.264854871031037,0.149310194299546,-0.0325222119282494,-0.00620204933914503,-0.000520869326006314
-0.0805702002853331,0.264850562838401,0.149309833828309,-0.0325210269577108,-0.00620554326360727,-0.000517293677885208
-0.0805927839273994,0.264846252223963,0.149309475828057,-0.0325198661792471,-0.00620902416419857,-0.000513752795311141
-0.0806153667716114,0.264841939196696,0.149309120274842,-0.0325187290478645,-0.00621249224719814,-0.000510246121403092
-0.0806379488342061,0.264837623765429,0.149308767145096,-0.0325176150349488,-0.00621594771453903,-0.000506773111118252
-0.0806605301310592,0.264833305938856,0.14930841641563,-0.0325165236276758,-0.006219390763922,-0.000503333230938301
-0.0806831106776954,0.264828985725531,0.149308068063617,-0.0325154543284456,-0.00622282158892606,-0.000499925958565214
-0.0807056904892989,0.264824663133879,0.149307722066591,-0.0325144066543416,-0.00622624037911564,-0.000496550782626313
-0.0807282695807236,0.264820338172192,0.149307378402438,-0.0325133801366116,-0.00622964732014458,-0.000493207202388229
-0.0807508479665027,0.264816010848635,0.149307037049387,-0.0325123743201706,-0.00623304259385705,-0.000489894727479523
-0.0807734256608579,0.264811681171249,0.149306697986005,-0.0325113887631245,-0.00623642637838544,-0.000486612877621641
-0.0807960026777084,0.264807349147951,0.149306361191188,-0.032510423036313,-0.0062397988482454,-0.000483361182367957
-0.0808185790306798,0.264803014786539,0.149306026644156,-0.0325094767228712,-0.00624316017442804,-0.000480139180850628
-0.0808411547331124,0.264798678094694,0.149305694324446,-0.0325085494178092,-0.00624651052448941,-0.000476946421535001
-0.080863729798069,0.26479433907998,0.149305364211904,-0.0325076407276085,-0.00624985006263743,-0.000473782461981336
-0.0808863042383433,0.26478999774985,0.149305036286683,-0.0325067502698346,-0.00625317894981614,-0.0004706468686136
-0.080908878066467,0.264785654111645,0.14930471052923,-0.0325058776727651,-0.00625649734378767,-0.0004675392164951
-0.0809314512947173,0.264781308172599,0.149304386920288,-0.0325050225750323,-0.00625980539921164,-0.000464459089110744
-0.0809540239351237,0.264776959939838,0.149304065440885,-0.0325041846252799,-0.00626310326772356,-0.000461406078152657
-0.0809765959994759,0.264772609420384,0.149303746072329,-0.0325033634818345,-0.00626639109800497,-0.00045837978332734
-0.0809991674993285,0.264768256621158,0.149303428796203,-0.0325025588123867,-0.00626966903586332,-0.000455379812138061
-0.0810217384460094,0.26476390154898,0.149303113594363,-0.0325017702936881,-0.00627293722429794,-0.000452405779703841
-0.0810443088506244,0.264759544210571,0.149302800448926,-0.0325009976112574,-0.00627619580356987,-0.000449457308568616
-0.0810668787240643,0.264755184612557,0.14930248934227,-0.032500240459099,-0.00627944491126855,-0.000446534028518945
-0.0810894480770102,0.264750822761467,0.149302180257028,-0.0324994985394323,-0.00628268468237658,-0.000443635576406949
-0.0811120169199391,0.264746458663739,0.149301873176082,-0.0324987715624302,-0.00628591524933271,-0.000440761595978345
-0.0811345852631294,0.264742092325721,0.149301568082561,-0.0324980592459687,-0.00628913674209297,-0.000437911737705395
-0.0811571531166663,0.264737723753669,0.149301264959831,-0.0324973613153847,-0.00629234928819011,-0.000435085658624619
-0.0811797204904467,0.264733352953752,0.149300963791497,-0.0324966775032441,-0.00629555301279141,-0.000432283022179116
-0.0812022873941842,0.264728979932053,0.149300664561395,-0.0324960075491168,-0.00629874803875478,-0.000429503498065345
-0.081224853837414,0.264724604694572,0.149300367253586,-0.0324953511993618,-0.00630193448668337,-0.000426746762084225
-0.0812474198294974,0.264720227247224,0.149300071852357,-0.0324947082069185,-0.00630511247497866,-0.000424012495996414
-0.0812699853796265,0.264715847595844,0.149299778342213,-0.0324940783311067,-0.006308282119892,-0.00042130038738164
-0.0812925504968281,0.264711465746185,0.149299486707872,-0.0324934613374335,-0.00631144353557485,-0.000418610129501944
-0.0813151151899686,0.264707081703923,0.149299196934267,-0.0324928569974064,-0.00631459683412753,-0.000415941421168733
-0.0813376794677576,0.264702695474658,0.149298909006534,-0.0324922650883548,-0.00631774212564669,-0.000413293966613501
-0.0813602433387519,0.264698307063911,0.149298622910016,-0.0324916853932558,-0.00632087951827143,-0.000410667475362121
-0.0813828068113598,0.264693916477131,0.149298338630254,-0.0324911177005678,-0.00632400911822826,-0.000408061662112588
-0.0814053698938445,0.264689523719693,0.149298056152986,-0.0324905618040691,-0.00632713102987432,-0.000405476246617159
-0.0814279325943274,0.264685128796901,0.149297775464143,-0.0324900175027016,-0.00633024535574152,-0.00040291095356236
-0.0814504949207924,0.264680731713987,0.149297496549844,-0.0324894846004222,-0.00633335219657563,-0.000400365512462853
-0.081473056881089,0.264676332476115,0.149297219396397,-0.0324889629060565,-0.00633645165137799,-0.000397839657547644
-0.0814956184829354,0.264671931088381,0.149296943990291,-0.0324884522331594,-0.00633954381744433,-0.000395333127654598
-0.081518179733922,0.264667527555812,0.149296670318195,-0.0324879523998798,-0.00634262879040292,-0.000392845666126728
-0.0815407406415144,0.264663121883371,0.149296398366955,-0.0324874632288299,-0.00634570666425171,-0.000390377020711252
-0.0815633012130567,0.264658714075955,0.14929612812359,-0.0324869845469595,-0.00634877753139448,-0.000387926943461331
-0.0815858614557741,0.2646543041384,0.149295859575291,-0.0324865161854334,-0.00635184148267605,-0.000385495190640412
-0.0816084213767761,0.264649892075476,0.149295592709417,-0.0324860579795143,-0.00635489860741654,-0.000383081522629081
-0.0816309809830593,0.264645477891894,0.149295327513489,-0.0324856097684486,-0.00635794899344482,-0.000380685703834378
-0.0816535402815096,0.264641061592303,0.149295063975194,-0.0324851713953561,-0.00636099272713096,-0.000378307502601474
-0.0816760992789058,0.264636643181293,0.149294802082377,-0.032484742707124,-0.00636402989341797,-0.000375946691127646
-0.0816986579819212,0.264632222663396,0.149294541823039,-0.0324843235543037,-0.00636706057585262,-0.00037360304537849
-0.0817212163971269,0.264627800043086,0.149294283185336,-0.0324839137910112,-0.00637008485661559,-0.000371276345006304
-0.0817437745309937,0.264623375324781,0.149294026157576,-0.0324835132748309,-0.00637310281655068,-0.000368966373270552
-0.0817663323898947,0.264618948512841,0.149293770728217,-0.0324831218667223,-0.00637611453519348,-0.000366672916960381
-0.0817888899801077,0.264614519611575,0.149293516885862,-0.0324827394309296,-0.00637912009079911,-0.00036439576631911
-0.0818114473078172,0.264610088625235,0.149293264619259,-0.032482365834895,-0.00638211956036943,-0.000362134714970639
-0.0818340043791169,0.264605655558022,0.1492930139173,-0.0324820009491734,-0.0063851130196795,-0.000359889559847716
-0.0818565612000114,0.264601220414082,0.149292764769015,-0.0324816446473511,-0.00638810054330329,-0.000357660101122021
-0.0818791177764188,0.264596783197513,0.149292517163572,-0.0324812968059664,-0.00639108220463891,-0.000355446142136007
-0.0819016741141724,0.26459234391236,0.149292271090274,-0.0324809573044329,-0.0063940580759331,-0.000353247489336448
-0.0819242302190226,0.26458790256262,0.14929202653856,-0.0324806260249651,-0.00639702822830512,-0.000351063952209651
-0.0819467860966393,0.26458345915224,0.149291783497996,-0.0324803028525068,-0.00639999273176976,-0.000348895343218986
-0.0819693417526129,0.264579013685118,0.149291541958281,-0.03247998767466,-0.00640295165526142,-0.000346741477740334
-0.081991897192457,0.264574566165105,0.14929130190924,-0.032479680381619,-0.00640590506665439,-0.000344602174006267
-0.0820144524216099,0.264570116596008,0.149291063340821,-0.0324793808661042,-0.00640885303278575,-0.00034247725304458
-0.082037007445436,0.264565664981583,0.1492908262431,-0.032479089023298,-0.00641179561947618,-0.000340366538621782
-0.082059562269228,0.264561211325544,0.149290590606269,-0.0324788047507841,-0.00641473289155062,-0.000338269857187272
-0.082082116898208,0.26455675563156,0.149290356420645,-0.0324785279484871,-0.00641766491285839,-0.000336187037818857
-0.0821046713375296,0.264552297903255,0.149290123676658,-0.0324782585186153,-0.00642059174629278,-0.000334117912169599
-0.0821272255922794,0.26454783814421,0.149289892364858,-0.0324779963656037,-0.00642351345381032,-0.000332062314415924
-0.082149779667478,0.264543376357964,0.149289662475906,-0.0324777413960604,-0.00642643009644942,-0.000330020081206983
-0.0821723335680823,0.264538912548012,0.149289434000577,-0.032477493518713,-0.00642934173434869,-0.000327991051615214
-0.0821948872989862,0.264534446717811,0.149289206929759,-0.0324772526443578,-0.00643224842676477,-0.000325975067088083
-0.0822174408650225,0.264529978870773,0.149288981254445,-0.0324770186858102,-0.00643515023208978,-0.000323971971400954
-0.0822399942709643,0.264525509010273,0.149288756965739,-0.0324767915578556,-0.0064380472078683,-0.000321981610611078
-0.0822625475215258,0.264521037139645,0.149288534054851,-0.0324765711772038,-0.00644093941081401,-0.000320003833012655
-0.0822851006213645,0.264516563262183,0.149288312513093,-0.0324763574624422,-0.00644382689682597,-0.00031803848909295
-0.0823076535750816,0.264512087381145,0.149288092331883,-0.0324761503339928,-0.0064467097210044,-0.000316085431489412
-0.0823302063872239,0.264507609499748,0.149287873502739,-0.0324759497140683,-0.00644958793766626,-0.000314144514947808
-0.0823527590622846,0.264503129621175,0.14928765601728,-0.0324757555266315,-0.00645246160036034,-0.0003122155962813
-0.0823753116047049,0.264498647748568,0.149287439867222,-0.0324755676973539,-0.00645533076188208,-0.000310298534330483
-0.0823978640188748,0.264494163885035,0.149287225044381,-0.0324753861535772,-0.00645819547428803,-0.000308393189924314
-0.0824204163091345,0.264489678033649,0.149287011540666,-0.0324752108242746,-0.00646105578890996,-0.000306499425841956
-0.0824429684797754,0.264485190197446,0.149286799348084,-0.0324750416400141,-0.00646391175636872,-0.00030461710677547
-0.0824655205350412,0.264480700379427,0.149286588458733,-0.0324748785329225,-0.00646676342658771,-0.000302746099293373
-0.0824880724791292,0.264476208582559,0.149286378864803,-0.0324747214366503,-0.0064696108488062,-0.00030088627180518
-0.0825106243161907,0.264471714809776,0.149286170558575,-0.0324745702863374,-0.00647245407159169,-0.000299037494525798
-0.082533176050333,0.264467219063976,0.149285963532421,-0.0324744250185807,-0.00647529314285351,-0.000297199639442517
-0.0825557276856195,0.264462721348027,0.149285757778799,-0.0324742855714014,-0.00647812810985442,-0.000295372580281054
-0.082578279226071,0.264458221664763,0.149285553290256,-0.0324741518842144,-0.00648095901922288,-0.000293556192473163
-0.0826008306756671,0.264453720016985,0.149285350059424,-0.0324740238977972,-0.00648378591696479,-0.000291750353124779
-0.0826233820383464,0.264449216407463,0.149285148079019,-0.0324739015542612,-0.00648660884847514,-0.000289954940984858
-0.0826459333180078,0.264444710838936,0.149284947341842,-0.0324737847970223,-0.00648942785854925,-0.000288169836414905
-0.0826684845185115,0.264440203314112,0.149284747840776,-0.0324736735707735,-0.00649224299139387,-0.000286394921359154
-0.0826910356436795,0.264435693835669,0.149284549568786,-0.0324735678214576,-0.00649505429063798,-0.000284630079315406
-0.0827135866972968,0.264431182406253,0.149284352518916,-0.0324734674962407,-0.00649786179934336,-0.000282875195306493
-0.0827361376831123,0.264426669028482,0.149284156684291,-0.0324733725434868,-0.00650066556001497,-0.000281130155852372
-0.0827586886048392,0.264422153704944,0.149283962058114,-0.0324732829127324,-0.00650346561461105,-0.000279394848942801
-0.0827812394661561,0.264417636438199,0.149283768633663,-0.0324731985546627,-0.00650626200455308,-0.000277669164010612
-0.0828037902707078,0.264413117230777,0.149283576404295,-0.0324731194210877,-0.00650905477073542,-0.000275952991905555
-0.0828263410221061,0.26440859608518,0.149283385363441,-0.0324730454649193,-0.00651184395353485,-0.00027424622486869
-0.0828488917239302,0.264404073003884,0.149283195504608,-0.032472976640149,-0.0065146295928199,-0.000272548756507314
-0.0828714423797281,0.264399547989334,0.149283006821374,-0.0324729129018257,-0.00651741172795988,-0.000270860481770418
-0.0828939929930167,0.264395021043952,0.14928281930739,-0.0324728542060353,-0.00652019039783391,-0.000269181296924646
-0.0829165435672827,0.264390492170131,0.149282632956381,-0.0324728005098792,-0.00652296564083959,-0.000267511099530741
-0.0829390941059836,0.264385961370236,0.149282447762139,-0.0324727517714549,-0.00652573749490268,-0.000265849788420461
-0.0829616446125479,0.264381428646608,0.14928226371853,-0.0324727079498361,-0.00652850599748035,-0.000264197263674138
-0.0829841950903761,0.264376894001562,0.149282080819484,-0.0324726690050538,-0.00653127118557871,-0.000262553426598484
-0.0830067455428414,0.264372357437387,0.149281899059004,-0.0324726348980778,-0.006534033095753,-0.000260918179704948
-0.08302929597329,0.264367818956346,0.149281718431158,-0.0324726055907987,-0.00653679176411808,-0.000259291426688545
-0.0830518463850422,0.264363278560679,0.149281538930079,-0.0324725810460101,-0.00653954722635617,-0.000257673072407072
-0.0830743967813924,0.264358736252599,0.149281360549968,-0.0324725612273921,-0.00654229951772439,-0.000256063022860753
-0.0830969471656104,0.264354192034297,0.14928118328509,-0.032472546099494,-0.00654504867306211,-0.000254461185172273
-0.0831194975409417,0.264349645907938,0.149281007129776,-0.0324725356277184,-0.00654779472679828,-0.000252867467567248
-0.0831420479106078,0.264345097875664,0.149280832078416,-0.0324725297783055,-0.00655053771295848,-0.000251281779355059
-0.0831645982778073,0.264340547939594,0.149280658125466,-0.0324725285183176,-0.00655327766517194,-0.000249704030910086
-0.083187148645716,0.264335996101824,0.149280485265444,-0.0324725318156243,-0.00655601461667832,-0.000248134133653303
-0.0832096990174878,0.264331442364425,0.149280313492928,-0.0324725396388876,-0.00655874860033449,-0.000246572000034257
-0.083232249396255,0.264326886729447,0.149280142802556,-0.0324725519575479,-0.00656147964862105,-0.000245017543513374
-0.0832547997851292,0.264322329198918,0.149279973189027,-0.0324725687418105,-0.00656420779364877,-0.000243470678544634
-0.0832773501872012,0.264317769774843,0.149279804647098,-0.0324725899626316,-0.00656693306716497,-0.000241931320558577
-0.0832999006055421,0.264313208459204,0.149279637171586,-0.0324726155917054,-0.00656965550055965,-0.000240399385945635
-0.0833224510432037,0.264308645253965,0.149279470757363,-0.0324726456014515,-0.00657237512487165,-0.000238874792039787
-0.0833450015032186,0.264304080161063,0.149279305399361,-0.0324726799650021,-0.00657509197079452,-0.000237357457102537
-0.0833675519886013,0.264299513182419,0.149279141092566,-0.0324727186561904,-0.00657780606868243,-0.000235847300307188
-0.0833901025023481,0.26429494431993,0.149278977832023,-0.0324727616495382,-0.00658051744855593,-0.000234344241723423
-0.083412653047438,0.264290373575474,0.149278815612828,-0.0324728089202448,-0.0065832261401075,-0.000232848202302179
-0.083435203626833,0.264285800950907,0.149278654430135,-0.0324728604441758,-0.00658593217270714,-0.000231359103860804
-0.0834577542434784,0.264281226448065,0.149278494279151,-0.0324729161978519,-0.00658863557540777,-0.0002298768690685
-0.0834803049003038,0.264276650068765,0.149278335155135,-0.0324729761584385,-0.00659133637695055,-0.000228401421432046
-0.0835028556002228,0.264272071814804,0.149278177053401,-0.0324730403037354,-0.00659403460577011,-0.000226932685281775
-0.0835254063461338,0.264267491687957,0.149278019969313,-0.0324731086121667,-0.00659673028999978,-0.000225470585757773
-0.0835479571409207,0.264262909689983,0.14927786389829,-0.0324731810627705,-0.00659942345747625,-0.000224015048796452
-0.0835705079874529,0.26425832582262,0.149277708835799,-0.0324732576351901,-0.0066021141357451,-0.00022256600111713
-0.0835930588885858,0.264253740087587,0.149277554777359,-0.0324733383096643,-0.00660480235206516,-0.000221123370209243
-0.0836156098471614,0.264249152486584,0.149277401718538,-0.0324734230670183,-0.00660748813341339,-0.000219687084319494
-0.0836381608660086,0.264244563021293,0.149277249654956,-0.0324735118886548,-0.00661017150648958,-0.000218257072439309
-0.0836607119479434,0.264239971693376,0.149277098582279,-0.0324736047565458,-0.00661285249772097,-0.000216833264292521
-0.0836832630957697,0.26423537850448,0.149276948496225,-0.0324737016532236,-0.00661553113326668,-0.000215415590323283
-0.0837058143122793,0.26423078345623,0.149276799392556,-0.0324738025617733,-0.00661820743902221,-0.000214003981684191
-0.0837283656002526,0.264226186550237,0.149276651267084,-0.0324739074658242,-0.00662088144062378,-0.000212598370224626
-0.0837509169624586,0.26422158778809,0.149276504115669,-0.0324740163495428,-0.00662355316345257,-0.000211198688479309
-0.0837734684016557,0.264216987171365,0.149276357934215,-0.0324741291976246,-0.00662622263263894,-0.000209804869657046
-0.0837960199205918,0.264212384701617,0.149276212718675,-0.0324742459952871,-0.00662888987306654,-0.000208416847629691
-0.0838185715220046,0.264207780380385,0.149276068465044,-0.0324743667282626,-0.00663155490937633,-0.000207034556921289
-0.0838411232086221,0.264203174209191,0.149275925169367,-0.0324744913827913,-0.00663421776597061,-0.000205657932697422
-0.0838636749831631,0.264198566189542,0.14927578282773,-0.0324746199456145,-0.00663687846701688,-0.00020428691075473
-0.0838862268483372,0.264193956322925,0.149275641436265,-0.0324747524039681,-0.00663953703645168,-0.000202921427510618
-0.0839087788068453,0.264189344610813,0.149275500991146,-0.032474888745576,-0.00664219349798441,-0.000201561419993141
-0.08393133086138,0.26418473105466,0.149275361488595,-0.0324750289586441,-0.006644847875101,-0.000200206825831056
-0.0839538830146259,0.264180115655908,0.149275222924872,-0.0324751730318543,-0.00664750019106758,-0.000198857583244039
-0.0839764352692598,0.264175498415978,0.149275085296282,-0.0324753209543583,-0.0066501504689341,-0.000197513631033073
-0.0839989876279511,0.264170879336278,0.149274948599174,-0.0324754727157721,-0.00665279873153789,-0.000196174908570978
-0.0840215400933623,0.264166258418201,0.149274812829935,-0.0324756283061707,-0.00665544500150776,-0.000194841355792181
-0.0840440926681493,0.264161635663121,0.149274677984997,-0.0324757877160817,-0.00665808930126436,-0.000193512913187689
-0.0840666453549612,0.2641570110724,0.149274544060831,-0.0324759509364813,-0.00666073165302824,-0.000192189521789884
-0.0840891981564412,0.264152384647382,0.14927441105395,-0.0324761179587886,-0.00666337207882003,-0.000190871123167818
-0.0841117510752266,0.264147756389398,0.149274278960906,-0.0324762887748605,-0.00666601060046444,-0.000189557659417517
-0.0841343041139493,0.264143126299762,0.149274147778294,-0.0324764633769871,-0.00666864723959349,-0.000188249073153454
-0.084156857275236,0.264138494379774,0.149274017502744,-0.0324766417578871,-0.00667128201764961,-0.00018694530750014
-0.0841794105617084,0.264133860630719,0.14927388813093,-0.032476823910703,-0.00667391495588872,-0.000185646306083878
-0.0842019639759836,0.264129225053867,0.149273759659563,-0.0324770098289969,-0.0066765460753833,-0.000184352013024622
-0.0842245175206745,0.264124587650475,0.149273632085391,-0.0324771995067463,-0.00667917539702537,-0.000183062372927995
-0.0842470711983897,0.264119948421783,0.149273505405202,-0.0324773929383397,-0.00668180294152942,-0.000181777330877409
-0.0842696250117343,0.264115307369018,0.149273379615824,-0.0324775901185727,-0.00668442872943533,-0.000180496832426333
-0.0842921789633099,0.264110664493394,0.149273254714118,-0.0324777910426442,-0.00668705278111119,-0.000179220823590662
-0.0843147330557147,0.264106019796108,0.149273130696986,-0.0324779957061527,-0.00668967511675615,-0.000177949250841231
-0.0843372872915442,0.264101373278346,0.149273007561366,-0.0324782041050924,-0.00669229575640315,-0.000176682061096422
-0.0843598416733912,0.264096724941279,0.149272885304232,-0.0324784162358497,-0.00669491471992163,-0.000175419201714907
-0.084382396203846,0.264092074786063,0.149272763922596,-0.0324786320952001,-0.00669753202702026,-0.000174160620488488
-0.084404950885497,0.264087422813843,0.149272643413503,-0.0324788516803045,-0.00670014769724952,-0.000172906265635065
-0.0844275057209305,0.264082769025747,0.149272523774038,-0.0324790749887064,-0.00670276175000434,-0.000171656085791689
-0.0844500607127316,0.264078113422893,0.149272405001319,-0.0324793020183285,-0.00670537420452664,-0.000170410030007737
-0.0844726158634836,0.264073456006384,0.149272287092498,-0.0324795327674698,-0.00670798507990786,-0.000169168047738188
-0.0844951711757693,0.26406879677731,0.149272170044765,-0.032479767234803,-0.00671059439509143,-0.000167930088836995
-0.0845177266521703,0.264064135736748,0.149272053855344,-0.032480005419371,-0.00671320216887477,-0.000166696103551564
-0.0845402822952677,0.264059472885761,0.149271938521491,-0.0324802473205857,-0.0067158084199136,-0.00016546604251228
-0.0845628381076425,0.264054808225402,0.149271824040499,-0.032480492938224,-0.0067184131667213,-0.000164239856732389
-0.0845853940918756,0.264050141756707,0.149271710409693,-0.0324807422724257,-0.00672101642767334,-0.000163017497597546
-0.084607950250548,0.264045473480703,0.149271597626433,-0.0324809953236918,-0.00672361822100911,-0.000161798916860689
-0.0846305065862413,0.264040803398402,0.149271485688112,-0.0324812520928813,-0.00672621856483414,-0.000160584066636
-0.0846530631015379,0.264036131510805,0.149271374592155,-0.0324815125812097,-0.00672881747712238,-0.000159372899392944
-0.0846756197990209,0.2640314578189,0.149271264336021,-0.0324817767902469,-0.00673141497571836,-0.000158165367950403
-0.084698176681275,0.264026782323662,0.149271154917202,-0.0324820447219149,-0.00673401107833936,-0.000156961425470874
-0.0847207337508859,0.264022105026055,0.149271046333221,-0.0324823163784859,-0.00673660580257758,-0.000155761025454756
-0.0847432910104413,0.264017425927029,0.149270938581635,-0.0324825917625809,-0.00673919916590226,-0.000154564121734717
-0.0847658484625308,0.264012745027524,0.149270831660031,-0.0324828708771679,-0.00674179118566173,-0.00015337066847013
-0.0847884061097461,0.264008062328467,0.149270725566029,-0.0324831537255598,-0.00674438187908552,-0.00015218062014159
-0.0848109639546814,0.264003377830773,0.149270620297281,-0.0324834403114135,-0.00674697126328638,-0.000150993931545508
-0.0848335219999335,0.263998691535345,0.149270515851468,-0.032483730638728,-0.00674955935526227,-0.000149810557788774
-0.0848560802481023,0.263994003443075,0.149270412226305,-0.0324840247118433,-0.00675214617189837,-0.000148630454283502
-0.0848786387017904,0.263989313554842,0.149270309419535,-0.032484322535439,-0.00675473172996902,-0.000147453576741841
-0.0849011973636042,0.263984621871515,0.149270207428934,-0.0324846241145333,-0.00675731604613965,-0.000146279881170853
-0.0849237562361534,0.263979928393951,0.149270106252307,-0.0324849294544814,-0.00675989913696867,-0.000145109323867475
-0.0849463153220517,0.263975233122994,0.14927000588749,-0.0324852385609751,-0.00676248101890934,-0.000143941861413538
-0.0849688746239169,0.263970536059478,0.149269906332348,-0.0324855514400415,-0.00676506170831162,-0.000142777450670859
-0.084991434144371,0.263965837204227,0.149269807584778,-0.0324858680980419,-0.00676764122142396,-0.000141616048776406
-0.0850139938860403,0.26396113655805,0.149269709642705,-0.0324861885416722,-0.00677021957439551,-0.000140457613136388
-0.0850365538515566,0.263956434121749,0.149269612504083,-0.0324865127779596,-0.00677279678327655,-0.000139302101425877
-0.085059114043556,0.263951729896112,0.149269516166897,-0.0324868408142651,-0.00677537286402227,-0.000138149471577581
-0.0850816744646801,0.263947023881918,0.14926942062916,-0.032487172658281,-0.00677794783249316,-0.000136999681781644
-0.0851042351175758,0.263942316079932,0.149269325888914,-0.0324875083180309,-0.00678052170445702,-0.000135852690479985
-0.0851267960048959,0.263937606490912,0.149269231944229,-0.0324878478018693,-0.00678309449559068,-0.000134708456361797
-0.0851493571292989,0.263932895115602,0.149269138793207,-0.0324881911184812,-0.00678566622148172,-0.000133566938359122
-0.0851719184934497,0.263928181954736,0.149269046433973,-0.0324885382768821,-0.00678823689763006,-0.000132428095642445
-0.0851944801000194,0.263923467009039,0.149268954864686,-0.0324888892864175,-0.00679080653944966,-0.00013129188761637
-0.0852170419516857,0.263918750279223,0.149268864083529,-0.0324892441567628,-0.0067933751622701,-0.000130158273915336
-0.0852396040511332,0.26391403176599,0.149268774088714,-0.0324896028979237,-0.00679594278133818,-0.00012902721439939
-0.0852621664010534,0.263909311470033,0.149268684878483,-0.0324899655202356,-0.00679850941181953,-0.000127898669150001
-0.0852847290041455,0.263904589392033,0.149268596451101,-0.0324903320343642,-0.00680107506880012,-0.000126772598465927
-0.0853072918631157,0.263899865532659,0.149268508804865,-0.0324907024513056,-0.00680363976728788,-0.000125648962859135
-0.0853298549806783,0.263895139892574,0.149268421938098,-0.0324910767823864,-0.00680620352221418,-0.000124527723050758
-0.0853524183595555,0.263890412472427,0.149268335849149,-0.0324914550392642,-0.00680876634843533,-0.000123408839967101
-0.0853749820024777,0.263885683272857,0.149268250536395,-0.0324918372339278,-0.00681132826073413,-0.000122292274735695
-0.0853975459121837,0.263880952294495,0.14926816599824,-0.0324922233786979,-0.00681388927382132,-0.000121177988681385
-0.085420110091421,0.26387621953796,0.149268082233114,-0.0324926134862276,-0.00681644940233705,-0.000120065943322471
-0.085442674542946,0.26387148500386,0.149267999239475,-0.0324930075695029,-0.00681900866085233,-0.000118956100366876
-0.0854652392695243,0.263866748692795,0.149267917015807,-0.0324934056418434,-0.0068215670638705,-0.000117848421708366
-0.0854878042739307,0.263862010605355,0.14926783556062,-0.032493807716903,-0.0068241246258284,-0.000116742869423528
-0.0855103695589498,0.263857270742117,0.149267754872449,-0.0324942138086717,-0.00682668136109867,-0.000115639405765203
-0.0855329351273759,0.263852529103652,0.149267674949859,-0.0324946239314749,-0.00682923728398969,-0.000114537993163211
-0.0855555009820134,0.263847785690519,0.149267595791437,-0.0324950380999751,-0.00683179240874795,-0.000113438594217768
-0.0855780671256769,0.263843040503266,0.149267517395799,-0.0324954563291735,-0.00683434674955924,-0.000112341171696635
-0.0856006335611919,0.263838293542434,0.149267439761583,-0.0324958786344104,-0.00683690032054995,-0.00011124568853156
-0.0856232002913941,0.263833544808551,0.149267362887457,-0.0324963050313666,-0.00683945313578841,-0.000110152107814752
-0.0856457673191307,0.263828794302139,0.149267286772113,-0.0324967355360648,-0.00684200520928627,-0.000109060392795406
-0.08566833464726,0.263824042023707,0.149267211414266,-0.0324971701648707,-0.00684455655499973,-0.000107970506876244
-0.0856909022786516,0.263819287973756,0.14926713681266,-0.0324976089344949,-0.00684710718683091,-0.000106882413610116
-0.085713470216187,0.263814532152776,0.149267062966063,-0.0324980518619938,-0.00684965711862909,-0.000105796076696597
-0.0857360384627597,0.26380977456125,0.149266989873267,-0.0324984989647713,-0.00685220636419203,-0.000104711459978646
-0.0857586070212754,0.263805015199648,0.14926691753309,-0.0324989502605809,-0.00685475493726724,-0.000103628527439285
-0.085781175894652,0.263800254068434,0.149266845944375,-0.032499405767527,-0.0068573028515532,-0.000102547243198302
-0.0858037450858204,0.263795491168059,0.14926677510599,-0.0324998655040664,-0.00685985012070064,-0.000101467571508986
-0.0858263145977244,0.263790726498968,0.149266705016827,-0.032500329489011,-0.00686239675831379,-0.000100389476754894
-0.0858488844333208,0.263785960061594,0.149266635675804,-0.0325007977415289,-0.00686494277795158,-9.93129234466301E-05
-0.08587145459558,0.263781191856361,0.149266567081863,-0.0325012702811471,-0.00686748819312885,-9.8237876218669E-05
-0.0858940250874862,0.263776421883684,0.149266499233969,-0.0325017471277525,-0.00687003301731726,-9.71642998270416E-05
-0.085916595912037,0.26377165014397,0.149266432131114,-0.0325022283015962,-0.00687257726394786,-9.60921591427729E-05
-0.0859391670722448,0.263766876637615,0.149266365772313,-0.0325027138232932,-0.0068751209464102,-9.50214191539942E-05
-0.0859617385711362,0.263762101365006,0.149266300156605,-0.0325032037138262,-0.00687766407805489,-9.39520449593844E-05
-0.0859843104117525,0.26375732432652,0.149266235283053,-0.0325036979945479,-0.00688020667219438,-9.28840017659634E-05
-0.0860068825971499,0.263752545522527,0.149266171150746,-0.0325041966871829,-0.00688274874210421,-9.18172548860707E-05
-0.0860294551303999,0.263747764953385,0.149266107758796,-0.032504699813831,-0.00688529030102412,-9.0751769734352E-05
-0.0860520280145896,0.263742982619446,0.149266045106338,-0.0325052073969691,-0.0068878313621592,-8.96875118247788E-05
-0.0860746012528215,0.26373819852105,0.149265983192531,-0.0325057194594548,-0.00689037193868107,-8.86244467676744E-05
-0.0860971748482144,0.263733412658529,0.14926592201656,-0.0325062360245282,-0.00689291204372898,-8.75625402667762E-05
-0.0861197488039033,0.263728625032207,0.149265861577632,-0.0325067571158156,-0.00689545169041095,-8.6501758116301E-05
-0.0861423231230397,0.263723835642396,0.149265801874977,-0.032507282757332,-0.00689799089180494,-8.54420661980493E-05
-0.0861648978087919,0.263719044489401,0.149265742907851,-0.0325078129734845,-0.00690052966095986,-8.43834304785163E-05
-0.0861874728643453,0.263714251573519,0.149265684675531,-0.0325083477890751,-0.00690306801089677,-8.33258170060273E-05
-0.0862100482929028,0.263709456895036,0.149265627177321,-0.0325088872293041,-0.00690560595460995,-8.22691919078962E-05
-0.0862326240976847,0.263704660454229,0.149265570412544,-0.0325094313197736,-0.00690814350506795,-8.12135213876018E-05
-0.0862552002819294,0.263699862251367,0.14926551438055,-0.0325099800864906,-0.00691068067521475,-8.01587717219902E-05
-0.0862777768488934,0.263695062286709,0.149265459080711,-0.0325105335558706,-0.00691321747797074,-7.9104909258484E-05
-0.0863003538018516,0.263690260560507,0.149265404512423,-0.0325110917547423,-0.00691575392623403,-7.8051900411395E-05
-0.0863229311440981,0.263685457073002,0.149265350675104,-0.0325116547103474,-0.00691829003288105,-7.69997116626803E-05
-0.0863455088789457,0.263680651824427,0.149265297568197,-0.0325122224503499,-0.00692082581076828,-7.59483095538826E-05
-0.0863680870097265,0.263675844815005,0.149265245191167,-0.0325127950028362,-0.00692336127273277,-7.48976606870741E-05
-0.0863906655397925,0.263671036044951,0.149265193543502,-0.0325133723963205,-0.00692589643159343,-7.38477317210856E-05
-0.0864132444725154,0.263666225514472,0.149265142624714,-0.0325139546597481,-0.00692843130015211,-7.27984893688232E-05
-0.0864358238112873,0.263661413223765,0.149265092434337,-0.0325145418225002,-0.00693096589119461,-7.17499003946054E-05
-0.086458403559521,0.263656599173018,0.149265042971931,-0.0325151339143977,-0.00693350021749171,-7.07019316114993E-05
-0.0864809837206498,0.26365178336241,0.149264994237074,-0.032515730965706,-0.0069360342918002,-6.96545498786654E-05
-0.0865035642981285,0.263646965792113,0.149264946229372,-0.0325163330071392,-0.00693856812686392,-6.86077220987245E-05
-0.0865261452954331,0.263642146462287,0.149264898948451,-0.0325169400698647,-0.00694110173541475,-6.75614152151142E-05
-0.0865487267160618,0.263637325373085,0.14926485239396,-0.0325175521855079,-0.00694363513017371,-6.65155962094697E-05
-0.0865713085635346,0.263632502524652,0.149264806565573,-0.0325181693861572,-0.00694616832385192,-6.54702320990064E-05
-0.0865938908413939,0.263627677917123,0.149264761462985,-0.0325187917043684,-0.00694870132915164,-6.44252899339127E-05
-0.0866164735532051,0.263622851550625,0.149264717085913,-0.0325194191731704,-0.00695123415876732,-6.33807367947541E-05
-0.0866390567025566,0.263618023425274,0.149264673434101,-0.0325200518260697,-0.00695376682538663,-6.23365397898792E-05
-0.0866616402930603,0.26361319354118,0.149264630507311,-0.0325206896970559,-0.00695629934169142,-6.12926660528447E-05
-0.0866842243283517,0.263608361898442,0.149264588305331,-0.0325213328206072,-0.00695883172035882,-6.02490827398403E-05
-0.0867068088120907,0.263603528497153,0.14926454682797,-0.0325219812316953,-0.00696136397406232,-5.92057570271637E-05
-0.0867293937479613,0.263598693337393,0.149264506075061,-0.0325226349657921,-0.00696389611547232,-5.81626561086119E-05
-0.0867519791396726,0.263593856419238,0.149264466046459,-0.0325232940588741,-0.0069664281572577,-5.71197471931203E-05
-0.0867745649909587,0.263589017742751,0.149264426742042,-0.0325239585474294,-0.0069689601120865,-5.6076997502064E-05
-0.0867971513055793,0.263584177307988,0.149264388161711,-0.0325246284684628,-0.00697149199262704,-5.50343742667963E-05
-0.08681973808732,0.263579335114997,0.149264350305389,-0.0325253038595023,-0.00697402381154885,-5.39918447261389E-05
-0.0868423253399925,0.263574491163817,0.149264313173023,-0.0325259847586056,-0.0069765555815237,-5.29493761238745E-05
-0.0868649130674353,0.263569645454476,0.149264276764582,-0.0325266712043658,-0.00697908731522657,-5.19069357062561E-05
-0.0868875012735138,0.263564797986995,0.149264241080058,-0.0325273632359185,-0.00698161902533665,-5.0864490719517E-05
-0.0869100899621207,0.263559948761388,0.149264206119465,-0.0325280608929482,-0.00698415072453838,-4.98220084073817E-05
-0.0869326791371766,0.263555097777655,0.14926417188284,-0.0325287642156951,-0.00698668242552234,-4.87794560085909E-05
-0.0869552688026301,0.263550245035793,0.149264138370244,-0.032529473244962,-0.00698921414098632,-4.77368007544342E-05
-0.0869778589624584,0.263545390535787,0.14926410558176,-0.0325301880221216,-0.00699174588363629,-4.66940098662811E-05
-0.0870004496206677,0.263540534277612,0.149264073517492,-0.0325309085891233,-0.00699427766618735,-4.56510505531227E-05
-0.0870230407812934,0.263535676261238,0.149264042177569,-0.032531634988501,-0.00699680950136479,-4.46078900091181E-05
-0.0870456324484007,0.263530816486623,0.149264011562143,-0.0325323672633805,-0.00699934140190498,-4.35644954111446E-05
-0.087068224626085,0.263525954953717,0.149263981671388,-0.0325331054574872,-0.00700187338055643,-4.25208339163607E-05
-0.0870908173184721,0.263521091662462,0.149263952505499,-0.0325338496151538,-0.00700440545008073,-4.14768726597616E-05
-0.0871134105297191,0.26351622661279,0.149263924064697,-0.0325345997813286,-0.00700693762325355,-4.04325787517509E-05
-0.0871360042640143,0.263511359804625,0.149263896349224,-0.0325353560015834,-0.00700946991286561,-3.938791927571E-05
-0.0871585985255779,0.263506491237882,0.149263869359346,-0.0325361183221224,-0.00701200233172367,-3.83428612855788E-05
-0.0871811933186624,0.263501620912465,0.14926384309535,-0.0325368867897898,-0.00701453489265122,-3.72973718040815E-05
-0.0872037886475532,0.263496748828273,0.149263817557548,-0.0325376614520799,-0.00701706760849061,-3.62514178177141E-05
-0.0872263845165687,0.263491874985192,0.149263792746274,-0.0325384423571446,-0.00701960049210234,-3.52049662781969E-05
-0.0872489809300612,0.263486999383103,0.149263768661884,-0.0325392295538031,-0.00702213355636717,-3.41579840975017E-05
-0.0872715778924168,0.263482122021875,0.14926374530476,-0.0325400230915514,-0.00702466681418679,-3.31104381460918E-05
-0.0872941754080567,0.263477242901369,0.149263722675303,-0.0325408230205715,-0.00702720027848482,-3.20622952505232E-05
-0.0873167734814367,0.263472362021437,0.14926370077394,-0.032541629391741,-0.0070297339622078,-3.10135221910447E-05
-0.0873393721170484,0.263467479381923,0.14926367960112,-0.0325424422566433,-0.00703226787832613,-2.99640856992086E-05
-0.0873619713194195,0.26346259498266,0.149263659157315,-0.0325432616675774,-0.00703480203983511,-2.89139524554771E-05
-0.0873845710931142,0.263457708823475,0.149263639443022,-0.0325440876775682,-0.00703733645975588,-2.78630890868357E-05
-0.0874071714427339,0.263452820904181,0.149263620458757,-0.0325449203403773,-0.00703987115113642,-2.68114621644117E-05
-0.0874297723729174,0.263447931224588,0.149263602205064,-0.0325457597105133,-0.00704240612705252,-2.57590382010919E-05
-0.0874523738883417,0.263443039784491,0.149263584682508,-0.0325466058432432,-0.0070449414006088,-2.47057836491471E-05
-0.0874749759937225,0.263438146583681,0.149263567891676,-0.0325474587946032,-0.00704747698493964,-2.36516648978603E-05
-0.0874975786938146,0.263433251621937,0.149263551833181,-0.0325483186214105,-0.0070500128932102,-2.25966482711579E-05
-0.0875201819934126,0.26342835489903,0.149263536507658,-0.0325491853812746,-0.0070525491386174,-2.15407000252428E-05
-0.0875427858973514,0.263423456414719,0.149263521915765,-0.0325500591326094,-0.00705508573439091,-2.04837863462386E-05
-0.0875653904105067,0.263418556168759,0.149263508058186,-0.0325509399346454,-0.0070576226937941,-1.94258733478278E-05
-0.0875879955377956,0.263413654160891,0.149263494935625,-0.0325518278474421,-0.00706016003012508,-1.83669270689049E-05
-0.0876106012841771,0.263408750390849,0.149263482548812,-0.0325527229319005,-0.00706269775671764,-1.73069134712204E-05
-0.0876332076546531,0.263403844858357,0.1492634708985,-0.0325536252497762,-0.00706523588694225,-1.62457984370496E-05
-0.0876558146542685,0.263398937563131,0.149263459985466,-0.0325545348636928,-0.00706777443420707,-1.51835477668406E-05
-0.0876784222881119,0.263394028504877,0.14926344981051,-0.0325554518371552,-0.00707031341195891,-1.41201271768896E-05
-0.0877010305613164,0.26338911768329,0.149263440374457,-0.0325563762345632,-0.0070728528336842,-1.30555022970015E-05
-0.0877236394790601,0.263384205098058,0.149263431678155,-0.0325573081212262,-0.00707539271291004,-1.19896386681779E-05
-0.0877462490465671,0.263379290748857,0.149263423722476,-0.0325582475633761,-0.00707793306320494,-1.09225017412621E-05
-0.0877688592691072,0.263374374635358,0.149263416508316,-0.0325591946281857,-0.00708047389818053,-9.8540568707443E-06
-0.0877914701519976,0.263369456757217,0.149263410036597,-0.0325601493837787,-0.00708301523149155,-8.7842693183042E-06
-0.0878140817006031,0.263364537114084,0.149263404308261,-0.0325611118992481,-0.00708555707683749,-7.71310424658548E-06
-0.0878366939203368,0.263359615705599,0.149263399324279,-0.0325620822446716,-0.00708809944796344,-6.64052671789903E-06
-0.0878593068166608,0.263354692531393,0.149263395085642,-0.032563060491127,-0.00709064235866099,-5.56650169194393E-06
-0.0878819203950868,0.263349767591084,0.149263391593369,-0.0325640467107089,-0.0070931858227693,-4.49099402352942E-06
-0.0879045346611771,0.263344840884285,0.149263388848502,-0.0325650409765453,-0.00709572985417603,-3.41396846030975E-06
-0.0879271496205451,0.263339912410597,0.149263386852106,-0.0325660433628149,-0.00709827446681838,-2.33538964052617E-06
-0.0879497652788559,0.26333498216961,0.149263385605273,-0.0325670539447642,-0.00710081967468404,-1.25522209075968E-06
-0.0879723816418276,0.263330050160908,0.149263385109118,-0.0325680727987255,-0.00710336549181219,-1.73430223697933E-07
-0.0879949987152313,0.263325116384061,0.149263385364782,-0.0325691000021353,-0.00710591193229448,9.10021664092253E-07
-0.0880176165048926,0.263320180838632,0.14926338637343,-0.0325701356335527,-0.00710845901027598,1.99516939437488E-06
-0.0880402350166918,0.263315243524173,0.149263388136251,-0.0325711797726783,-0.00711100673995622,3.08204890944318E-06
-0.0880628542565649,0.263310304440228,0.149263390654462,-0.0325722325003743,-0.00711355513559009,4.17069627430083E-06
-0.0880854742305049,0.263305363586328,0.149263393929303,-0.0325732938986836,-0.00711610421148887,5.26114767883299E-06
-0.0881080949445617,0.263300420961995,0.149263397962038,-0.0325743640508505,-0.00711865398202116,6.35343943995341E-06
-0.0881307164048436,0.263295476566744,0.149263402753959,-0.0325754430413418,-0.00712120446161388,7.44760800374657E-06
-0.0881533386175182,0.263290530400076,0.149263408306381,-0.0325765309558674,-0.0071237556647532,8.5436899475772E-06
-0.0881759615888127,0.263285582461483,0.149263414620646,-0.0325776278814025,-0.00712630760598553,9.64172198219384E-06
-0.0881985853250153,0.263280632750449,0.149263421698121,-0.0325787339062099,-0.00712886029991845,1.07417409538042E-05
-0.0882212098324761,0.263275681266445,0.149263429540199,-0.0325798491198622,-0.00713141376122171,1.18437838461376E-05
-0.0882438351176077,0.263270728008933,0.149263438148298,-0.0325809736132657,-0.00713396800462814,1.29478877824799E-05
-0.0882664611868862,0.263265772977365,0.149263447523862,-0.032582107478684,-0.00713652304493417,1.40540900273086E-05
-0.0882890880468525,0.263260816171182,0.149263457668362,-0.0325832508097611,-0.00713907889700266,1.51624279899382E-05
-0.0883117157041129,0.263255857589816,0.149263468583293,-0.0325844037015484,-0.00714163557576089,1.62729392238499E-05
-0.0883343441653401,0.263250897232688,0.149263480270178,-0.0325855662505286,-0.00714419309620341,1.73856614303706E-05
-0.0883569734372745,0.263245935099207,0.149263492730566,-0.0325867385546425,-0.00714675147339253,1.85006324601637E-05
-0.0883796035267249,0.263240971188773,0.149263505966031,-0.0325879207133151,-0.0071493107224592,1.96178903150776E-05
-0.0884022344405697,0.263236005500776,0.149263519978174,-0.032589112827483,-0.00715187085860392,2.07374731499751E-05
-0.088424866185758,0.263231038034594,0.149263534768624,-0.0325903149996225,-0.00715443189709763,2.18594192745176E-05
-0.0884474987693104,0.263226068789595,0.149263550339034,-0.032591527333778,-0.00715699385328261,2.29837671549121E-05
-0.0884701321983205,0.263221097765137,0.149263566691087,-0.0325927499355911,-0.00715955674257332,2.41105554156206E-05
-0.0884927664799558,0.263216124960566,0.149263583826491,-0.0325939829123305,-0.00716212058045726,2.52398228410254E-05
-0.0885154016214589,0.263211150375219,0.14926360174698,-0.032595226372923,-0.00716468538249585,2.63716083770423E-05
-0.0885380376301484,0.263206174008419,0.149263620454317,-0.0325964804279842,-0.00716725116432522,2.7505951132693E-05
-0.0885606745134206,0.263201195859482,0.149263639950291,-0.0325977451898508,-0.00716981794165707,2.86428903816085E-05
-0.0885833122787503,0.263196215927711,0.149263660236719,-0.0325990207726138,-0.00717238573027942,2.97824655634977E-05
-0.088605950933692,0.263191234212397,0.149263681315446,-0.0326003072921515,-0.00717495454605744,3.09247162855402E-05
-0.0886285904858816,0.263186250712822,0.149263703188342,-0.0326016048661645,-0.0071775244049342,3.20696823237202E-05
-0.0886512309430371,0.263181265428256,0.149263725857309,-0.0326029136142105,-0.00718009532293144,3.32174036241008E-05
-0.0886738723129605,0.263176278357958,0.149263749324272,-0.0326042336577406,-0.00718266731615025,3.43679203040266E-05
-0.0886965146035384,0.263171289501176,0.149263773591188,-0.0326055651201365,-0.00718524040077184,3.55212726532504E-05
-0.088719157822744,0.263166298857145,0.149263798660039,-0.0326069081267481,-0.00718781459305823,3.66775011349957E-05
-0.0887418019786384,0.263161306425092,0.149263824532837,-0.0326082628049323,-0.00719038990935287,3.78366463869325E-05
-0.0887644470793714,0.263156312204229,0.149263851211621,-0.032609629284093,-0.00719296636608134,3.89987492220756E-05
-0.0887870931331839,0.26315131619376,0.149263878698461,-0.0326110076957226,-0.00719554397975241,4.01638506306773E-05
-0.0888097401484085,0.263146318392874,0.149263906995451,-0.0326123981734405,-0.00719812276695665,4.13319917764389E-05
-0.0888323881334715,0.263141318800752,0.149263936104718,-0.0326138008530407,-0.00720070274436993,4.25032140038108E-05
-0.0888550370968942,0.263136317416561,0.149263966028415,-0.0326152158725327,-0.00720328392875202,4.36775588340536E-05
-0.0888776870472945,0.263131314239457,0.149263996768727,-0.032616643372187,-0.00720586633694753,4.48550679667007E-05
-0.0889003379933886,0.263126309268584,0.149264028327863,-0.0326180834945813,-0.00720844998588637,4.60357832798247E-05
-0.0889229899439924,0.263121302503074,0.149264060708066,-0.0326195363846481,-0.00721103489258417,4.72197468301843E-05
-0.0889456429080235,0.263116293942049,0.149264093911607,-0.0326210021897229,-0.00721362107414266,4.84070008532314E-05
-0.0889682968945024,0.263111283584617,0.149264127940783,-0.0326224810595937,-0.00721620854774998,4.95975877629765E-05
-0.0889909519125546,0.263106271429874,0.149264162797926,-0.0326239731465526,-0.00721879733068099,5.07915501517144E-05
-0.0890136079714124,0.263101257476906,0.149264198485394,-0.0326254786054476,-0.00722138744029748,5.19889307895862E-05
-0.0890362650804162,0.263096241724785,0.149264235005576,-0.0326269975937368,-0.00722397889404839,5.31897726239915E-05
-0.089058923249017,0.263091224172571,0.14926427236089,-0.0326285302715429,-0.00722657170946989,5.43941187788238E-05
-0.0890815824867777,0.263086204819313,0.149264310553784,-0.0326300768017099,-0.00722916590418553,5.56020125535297E-05
-0.0891042428033753,0.263081183664047,0.149264349586739,-0.0326316373498614,-0.00723176149590617,5.68134974219804E-05
-0.089126904208603,0.263076160705797,0.149264389462261,-0.0326332120844597,-0.00723435850243001,5.80286170311465E-05
-0.0891495667123717,0.263071135943574,0.149264430182891,-0.0326348011768672,-0.00723695694164242,5.92474151995681E-05
-0.0891722303247126,0.263066109376376,0.149264471751199,-0.0326364048014087,-0.00723955683151581,6.04699359155953E-05
-0.0891948950557786,0.26306108100319,0.149264514169785,-0.0326380231354362,-0.00724215819010932,6.16962233354064E-05
-0.0892175609158474,0.26305605082299,0.149264557441281,-0.032639656359395,-0.00724476103556852,6.29263217807769E-05
-0.0892402279153226,0.263051018834736,0.149264601568347,-0.0326413046568911,-0.00724736538612497,6.41602757365972E-05
-0.0892628960647367,0.263045985037379,0.149264646553678,-0.0326429682147614,-0.0072499712600957,6.53981298481076E-05
-0.0892855653747529,0.263040949429852,0.149264692399996,-0.0326446472231452,-0.00725257867588261,6.66399289178607E-05
-0.0893082358561678,0.263035912011079,0.149264739110058,-0.0326463418755576,-0.00725518765197175,6.78857179023714E-05
-0.0893309075199136,0.26303087277997,0.149264786686649,-0.0326480523689641,-0.00725779820693223,6.91355419072213E-05
-0.0893535803770603,0.263025831735421,0.149264835132588,-0.0326497789038627,-0.00726041035941641,7.0389446188137E-05
-0.0893762544388184,0.263020788876319,0.149264884450724,-0.0326515216843569,-0.0072630241281575,7.16474761391708E-05
-0.0893989297165416,0.263015744201532,0.149264934643937,-0.0326532809182423,-0.00726563953196915,7.29096772929516E-05
-0.0894216062217291,0.263010697709919,0.149264985715141,-0.0326550568170898,-0.00726825658974399,7.41760953143813E-05
-0.0894442839660284,0.263005649400325,0.149265037667279,-0.0326568495963323,-0.0072708753204522,7.54467759951648E-05
-0.0894669629612378,0.263000599271582,0.149265090503327,-0.0326586594753536,-0.00727349574314005,7.67217652479134E-05
-0.0894896432193097,0.262995547322508,0.149265144226294,-0.0326604866775801,-0.00727611787692813,7.8001109099798E-05
-0.0895123247523527,0.262990493551908,0.14926519883922,-0.0326623314305754,-0.00727874174100956,7.92848536857474E-05
-0.0895350075726351,0.262985437958574,0.149265254345176,-0.0326641939661366,-0.00728136735464789,8.05730452411283E-05
-0.0895576916925877,0.262980380541284,0.149265310747267,-0.0326660745203946,-0.00728399473717494,8.18657300939229E-05
-0.0895803771248068,0.262975321298803,0.14926536804863,-0.0326679733339163,-0.00728662390798841,8.31629546563519E-05
-0.0896030638820571,0.262970260229882,0.149265426252432,-0.0326698906518105,-0.00728925488654924,8.44647654159272E-05
-0.0896257519772755,0.26296519733326,0.149265485361876,-0.0326718267238361,-0.00729188769237891,0.0000857712089259002
-0.0896484414235736,0.26296013260766,0.149265545380195,-0.0326737818045144,-0.00729452234505637,8.70823317950712E-05
-0.0896711322342419,0.262955066051793,0.149265606310653,-0.0326757561532439,-0.00729715886421486,8.83981806769397E-05
-0.0896938244227523,0.262949997664356,0.14926566815655,-0.0326777500344189,-0.0072997972695384,8.97188022581373E-05
-0.0897165180027623,0.262944927444033,0.149265730921216,-0.0326797637175517,-0.00730243758075812,9.10442432461287E-05
-0.0897392129881184,0.262939855389493,0.149265794608015,-0.0326817974773978,-0.00730507981764819,9.2374550356112E-05
-0.0897619093928598,0.262934781499391,0.14926585922034,-0.0326838515940861,-0.00730772400002156,9.37097702970955E-05
-0.0897846072312219,0.262929705772371,0.149265924761621,-0.0326859263532516,-0.00731037014772529,9.50499497570868E-05
-0.0898073065176406,0.26292462820706,0.149265991235318,-0.0326880220461732,-0.0073130182806356,9.63951353873355E-05
-0.0898300072667561,0.262919548802073,0.149266058644923,-0.0326901389699153,-0.0073156684186525,9.77453737855915E-05
-0.0898527094934168,0.26291446755601,0.149266126993962,-0.0326922774274734,-0.00731832058169408,9.91007114782864E-05
-0.0898754132126837,0.262909384467458,0.149266196285992,-0.0326944377279276,-0.00732097478969076,0.000100461194903266
-0.0898981184398347,0.26290429953499,0.149266266524602,-0.0326966201865873,-0.00732363106257744,0.000101826870383738
-0.0899208251903687,0.262899212757166,0.149266337713413,-0.0326988251251873,-0.0073262894202425,0.000103197784198467
-0.0899435334800104,0.262894124132531,0.149266409856081,-0.0327010528719937,-0.00732894988263866,0.000104573982354244
-0.0899662433247148,0.262889033659615,0.149266482956289,-0.0327033037620793,-0.00733161246922684,0.000105955510388972
-0.0899889547406719,0.262883941336938,0.149266557017756,-0.032705578137283,-0.00733427719993048,0.000107342413462602
-0.0900116677443115,0.262878847163003,0.149266632044229,-0.0327078763465921,-0.0073369440950626,0.000108734737816032
-0.0900343823523084,0.262873751136301,0.14926670803949,-0.0327101987462813,-0.00733961317444088,0.000110132528633466
-0.0900570985815873,0.262868653255306,0.149266785007351,-0.0327125457000916,-0.00734228445783246,0.000111535830813506
-0.0900798164493282,0.262863553518483,0.149266862951653,-0.0327149175794325,-0.00734495796494404,0.00011294468894014
-0.0901025359729718,0.26285845192428,0.14926694187627,-0.0327173147635887,-0.00734763371541181,0.000114359147250629
-0.0901252571702249,0.262853348471133,0.149267021785108,-0.0327197376399272,-0.00735031172878767,0.000115779249596352
-0.0901479800590661,0.262848243157462,0.1492671026821,-0.0327221866041187,-0.00735299202452684,0.0001172050394073
-0.0901707046577518,0.262843135981677,0.149267184571212,-0.0327246620603676,-0.00735567462197643,0.000118636559654151
-0.0901934309848223,0.262838026942172,0.149267267456436,-0.0327271644218323,-0.00735835954039735,0.000120073852746136
-0.090216159059108,0.262832916037329,0.149267351341797,-0.0327296941113521,-0.00736104679891613,0.000121516960156679
-0.0902388888997358,0.262827803265516,0.149267436231348,-0.0327322515595061,-0.00736373641632976,0.000122965923385391
-0.0902616205261348,0.262822688625089,0.149267522129167,-0.0327348372066359,-0.00736642841145434,0.000124420783450505
-0.0902843539580435,0.26281757211439,0.149267609039365,-0.0327374515032539,-0.00736912280287312,0.000125881580377523
-0.0903070892155166,0.262812453731748,0.149267696966079,-0.0327400949099382,-0.007371819608958,0.00012734835342455
-0.0903298263189324,0.262807333475481,0.149267785913471,-0.0327427678976137,-0.00737451884785723,0.000128821141051241
-0.0903525652889999,0.262802211343892,0.149267875885731,-0.0327454709478438,-0.00737722053747397,0.000130299980854861
-0.0903753061467662,0.262797087335274,0.149267966887076,-0.0327482045531349,-0.00737992469544368,0.000131784909506047
-0.0903980489136243,0.262791961447907,0.149268058921746,-0.0327509692172559,-0.00738263133911241,0.000133275962682625
-0.0904207936113211,0.262786833680057,0.149268151994005,-0.0327537654555642,-0.00738534048551159,0.00013477317499776
-0.0904435402619656,0.262781704029982,0.149268246108144,-0.0327565937953454,-0.00738805215133199,0.000136276579925046
-0.090466288888037,0.262776572495927,0.149268341268474,-0.0327594547761636,-0.00739076635289658,0.000137786209718157
-0.0904890395123937,0.262771439076124,0.149268437479328,-0.0327623489502257,-0.00739348310613097,0.000139302095327056
-0.0905117921582822,0.262766303768796,0.149268534745061,-0.0327652768827589,-0.00739620242653332,0.000140824266310079
-0.0905345468493459,0.262761166572156,0.149268633070048,-0.0327682391523998,-0.00739892432914127,0.000142352750738838
-0.0905573036096349,0.262756027484405,0.149268732458683,-0.0327712363516011,-0.00740164882849815,0.000143887575100794
-0.0905800624636156,0.262750886503734,0.149268832915376,-0.0327742690870488,-0.00740437593861563,0.000145428764192622
-0.090602823436181,0.262745743628327,0.149268934444556,-0.0327773379800989,-0.0074071056729359,0.000146976341010957
-0.0906255865526606,0.262740598856356,0.149269037050666,-0.0327804436672274,-0.00740983804429026,0.000148530326634677
-0.0906483518388313,0.262735452185986,0.149269140738164,-0.0327835868004983,-0.00741257306485604,0.000150090740101263
-0.0906711193209283,0.262730303615372,0.149269245511519,-0.0327867680480511,-0.00741531074611146,0.000151657598277429
-0.0906938890256569,0.262725153142664,0.149269351375213,-0.0327899880946009,-0.0074180510987858,0.000153230915718517
-0.0907166609802033,0.262720000766003,0.149269458333734,-0.0327932476419639,-0.00742079413280908,0.000154810704524157
-0.0907394352122475,0.262714846483524,0.14926956639158,-0.0327965474095993,-0.00742353985725734,0.000156396974183104
-0.0907622117499752,0.262709690293355,0.149269675553255,-0.0327998881351729,-0.00742628828029474,0.000157989731409332
-0.0907849906220912,0.262704532193619,0.149269785823265,-0.0328032705751438,-0.00742903940911326,0.000159588979970531
-0.0908077718578318,0.262699372182436,0.149269897206119,-0.0328066955053708,-0.0074317932498672,0.000161194720503134
-0.0908305554869795,0.262694210257921,0.149270009706324,-0.0328101637217456,-0.00743454980760511,0.000162806950319877
-0.0908533415398764,0.262689046418185,0.149270123328384,-0.0328136760408493,-0.00743730908619681,0.000164425663204202
-0.090876130047439,0.262683880661338,0.149270238076799,-0.0328172333006355,-0.00744007108825668,0.000166050849193209
-0.0908989210411735,0.262678712985487,0.149270353956059,-0.0328208363611423,-0.00744283581506255,0.000167682494349442
-0.0909217145531912,0.262673543388741,0.149270470970643,-0.0328244861052278,-0.00744560326646773,0.000169320580514571
-0.0909445106162246,0.262668371869209,0.149270589125017,-0.0328281834393413,-0.00744837344081065,0.000170965085054025
-0.090967309263644,0.262663198425,0.14927070842363,-0.0328319292943222,-0.00745114633481673,0.00017261598058268
-0.0909901105294752,0.262658023054226,0.149270828870907,-0.0328357246262366,-0.00745392194349598,0.000174273234677771
-0.0910129144484163,0.262652845755007,0.149270950471252,-0.0328395704172299,-0.00745670026003065,0.000175936809563725
-0.0910357210558573,0.262647666525463,0.14927107322904,-0.0328434676764509,-0.00745948127566303,0.000177606661799206
-0.0910585303878985,0.262642485363724,0.149271197148613,-0.0328474174409784,-0.00746226497956916,0.000179282741923973
-0.0910813424813703,0.262637302267927,0.149271322234277,-0.0328514207768051,-0.00746505135872864,0.000180964994095065
-0.0911041573738538,0.262632117236221,0.149271448490297,-0.0328554787798588,-0.00746784039778497,0.000182653355698191
-0.0911269751037018,0.262626930266763,0.149271575920892,-0.0328595925770668,-0.0074706320788976,0.000184347756935268
-0.0911497957100609,0.262621741357727,0.149271704530229,-0.0328637633274682,-0.00747342638158509,0.000186048120388122
-0.0911726192328937,0.262616550507298,0.149271834322419,-0.0328679922233711,-0.00747622328255757,0.000187754360552628
-0.0911954457130033,0.262611357713683,0.149271965301512,-0.032872280491562,-0.00747902275553917,0.000189466383345838
-0.0912182751920565,0.262606162975105,0.149272097471489,-0.032876629394567,-0.007481824771079,0.000191184085581468
-0.0912411077126099,0.262600966289809,0.149272230836253,-0.0328810402319698,-0.0074846292963502,0.000192907354412523
-0.0912639433181358,0.262595767656065,0.14927236539963,-0.0328855143417859,-0.00748743629493603,0.000194636066738957
-0.0912867820530496,0.26259056707217,0.149272501165353,-0.032890053101902,-0.00749024572660217,0.000196370088577837
-0.0913096239627376,0.262585364536448,0.14927263813706,-0.0328946579315737,-0.0074930575470539,0.000198109274391878
-0.0913324690935866,0.262580160047257,0.149272776318282,-0.0328993302929974,-0.00749587170767828,0.000199853466377017
-0.0913553174930142,0.262574953602991,0.149272915712438,-0.03290407169295,-0.00749868815526892,0.000201602493702513
-0.0913781692095004,0.262569745202081,0.149273056322822,-0.0329088836845037,-0.00750150683173211,0.000203356171702011
-0.0914010242926203,0.262564534843001,0.149273198152596,-0.0329137678688216,-0.0075043276737751,0.000205114301011978
-0.091423882793078,0.262559322524271,0.149273341204776,-0.0329187258970358,-0.00750715061257188,0.000206876666653536
-0.0914467447627423,0.26255410824446,0.149273485482227,-0.0329237594722123,-0.00750997557340754,0.000208643037053107
-0.0914696102546834,0.262548892002192,0.149273630987642,-0.0329288703514098,-0.00751280247529839,0.00021041316299834
-0.0914924793232108,0.262543673796148,0.149273777723538,-0.0329340603478347,-0.00751563123058656,0.00021218677652414
-0.0915153520239135,0.262538453625075,0.149273925692239,-0.0329393313331006,-0.00751846174450692,0.000213963589723677
-0.091538228413701,0.262533231487786,0.14927407489586,-0.0329446852395921,-0.00752129391472331,0.000215743293477488
-0.0915611085508468,0.262528007383169,0.149274225336295,-0.0329501240629496,-0.00752412763083496,0.000217525556098818
-0.0915839924950329,0.262522781310191,0.149274377015198,-0.0329556498646684,-0.00752696277384642,0.000219310021882796
-0.0916068803073964,0.262517553267905,0.149274529933969,-0.0329612647748282,-0.00752979921560146,0.000221096309556786
-0.0916297720505784,0.262512323255456,0.149274684093733,-0.0329669709949562,-0.0075326368181769,0.000222884010622567
-0.0916526677887742,0.26250709127209,0.149274839495321,-0.0329727708010269,-0.00753547543323255,0.000224672687579602
-0.0916755675877872,0.262501857317157,0.14927499613925,-0.0329786665466412,-0.00753831490132005,0.000226461872036054
-0.0916984715150823,0.262496621390124,0.1492751540257,-0.0329846606663043,-0.00754115505113108,0.000228251062658655
-0.0917213796398445,0.262491383490582,0.149275313154492,-0.0329907556789305,-0.00754399569870223,0.0002300397230027
-0.0917442920330385,0.262486143618251,0.14927547352506,-0.0329969541914965,-0.00754683664655645,0.000231827279171883
-0.0917672087674706,0.262480901772997,0.149275635136427,-0.0330032589028869,-0.0075496776827826,0.000233613117310811
-0.0917901299178551,0.262475657954835,0.149275797987174,-0.0330096726079379,-0.00755251858004673,0.000235396580913552
-0.0918130555608811,0.262470412163946,0.149275962075411,-0.0330161982016894,-0.00755535909452941,0.00023717696793314
-0.0918359857752844,0.262465164400686,0.149276127398744,-0.0330228386838634,-0.00755819896478466,0.000238953527677634
-0.091858920641922,0.262459914665598,0.149276293954239,-0.0330295971635709,-0.00756103791051064,0.000240725457471446
-0.0918818602438489,0.262454662959427,0.149276461738387,-0.0330364768642714,-0.00756387563122785,0.000242491899065528
-0.0919048046664001,0.262449409283135,0.149276630747061,-0.0330434811289949,-0.00756671180485584,0.000244251934774348
-0.0919277539972752,0.262444153637914,0.149276800975476,-0.0330506134258403,-0.00756954608617858,0.000246004583314821
-0.0919507083266274,0.262438896025205,0.149276972418141,-0.0330578773537706,-0.0075723781051914,0.000247748795324716
-0.091973667747156,0.262433636446716,0.149277145068813,-0.033065276648721,-0.0075752074653168,0.000249483448530377
-0.0919966323542046,0.262428374904439,0.149277318920441,-0.0330728151900356,-0.00757803374147895,0.000251207342533771
-0.0920196022458622,0.262423111400672,0.149277493965113,-0.0330804970072556,-0.00758085647802428,0.000252919193186231
-0.0920425775230705,0.262417845938041,0.149277670193993,-0.0330883262872791,-0.00758367518647415,0.000254617626511562
-0.0920655582897355,0.262412578519522,0.14927784759726,-0.0330963073819124,-0.00758648934309421,0.000256301172137946
-0.0920885446528448,0.26240730914847,0.149278026164033,-0.0331044448158367,-0.0075892983862645,0.000257968256194537
-0.0921115367225906,0.262402037828641,0.149278205882305,-0.033112743295019,-0.00759210171363212,0.000259617193625483
-0.0921345346124987,0.262396764564229,0.149278386738852,-0.0331212077155849,-0.00759489867902512,0.000261246179864885
-0.0921575384395636,0.262391489359887,0.149278568719156,-0.0331298431731854,-0.00759768858910673,0.000262853281815633
-0.0921805483243908,0.262386212220771,0.14927875180731,-0.0331386549728876,-0.00760047069974491,0.000264436428066732
