x,y,z,vx,vy,vz
-2.5132478151856E-05,3.37750476154645E-06,-7.27851557240146E-06,-0.000494791908675177,-0.00013503267241599,-0.00165501708001384
-2.54601822657868E-05,3.2816242025007E-06,-8.4230097574629E-06,-0.000449437412593248,-0.000141003678848672,-0.00164095152313029
-2.57572934668385E-05,3.18179859500192E-06,-9.55739700556535E-06,-0.000406660559984804,-0.000146403118848581,-0.00162594356919331
-2.60255522472102E-05,3.07840718214426E-06,-1.068109117366E-05,-0.000366318721076249,-0.00015128124176053,-0.00161018499888837
-2.62666004314423E-05,2.97179568853681E-06,-1.17936294721937E-05,-0.000328270764801626,-0.000155684342094906,-0.00159383989014807
-2.64819829712378E-05,2.86227903284318E-06,-1.28946544581915E-05,-0.000292379115022289,-0.000159654872508788,-0.00157704812978306
-2.66731509395547E-05,2.75014393617916E-06,-1.39838983631441E-05,-0.00025851116802683,-0.000163231623104015,-0.00155992859438811
-2.68414653297542E-05,2.63565139110507E-06,-1.50611695091005E-05,-0.000226540217712831,-0.000166449940571679,-0.00154258199192386
-2.69882013610842E-05,2.51903897037982E-06,-1.61263405820356E-05,-0.000196346006543292,-0.00016934196800723,-0.0015250933733462
-2.71145530644981E-05,2.40052296631771E-06,-1.71793385383258E-05,-0.000167814996546461,-0.000171936891805877,-0.00150753433458059
-2.72216379822058E-05,2.28030035833863E-06,-1.82201359465304E-05,-0.000140840434308348,-0.000174261186307687,-0.0014899649347199
-2.731050185718E-05,2.15855061400005E-06,-1.92487435644708E-05,-0.000115322268043131,-0.00017633884996594,-0.00147243535901949
-2.7382123227254E-05,2.03543732977705E-06,-2.02652039940238E-05,-9.11669609157605E-05,-0.000178191629184727,-0.00145498735502666
-2.74374178635515E-05,1.91110972149199E-06,-2.12695862613215E-05,-6.82872346132116E-05,-0.000179839227600267,-0.00143765546920242
-2.74772430143153E-05,1.78570397450769E-06,-2.22619811960828E-05,-4.66017686231559E-05,-0.000181299499775278,-0.00142046810929084
-2.75024014299888E-05,1.65934446547155E-06,-2.32424974904147E-05,-2.60348743993744E-05,-0.000182588629072035,-0.00140344845552606
-2.75136451576525E-05,1.53214486538201E-06,-2.42112583484046E-05,-6.51615818884756E-06,-0.0001837212900398,-0.00138661524104263
-2.75116791003212E-05,1.40420913536117E-06,-2.51683986353295E-05,1.20198172201733E-05,-0.000184710795975902,-0.00136998341972489
-2.74971643431116E-05,1.27563242479398E-06,-2.61140624566529E-05,2.9633864749936E-05,-0.00018556923254539,-0.00135356473730428
-2.74707212522377E-05,1.14650188123208E-06,-2.70484011040703E-05,4.63824943741123E-05,-0.000186307578449716,-0.00133736821949456
-2.74329323556123E-05,1.01689738069799E-06,-2.79715713152288E-05,6.23182203318895E-05,-0.000186935814178137,-0.00132140058908366
-2.73843450156186E-05,8.86892186331215E-07,-2.88837338012708E-05,7.7489852249589E-05,-0.000187463019871629,-0.00130566662225181
-2.73254739055722E-05,7.56553542441512E-07,-2.97850520041614E-05,9.1942769146078E-05,-0.000187897463295957,-0.00129016945291511
-2.72568033020748E-05,6.259432108747E-07,-3.06756910478344E-05,0.000105719175908108,-0.000188246678865644,-0.0012749108326941
-2.71787892052154E-05,4.95117955105786E-07,-3.15558168580619E-05,0.000118858342398091,-0.000188517538601192,-0.00125989135291166
-2.70918612986962E-05,3.64129977743334E-07,-3.24255954240832E-05,0.000131396825588403,-0.000188716315829984,-0.00124511063418739
-2.6996424761392E-05,2.3302731607491E-07,-3.32851921821963E-05,0.000143368675399623,-0.00018884874237448,-0.00123056748832596
-2.68928619413953E-05,1.01854199962513E-07,-3.41347715033358E-05,0.0001548056250414,-0.000188920059902831,-0.00121626005652687
-2.6781533903008E-05,-2.9348624073516E-08,-3.49744962694162E-05,0.000165737266739364,-0.000188935066052512,-0.00120218592734879
-2.66627818565085E-05,-1.60543599146857E-07,-3.58045275254273E-05,0.000176191213769682,-0.000188898155876992,-0.00118834223735827
-2.65369284798302E-05,-2.91696091650871E-07,-3.66250241964585E-05,0.00018619324973353,-0.000188813359109285,-0.00117472575695717
-2.64042791409931E-05,-4.22774149206837E-07,-3.74361428582421E-05,0.000195767465962054,-0.0001886843736851,-0.00116133296355424
-2.62651230284754E-05,-5.53748281212836E-07,-3.8238037557776E-05,0.000204936387992301,-0.000188514595920769,-0.00114816010382444
-2.61197341978156E-05,-6.84591258787736E-07,-3.90308596707343E-05,0.000213721091880411,-0.000188307147699976,-0.00113520324671751
-2.59683725404757E-05,-8.15277932900295E-07,-3.98147577944172E-05,0.000222141311207434,-0.00018806490098417,-0.00112245832846768
-2.58112846814651E-05,-9.45785068622173E-07,-4.05898776692103E-05,0.000230215535502387,-0.000187790499927942,-0.00110992119077436
-2.56487048113904E-05,-1.07609119398022E-06,-4.13563621244715E-05,0.000237961100784389,-0.000187486380849908,-0.00109758761312239
-2.54808554581769E-05,-1.20617646199851E-06,-4.21143510450722E-05,0.00024539427287171,-0.000187154790282375,-0.00108545334007616
-2.53079482032049E-05,-1.3360225247157E-06,-4.2863981355645E-05,0.000252530324059684,-0.000186797801298599,-0.00107351410425785
-2.51301843466776E-05,-1.46561241774527E-06,-4.36053870180379E-05,0.00025938360370383,-0.000186417328295767,-0.00106176564565006
-2.49477555252619E-05,-1.5949304551103E-06,-4.4338699043909E-05,0.000265967603257414,-0.000186015140389707,-0.0010502037276803
-2.47608442870363E-05,-1.72396213244099E-06,-4.50640455146575E-05,0.000272295016175294,-0.000185592873564952,-0.00103882415063057
-2.45696246261515E-05,-1.8526940384635E-06,-4.57815516112674E-05,0.000278377793153325,-0.0001851520417039,-0.00102762276269109
-2.43742624807063E-05,-1.98111377374138E-06,-4.64913396508299E-05,0.00028422719307845,-0.000184694046608083,-0.00101659546901933
-2.4174916196626E-05,-2.10920987605625E-06,-4.71935291287466E-05,0.000289853830050614,-0.000184220187111652,-0.00100573823908657
-2.39717369601551E-05,-2.23697175182762E-06,-4.78882367655119E-05,0.000295267716804133,-0.000183731667376635,-0.000995047112558811
-2.37648692014856E-05,-2.3643896129556E-06,-4.85755765567167E-05,0.000300478304824732,-0.000183229604450411,-0.000984518203930959
-2.35544509709578E-05,-2.49145441906384E-06,-4.92556598279715E-05,0.000305494521454434,-0.000182715035155208,-0.000974147706058823
-2.33406142917428E-05,-2.61815782353913E-06,-4.99285952877916E-05,0.000310324804186716,-0.000182188922378472,-0.000963931892842892
-2.31234854883364E-05,-2.74449212452236E-06,-5.05944890862344E-05,0.00031497713244329,-0.000181652160815499,-0.000953867121071068
-2.29031854944455E-05,-2.87045021932554E-06,-5.12534448724986E-05,0.000319459056992828,-0.000181105582220535,-0.000943949831634216
-2.2679830141076E-05,-2.99602556241547E-06,-5.19055638535844E-05,0.00032377772722098,-0.000180549960210871,-0.000934176550176631
-2.24535304263792E-05,-3.12121212659068E-06,-5.25509448532372E-05,0.00032793991642211,-0.00017998601466585,-0.000924543887275
-2.22243927685755E-05,-3.2460043670833E-06,-5.31896843708739E-05,0.000331952045271349,-0.00017941441575823,-0.000915048538220651
-2.19925192430833E-05,-3.37039718838755E-06,-5.38218766404653E-05,0.000335820203623339,-0.0001788357876514,-0.000905687282466635
-2.17580078054725E-05,-3.49438591332556E-06,-5.44476136878049E-05,0.000339550170761913,-0.000178250711894024,-0.00089645698281508
-2.15209525000164E-05,-3.61796625481904E-06,-5.5066985389393E-05,0.000343147434242748,-0.000177659730536364,-0.000887354584342915
-2.12814436564593E-05,-3.74113428929057E-06,-5.56800795282459E-05,0.00034661720741194,-0.000177063348997109,-0.000878377113173815
-2.1039568074623E-05,-3.86388643219778E-06,-5.62869818499289E-05,0.000349964445723125,-0.000176462038699901,-0.000869521675081782
-2.07954091981594E-05,-3.98621941528009E-06,-5.68877761173493E-05,0.000353193861937606,-0.000175856239500922,-0.00086078545397687
-2.05490472781089E-05,-4.10813026542406E-06,-5.74825441644637E-05,0.000356309940294107,-0.000175246361925575,-0.00085216571029582
-2.03005595270662E-05,-4.22961628496645E-06,-5.80713659485797E-05,0.000359316949725147,-0.000174632789229392,-0.000843659779322663
-2.00500202637165E-05,-4.3506750337367E-06,-5.86543196032447E-05,0.000362218956202087,-0.000174015879294678,-0.00083526506942812
-1.9797501051218E-05,-4.47130431135032E-06,-5.92314814849503E-05,0.000365019834236517,-0.000173395966414316,-0.000826979060362874
-1.95430708247111E-05,-4.59150214219007E-06,-5.98029262259319E-05,0.000367723277670722,-0.00017277336288434,-0.000818799301387013
-1.92867960143511E-05,-4.71126676013533E-06,-6.03687267792912E-05,0.000370332809732071,-0.000172148360516749,-0.000810723409505496
-1.90287406595763E-05,-4.83059659524952E-06,-6.09289544674204E-05,0.000372851792462621,-0.000171521232025755,-0.000802749067630346
-1.87689665190012E-05,-4.94949026048003E-06,-6.14836790248376E-05,0.000375283435527428,-0.000170892232315658,-0.000794874022811283
-1.85075331726321E-05,-5.06794654003543E-06,-6.20329686436431E-05,0.000377630804482654,-0.000170261599669824,-0.000787096084425419
-1.82444981194003E-05,-5.1859643781496E-06,-6.25768900158021E-05,0.000379896828516427,-0.000169629556854758,-0.000779413122414226
-1.79799168693143E-05,-5.30354286866594E-06,-6.31155083745965E-05,0.000382084307709864,-0.000168996312143715,-0.000771823065539626
-1.77138430307271E-05,-5.42068124530655E-06,-6.36488875348749E-05,0.000384195919850248,-0.000168362060266654,-0.000764323899668644
-1.7446328393018E-05,-5.53737887257729E-06,-6.41770899321224E-05,0.00038623422682749,-0.000167726983292332,-0.000756913666089873
-1.71774230049687E-05,-5.65363523726326E-06,-6.47001766603735E-05,0.000388201680642674,-0.000167091251447896,-0.000749590459864326
-1.6907175248981E-05,-5.76944994052157E-06,-6.52182075092071E-05,0.000390100629055975,-0.000166455023880503,-0.000742352428209552
-1.66356319120569E-05,-5.88482269024245E-06,-6.57312409985546E-05,0.000391933320894008,-0.000165818449367091,-0.000735197768936659
-1.63628382520698E-05,-5.99975329436979E-06,-6.62393344145931E-05,0.000393701911050723,-0.000165181666972329,-0.000728124728896242
-1.60888380617999E-05,-6.11424165417863E-06,-6.67425438424155E-05,0.000395408465187514,-0.000164544806663815,-0.000721131602494066
-1.5813673729234E-05,-6.22828775820724E-06,-6.72409241987632E-05,0.000397054964163593,-0.000163907989883974,-0.000714216730231827
-1.55373862949926E-05,-6.34189167652416E-06,-6.77345292635427E-05,0.000398643308209981,-0.000163271330083369,-0.000707378497291264
-1.52600155069423E-05,-6.45505355535302E-06,-6.82234117103736E-05,0.000400175320864607,-0.000162634933218067,-0.000700615332158549
-1.49815998721529E-05,-6.5677736120309E-06,-6.87076231361952E-05,0.000401652752684016,-0.000161998898213691,-0.00069392570528876
-1.47021767063516E-05,-6.68005213027842E-06,-6.91872140899592E-05,0.00040307728474604,-0.000161363317398622,-0.000687308127810073
-1.44217821810126E-05,-6.79188945576019E-06,-6.96622341004366E-05,0.000404450531956814,-0.000160728276908565,-0.000680761150267171
-1.4140451368215E-05,-6.90328599191719E-06,-7.01327317031648E-05,0.000405774046174509,-0.000160093857064572,-0.000674283361403282
-1.38582182833909E-05,-7.01424219605281E-06,-7.05987544665627E-05,0.000407049319161322,-0.000159460132726406,-0.000667873386980158
-1.35751159260816E-05,-7.1247585756565E-06,-7.1060349017239E-05,0.000408277785374441,-0.000158827173623008,-0.000661529888635249
-1.32911763188068E-05,-7.23483568494891E-06,-7.15175610645195E-05,0.000409460824605958,-0.000158195044661683,-0.000655251562775261
-1.30064305441514E-05,-7.34447412163548E-06,-7.19704354242188E-05,0.000410599764481019,-0.000157563806217507,-0.000649037139505247
-1.27209087801638E-05,-7.4536745238539E-06,-7.241901604168E-05,0.000411695882822854,-0.00015693351440431,-0.000642885381592369
-1.24346403341561E-05,-7.5624375673042E-06,-7.28633460141066E-05,0.000412750409892758,-0.000156304221328543,-0.000636795083463405
-1.21476536749894E-05,-7.67076396254924E-06,-7.330346761221E-05,0.00041376453051254,-0.000155675975327177,-0.000630765070235084
-1.1859976463924E-05,-7.77865445247531E-06,-7.37394223011943E-05,0.000414739386076475,-0.00015504882119075,-0.000624794196776309
-1.1571635584117E-05,-7.88610980989948E-06,-7.41712507610886E-05,0.000415676076459279,-0.000154422800372417,-0.000618881346801557
-1.12826571687912E-05,-7.99313083533409E-06,-7.45989929065224E-05,0.000416575661826132,-0.000153797951184879,-0.000613025431993318
-1.09930666282544E-05,-8.09971835485038E-06,-7.50226879057771E-05,0.00041743916435076,-0.000153174308983201,-0.000607225391156017
-1.07028886756811E-05,-8.20587321809894E-06,-7.54423741993841E-05,0.000418267569846431,-0.000152551906339145,-0.000601480189395374
-1.04121473518279E-05,-8.31159629643026E-06,-7.58580895181011E-05,0.000419061829315376,-0.000151930773202988,-0.000595788817326822
-1.0120866048692E-05,-8.41688848112784E-06,-7.62698709003592E-05,0.000419822860420982,-0.000151310937056181,-0.000590150290309866
-9.82906753217356E-06,-8.52175068174403E-06,-7.66777547091886E-05,0.000420551548887212,-0.000150692423054823,-0.000584563647708041
-9.53677396378987E-06,-8.62618382453262E-06,-7.70817766486376E-05,0.000421248749829374,-0.00015007525416452,-0.000579027952173597
-9.2440069214878E-06,-8.73018885097203E-06,-7.74819717797042E-05,0.000421915289020059,-0.000149459451287219,-0.000573542288956094
-8.95078741959934E-06,-8.83376671637405E-06,-7.78783745357956E-05,0.000422551964093854,-0.000148845033380517,-0.000568105765234081
-8.65713592798021E-06,-8.93691838857312E-06,-7.82710187377304E-05,0.0004231595456942,-0.000148232017569938,-0.000562717509469076
-8.36307239037143E-06,-9.03964484669098E-06,-7.86599376083009E-05,0.000423738778565567,-0.000147620419254625,-0.000557376670781085
-8.06861624202057E-06,-9.14194707997275E-06,-7.90451637864085E-05,0.000424290382593925,-0.000147010252206858,-0.000552082418344902
-7.77378642659749E-06,-9.24382608669004E-06,-7.94267293407864E-05,0.000424815053798287,-0.000146401528665778,-0.000546833940806494
-7.47860141243795E-06,-9.34528287310726E-06,-7.98046657833246E-05,0.000425313465275966,-0.000145794259425697,-0.000541630445718734
-7.18307920814581E-06,-9.44631845250733E-06,-8.01790040820093E-05,0.000425786268104002,-0.000145188453919307,-0.000536471158995843
-6.88723737758401E-06,-9.54693384427375E-06,-8.05497746734891E-05,0.000426234092199077,-0.000144584120296115,-0.000531355324385854
-6.59109305428232E-06,-9.6471300730254E-06,-8.09170074752821E-05,0.000426657547138105,-0.000143981265496387,-0.000526282202960471
-6.29466295528777E-06,-9.74690816780115E-06,-8.12807318976336E-05,0.000427057222941541,-0.000143379895320891,-0.000521251072621721
-5.99796339448404E-06,-9.8462691612917E-06,-8.16409768550373E-05,0.000427433690821353,-0.000142780014496686,-0.000516261227624785
-5.70101029543854E-06,-9.94521408910358E-06,-8.19977707773864E-05,0.00042778750389536,-0.000142181626739289,-0.000511311978117119
-5.40381920358639E-06,-1.00437439891256E-05,-8.23511416210305E-05,0.000428119197870326,-0.000141584734810898,-0.000506402649689302
-5.10640529830705E-06,-1.01418599008136E-05,-8.27011168790843E-05,0.000428429291693709,-0.000140989340576132,-0.000501532582947055
-4.80878340420188E-06,-1.02395628646339E-05,-8.30477235918858E-05,0.000428718288177924,-0.000140395445053957,-0.000496701133090647
-4.51096800212623E-06,-1.03368539214812E-05,-8.33909883569456E-05,0.000428986674596784,-0.000139803048467027,-0.000491907669511112
-4.21297323978017E-06,-1.04337341121417E-05,-8.37309373386651E-05,0.000429234923256193,-0.000139212150288242,-0.000487151575398845
-3.91481294191213E-06,-1.05302044767883E-05,-8.40675962777873E-05,0.00042946349204025,-0.000138622749284714,-0.000482432247364776
-3.61650062015107E-06,-1.06262660545045E-05,-8.44009905005884E-05,0.000429672824933972,-0.00013803484355931,-0.000477749095073666
-3.31804948248377E-06,-1.07219198828372E-05,-8.4731144927819E-05,0.000429863352523784,-0.000137448430589908,-0.0004731015408891
-3.01947244239155E-06,-1.08171669973758E-05,-8.5058084083403E-05,0.000430035492476857,-0.0001368635072665,-0.000468489019529768
-2.72078212766152E-06,-1.09120084313556E-05,-8.53818321029011E-05,0.000430189650000311,-0.000136280069926262,-0.000463910977736626
-2.42199088888553E-06,-1.10064452152865E-05,-8.57024127417473E-05,0.000430326218281258,-0.000135698114386703,-0.000459366873950568
-2.12311080765989E-06,-1.11004783766023E-05,-8.60198493832645E-05,0.000430445578908582,-0.00013511763597702,-0.00045485617800022
-1.82415370449824E-06,-1.11941089393321E-05,-8.63341650464675E-05,0.000430548102277348,-0.000134538629567736,-0.00045037837079952
-1.52513114646953E-06,-1.12873379237921E-05,-8.66453823936586E-05,0.000430634147976628,-0.000133961089598733,-0.000445932944054725
-1.22605445457204E-06,-1.13801663462953E-05,-8.69535237378235E-05,0.000430704065161548,-0.000133385010105773,-0.000441519399980526
-9.2693471085439E-07,-1.14725952188799E-05,-8.72586110498321E-05,0.000430758192910273,-0.000132810384745578,-0.000437137251024948
-6.2778276529363E-07,-1.15646255490543E-05,-8.7560665965453E-05,0.000430796860566627,-0.000132237206819563,-0.000432786019602733
-3.28609242440299E-07,-1.16562583395582E-05,-8.78597097921834E-05,0.000430820388069023,-0.000131665469296283,-0.000428465237836909
-2.94245478394926E-08,-1.17474945881392E-05,-8.81557635159047E-05,0.00043082908626631,-0.000131095164832674,-0.000424174447308262
2.69761125763066E-07,-1.1838335287343E-05,-8.84488478073647E-05,0.000430823257221143,-0.000130526285794158,-0.000419913198812446
5.68937792341242E-07,-1.19287814242938E-05,-8.87389830284182E-05,0.000430803194501434,-0.000129958824273807,-0.000415681052125573
8.68095667107205E-07,-1.20188339806075E-05,-8.90261892384913E-05,0.00043076918346043,-0.000129392772109753,-0.000411477575771286
1.16722516042114E-06,-1.21084939320769E-05,-8.93104862001172E-05,0.000430721501505922,-0.000128828120903128,-0.000407302346805995
1.46631687268384E-06,-1.21977622486082E-05,-8.95918933850943E-05,0.000430660418359041,-0.000128264862033575,-0.000403154950599471
1.76536158900567E-06,-1.22866398940488E-05,-8.98704299801098E-05,0.000430586196303144,-0.000127702986674665,-0.000399034980627499
2.06435027412529E-06,-1.23751278260495E-05,-9.01461148922985E-05,0.000430499090423191,-0.000127142485808339,-0.000394942038269605
2.36327406749107E-06,-1.24632269959359E-05,-9.04189667546626E-05,0.000430399348836051,-0.000126583350238574,-0.000390875732612792
2.66212427861031E-06,-1.25509383486217E-05,-9.06890039314571E-05,0.000430287212911972,-0.000126025570604115,-0.000386835680254346
2.96089238198947E-06,-1.26382628224364E-05,-9.09562445228314E-05,0.000430162917446465,-0.000125469137708927,-0.000382821504517669
3.25957001312629E-06,-1.27252013492971E-05,-9.12207063697811E-05,0.000430026690982315,-0.000124914041776371,-0.000378832836183842
3.55814896476529E-06,-1.28117548543018E-05,-9.1482407060646E-05,0.000429878755910686,-0.000124360272803372,-0.000374869314240153
3.85662118088886E-06,-1.28979242553769E-05,-9.17413639340355E-05,0.000429719328667033,-0.000123807820909303,-0.000370930583562043
4.15497875435759E-06,-1.29837104637048E-05,-9.19975940847743E-05,0.000429548619934533,-0.00012325667607899,-0.000367016295667445
4.45321392222518E-06,-1.30691143834295E-05,-9.22511143678036E-05,0.000429366834816942,-0.000122706828196843,-0.000363126108561131
4.75131906258813E-06,-1.31541369117801E-05,-9.25019414031935E-05,0.000429174173008549,-0.000122158267054211,-0.000359259686571193
5.0492866898131E-06,-1.32387789387014E-05,-9.27500915795764E-05,0.000428970828959236,-0.000121610982358544,-0.000355416700213925
5.34710945171821E-06,-1.33230413470189E-05,-9.29955810590424E-05,0.00042875699203206,-0.000121064963741026,-0.000351596826036392
5.64478012589279E-06,-1.34069250123312E-05,-9.32384257811059E-05,0.000428532846655566,-0.000120520200766611,-0.000347799746471579
5.94229161635764E-06,-1.34904308029764E-05,-9.34786414667764E-05,0.000428298572471543,-0.000119976682938019,-0.000344025149706495
6.2396369502374E-06,-1.35735595799756E-05,-9.37162436224623E-05,0.000428054344476845,-0.000119434399703694,-0.000340272729544682
6.53680927461814E-06,-1.36563121970083E-05,-9.39512475438558E-05,0.000427800333160434,-0.000118893340463638,-0.000336542185276514
6.83380185345405E-06,-1.37386895003772E-05,-9.4183668319691E-05,0.000427536704635602,-0.000118353494575389,-0.000332833221552036
7.13060806452667E-06,-1.38206923289689E-05,-9.4413520835387E-05,0.000427263620767637,-0.000117814851359698,-0.000329145548258003
7.42722139672569E-06,-1.39023215142811E-05,-9.46408197767871E-05,0.000426981239296833,-0.000117277400105531,-0.000325478880395395
7.7236354469439E-06,-1.3983577880325E-05,-9.48655796334525E-05,0.000426689713957713,-0.000116741130075515,-0.000321832937966033
8.01984391752367E-06,-1.40644622436604E-05,-9.50878147022401E-05,0.000426389194593721,-0.000116206030510359,-0.000318207445856572
8.31584061354647E-06,-1.41449754133691E-05,-9.53075390906204E-05,0.000426079827268229,-0.000115672090633375,-0.000314602133728492
8.61161944024531E-06,-1.42251181910444E-05,-9.55247667199552E-05,0.000425761754371726,-0.000115139299654688,-0.000311016735910473
8.90717440049006E-06,-1.43048913707829E-05,-9.57395113287027E-05,0.000425435114725395,-0.000114607646775202,-0.000307450991293666
9.2024995923441E-06,-1.438429573918E-05,-9.595178647555E-05,0.000425100043681203,-0.000114077121190323,-0.000303904643229802
9.49758920664299E-06,-1.44633320753146E-05,-9.61616055424442E-05,0.000424756673218703,-0.000113547712093538,-0.000300377439432582
9.79243752486796E-06,-1.45420011507982E-05,-9.63689817377166E-05,0.000424405132038333,-0.000113019408679399,-0.000296869131878869
1.00870389166262E-05,-1.4620303729703E-05,-9.65739280988169E-05,0.000424045545652165,-0.000112492200147146,-0.000293379476718025
1.038138783765E-05,-1.46982405686155E-05,-9.67764574953083E-05,0.000423678036471152,-0.000111966075703277,-0.000289908234178171
1.06754788276272E-05,-1.47758124166299E-05,-9.6976582631636E-05,0.000423302723889744,-0.00011144102456439,-0.000286455168477609
1.09693065081346E-05,-1.48530200153563E-05,-9.71743160498683E-05,0.000422919724367707,-0.000110917035959765,-0.000283020047738016
1.12628655806278E-05,-1.49298640989301E-05,-9.73696701323779E-05,0.000422529151509287,-0.000110394099133793,-0.000279602643899899
1.15561508244852E-05,-1.50063453940235E-05,-9.75626571044646E-05,0.000422131116139807,-0.000109872203348242,-0.000276202732640227
1.18491570951037E-05,-1.50824646198584E-05,-9.77532890369227E-05,0.000421725726379797,-0.000109351337884386,-0.000272820093292199
1.21418793220457E-05,-1.51582224882203E-05,-9.79415778485524E-05,0.000421313087716742,-0.000108831492044996,-0.000269454508767069
1.24343125072344E-05,-1.52336197034741E-05,-9.81275353086181E-05,0.000420893303074547,-0.000108312655156201,-0.000266105765477969
1.27264517231977E-05,-1.5308656962581E-05,-9.83111730392545E-05,0.000420466472880794,-0.000107794816569216,-0.000262773653265664
1.30182921113485E-05,-1.53833349551141E-05,-9.84925025178161E-05,0.000420032695131905,-0.000107277965661992,-0.000259457965326268
1.33098288803517E-05,-1.54576543632864E-05,-9.86715350792039E-05,0.000419592065456137,-0.000106762091840654,-0.000256158498140346
1.36010573044517E-05,-1.55316158619577E-05,-9.8848281918091E-05,0.000419144677174772,-0.000106247184541025,-0.000252875051404684
1.38919727219234E-05,-1.56052201186645E-05,-9.90227540911533E-05,0.000418690621361268,-0.00010573323322983,-0.000249607427964898
1.41825705335234E-05,-1.56784677936395E-05,-9.91949625192284E-05,0.000418229986898622,-0.000105220227405931,-0.000246355433750147
1.44728462009882E-05,-1.57513595398344E-05,-9.93649179894348E-05,0.000417762860534949,-0.000104708156601439,-0.000243118877709379
1.47627952455705E-05,-1.58238960029435E-05,-9.9532631157247E-05,0.000417289326937347,-0.000104197010382739,-0.000239897571749148
1.50524132466119E-05,-1.58960778214276E-05,-9.96981125485284E-05,0.000416809468744114,-0.000103686778351446,-0.000236691330672965
1.53416958401523E-05,-1.5967905626539E-05,-9.98613725615226E-05,0.000416323366615364,-0.00010317745014527,-0.000233499972122124
1.56306387175727E-05,-1.60393800423466E-05,-0.000100022421468804,0.000415831099282103,-0.000102669015438811,-0.000230323316517982
1.59192376242724E-05,-1.6110501685762E-05,-0.000100181269419187,0.000415332743593818,-0.000102161463944283,-0.000227161187005637
1.62074883583786E-05,-1.61812711665658E-05,-0.000100337926439603,0.000414828374564635,-0.000101654785412175,-0.000224013409398963
1.64953867694791E-05,-1.62516890874321E-05,-0.000100492402436924,0.000414318065418091,-0.000101148969631853,-0.000220879812127058
1.67829287574269E-05,-1.63217560439643E-05,-0.000100644707199785,0.000413801887630501,-0.000100644006432025,-0.000217760226181586
1.70701102710923E-05,-1.63914726247099E-05,-0.000100794850400313,0.000413279910973177,-0.000100139885681325,-0.000214654485066138
1.73569273072257E-05,-1.64608394111968E-05,-0.000100942841595875,0.000412752203553244,-9.96365972886679E-05,-0.000211562424746018
1.76433759093081E-05,-1.65298569779595E-05,-0.000101088690230769,0.00041221883185332,-9.9134131203636E-05,-0.000208483883599625
1.79294521664359E-05,-1.65985258925669E-05,-0.000101232405637875,0.000411679860770014,-9.86324774167951E-05,-0.0002054187023709
1.82151522122329E-05,-1.66668467156515E-05,-0.00010137399704029,0.000411135353651284,-9.81316259599685E-05,-0.000202366724122887
1.85004722237871E-05,-1.67348200009377E-05,-0.000101513473552917,0.000410585372332715,-9.76315669064634E-05,-0.00019932779419238
1.87854084206132E-05,-1.68024462952708E-05,-0.000101650844184032,0.000410029977172726,-9.71322903712545E-05,-0.000196301760145629
1.90699570636383E-05,-1.68697261386463E-05,-0.000101786117836815,0.000409469227086756,-9.66337865111311E-05,-0.000193288471735068
1.93541144542118E-05,-1.69366600642382E-05,-0.000101919303310854,0.00040890317958047,-9.61360455248042E-05,-0.000190287780857051
1.96378769331373E-05,-1.70032485984292E-05,-0.000102050409303621,0.000408331890781988,-9.56390576529805E-05,-0.00018729954151055
1.9921240879727E-05,-1.70694922608387E-05,-0.000102179444411916,0.000407755415473208,-9.51428131783996E-05,-0.000184323609756799
2.02042027108695E-05,-1.71353915643511E-05,-0.000102306417133282,0.000407173807120231,-9.46473024258581E-05,-0.000181359843679936
2.04867588801585E-05,-1.72009470151522E-05,-0.000102431335867413,0.000406587117902836,-9.4152515762111E-05,-0.000178408103348175
2.07689058769611E-05,-1.72661591127467E-05,-0.000102554208917492,0.000405995398743291,-9.3658443595913E-05,-0.000175468250776606
2.10506402255867E-05,-1.73310283499953E-05,-0.000102675044491552,0.00040539869933417,-9.31650763778781E-05,-0.000172540149890062
2.13319584844344E-05,-1.73955552131417E-05,-0.00010279385070378,0.00040479706816547,-9.26724046003824E-05,-0.000169623666487212
2.16128572451667E-05,-1.74597401818415E-05,-0.000102910635575808,0.000404190552550947,-9.21804187974304E-05,-0.000166718668205375
2.18933331319021E-05,-1.7523583729191E-05,-0.000103025407037978,0.000403579198653709,-9.16891095444944E-05,-0.000163825024486126
2.21733828004245E-05,-1.75870863217564E-05,-0.000103138172930584,0.000402963051511089,-9.11984674583374E-05,-0.000160942606541651
2.24530029374097E-05,-1.76502484196015E-05,-0.000103248941005088,0.00040234215505883,-9.07084831968086E-05,-0.000158071287321861
2.2732190259669E-05,-1.77130704763172E-05,-0.000103357718925319,0.000401716552154587,-9.02191474586198E-05,-0.000155210941482215
2.30109415134079E-05,-1.7775552939049E-05,-0.000103464514268641,0.00040108628460078,-8.97304509831047E-05,-0.00015236144535226
2.32892534735019E-05,-1.78376962485254E-05,-0.000103569334527111,0.000400451393166813,-8.9242384549957E-05,-0.000149522676904852
2.35671229427777E-05,-1.78995008390844E-05,-0.000103672187108602,0.000399811917610694,-8.87549389789658E-05,-0.000146694515726126
2.38445467513509E-05,-1.79609671387075E-05,-0.000103773079337928,0.000399167896699974,-8.82681051296763E-05,-0.000143876842985706
2.41215217558968E-05,-1.80220955690375E-05,-0.000103872018457914,0.000398519368232282,-8.77818739011521E-05,-0.000141069541408374
2.43980448390165E-05,-1.80828865454123E-05,-0.000103969011630478,0.00039786636905512,-8.72962362316057E-05,-0.000138272495245542
2.46741129085747E-05,-1.81433404768904E-05,-0.00010406406593768,0.000397208935085207,-8.6811183098071E-05,-0.000135485590247723
2.49497228970611E-05,-1.82034577662777E-05,-0.000104157188382753,0.000396547101327272,-8.63267055160557E-05,-0.000132708713637525
2.52248717609626E-05,-1.82632388101543E-05,-0.000104248385891114,0.000395880901892343,-8.58427945391774E-05,-0.000129941754083204
2.54995564801493E-05,-1.83226839989005E-05,-0.000104337665311363,0.000395210370015528,-8.53594412587903E-05,-0.000127184601672785
2.57737740572719E-05,-1.8381793716723E-05,-0.000104425033416257,0.000394535538073321,-8.48766368036014E-05,-0.000124437147888721
2.60475215171717E-05,-1.84405683416809E-05,-0.00010451049690367,0.000393856437600435,-8.43943723392734E-05,-0.00012169928558309
2.63207959063015E-05,-1.84990082457108E-05,-0.000104594062397537,0.000393173099306186,-8.39126390680215E-05,-0.000118970908953304
2.65935942921582E-05,-1.85571137946527E-05,-0.000104675736448779,0.000392485553090421,-8.34314282281956E-05,-0.000116251913518327
2.68659137627258E-05,-1.86148853482741E-05,-0.000104755525536213,0.000391793828059033,-8.29507310938584E-05,-0.000113542196095383
2.71377514259216E-05,-1.86723232602938E-05,-0.000104833436067442,0.00039109795253906,-8.24705389743683E-05,-0.000110841654777222
2.74091044090915E-05,-1.87294278784123E-05,-0.000104909474379746,0.000390397954093279,-8.19908432139048E-05,-0.000108150188909446
2.76799698584381E-05,-1.87861995443262E-05,-0.000104983646740925,0.000389693859534639,-8.15116351910744E-05,-0.000105467699069116
2.79503449385351E-05,-1.88426385937585E-05,-0.00010505595935016,0.00038898569494007,-8.10329063184228E-05,-0.000102794087042989
2.82202268318137E-05,-1.88987453564803E-05,-0.000105126418338843,0.000388273485664042,-8.05546480419803E-05,-0.000100129255806597
2.84896127380654E-05,-1.8954520156334E-05,-0.000105195029771395,0.000387557256351733,-8.00768518407992E-05,-9.7473109503664E-05
2.87584998739539E-05,-1.90099633112559E-05,-0.000105261799646068,0.000386837030951851,-7.95995092264816E-05,-9.48255534259445E-05
2.90268854725355E-05,-1.90650751332989E-05,-0.000105326733895738,0.000386112832729107,-7.91226117427039E-05,-9.21864939934575E-05
2.92947667827887E-05,-1.91198559286543E-05,-0.000105389838388683,0.000385384684276356,-7.86461509647351E-05,-8.95558387351224E-05
2.95621410691518E-05,-1.91743059976738E-05,-0.000105451118929342,0.000384652607526422,-7.81701184989521E-05,-8.69334962697751E-05
2.98290056110681E-05,-1.92284256348909E-05,-0.000105510581259069,0.000383916623763594,-7.76945059823486E-05,-8.43193762875641E-05
3.00953577025399E-05,-1.92822151290417E-05,-0.000105568231056869,0.000383176753634828,-7.72193050820371E-05,-8.17133895317155E-05
3.03611946516818E-05,-1.93356747630848E-05,-0.000105624073940123,0.00038243301716067,-7.67445074947682E-05,-7.9115447780725E-05
3.06265137803201E-05,-1.93888048142269E-05,-0.000105678115465306,0.000381685433745756,-7.62701049463588E-05,-7.65254638305565E-05
3.08913124235228E-05,-1.94416055539344E-05,-0.000105730361128676,0.000380934022189294,-7.5796089191297E-05,-7.39433514778475E-05
3.1155587929213E-05,-1.9494077247959E-05,-0.000105780816366975,0.000380178800695004,-7.53224520121584E-05,-7.13690255027951E-05
3.14193376577518E-05,-1.95462201563553E-05,-0.0001058294865581,0.000379419786880932,-7.4849185219116E-05,-6.88024016526907E-05
3.1682558981534E-05,-0.0000195980345335,-0.000105876377021769,0.000378656997788962,-7.43762806494266E-05,-6.62433966257086E-05
3.1945249284592E-05,-1.96495206281106E-05,-0.000105921493020178,0.000377890449894082,-7.39037301669135E-05,-6.36919280550087E-05
3.22074059622046E-05,-1.97006786832634E-05,-0.000105964839758646,0.000377120159113398,-7.34315256614422E-05,-6.11479144931463E-05
3.24690264205134E-05,-1.97515089364116E-05,-0.000106006422386242,0.000376346140814907,-7.29596590483992E-05,-5.86112753967767E-05
3.27301080761437E-05,-1.98020116194028E-05,-0.000106046245996415,0.000375568409826033,-7.2488122268164E-05,-5.6081931111651E-05
3.29906483558325E-05,-1.98521869584963E-05,-0.000106084315627601,0.000374786980441938,-7.20169072855833E-05,-5.35598028578923E-05
3.32506446960614E-05,-1.99020351743795E-05,-0.000106120636263829,0.000374001866433603,-7.15460060894485E-05,-5.1044812715542E-05
3.35100945426883E-05,-1.99515564821834E-05,-0.000106155212835309,0.000373213081055739,-7.10754106919959E-05,-4.85368836104305E-05
3.37689953506206E-05,-2.00007510915042E-05,-0.000106188050219021,0.000372420637054292,-7.06051131282746E-05,-4.60359393000448E-05
3.40273445834205E-05,-2.00496192064103E-05,-0.000106219153239278,0.000371624546674075,-7.01351054557447E-05,-4.35419043602321E-05
3.42851397129892E-05,-2.00981610254635E-05,-0.0001062485266683,0.000370824821665894,-6.96653797536631E-05,-4.1054704171551E-05
3.45423782192185E-05,-2.01463767417326E-05,-0.000106276175226761,0.00037002147329362,-6.91959281225647E-05,-3.85742649061827E-05
3.47990575896553E-05,-2.01942665428077E-05,-0.000106302103584338,0.00036921451234104,-6.87267426837285E-05,-3.61005135150154E-05
3.50551753191703E-05,-2.02418306108149E-05,-0.000106326316360246,0.000368403949118522,-6.82578155786414E-05,-3.36333777149655E-05
3.53107289096321E-05,-2.02890691224295E-05,-0.000106348818123766,0.000367589793469492,-6.77891389684566E-05,-3.11727859765347E-05
3.55657158695843E-05,-2.03359822488902E-05,-0.000106369613394762,0.000366772054776728,-6.73207050334509E-05,-2.87186675115926E-05
3.58201337139284E-05,-2.03825701560115E-05,-0.000106388706644196,0.000365950741968485,-6.6852505972484E-05,-2.6270952261377E-05
3.60739799636098E-05,-2.0428833004197E-05,-0.000106406102294627,0.000365125863524439,-6.6384534002455E-05,-2.38295708847107E-05
3.63272521453085E-05,-2.04747709484512E-05,-0.000106421804720706,0.000364297427481477,-6.59167813577644E-05,-2.13944547464216E-05
3.65799477911338E-05,-2.0520384138392E-05,-0.000106435818249663,0.000363465441439314,-6.544924028978E-05,-1.89655359059629E-05
3.6832064438315E-05,-2.05656727182606E-05,-0.000106448147161783,0.000362629912565991,-6.4981903066291E-05,-1.65427471063166E-05
3.70835996289323E-05,-2.06106368269383E-05,-0.000106458795690883,0.000361790847603032,-6.45147619710033E-05,-1.41260217627284E-05
3.73345509095795E-05,-2.06552765979487E-05,-0.000106467768024767,0.000360948252870809,-0.0000640478093027998,-1.17152939524891E-05
3.7584915831102E-05,-2.06995921594747E-05,-0.000106475068305687,0.000360102134273385,-6.35810373754652E-05,-9.31049840387818E-06
3.78346919483021E-05,-2.07435836343657E-05,-0.000106480700630793,0.000359252497303414,-6.31144385169812E-05,-6.9115704859382E-06
3.80838768196546E-05,-2.07872511401487E-05,-0.000106484669052568,0.00035839934704685,-6.264800506899E-05,-4.51844619825282E-06
3.83324680070269E-05,-2.08305947890367E-05,-0.00010648697757927,0.000357542688187513,-6.21817293862572E-05,-2.1310621608962E-06
3.85804630754003E-05,-2.0873614687938E-05,-0.000106487630175352,0.000356682525011521,-6.17156038361285E-05,2.50644395446699E-07
3.8827859592596E-05,-2.09163109384646E-05,-0.00010648663076189,0.000355818861411592,-6.12496207979869E-05,2.62673563919117E-06
3.90746551290027E-05,-2.09586836369404E-05,-0.000106483983216991,0.000354951700891209,-6.07837726627045E-05,4.99727314739506E-06
3.93208472573084E-05,-2.10007328744091E-05,-0.000106479691376204,0.00035408104656866,-6.0318051832093E-05,7.36231791513549E-06
3.9566433552234E-05,-2.10424587366416E-05,-0.000106473759032919,0.000353206901180945,-5.98524507183491E-05,9.7219303647189E-06
3.98114115903853E-05,-2.10838613041622E-05,-0.000106466189938759,0.000352329267087151,-5.93869617432748E-05,1.20761703558548E-05
4.00557789495294E-05,-2.11249406521774E-05,-0.000106456987803981,0.000351448146273737,-5.89215773385819E-05,1.44250971900215E-05
4.02995332090311E-05,-2.11656968506995E-05,-0.000106446156297842,0.000350563540355653,-5.84562899440316E-05,1.67687696260243E-05
4.05426719491335E-05,-2.12061299644742E-05,-0.000106433699048982,0.00034967545058139,-5.79910920077637E-05,1.91072458840883E-05
4.07851927508203E-05,-2.12462400530052E-05,-0.000106419619645797,0.000348783877835886,-5.75259759855179E-05,2.14405836554584E-05
4.10270931955642E-05,-2.12860271705597E-05,-0.000106403921636798,0.000347888822643728,-5.70609343400803E-05,2.37688401107329E-05
4.12683708650784E-05,-2.13254913661733E-05,-0.000106386608530977,0.000346990285172244,-5.65959595407262E-05,2.60920719080592E-05
4.15090233410686E-05,-2.13646326836536E-05,-0.00010636768379815,0.000346088265234485,-5.61310440626608E-05,2.84103352011942E-05
4.1749048204989E-05,-2.14034511615848E-05,-0.000106347150869315,0.000345182762292101,-5.56661803864622E-05,3.07236856474343E-05
4.19884430377983E-05,-2.14419468333309E-05,-0.000106325013136988,0.00034427377545811,-5.52013609975171E-05,3.30321784154115E-05
4.22272054197194E-05,-2.1480119727039E-05,-0.000106301273955538,0.000343361303499565,-5.47365783854549E-05,3.53358681927632E-05
4.24653329298755E-05,-2.15179698656221E-05,-0.000106275936641539,0.000342445344840606,-5.42718250438234E-05,3.76348091924836E-05
4.27028231465482E-05,-2.15554972668408E-05,-0.000106249004474037,0.00034152589756303,-5.38070934685795E-05,3.99290551651628E-05
4.29396736461985E-05,-2.15927019431863E-05,-0.00010622048069495,0.000340602959411499,-5.33423761589585E-05,4.22186593991069E-05
4.31758820037275E-05,-2.16295839019613E-05,-0.000106190368509335,0.000339676527793925,-5.28776656159449E-05,4.45036747323238E-05
4.34114457921203E-05,-2.16661431452614E-05,-0.000106158671085713,0.000338746599784117,-5.24129543419418E-05,4.67841535584036E-05
4.36463625822148E-05,-2.17023796699761E-05,-0.000106125391556369,0.000337813172123872,-5.19482348402005E-05,4.90601478334897E-05
4.38806299424712E-05,-2.17382934677885E-05,-0.00010609053301766,0.000336876241224964,-5.14834996142476E-05,5.13317090831403E-05
4.41142454387439E-05,-2.17738845251762E-05,-0.000106054098530307,0.000335935803171054,-5.10187411673156E-05,5.35988884090871E-05
4.43472066340543E-05,-2.18091528234101E-05,-0.00010601609111969,0.000334991853719498,-5.0553952001768E-05,5.58617364958872E-05
4.45795110883649E-05,-2.18440983385542E-05,-0.000105976513776135,0.000334044388303081,-5.00891246185247E-05,5.81203036174751E-05
4.48111563584634E-05,-2.18787210414802E-05,-0.000105935369455174,0.000333093402031203,-4.96242515162603E-05,6.03746396446736E-05
4.50421399973013E-05,-2.1913020897801E-05,-0.000105892661077908,0.000332138889693252,-4.91593251917534E-05,6.26247940473439E-05
4.52724595544291E-05,-2.19469978679667E-05,-0.000105848391531157,0.000331180845757358,-4.86943381379281E-05,6.48708159069623E-05
4.55021125753353E-05,-2.19806519071963E-05,-0.000105802563667814,0.000330219264373586,-4.82292828441751E-05,6.71127539185474E-05
4.57310966013358E-05,-2.20139829654922E-05,-0.000105755180307085,0.000329254139374788,-4.77641517955454E-05,6.93506563977922E-05
4.59594091693541E-05,-2.20469909876358E-05,-0.000105706244234756,0.000328285464277831,-4.72989374721637E-05,7.15845712870439E-05
4.61870478117019E-05,-2.2079675913185E-05,-0.000105655758203447,0.000327313232284739,-4.68336323486425E-05,7.38145461611963E-05
4.64140100558612E-05,-2.21120376764693E-05,-0.000105603724932863,0.000326337436283762,-4.63682288934915E-05,7.60406282334944E-05
4.66402934242668E-05,-2.21440762065858E-05,-0.000105550147110051,0.000325358068850361,-4.5902719568528E-05,7.8262864361254E-05
4.6865895434089E-05,-2.21757914273943E-05,-0.000105495027389636,0.000324375122248116,-4.54370968282789E-05,8.04813010514948E-05
4.70908135969006E-05,-2.22071832574958E-05,-0.000105438368394098,0.000323388588430075,-4.49713531196235E-05,8.26959844653382E-05
4.73150454189293E-05,-2.22382516102916E-05,-0.00010538017271389,0.000322398459037447,-4.4505480880231E-05,8.49069604280924E-05
4.75385884001398E-05,-2.22689963938801E-05,-0.000105320442907845,0.000321404725403375,-4.40394725393978E-05,8.71142744277209E-05
4.77614400344878E-05,-2.22994175111145E-05,-0.000105259181503294,0.000320407378551484,-4.35733205164884E-05,8.93179716247836E-05
4.79835978095881E-05,-2.23295148595806E-05,-0.000105196390996318,0.000319406409196927,-4.31070172205682E-05,9.15180968565262E-05
4.82050592065008E-05,-2.23592883315888E-05,-0.000105132073851973,0.000318401807746846,-4.26405550497942E-05,9.37146946420484E-05
4.84258216995176E-05,-2.23887378141665E-05,-0.000105066232504508,0.000317393564300754,-4.21739263908002E-05,9.59078091873985E-05
4.86458827559478E-05,-2.24178631890498E-05,-0.000104998869357577,0.000316381668650856,-4.17071236180818E-05,9.80974843905975E-05
4.88652398359057E-05,-2.2446664332675E-05,-0.00010492998678446,0.000315366110282286,-4.12401390933775E-05,0.000100283763846593
4.90838903920967E-05,-2.24751411161695E-05,-0.000104859587128263,0.000314346878373279,-4.07729651650456E-05,0.000102466690852145
4.93018318696049E-05,-2.2503293405342E-05,-0.000104787672702128,0.000313323961795276,-4.03055941674372E-05,0.000104646308410643
4.95190617056689E-05,-2.25311210606716E-05,-0.000104714245789438,0.000312297349113017,-3.9838018420292E-05,0.000106822659236775
4.97355773295113E-05,-2.25586239373028E-05,-0.000104639308644,0.000311267028584234,-3.93702302280056E-05,0.000108995785761555
4.99513761620624E-05,-2.25858018850263E-05,-0.000104562863490264,0.000310232988159943,-3.89022218791433E-05,0.000111165730136435
5.01664556157887E-05,-2.2612654748273E-05,-0.000104484912523501,0.000309195215483998,-3.84339856457021E-05,0.000113332534238216
5.03808130944696E-05,-2.26391823661015E-05,-0.000104405457909993,0.000308153697892915,-3.79655137824938E-05,0.000115496239673465
5.05944459929835E-05,-2.26653845721856E-05,-0.000104324501787222,0.00030710842241555,-3.74967985264947E-05,0.000117656887782956
5.08073516970942E-05,-2.26912611948018E-05,-0.000104242046264053,0.000306059375772716,-3.70278320961931E-05,0.000119814519646052
5.10195275832366E-05,-2.27168120568159E-05,-0.000104158093420912,0.000305006544376731,-3.65586066909349E-05,0.000121969176085033
5.12309710183027E-05,-2.274203697567E-05,-0.000104072645309964,0.000303949914330896,-3.60891144902629E-05,0.000124120897669368
5.14416793594264E-05,-2.27669357633683E-05,-0.000103985703955289,0.000302889471428906,-3.5619347653254E-05,0.000126269724719934
5.16516499537683E-05,-2.27915082264622E-05,-0.00010389727135305,0.000301825201154194,-3.51492983178484E-05,0.000128415697313171
5.18608801383003E-05,-2.28157541660362E-05,-0.000103807349471663,0.000300757088679208,-3.46789586001798E-05,0.000130558855285199
5.20693672395891E-05,-2.28396733776921E-05,-0.000103715940251963,0.000299685118864615,-3.4208320593895E-05,0.000132699238235871
5.22771085735795E-05,-2.28632656515329E-05,-0.000103623045607365,0.000298609276258445,-3.3737376369471E-05,0.000134836885532779
5.24841014453771E-05,-2.28865307721472E-05,-0.000103528667424025,0.000297529545095161,-3.32661179735267E-05,0.000136971836315206
5.26903431490296E-05,-2.29094685185914E-05,-0.000103432807560999,0.000296445909294662,-3.27945374281278E-05,0.000139104129498033
5.28958309673089E-05,-2.29320786643733E-05,-0.000103335467850393,0.000295358352461221,-3.23226267300861E-05,0.000141233803775593
5.31005621714908E-05,-2.29543609774339E-05,-0.000103236650097519,0.000294266857882353,-3.1850377850252E-05,0.000143360897625476
5.3304534021135E-05,-2.29763152201291E-05,-0.000103136356081042,0.000293171408527612,-3.13777827328013E-05,0.000145485449312291
5.35077437638637E-05,-2.2997941149211E-05,-0.000103034587553127,0.00029207198704733,-3.09048332945154E-05,0.000147607496891375
5.37101886353283E-05,-2.30192385158282E-05,-0.000102931346239487,0.000290968575770196,-3.04315214235014E-05,0.000149727078214302
5.39118658582302E-05,-2.30402070654276E-05,-0.000102826633839911,0.000289861156706187,-2.99578389807343E-05,0.000151844230925234
5.41127726432321E-05,-2.30608465378521E-05,-0.000102720452027821,0.000288749711538618,-2.94837777959892E-05,0.000153958992475515
5.43129061879752E-05,-2.30811566672412E-05,-0.000102612802450801,0.000287634221626895,-2.90093296692581E-05,0.000156071400119787
5.45122636770425E-05,-2.31011371820289E-05,-0.000102503686730626,0.000286514668003839,-2.85344863694792E-05,0.000158181490921371
5.47108422817315E-05,-2.31207878049223E-05,-0.000102393106463401,0.000285391031374003,-2.80592396337847E-05,0.000160289301755733
5.49086391598256E-05,-2.3140108252879E-05,-0.000102281063219686,0.000284263292111929,-2.7583581166742E-05,0.000162394869313899
5.51056514553642E-05,-2.31590982370847E-05,-0.000102167558544623,0.000283131430260319,-2.71075026395861E-05,0.000164498230105846
5.53018762984118E-05,-2.31777574629289E-05,-0.000102052593958064,0.000281995425528154,-2.6630995689448E-05,0.000166599420463841
5.54973108048255E-05,-2.31960856299821E-05,-0.000101936170954689,0.000280855257288724,-2.61540519185734E-05,0.000168698476545754
5.56919520760211E-05,-2.32140824319703E-05,-0.000101818291004131,0.000279710904577603,-2.56766628935348E-05,0.000170795434338325
5.58857971987378E-05,-2.32317475567503E-05,-0.000101698955551086,0.00027856234609054,-2.51988201444352E-05,0.000172890329660395
5.60788432448017E-05,-2.32490806862843E-05,-0.000101578166015438,0.000277409560181283,-2.47205151641056E-05,0.000174983198166107
5.62710872708875E-05,-2.32660814966136E-05,-0.000101455923792364,0.00027625252485933,-2.42417394072921E-05,0.000177074075348067
5.64625263182781E-05,-2.32827496578316E-05,-0.000101332230252451,0.000275091217787603,-2.3762484289836E-05,0.00017916299654047
5.66531574126239E-05,-2.32990848340571E-05,-0.0001012070867418,0.00027392561628005,-2.32827411878454E-05,0.000181249996922194
5.68429775636991E-05,-2.33150866834056E-05,-0.000101080494582138,0.000272755697299175,-2.28025014368584E-05,0.000183335111519859
5.70319837651568E-05,-2.33307548579616E-05,-0.000100952455070917,0.000271581437453483,-2.23217563309954E-05,0.000185418375210856
5.72201729942824E-05,-2.33460890037492E-05,-0.000100822969481421,0.000270402812994863,-2.18404971221066E-05,0.000187499822726338
5.7407542211745E-05,-2.33610887607023E-05,-0.000100692039062867,0.000269219799815882,-2.13587150189067E-05,0.000189579488654187
5.75940883613467E-05,-2.33757537626347E-05,-0.000100559665040498,0.000268032373447008,-2.08764011861027E-05,0.000191657407441946
5.77798083697704E-05,-2.33900836372089E-05,-0.000100425848615685,0.000266840509053753,-2.03935467435119E-05,0.00019373361339972
5.79646991463254E-05,-2.34040780059048E-05,-0.000100290590966019,0.000265644181433743,-1.99101427651715E-05,0.000195808140703053
5.81487575826906E-05,-2.34177364839876E-05,-0.000100153893245404,0.000264443365013697,-1.94261802784386E-05,0.000197881023395771
5.83319805526558E-05,-2.34310586804751E-05,-0.000100015756584148,0.000263238033846341,-1.89416502630801E-05,0.0001999522953928
5.85143649118517E-05,-2.34440441981028E-05,-9.98761820890575E-05,0.000262028161607306,-1.8456543650425E-05,0.000202021990482867
5.86959074975255E-05,-2.34566926332953E-05,-9.97351708434942E-05,0.000260813721591515,-1.79708513221346E-05,0.000204090142331588
5.88766051282167E-05,-2.34690035761237E-05,-9.95927239075073E-05,0.000259594686710334,-1.74845641096661E-05,0.000206156784483666
5.90564546035287E-05,-2.34809766102757E-05,-9.9448842317884E-05,0.000258371029487846,-1.69976727930652E-05,0.000208221950365971
5.92354527038492E-05,-2.34926113130181E-05,-9.93035270882385E-05,0.000257142722057402,-1.65101681000707E-05,0.000210285673290126
5.94135961900771E-05,-2.35039072551601E-05,-9.91567792090911E-05,0.000255909736158016,-1.60220407051321E-05,0.000212347986455148
5.95908818033477E-05,-2.3514864001016E-05,-9.90085996479458E-05,0.000254672043130676,-1.55332812284179E-05,0.000214408922950079
5.9767306264755E-05,-2.35254811083674E-05,-9.88589893493653E-05,0.000253429613914565,-1.50438802348133E-05,0.000216468515756578
5.99428662750712E-05,-2.35357581284239E-05,-9.8707949235045E-05,0.000252182419043192,-1.45538282329051E-05,0.000218526797751498
6.01175585144637E-05,-2.35456946057846E-05,-9.85554802038849E-05,0.000250930428640427,-1.40631156739553E-05,0.000220583801709429
6.0291379642209E-05,-2.35552900783966E-05,-9.84015831320594E-05,0.000249673612416449,-1.35717329508607E-05,0.000222639560305228
6.04643262964044E-05,-2.35645440775152E-05,-9.82462588730863E-05,0.000248411939663599,-1.30796703971026E-05,0.000224694106116515
6.0636395093676E-05,-2.35734561276621E-05,-9.80895082578926E-05,0.000247145379252129,-1.25869182856809E-05,0.000226747471626155
6.08075826288841E-05,-2.35820257465824E-05,-9.79313320948805E-05,0.00024587389962587,-1.20934668280344E-05,0.000228799689224708
6.09778854748259E-05,-2.35902524452021E-05,-9.77717311699897E-05,0.000244597468797787,-1.15993061729498E-05,0.000230850791212864
6.11473001819344E-05,-2.35981357275841E-05,-9.76107062467595E-05,0.000243316054345441,-1.1104426405453E-05,0.000232900809803848
6.13158232779743E-05,-2.36056750908833E-05,-9.74482580663886E-05,0.000242029623406353,-1.06088175456886E-05,0.000234949777125809
6.14834512677351E-05,-2.36128700253013E-05,-9.72843873477933E-05,0.000240738142673258,-1.01124695477822E-05,0.000236997725224184
6.16501806327205E-05,-2.36197200140402E-05,-9.71190947876642E-05,0.00023944157838926,-9.61537229868781E-06,0.000239044686064036
6.18160078308343E-05,-2.36262245332554E-05,-9.69523810605212E-05,0.000238139896342874,-9.1175156170213E-06,0.000241090691532379
6.19809292960629E-05,-2.3632383052008E-05,-9.67842468187669E-05,0.000236833061862968,-8.61888925187399E-06,0.000243135773440471
6.21449414381546E-05,-2.36381950322157E-05,-9.66146926927382E-05,0.000235521039813588,-8.11948288161258E-06,0.000245179963526089
6.23080406422948E-05,-2.36436599286037E-05,-9.6443719290757E-05,0.00023420379458867,-7.61928611266074E-06,0.000247223293455786
6.24702232687776E-05,-2.36487771886539E-05,-9.62713271991784E-05,0.000232881290106641,-7.11828847826238E-06,0.000249265794827117
6.26314856526736E-05,-2.3653546252554E-05,-9.60975169824381E-05,0.000231553489804895,-6.61647943722897E-06,0.000251307499170851
6.27918241034852E-05,-2.36579665531446E-05,-9.59222891831091E-05,0.000230220356634115,-6.11384837262105E-06,0.000253348437952924
6.29512349048429E-05,-2.36620375158685E-05,-9.5745644321902E-05,0.000228881853052787,-5.6103845907065E-06,0.00025538864257765
6.31097143141063E-05,-2.36657585587135E-05,-9.55675828977726E-05,0.000227537941020985,-5.10607731929607E-06,0.000257428144388326
6.32672585620531E-05,-2.36691290921595E-05,-9.53881053879198E-05,0.000226188581994558,-4.60091570664222E-06,0.000259466974670373
6.34238638525173E-05,-2.36721485191229E-05,-9.52072122478363E-05,0.000224833736918978,-4.09488882005451E-06,0.000261505164653217
6.35795263620325E-05,-2.36748162348989E-05,-9.50249039113463E-05,0.000223473366223091,-3.58798564453397E-06,0.000263542745512382
6.37342422394714E-05,-2.36771316271049E-05,-9.48411807906428E-05,0.000222107429812738,-3.08019508139085E-06,0.000265579748371559
6.38880076056798E-05,-2.36790940756211E-05,-9.4656043276322E-05,0.000220735887064246,-2.57150594684019E-06,0.000267616204304661
6.40408185531069E-05,-2.36807029525314E-05,-9.44694917374183E-05,0.000219358696817781,-2.0619069705766E-06,0.000269652144337851
6.41926711454308E-05,-2.36819576220624E-05,-9.42815265214357E-05,0.000217975817370561,-1.55138679433145E-06,0.000271687599451564
6.43435614171783E-05,-2.36828574405224E-05,-9.40921479543794E-05,0.000216587206469935,-1.03993397040533E-06,0.000273722600582502
6.44934853733417E-05,-2.36834017562382E-05,-9.39013563407856E-05,0.000215192821306311,-5.27536960180353E-07,0.000275757178625606
6.46424389889886E-05,-2.36835899094916E-05,-9.37091519637493E-05,0.000213792618505948,-1.41841326094522E-08,0.000277791364436022
6.47904182088679E-05,-2.36834212324549E-05,-9.35155350849518E-05,0.000212386554123592,5.00136237316175E-07,0.000279825188831036
6.49374189470105E-05,-2.36828950491251E-05,-9.3320505944686E-05,0.000210974583634963,1.01543597012444E-06,0.000281858682591994
6.50834370863245E-05,-2.36820106752564E-05,-9.31240647618809E-05,0.000209556661929091,1.53172698344424E-06,0.000283891876466202
6.52284684781846E-05,-2.3680767418293E-05,-9.29262117341243E-05,0.00020813274330049,2.04902129360914E-06,0.000285924801168808
6.53725089420172E-05,-2.36791645772999E-05,-9.27269470376848E-05,0.000206702781441174,2.56733101729018E-06,0.000287957487384658
6.55155542648786E-05,-2.3677201442892E-05,-9.25262708275321E-05,0.000205266729432508,3.08666837315214E-06,0.00028998996577014
6.56576002010285E-05,-2.36748772971633E-05,-9.23241832373559E-05,0.000203824539736895,3.60704568353833E-06,0.000292022266955002
6.57986424714968E-05,-2.36721914136142E-05,-9.21206843795841E-05,0.000202376164189286,4.1284753761808E-06,0.000294054421544146
6.59386767636452E-05,-2.36691430570775E-05,-9.19157743453995E-05,0.000200921553988518,4.65096998594037E-06,0.000296086460119413
6.60776987307222E-05,-2.36657314836437E-05,-9.17094532047545E-05,0.000199460659688479,5.17454215657446E-06,0.000298118413241333
6.62157039914122E-05,-2.36619559405843E-05,-9.15017210063864E-05,0.00019799343118908,5.69920464253623E-06,0.000300150311450861
6.63526881293783E-05,-2.36578156662748E-05,-9.12925777778295E-05,0.000196519817727049,6.22497031080111E-06,0.00030218218527109
6.64886466927914E-05,-2.36533098901158E-05,-9.1082023525437E-05,0.000195039767866571,6.75185214276569E-06,0.000304214065208768
6.6623575193887E-05,-2.36484378324523E-05,-9.08700582343525E-05,0.000193553229489611,7.2798632359047E-06,0.000306245981756747
6.67574691084476E-05,-2.36431987044935E-05,-9.06566818685781E-05,0.000192060149786286,7.80901680600592E-06,0.000308277965394492
6.68903238753461E-05,-2.3637591708229E-05,-9.04418943709438E-05,0.000190560475244763,8.33932618892926E-06,0.000310310046590448
6.70221348960473E-05,-2.36316160363453E-05,-9.02256956631244E-05,0.000189054151641103,8.87080484262859E-06,0.000312342255803469
6.71528975341105E-05,-2.36252708721401E-05,-9.00080856456455E-05,0.000187541124028863,9.40346634916466E-06,0.000314374623484403
6.72826071146838E-05,-2.36185553894352E-05,-8.97890641978886E-05,0.000186021336728486,9.93732441675125E-06,0.000316407180077655
6.74112589239912E-05,-2.36114687524888E-05,-8.9568631178095E-05,0.000184494733316467,1.04723928818375E-05,0.000318439956022723
6.75388482088121E-05,-2.36040101159049E-05,-8.9346786423369E-05,0.000182961256614301,1.10086857112245E-05,0.000320472981755714
6.76653701759534E-05,-2.35961786245427E-05,-8.91235297496792E-05,0.000181420848677198,1.1546217004219E-05,0.000322506287710834
6.7790819991713E-05,-2.35879734134238E-05,-8.88988609518596E-05,0.000179873450782568,1.20850009948241E-05,0.000324539904321849
6.79151927813359E-05,-2.3579393607637E-05,-8.86727798036094E-05,0.000178319003418261,1.26250520539683E-05,0.000326573862023523
6.80384836284615E-05,-2.35704383222438E-05,-8.84452860574918E-05,0.000176757446270572,1.31663846917724E-05,0.000328608191253033
6.81606875745628E-05,-2.35611066621796E-05,-8.82163794449318E-05,0.00017518871821199,1.37090135598577E-05,0.00033064292245135
6.8281799618377E-05,-2.35513977221558E-05,-8.79860596762133E-05,0.00017361275728869,1.4252953453694E-05,0.000332678086064596
6.84018147153273E-05,-2.35413105865581E-05,-8.77543264404747E-05,0.000172029500707769,1.47982193149883E-05,0.000334713712545371
6.85207277769355E-05,-2.35308443293449E-05,-8.75211794057042E-05,0.000170438884824211,1.53448262341178E-05,0.000336749832354054
6.86385336702258E-05,-2.35199980139427E-05,-8.72866182187337E-05,0.000168840845127582,1.58927894526046E-05,0.000338786475960068
6.87552272171191E-05,-2.35087706931401E-05,-8.70506425052326E-05,0.000167235316228441,1.64421243656361E-05,0.000340823673843119
6.88708031938175E-05,-2.3497161408981E-05,-0.0000868132518696998,0.00016562223184447,1.69928465246282E-05,0.000342861456494402
6.898525633018E-05,-2.34851691926544E-05,-8.65744458954552E-05,0.000164001524786309,1.75449716398384E-05,0.000344899854417771
6.90985813090801E-05,-2.34727930643855E-05,-8.63342241446456E-05,0.000162373126943117,1.80985155831288E-05,0.000346938898130551
6.92107727657884E-05,-2.34600320333146E-05,-8.60925861581765E-05,0.00016073696926776,1.86534943901884E-05,0.000348978618166051
6.93218252872764E-05,-2.34468850973942E-05,-8.58495314557876E-05,0.000159092981761758,1.92099242640709E-05,0.000351019045072455
6.94317334115772E-05,-2.34333512432641E-05,-8.56050595359842E-05,0.000157441093459864,1.97678215774554E-05,0.000353060209415333
6.95404916271025E-05,-2.34194294461341E-05,-8.53591698760395E-05,0.000155781232414347,2.03272028756383E-05,0.000355102141778277
6.96480943719545E-05,-2.34051186696637E-05,-8.51118619319816E-05,0.00015411332567891,2.08880848794491E-05,0.000357144872763844
6.97545360332267E-05,-2.33904178658389E-05,-8.48631351385795E-05,0.000152437299292281,2.14504844882212E-05,0.00035918843299447
6.98598109462935E-05,-2.33753259748468E-05,-8.461298890933E-05,0.000150753078261444,2.20144187828156E-05,0.000361232853113342
6.99639133940874E-05,-2.33598419249495E-05,-8.43614226364424E-05,0.000149060586544507,2.25799050286986E-05,0.000363278163785223
7.0066837606365E-05,-2.33439646323537E-05,-8.41084356908229E-05,0.000147359747033207,2.31469606790792E-05,0.000365324395697242
7.01685777589599E-05,-2.33276930010799E-05,-8.38540274220597E-05,0.00014565048153503,2.37156033781048E-05,0.000367371579559627
7.02691279730237E-05,-2.33110259228284E-05,-8.3598197158406E-05,0.000143932710754947,2.42858509641174E-05,0.000369419746106405
7.03684823142538E-05,-2.32939622768436E-05,-8.33409442067633E-05,0.000142206354276746,2.48577214729714E-05,0.000371468926096035
7.04666347921081E-05,-2.32765009297751E-05,-8.30822678526648E-05,0.000140471330543966,2.54312331414168E-05,0.000373519150312005
7.05635793590066E-05,-2.32586407355375E-05,-8.28221673602572E-05,0.000138727556840403,2.60064044105484E-05,0.000375570449563361
7.06593099095191E-05,-2.32403805351672E-05,-8.2560641972283E-05,0.000136974949270189,2.65832539293194E-05,0.000377622854685196
7.07538202795389E-05,-2.32217191566767E-05,-8.22976909100622E-05,0.000135213422737436,2.71618005581277E-05,0.000379676396539063
7.0847104245442E-05,-2.32026554149064E-05,-8.20333133734742E-05,0.000133442890925426,2.77420633724698E-05,0.000381731106013344
7.09391555232325E-05,-2.3183188111374E-05,-8.17675085409383E-05,0.000131663266275337,2.83240616666688E-05,0.000383787014023543
7.10299677676721E-05,-2.31633160341218E-05,-8.15002755693957E-05,0.000129874459964498,2.89078149576745E-05,0.000385844151512528
7.11195345713948E-05,-2.31430379575596E-05,-8.12316135942894E-05,0.000128076381884157,2.94933429889397E-05,0.000387902549450695
7.1207849464006E-05,-2.3122352642307E-05,-8.0961521729546E-05,0.00012626894061675,3.00806657343734E-05,0.000389962238836067
7.12949059111654E-05,-2.31012588350316E-05,-8.0689999067556E-05,0.000124452043412666,3.06698034023721E-05,0.000392023250694326
7.13806973136541E-05,-2.30797552682849E-05,-8.04170446791545E-05,0.000122625596166475,3.126077643993E-05,0.000394085616078766
7.14652170064242E-05,-2.30578406603347E-05,-8.01426576136026E-05,0.000120789503392635,3.18536055368327E-05,0.000396149366070171
7.15484582576322E-05,-2.30355137149957E-05,-7.98668368985677E-05,0.00011894366820064,3.24483116299321E-05,0.00039821453177662
7.16304142676542E-05,-2.30127731214561E-05,-7.95895815401052E-05,0.000117087992269604,3.30449159075063E-05,0.000400281144333207
7.17110781680838E-05,-2.29896175541011E-05,-7.93108905226394E-05,0.000115222375822279,3.36434398137056E-05,0.000402349234901678
7.17904430207115E-05,-2.29660456723342E-05,-7.90307628089456E-05,0.000113346717598465,3.42439050530857E-05,0.000404418834669985
7.18685018165104E-05,-2.29420561203866E-05,-7.87491973400414E-05,0.000111460914827318,3.48463335953579E-05,0.000406489974852538
7.19452474744777E-05,-2.29176475271631E-05,-7.84661930355302E-05,0.000109564863201201,3.54507476798632E-05,0.000408562686686034
7.20206728407072E-05,-2.28928185060055E-05,-7.81817487930437E-05,0.000107658456844707,3.60571698208729E-05,0.000410637001433921
7.2094770687191E-05,-2.28675676545321E-05,-7.78958634885851E-05,0.000105741588287201,3.66656228121152E-05,0.000412712950382144
7.2167533710726E-05,-2.28418935544334E-05,-7.76085359764232E-05,0.000103814148432558,3.72761297319243E-05,0.000414790564839006
7.22389545317749E-05,-2.28157947712732E-05,-7.73197650890777E-05,0.000101876026528635,3.78887139483956E-05,0.000416869876134067
7.23090256933048E-05,-2.27892698542852E-05,-7.70295496373048E-05,9.99271101360306E-05,3.85033991246445E-05,0.000418950915616933
7.23777396596052E-05,-2.27623173361665E-05,-7.6737888410083E-05,9.79672850961016E-05,3.91202092241735E-05,0.000421033714655913
7.24450888150822E-05,-2.27349357328669E-05,-7.64447801746018E-05,9.59964354982239E-05,3.97391685163515E-05,0.000423118304636556
7.25110654630302E-05,-2.27071235433746E-05,-7.61502236762493E-05,9.40144436462735E-05,4.03603015820079E-05,0.00042520471696005
7.25756618243807E-05,-2.26788792494982E-05,-7.58542176386023E-05,9.20211900243063E-05,4.09836333191457E-05,0.000427292983041482
7.26388700364256E-05,-2.26502013156439E-05,-7.55567607634175E-05,9.00165532614153E-05,4.16091889487779E-05,0.000429383134307958
7.27006821515172E-05,-2.26210881885898E-05,-7.52578517306233E-05,8.80004100957414E-05,4.22369940208898E-05,0.00043147520219656
7.27610901357421E-05,-2.25915382972547E-05,-7.49574891983142E-05,8.59726353376154E-05,4.28670744205308E-05,0.000433569218152157
7.28200858675693E-05,-2.25615500524636E-05,-7.46556718027459E-05,8.39331018318035E-05,4.34994563740405E-05,0.000435665213625037
7.28776611364717E-05,-2.25311218467084E-05,-7.43523981583325E-05,8.18816804188364E-05,4.41341664554113E-05,0.000437763220068382
7.29338076415211E-05,-2.25002520539042E-05,-7.40476668576454E-05,7.981823989539E-05,4.47712315927919E-05,0.000439863268935545
7.29885169899543E-05,-2.24689390291413E-05,-7.3741476471414E-05,7.77426469736951E-05,4.54106790751352E-05,0.000441965391677149
7.30417806957115E-05,-2.2437181108432E-05,-7.34338255485291E-05,7.56547662399458E-05,4.60525365589948E-05,0.000444069619737985
7.30935901779448E-05,-2.24049766084529E-05,-7.31247126160476E-05,7.35544601116804E-05,4.66968320754719E-05,0.000446175984553708
7.31439367594976E-05,-2.23723238262826E-05,-0.0000728141361792003,7.14415887941032E-05,4.73435940373195E-05,0.000448284517547309
7.31928116653523E-05,-2.2339221039134E-05,-7.2502094721402E-05,6.93160102353173E-05,4.79928512462038E-05,0.000450395250125374
7.32402060210493E-05,-2.23056665040802E-05,-7.21885867042429E-05,6.71775800803815E-05,4.86446329002941E-05,0.000452508213674087
7.32861108510631E-05,-2.2271658457782E-05,-7.18736105675894E-05,6.50261516244417E-05,4.92989686011639E-05,0.000454623439555197
7.3330517077166E-05,-2.22371951161974E-05,-7.1557164729475E-05,6.28615757642555E-05,4.99558883625987E-05,0.000456740959101344
7.33734155167375E-05,-2.22022746742971E-05,-7.12392475862067E-05,6.06837009488884E-05,5.0615422617829E-05,0.000458860803611459
7.34147968810488E-05,-2.21668953057698E-05,-7.09198575123698E-05,5.84923731289537E-05,5.12776022278278E-05,0.000460983004345748
7.34546517735097E-05,-2.2131055162722E-05,-7.05989928608557E-05,5.62874357046012E-05,5.19424584896245E-05,0.000463107592520412
7.34929706878794E-05,-2.20947523753725E-05,-7.0276651962895E-05,5.40687294721675E-05,5.26100231448111E-05,0.000465234599302073
7.35297440064387E-05,-2.20579850517402E-05,-6.99528331280935E-05,5.18360925694468E-05,5.32803283882422E-05,0.000467364055801883
7.35649619981252E-05,-2.20207512773265E-05,-6.96275346444734E-05,4.95893604195444E-05,5.39534068769365E-05,0.000469495993069319
7.35986148166275E-05,-2.19830491147913E-05,-6.93007547785177E-05,4.73283656732652E-05,5.46292917391873E-05,0.000471630442085633
7.36306924984398E-05,-2.19448766036225E-05,-6.89724917752207E-05,4.50529381500006E-05,5.53080165838844E-05,0.000473767433756958
7.36611849608749E-05,-2.19062317597987E-05,-6.86427438581419E-05,4.27629047770614E-05,5.59896155100582E-05,0.000475906998907034
7.36900820000338E-05,-2.18671125754456E-05,-6.83115092294666E-05,4.04580895274106E-05,5.66741231166478E-05,0.000478049168269566
7.37173732887325E-05,-2.18275170184857E-05,-6.79787860700704E-05,3.81383133557486E-05,5.73615745125033E-05,0.000480193972480164
7.3743048374383E-05,-2.178744303228E-05,-6.76445725395911E-05,3.5803394132895E-05,5.80520053266268E-05,0.000482341442067877
7.37670966768282E-05,-2.17468885352636E-05,-6.73088667765051E-05,3.34531465784184E-05,5.87454517186598E-05,0.000484491607446278
7.37895074861301E-05,-2.17058514205734E-05,-6.69716668982111E-05,3.10873821914539E-05,5.94419503896233E-05,0.000486644498904097
7.38102699603088E-05,-2.16643295556684E-05,-6.66329710011201E-05,2.87059091796545E-05,6.01415385929187E-05,0.000488800146595373
7.38293731230308E-05,-2.1622320781942E-05,-6.62927771607528E-05,2.63085323862174E-05,6.08442541455954E-05,0.000490958580529109
7.38468058612478E-05,-2.15798229143268E-05,-6.59510834318434E-05,2.3895053214922E-05,6.15501354398932E-05,0.000493119830558404
7.38625569227805E-05,-2.1536833740891E-05,-6.56078878484524E-05,2.14652695531188E-05,6.22592214550671E-05,0.000495283926369037
7.38766149138502E-05,-2.14933510224265E-05,-6.52631884240868E-05,1.90189756926048E-05,6.29715517695004E-05,0.000497450897467486
7.3888968296553E-05,-2.14493724920287E-05,-6.49169831518287E-05,1.65559622483179E-05,6.36871665731179E-05,0.000499620773168361
7.38996053862782E-05,-2.14048958546671E-05,-6.45692700044735E-05,1.4076016074783E-05,6.4406106680101E-05,0.000501793582581207
7.39085143490667E-05,-2.13599187867477E-05,-6.42200469346765E-05,1.1578920180238E-05,6.51284135419184E-05,0.000503969354596675
7.39156831989109E-05,-2.13144389356631E-05,-6.3869311875087E-05,9.06445363815499E-06,6.58541292607316E-05,0.000506148117872158
7.39210997949863E-05,-2.12684539193458E-05,-6.35170627386092E-05,6.53239149720076E-06,6.65832966029249E-05,0.000508329900815882
7.39247518388308E-05,-2.12219613257874E-05,-6.31632974184397E-05,3.98250468663719E-06,6.73159590134808E-05,0.000510514731571799
7.39266268714467E-05,-2.11749587125719E-05,-6.2808013788351E-05,1.41455992124122E-06,6.80521606301236E-05,0.000512702638002311
7.39267122703403E-05,-2.11274436063874E-05,-6.24512097028696E-05,-1.17168039767456E-06,6.87919462981465E-05,0.000514893647670809
7.39249952464923E-05,-2.10794135025294E-05,-6.20928829974899E-05,-3.77645828382738E-06,6.95353615855584E-05,0.00051708778782325
7.39214628412549E-05,-2.10308658643935E-05,-6.1733031488901E-05,-6.4000202704548E-06,7.02824527986186E-05,0.00051928508536883
7.39161019231762E-05,-2.09817981229572E-05,-6.13716529752281E-05,-9.04261751783262E-06,7.10332669977701E-05,0.000521485566859728
7.39088991847493E-05,-2.09322076762505E-05,-6.10087452362873E-05,-1.17045059239215E-05,7.1787852013984E-05,0.000523689258469874
7.38998411390822E-05,-2.08820918888154E-05,-6.06443060338563E-05,-1.43859462382485E-05,7.25462564655289E-05,0.000525896185972695
7.38889141164886E-05,-2.08314480911524E-05,-6.02783331119602E-05,-1.70872041791355E-05,7.3308529775175E-05,0.000528106374717788
7.38761042609953E-05,-2.07802735791565E-05,-5.99108241971744E-05,-1.98085505543897E-05,7.40747221878497E-05,0.000530319849606475
7.38613975267654E-05,-2.07285656135398E-05,-5.95417769989448E-05,-2.25502613855764E-05,7.48448847887573E-05,0.000532536635066183
7.38447796744328E-05,-2.0676321419241E-05,-5.91711892099261E-05,-2.53126180359964E-05,7.56190695219767E-05,0.000534756755023588
7.38262362673475E-05,-2.0623538184823E-05,-5.87990585063393E-05,-2.80959073425027E-05,7.63973292095526E-05,0.000536980232876481
7.38057526677277E-05,-2.05702130618565E-05,-5.84253825483489E-05,-3.09004217512873E-05,7.71797175710965E-05,0.00053920709146427
7.37833140327158E-05,-2.05163431642891E-05,-5.80501589804616E-05,-3.37264594577806E-05,7.79662892439112E-05,0.000541437353037069
7.37589053103361E-05,-2.04619255678013E-05,-5.76733854319467E-05,-3.65743245508093E-05,7.87570998036551E-05,0.000543671039223306
7.37325112353511E-05,-2.04069573091475E-05,-5.7295059517279E-05,-3.94443271611672E-05,7.95522057855679E-05,0.000545908170995768
7.37041163250124E-05,-2.03514353854821E-05,-5.69151788366072E-05,-4.23367836147538E-05,8.03516647062657E-05,0.000548148768636019
7.36737048747044E-05,-2.02953567536702E-05,-5.6533740976246E-05,-4.52520165904498E-05,8.11555350861311E-05,0.000550392851697099
7.36412609534761E-05,-2.02387183295822E-05,-5.61507435091961E-05,-4.81903552828964E-05,8.19638764723124E-05,0.000552640438964439
7.36067683994582E-05,-2.01815169873734E-05,-5.57661839956909E-05,-5.11521355703641E-05,8.27767494623497E-05,0.000554891548414892
7.35702108151618E-05,-2.01237495587457E-05,-5.5380059983773E-05,-5.41377001878883E-05,8.35942157284483E-05,0.000557146197173793
7.35315715626556E-05,-2.00654128321926E-05,-5.49923690099012E-05,-5.71473989058701E-05,8.44163380424176E-05,0.000559404401469959
7.34908337586158E-05,-2.00065035522269E-05,-5.4603108599589E-05,-6.01815887143423E-05,8.52431803012928E-05,0.000561666176588524
7.34479802692702E-05,-1.99470184186226E-05,-5.4212276268284E-05,-6.32406340114211E-05,8.60748075533317E-05,0.000563931536820222
7.34029937050946E-05,-1.98869540854765E-05,-5.38198695212489E-05,-6.63249068064125E-05,8.69112860267561E-05,0.000566200495414064
7.33558564155938E-05,-1.9826307160573E-05,-5.34258858555453E-05,-6.94347869121474E-05,8.77526831551511E-05,0.000568473064516057
7.33065504837193E-05,-1.97650742044086E-05,-5.30303227599907E-05,-7.2570662160941E-05,8.8599067607694E-05,0.000570749255116808
7.32550577202482E-05,-1.97032517293552E-05,-5.26331777161896E-05,-7.57329286188732E-05,8.94505093182203E-05,0.000573029076990496
7.32013596579888E-05,-1.96408361987716E-05,-5.22344481993991E-05,-7.89219908088443E-05,9.03070795155085E-05,0.000575312538632105
7.31454375458274E-05,-1.95778240260937E-05,-5.18341316794402E-05,-8.21382619409866E-05,9.11688507544346E-05,0.000577599647191581
7.30872723426143E-05,-1.95142115739024E-05,-5.14322256216554E-05,-8.53821641507127E-05,9.20358969480208E-05,0.000579890408404753
7.30268447108797E-05,-1.94499951529689E-05,-5.10287274879162E-05,-8.86541287446985E-05,9.29082934004117E-05,0.000582184826520835
7.29641350103778E-05,-1.9385171021277E-05,-5.06236347376811E-05,-9.19545964551128E-05,9.37861168408128E-05,0.000584482904226349
7.28991232914501E-05,-1.93197353830216E-05,-5.02169448291086E-05,-9.52840177024106E-05,9.46694454584246E-05,0.00058678464256526
7.2831789288204E-05,-1.92536843875822E-05,-4.98086552202267E-05,-9.86428528670327E-05,9.55583589384089E-05,0.000589090040855121
7.2762112411483E-05,-1.91870141284482E-05,-4.93987633700602E-05,-0.000102031572568095,9.64529385217708E-05,0.000591399096615257
7.26900717417205E-05,-1.91197206422084E-05,-4.89872667403129E-05,-0.000105450657959513,9.73532669766774E-05,0.00059371180542815
7.26156460214223E-05,-1.90517999073658E-05,-4.8574162796153E-05,-0.000108900601027545,9.82594287021654E-05,0.000596028160881522
7.25388136475802E-05,-1.89832478432348E-05,-4.81594490079025E-05,-0.000112381904901192,9.91715097505211E-05,0.000598348154460276
7.24595526638974E-05,-1.89140603088484E-05,-4.7743122852921E-05,-0.000115895084171825,0.000100089597862945,0.00060067177543761
7.23778407525768E-05,-1.88442331016088E-05,-4.73251818165157E-05,-0.000119440665214599,0.000101013782724809,0.000602999010276291
7.22936552261529E-05,-1.8773761956017E-05,-4.69056233948281E-05,-0.000123019186553327,0.000101944155645797,0.000605329842968375
7.22069730187483E-05,-1.87026425426773E-05,-4.64844450947244E-05,-0.000126631199252845,0.000102880809433646,0.00060766425645994
7.21177706774973E-05,-1.86308704670736E-05,-4.60616444369089E-05,-0.000130277267215694,0.000103823839036804,0.000610002230000517
7.20260243532132E-05,-1.85584412679747E-05,-0.0000456372189568001,-0.000133957967603751,0.000104773341324253,0.000612343740002007
7.19317097912967E-05,-1.84853504162868E-05,-4.52111662077404E-05,-0.000137673891224739,0.000105729415132392,0.000614688759895081
7.18348023219702E-05,-1.84115933135528E-05,-4.47834837624311E-05,-0.00014142564295053,0.000106692161317701,0.000617037259982395
7.17352768503507E-05,-1.83371652905229E-05,-4.43541692151171E-05,-0.000145213842144666,0.000107661682809708,0.000619389207280549
7.16331078464332E-05,-1.82620616058435E-05,-4.39232201847743E-05,-0.000149039123093168,0.000108638084662646,0.000621744565341336
7.15282693342576E-05,-1.81862774443328E-05,-4.34906343162538E-05,-0.000152902135478284,0.000109621474114966,0.000624103294086936
7.14207348813375E-05,-1.81098079156604E-05,-4.30564092841703E-05,-0.000156803545044607,0.000110611960695146,0.000626465349575675
7.13104775866371E-05,-1.80326480524244E-05,-4.26205427941922E-05,-0.000160744034598022,0.000111609656293633,0.000628830683312626
7.11974700699558E-05,-1.79547928089919E-05,-4.21830325881945E-05,-0.000164724302234736,0.000112614674948945,0.00063119924324043
7.10816844600614E-05,-1.78762370595372E-05,-4.17438764445823E-05,-0.000168745063724517,0.000113627133163564,0.00063357097328095
7.09630923824737E-05,-1.77969755965692E-05,-4.13030721831758E-05,-0.000172807053165552,0.00011464714998433,0.000635945812237369
7.08416649464013E-05,-1.77170031289662E-05,-4.0860617667602E-05,-0.000176911023211579,0.000115674847019561,0.000638323693962534
7.07173727318099E-05,-1.76363142802736E-05,-4.04165108093366E-05,-0.000181057745634763,0.000116710348502742,0.000640704547147009
7.05901857758229E-05,-1.75549035867845E-05,-3.99707495709895E-05,-0.000185248011947388,0.000117753781364906,0.000643088295054693
7.04600735589482E-05,-1.74727654957424E-05,-3.95233319707248E-05,-0.000189482634039557,0.000118805275307145,0.000645474855236849
7.03270049905842E-05,-1.73898943633184E-05,-3.90742560859316E-05,-0.000193762444850051,0.000119864962877535,0.000647864139237443
7.01909483941724E-05,-1.73062844526136E-05,-3.862352005754E-05,-0.00019808829905968,0.000120932979549483,0.000650256052278629
7.00518714919256E-05,-1.72219299316462E-05,-3.81711220947777E-05,-0.000202461073810338,0.000122009463801821,0.00065265049292823
6.99097413888576E-05,-1.71368248711659E-05,-3.77170604795332E-05,-0.000206881669458827,0.000123094557203435,0.000655047352752266
6.97645245564687E-05,-1.70509632425246E-05,-3.7261333571597E-05,-0.000211351010354866,0.000124188404498533,0.000657446515944692
6.96161868158087E-05,-1.69643389154437E-05,-3.68039398139273E-05,-0.000215870045652868,0.000125291153695416,0.000659847858936983
6.94646933198627E-05,-1.68769456556582E-05,-3.63448777378829E-05,-0.00022043975016013,0.000126402956158792,0.000662251249987973
6.93100085355793E-05,-1.67887771226391E-05,-3.58841459694973E-05,-0.000225061125212578,0.000127523966703257,0.000664656548746713
6.91520962250345E-05,-1.66998268671069E-05,-3.54217432353166E-05,-0.000229735199593886,0.000128654343691472,0.00066706360579352
6.8990919426066E-05,-1.66100883285469E-05,-3.49576683689396E-05,-0.00023446303048909,0.000129794249134541,0.00066947226215289
6.88264404322535E-05,-1.65195548326657E-05,-3.44919203179623E-05,-0.0002392457044787,0.000130943848795666,0.000671882348779475
6.86586207719615E-05,-1.64282195886458E-05,-3.40244981506316E-05,-0.000244084338577756,0.000132103312298033,0.000674293686014624
6.84874211871116E-05,-1.6336075686581E-05,-3.35554010642033E-05,-0.000248980081311297,0.000133272813233846,0.000676706083007653
6.83128016106209E-05,-1.62431160945227E-05,-3.30846283921187E-05,-0.000253934113846724,0.000134452529279863,0.00067911933710898
6.81347211437938E-05,-1.61493336558498E-05,-3.26121796136699E-05,-0.000258947651156482,0.000135642642311938,0.000681533233218098
6.79531380317961E-05,-1.60547210859788E-05,-3.21380543612043E-05,-0.000264021943260924,0.000136843338530348,0.000683947543107521
6.77680096393686E-05,-1.59592709695774E-05,-3.16622524307991E-05,-0.000269158276493166,0.000138054808581446,0.000686362024690401
6.75792924247456E-05,-1.58629757572233E-05,-3.11847737911076E-05,-0.000274357974845536,0.000139277247689221,0.000688776421256824
6.73869419134713E-05,-1.57658277624103E-05,-3.07056185949395E-05,-0.000279622401350649,0.000140510855785193,0.000691190460652616
6.71909126705231E-05,-1.56678191580949E-05,-3.0224787189606E-05,-0.000284952959544389,0.000141755837647085,0.00069360385441682
6.69911582715934E-05,-1.55689419732512E-05,-2.97422801284071E-05,-0.000290351094988223,0.000143012403040354,0.000696016296864217
6.67876312735693E-05,-1.54691880894618E-05,-2.92580981834436E-05,-0.000295818296852041,0.000144280766862224,0.000698427464107204
6.65802831835358E-05,-1.53685492372325E-05,-2.877224235827E-05,-0.000301356099579035,0.000145561149292406,0.000700837013021682
6.63690644267725E-05,-1.52670169922876E-05,-2.82847139017175E-05,-0.000306966084621162,0.000146853775947138,0.000703244580146062
6.61539243134838E-05,-1.51645827717404E-05,-2.77955143224209E-05,-0.000312649882254503,0.000148158878037877,0.000705649780510171
6.59348110042356E-05,-1.506123783015E-05,-2.73046454041769E-05,-0.000318409173479639,0.000149476692534862,0.000708052206392201
6.57116714740496E-05,-1.49569732554652E-05,-2.68121092222075E-05,-0.000324245692008766,0.000150807462335076,0.00071045142599378
6.54844514750775E-05,-1.48517799648488E-05,-2.6317908160358E-05,-0.000330161226347116,0.000152151436435218,0.000712846982031182
6.52530954978011E-05,-1.47456487003796E-05,-2.58220449293126E-05,-0.000336157621970713,0.000153508870109222,0.000715238390234928
6.5017546730683E-05,-1.46385700246308E-05,-2.53245225858832E-05,-0.000342236783608281,0.000154880025090751,0.000717625137751182
6.47777470180933E-05,-1.45305343160735E-05,-2.48253445532345E-05,-0.000348400677633708,0.000156265169760964,0.000720006681439034
6.45336368170456E-05,-1.44215317645764E-05,-2.43245146433832E-05,-0.000354651334560423,0.000157664579338389,0.000722382446050621
6.42851551511394E-05,-1.43115523663159E-05,-2.38220370788956E-05,-0.000360990851682386,0.000159078536079127,0.000724751822299604
6.40322395636445E-05,-1.42005859190017E-05,-2.33179165180789E-05,-0.000367421395816098,0.00016050732947612,0.000727114164788619
6.37748260681248E-05,-1.4088622016734E-05,-2.28121580806056E-05,-0.000373945206190483,0.00016195125646594,0.000729468789803217
6.3512849097109E-05,-1.39756500447617E-05,-2.23047673749323E-05,-0.000380564597475277,0.00016341062163939,0.000731814972952735
6.32462414486064E-05,-1.38616591740926E-05,-2.17957505274131E-05,-0.000387281962959264,0.000164885737456434,0.000734151946648931
6.29749342305176E-05,-1.37466383560191E-05,-2.12851142135155E-05,-0.000394099777883031,0.000166376924464504,0.000736478897410496
6.26988568018914E-05,-1.36305763161597E-05,-2.07728656895106E-05,-0.000401020602956541,0.000167884511524528,0.000738794962981919
6.24179367132433E-05,-1.35134615490046E-05,-2.02590128291599E-05,-0.000408047088015158,0.000169408836032205,0.000741099229239844
6.21320996427057E-05,-1.33952823116449E-05,-1.97435641596984E-05,-0.000415181975899814,0.000170950244150631,0.000743390726891168
6.1841269330199E-05,-1.32760266176694E-05,-1.92265289016563E-05,-0.000422428106513878,0.000172509091041135,0.000745668427928068
6.15453675085573E-05,-1.31556822308355E-05,-1.87079170109367E-05,-0.000429788421091712,0.000174085741096901,0.000747931241828859
6.1244313831487E-05,-1.30342366585248E-05,-1.8187739223407E-05,-0.000437265966689349,0.000175680568178368,0.000750178011482891
6.09380257989653E-05,-1.29116771452926E-05,-1.76660071035203E-05,-0.000444863900891174,0.000177293955845533,0.000752407508811715
6.06264186780094E-05,-1.27879906657428E-05,-1.71427330938945E-05,-0.000452585496791923,0.00017892629759615,0.000754618430075353
6.03094054211737E-05,-1.26631639177511E-05,-1.66179305704644E-05,-0.000460434148206864,0.000180577997095391,0.000756809390818587
5.99868965806969E-05,-1.25371833152732E-05,-1.6091613900178E-05,-0.00046841337516971,0.000182249468405366,0.000758978920441126
5.96588002188588E-05,-1.24100349810464E-05,-1.55637985028229E-05,-0.000476526829716399,0.000183941136209073,0.000761125456354258
5.93250218142188E-05,-1.22817047391394E-05,-1.50345009170678E-05,-0.000484778301973913,0.000185653436027545,0.000763247337689523
5.89854641635039E-05,-1.21521781073499E-05,-1.45037388710253E-05,-0.000493171726570507,0.000187386814427892,0.000765342798521108
5.86400272789491E-05,-1.20214402894686E-05,-1.39715313577303E-05,-0.000501711189386661,0.000189141729219895,0.000767409960558104
5.82886082808061E-05,-1.18894761674056E-05,-1.34378987158621E-05,-0.000510400934664214,0.000190918649638067,0.000769446825262709
5.79311012847941E-05,-1.17562702931984E-05,-1.29028627161689E-05,-0.000519245372495565,0.000192718056506101,0.000771451265341157
5.75673972842109E-05,-1.16218068809133E-05,-1.23664466540321E-05,-0.000528249086711058,0.000194540442379435,0.000773421015551679
5.71973840264213E-05,-1.14860697984559E-05,-1.18286754486686E-05,-0.000537416843189007,0.000196386311661942,0.000775353662769039
5.68209458834211E-05,-1.13490425593116E-05,-1.12895757495097E-05,-0.000546753598610481,0.000198256180691554,0.000777246635237584
5.64379637163829E-05,-1.12107083143185E-05,-1.07491760506574E-05,-0.000556264509673708,0.000200150577787316,0.000779097190934089
5.60483147325268E-05,-1.10710498430245E-05,-1.02075068122049E-05,-0.000565954942831872,0.000202070043258851,0.000780902404971407
5.56518723372621E-05,-1.09300495458507E-05,-9.66460059376236E-06,-0.000575830484489945,0.000204015129352732,0.000782659155926996
5.52485059768497E-05,-1.07876894355174E-05,-9.12049219477871E-06,-0.000585896951800974,0.000205986400149818,0.000784364111025637
5.48380809744766E-05,-1.06439511289622E-05,-8.57521880713432E-06,-0.000596160404004396,0.000207984431386537,0.000786013710045198
5.44204583580303E-05,-1.04988158393316E-05,-8.02882017907758E-06,-0.000606627154364719,0.000210009810194898,0.00078760414783084
5.3995494679187E-05,-1.03522643681225E-05,-7.48133879159583E-06,-0.000617303782736815,0.000212063134747642,0.000789131355281107
5.3563041824453E-05,-1.02042770979181E-05,-6.9328200497175E-06,-0.000628197148757921,0.000214145013788134,0.000790590978653659
5.3122946815008E-05,-1.00548339848744E-05,-6.38331248650844E-06,-0.00063931440575719,0.000216256066039787,0.00079197835703257
5.26750515984523E-05,-9.90391455228679E-06,-5.83286798571609E-06,-0.000650663015318695,0.000218396919457782,0.000793288497760662
5.22191928292904E-05,-9.75149788442481E-06,-5.28154202108426E-06,-0.000662250762584985,0.000220568210312148,0.000794516049641503
5.17552016387119E-05,-9.59756262113381E-06,-4.72939391534846E-06,-0.000674085772296205,0.00022277058207057,0.00079565527368104
5.12829033932765E-05,-9.44208695338951E-06,-4.17648712082911E-06,-0.000686176525574485,0.000225004684048965,0.000796700011115
5.08021174401612E-05,-9.2850486193829E-06,-3.62288952148663E-06,-0.00069853187751214,0.000227271169803052,0.000797643648445342
5.03126568429617E-05,-9.12642490282107E-06,-3.06867376391384E-06,-0.00071116107544554,0.000229570695197528,0.000798479079162225
4.98143281015046E-05,-8.96619263169428E-06,-2.5139176126307E-06,-0.000724073778071898,0.000231903916135235,0.000799198661817311
4.93069308596406E-05,-8.80432817925641E-06,-1.95870433763938E-06,-0.000737280075269096,0.000234271485869239,0.000799794174048339
4.87902575987214E-05,-8.64080746693261E-06,-1.40312313508275E-06,-0.000750790508637272,0.000236674051843627,0.000800256762125466
4.82640933165771E-05,-8.47560596960568E-06,-8.47269584633736E-07,-0.000764616092705045,0.000239112251988698,0.000800576885534869
4.77282151911867E-05,-8.30869872357462E-06,-2.91246146866724E-07,-0.000778768336738881,0.000241586710387852,0.000800744256058367
4.71823922308711E-05,-8.14006033834087E-06,2.64837293084096E-07,-0.000793259267001095,0.00024409803220897,0.000800747770745377
4.66263849052015E-05,-7.96966501105446E-06,8.20862836799464E-07,-0.000808101449463891,0.000246646797811775,0.000800575438101392
4.60599447637494E-05,-7.79748654652562E-06,1.37670392622608E-06,-0.000823308012621654,0.00024923355586844,0.00080021429673841
4.54828140371467E-05,-7.62349838182259E-06,1.93222463987336E-06,-0.000838892670309628,0.000251858815369432,0.0007996503256426
4.48947252227638E-05,-7.44767361697433E-06,2.48727892313574E-06,-0.00085486974418929,0.000254523036329911,0.000798868345115868
4.42954006552127E-05,-7.26998505270246E-06,3.04170974607866E-06,-0.000871254185532794,0.000257226618992624,0.000797851907335961
4.36845520609737E-05,-7.09040523590964E-06,3.59534818231039E-06,-0.000888061595883792,0.000259969891296811,0.000796583175353551
4.3061880101481E-05,-6.90890651521435E-06,4.14801239737698E-06,-0.000905308245919161,0.000262753094321224,0.000795042789214099
4.24270739016754E-05,-6.72546110672395E-06,4.69950654134917E-06,-0.000923011091915141,0.000265576365401758,0.000793209717726275
4.17798105693494E-05,-6.54004117277981E-06,5.24961953199147E-06,-0.000941187788828534,0.000268439718534227,0.000791061094244331
4.11197547066641E-05,-6.35261891531084E-06,5.79812371802293E-06,-0.000959856698918929,0.000271343021633527,0.000788572034635993
4.04465579179033E-05,-6.16316668629561E-06,6.3447734089698E-06,-0.000979036894528225,0.000274285970139874,0.000785715435411872
3.97598583163626E-05,-5.9716571175866E-06,6.8893032584546E-06,-0.000998748153379776,0.000277268056388538,0.000782461749763065
3.90592800405805E-05,-5.77806327448183E-06,7.43142648126437E-06,-0.00101901094419904,0.000280288534035185,0.000778778739046822
3.83444327817299E-05,-5.58235883513552E-06,7.97083289084186E-06,-0.00103984640027336,0.000283346376758209,0.000774631196971281
3.76149113359101E-05,-5.38451830130937E-06,8.50718673375229E-06,-0.0010612762777106,0.000286440230283048,0.000769980643519063
3.68702951915196E-05,-5.18451724498699E-06,9.04012430039107E-06,-0.00108332289462334,0.000289568356644223,0.000764784985371228
3.6110148166569E-05,-4.9823325966891E-06,9.56925128741082E-06,-0.00110600904657133,0.000292728569414623,0.0007589981393581
3.53340181157836E-05,-4.77794298264567E-06,1.00941398839289E-05,-0.00112935789251871,0.000295918158418575,0.000752569615260632
3.45414367266854E-05,-4.57132911774985E-06,1.06143255544433E-05,-0.0011533928044592,0.000299133802227984,0.000745444054090687
3.37319194375538E-05,-4.36247426472959E-06,1.11293034828663E-05,-0.00117813717210709,0.000302371466435657,0.000737560717964556
3.29049655083096E-05,-4.15136476923259E-06,1.16385246451975E-05,-0.0012036141524623,0.000305626285425357,0.000728852927690527
3.20600582882482E-05,-3.93799068356428E-06,1.21413914722646E-05,-0.00122984635172054,0.000308892424994021,0.000719247444491542
3.11966657328258E-05,-3.72234649343107E-06,1.26372530625944E-05,-0.00125685542439958,0.000312162922805588,0.000708663792839578
3.03142412308658E-05,-3.50443196368867E-06,1.31253999050165E-05,-0.00128466157148916,0.000315429503252598,0.000697013522326789
2.94122248253702E-05,-3.28425312359075E-06,1.36050580651886E-05,-0.00131328291547519,0.000318682362837881,0.000684199408162952
2.84900449147567E-05,-3.06182341160441E-06,1.40753827981778E-05,-0.00134273472613929,0.000321909921801651,0.000670114592100701
2.75471205543986E-05,-2.83716500625428E-06,1.45354515441559E-05,-0.00137302846558105,0.000325098537258594,0.000654641669227027
2.65828644942819E-05,-2.61031037089862E-06,1.49842562741436E-05,-0.00140417061539639,0.000328232172804658,0.000637651730927132
2.55966871191428E-05,-2.38130404456699E-06,1.54206951606971E-05,-0.00143616124244307,0.000331292019356435,0.000619003381299514
2.45880014899275E-05,-2.15020471457516E-06,1.58435635636962E-05,-0.00146899225268017,0.000334256062055861,0.000598541753853032
2.35562297223483E-05,-1.91708760993798E-06,1.62515443445647E-05,-0.0015026452754397,0.00033709858855957,0.000576097568244479
2.25008109817959E-05,-1.68204725774872E-06,1.66431975551369E-05,-0.00153708911363775,0.00033978963514594,0.000551486284101142
2.14212114196338E-05,-1.44520064627967E-06,1.70169495949706E-05,-0.00157227668994826,0.000342294369138337,0.000524507431654721
2.03169364262974E-05,-1.20669083865148E-06,1.73710819957727E-05,-0.0016081414161833,0.000344572409557472,0.000494944228238707
1.91875456265062E-05,-9.66691077820333E-07,1.77037200798348E-05,-0.00164459291536194,0.000346577093230248,0.000462563626828923
1.80326710880325E-05,-7.2540941608775E-07,1.8012821856233E-05,-0.00168151203642082,0.000348254701477043,0.000427116988688771
1.68520392494541E-05,-4.83093888023747E-07,1.82961676706345E-05,-0.00171874512479479,0.000349543673797334,0.000388341627084961
1.56454970854363E-05,-2.40038222392857E-07,1.85513513172631E-05,-0.00175609755413826,0.00035037385057786,0.000345963532053806
1.44130430014851E-05,3.41194760456083E-09,1.87757735605202E-05,-0.00179332659313647,0.000350665807672681,0.000299701653988805
1.31548628654362E-05,2.468524689143E-07,1.8966639299215E-05,-0.00183013378561218,0.000350330372400374,0.000249274189736579
1.18713714101675E-05,4.89813814359618E-07,1.91209599338211E-05,-0.00186615717189207,0.000349268443170509,0.00019440736685563
1.05632589450582E-05,7.31754253860477E-07,1.92355628506983E-05,-0.001900963883554,0.000347371272534748,0.00013484724034897
9.231542861309E-06,9.72053439224709E-07,1.93071102833931E-05,-0.00193404390701616,0.000344521412963359,7.037497290431E-05
7.87762274632769E-06,1.21000694352699E-06,1.93321300954858E-05,-0.00196480613016821,0.000340594559820606,8.25922036913119E-07
6.50333704431367E-06,1.44482246409164E-06,1.93070611577483E-05,-0.00199257813424913,0.000335462545450502,-7.38874482004713E-05
5.11101804346575E-06,1.67561857672093E-06,1.92283158364364E-05,-0.00201661150537305,0.000328997722860595,-0.000153749342032756
3.7035407118123E-06,1.90142706572082E-06,1.9092361497864E-05,-0.00203609458238439,0.0003210789019473,-0.000238612380862007
2.28435958472679E-06,2.1211999239257E-06,1.88958217150051E-05,-0.00205017435798455,0.000311598845304114,-0.000328169567972161
8.57526926478652E-07,2.33382204358426E-06,1.86355959780942E-05,-0.00205798861013434,0.000300473103495132,-0.000421929622795304
-5.72315033921083E-07,2.5381303760474E-06,1.83089942656259E-05,-0.00205870835705455,0.000287649706173861,-0.00051919953970943
-1.99997463167471E-06,2.73293990115236E-06,1.79138799535881E-05,-0.00205158943101158,0.000273118923006581,-0.000619078796986966
-3.41978941914982E-06,2.91707607151891E-06,1.7448811328717E-05,-0.00203602994701844,0.000256921919844695,-0.000720469928696054
-4.82574512562291E-06,3.08941244866408E-06,1.69131689592012E-05,-0.00201162768421154,0.000239156785326518,-0.000822109067627226
-6.21163216153016E-06,3.24891117180367E-06,1.63072546800121E-05,-0.00197822948163256,0.000219980450766328,-0.000922616903980269
-7.57123137995891E-06,3.394663034662E-06,1.56323489324136E-05,-0.00193596492299595,0.000199605534012142,-0.00102056689393075
-8.89851585732755E-06,3.52592349134504E-06,1.48907164198269E-05,-0.00188525780747831,0.000178291767161206,-0.00111456462145357
-1.01878516106186E-05,3.64214093253712E-06,1.40855553657018E-05,-0.00182681128361672,0.000156332476853776,-0.00120332909129829
-1.14341788838154E-05,3.74297428189895E-06,1.32208928362345E-05,-0.00176156732430669,0.00013403769480358,-0.00128576498395254
-1.26331579114183E-05,3.82829836262207E-06,1.23014357704501E-05,-0.00169064618696956,0.000111716233642501,-0.00136101673519294
-1.3781268076888E-05,3.89819713567381E-06,1.13323924570693E-05,-0.0016152742789693,8.96590340017819E-05,-0.00142849899062885
-1.48758557121479E-05,3.95294636077603E-06,1.03192816062055E-05,-0.00153670996011932,6.81256046905789E-05,-0.00148790197726273
-1.59151322611897E-05,3.99298826138328E-06,9.26774573868339E-06,-0.00145617608883276,4.73346729348108E-05,-0.00153917444896279
-1.68981298314958E-05,4.01890126848633E-06,8.18338264009355E-06,-0.00137480553130338,2.74593473191552E-05,-0.00158248979122443
-1.78246244026151E-05,4.03136787692344E-06,7.07160426470728E-06,-0.00129360276937591,8.62641040521874E-06,-0.00161820197763046
-1.86950381379771E-05,4.03114321497057E-06,5.93752784807616E-06,-0.00121342197857534,-9.08107963451723E-06,-0.00164679787658281
-1.9510331715301E-05,4.01902627490615E-06,4.78589980994591E-06,-0.0011349597676726,-2.56189038531625E-05,-0.00166885127777526
-2.02718958307263E-05,3.99583502909691E-06,3.62104986003555E-06,-0.0010587594673957,-4.09755389139966E-05,-0.00168498233011576
-2.09814486614013E-05,3.96238599154292E-06,2.44687078274882E-06,-0.00098522342927718,-5.51656245571975E-05,-0.00169582436730977
-2.16409436762611E-05,3.91947825934382E-06,1.26681849755416E-06,-0.000914630003869629,-6.82236792643804E-05,-0.0017019986611168
-2.22524900465169E-05,3.86788171092081E-06,8.39270260099986E-08,-0.000847152469938315,-8.01984617644456E-05,-0.00170409661668169
-2.28182862920133E-05,3.80832883329388E-06,-1.09916647287888E-06,-0.00078287794008782,-9.11481756017482E-05,-0.00170266834208305
-2.3340566659538E-05,3.74150956941957E-06,-2.28019056071866E-06,-0.000721824986005171,-0.000101136567419965,-0.00169821631213849
-2.38215590890593E-05,3.66806857465538E-06,-3.45720539227147E-06,-0.000663959294099704,-0.000110229876319799,-0.00169119287557069
-2.42634532732845E-05,3.58860432347686E-06,-4.62856785663448E-06,-0.000609207072655044,-0.000118494539038779,-0.00168200050578107
-2.46683772415681E-05,3.50366958057024E-06,-5.79289758645187E-06,-0.000557466198037329,-0.000125995533758015,-0.00167099389160272
-2.50383809386839E-05,3.41377283538353E-06,-6.94904484611099E-06,-0.000508615251396379,-0.000132795242293705,-0.00165848316311715
-2.53754254128654E-05,3.31938037959687E-06,-8.0960608954247E-06,-0.000462520681996116,-0.000138952719294319,-0.00164473772723052
-2.56813764061858E-05,3.22091877912534E-06,-9.2331711187012E-06,-0.000419042365887342,-0.000144523271540548,-0.0016299903387376
-2.59580013256506E-05,3.11877755449583E-06,-1.03597509851863E-05,-0.000378037828158049,-0.000149558266704111,-0.00161444115306262
-2.62069687557283E-05,3.01331193318624E-06,-1.14753047721232E-05,-0.000339365376528504,-0.000154105106803281,-0.00159826159845611
-2.64298498310603E-05,2.90484557910335E-06,-1.25794468758773E-05,-0.00030288636517106,-0.000158207315672075,-0.00158159797279127
-2.662812093641E-05,2.79367323215829E-06,-1.36718855213975E-05,-0.00026846677393956,-0.00016190470190393,-0.00156457471695246
-2.68031673095701E-05,2.68006321780797E-06,-1.47524086197946E-05,-0.000235978257939648,-0.000165233568357769,-0.00154729734944767
-2.6956287227014E-05,2.5642598007968E-06,-1.58208715513877E-05,-0.000205298792515517,-0.000168226947218117,-0.00152985506722671
-2.70886965262388E-05,2.44648537160491E-06,-1.68771866408757E-05,-0.000176313014338162,-0.000170914845559447,-0.00151232303062486
-2.72015332832494E-05,2.32694246163181E-06,-1.79213141186421E-05,-0.000148912337789033,-0.000173324490997766,-0.00149476435715201
-2.72958625110847E-05,2.20581558998305E-06,-1.89532543725474E-05,-0.000122994908672102,-0.000175480570423132,-0.00147723185212915
-2.73726807841512E-05,2.08327294784663E-06,-1.99730413216188E-05,-9.84654429880935E-05,-0.000177405457354276,-0.00145976950470808
-2.74329207209775E-05,1.95946793062489E-06,-2.09807367478621E-05,-7.52349875918718E-05,-0.000179119425258605,-0.00144241377715739
-2.74774552824422E-05,1.83454052627478E-06,-2.19764254670144E-05,-5.32206300042418E-05,-0.000180640845534603,-0.00142519471305108
-2.75071018567213E-05,1.70861857210905E-06,-2.29602112089665E-05,-3.23451783497591E-05,-0.000181986369703447,-0.00140813688819352
-2.75226261161745E-05,1.58181889039719E-06,-0.0000239322131111,-1.25368265534846E-05,-0.000183171096004119,-0.00139126022539157
-2.75247456399155E-05,1.45424831357388E-06,-2.48925627353317E-05,6.27118409989498E-06,-0.000184208720974353,-0.00137458069186094
-2.75141333024751E-05,1.32600460910616E-06,-2.58414015339711E-05,2.41408989933807E-05,-0.000185111676813961,-0.00135811089559616
-2.74914204339318E-05,1.1971773140776E-06,-2.67788786958302E-05,4.11299740935039E-05,-0.000185891255439489,-0.00134186059526985
-2.7457199758328E-05,1.06784848635937E-06,-2.77051493304084E-05,5.72919893070275E-05,-0.000186557720903373,-0.00132583713675058
-2.74120281213008E-05,9.38093384165004E-07,-2.86203729150175E-05,7.26767424161728E-05,-0.000187120409911689,-0.00131004582448244
-2.73564290189008E-05,8.07981077077185E-07,-2.95247119977291E-05,8.73305273384344E-05,-0.000187587822375711,-0.00129449023969521
-2.72908949390819E-05,6.77574998818656E-07,-3.0418331094016E-05,0.00010129639573416,-0.000187967702962914,-0.00127917251214671
-2.72158895274102E-05,5.4693344544896E-07,-3.1301395764346E-05,0.000114614400812106,-0.000188267114249867,-0.00126409355207391
-2.71318495899513E-05,4.16110026379056E-07,-3.2174071834133E-05,0.000127321823922117,-0.000188492502394964,-0.00124925324839321
-2.70391869440506E-05,2.85154071206518E-07,-3.30365247474476E-05,0.00013945338476463,-0.000188649756101824,-0.0012346506378473
-2.69382901288806E-05,1.54110998192616E-07,-3.38889190262451E-05,0.000151041435832259,-0.000188744259563066,-0.00122028404945681
-2.68295259862271E-05,2.30226479118184E-08,-3.47314178220783E-05,0.000162116141992884,-0.000188780940077309,-0.00120615122766649
-2.67132411213947E-05,-1.08072414613026E-07,-3.5564182547486E-05,0.000172705646152177,-0.000188764310756342,-0.00119224943768228
-2.65897632533284E-05,-2.39138625940465E-07,-3.63873725778725E-05,0.000182836221952845,-0.000188698508599059,-0.00117857555639538
-2.64594024636257E-05,-3.70143175046205E-07,-3.72011450056229E-05,0.000192532414252428,-0.000188587329513288,-0.00116512614717425
-2.6322452351371E-05,-5.01055777555367E-07,-3.80056544471555E-05,0.000201817168508466,-0.000188434259236875,-0.00115189752571974
-2.61791911016466E-05,-6.31848470508574E-07,-3.88010528922645E-05,0.000210711949796713,-0.000188242501384112,-0.0011388858155307
-2.60298824757768E-05,-7.62495424651613E-07,-3.95874895833038E-05,0.00021923685224253,-0.000188015002596451,-0.00112608699505246
-2.58747767271727E-05,-8.9297277474063E-07,-4.03651109329348E-05,0.000227410699750176,-0.00018775447541383,-0.00111349693767521
-2.5714111451188E-05,-1.02325846389963E-06,-4.11340604612493E-05,0.000235251138608555,-0.000187463418819633,-0.00110111144564323
-2.55481123728496E-05,-1.1533321019272E-06,-4.18944787569016E-05,0.000242774722717579,-0.000187144136821025,-0.00108892627869169
-2.53769940778814E-05,-1.2831748358092E-06,-4.26465034560947E-05,0.000249996992017814,-0.000186798755257062,-0.00107693717819246
-2.52009606912606E-05,-1.41276923148553E-06,-4.33902692377926E-05,0.000256932544700985,-0.000186429237013095,-0.00106513988742492
-2.50202065080592E-05,-1.54209916536163E-06,-4.41259078300173E-05,0.00026359510369618,-0.00018603739580588,-0.0010535301685638
-2.4834916579533E-05,-1.67114972525708E-06,-4.48535480287598E-05,0.000269997577944586,-0.000185624908683041,-0.00104210381679664
-2.46452672585576E-05,-1.7999071194673E-06,-4.55733157249137E-05,0.000276152118874188,-0.00018519332736822,-0.00103085667201958
-2.44514267073512E-05,-1.92835859336849E-06,-4.6285333938769E-05,0.000282070172486427,-0.000184744088567169,-0.00101978462844195
-2.4253555370442E-05,-2.05649235284915E-06,-4.69897228605395E-05,0.000287762527420141,-0.00018427852333838,-0.0010088836424016
-2.40518064156301E-05,-2.18429749390569E-06,-4.76865998955231E-05,0.00029323935932663,-0.000183797865620854,-0.000998149738652221
-2.384632614496E-05,-2.31176393811904E-06,-0.0000483760797144,0.00029851027187416,-0.000183303260000851,-0.0009875790153215
-2.36372543790374E-05,-2.43888237282765E-06,-0.0000490582743040999,0.000303584334632959,-0.000182795768793728,-0.000977167647787976
-2.34247248153106E-05,-2.56564419645431E-06,-4.97332930234959E-05,0.000308470118135761,-0.000182276378504229,-0.000966911891564844
-2.3208865363288E-05,-2.69204146789389E-06,-5.04012426595738E-05,0.000313175726318033,-0.000181746005726804,-0.000956808084389449
-2.29897984579989E-05,-2.81806685986501E-06,-5.10622274850525E-05,0.000317708826563133,-0.000181205502538264,-0.000946852647617823
-2.27676413533641E-05,-2.94371361584408E-06,-5.17163493167653E-05,0.000322076677545266,-0.000180655661430751,-0.000937042087033245
-2.25425063969456E-05,-3.0689755102783E-06,-5.23637075744247E-05,0.000326286155048207,-0.000180097219827941,-0.000927372993159536
-2.23145012874203E-05,-3.19384681180136E-06,-5.30043993394555E-05,0.000330343775922365,-0.000179530864223062,-0.000917842041157326
-2.20837293160209E-05,-3.31832224920138E-06,-5.36385194136323E-05,0.000334255720328777,-0.000178957233973459,-0.000908445990370682
-2.18502895930843E-05,-3.44239697991416E-06,-5.42661603772965E-05,0.000338027852405816,-0.000178376924782974,-0.000899181683582162
-2.16142772607598E-05,-3.56606656083454E-06,-5.48874126469694E-05,0.000341665739482833,-0.000177790491900346,-0.000890046046026292
-2.13757836928458E-05,-3.68932692125745E-06,-5.55023645322102E-05,0.000345174669954346,-0.000177198453059021,-0.000881036084204549
-2.11348966826425E-05,-3.81217433778065E-06,-5.6111102291606E-05,0.00034855966991877,-0.000176601291181251,-0.000872148884538883
-2.08917006196809E-05,-3.93460541099466E-06,-5.6713710187709E-05,0.000351825518676649,-0.000175999456867628,-0.000863381611895289
-2.06462766560003E-05,-4.05661704386202E-06,-5.73102705410548E-05,0.000354976763176606,-0.000175393370690002,-0.000854731508006006
-2.03987028627957E-05,-4.17820642159609E-06,-5.79008637829127E-05,0.000358017731487356,-0.000174783425305658,-0.000846195889810722
-2.01490543779959E-05,-4.29937099296505E-06,-5.84855685069342E-05,0.000360952545370609,-0.000174169987407536,-0.000837772147741023
-1.98974035454095E-05,-4.42010845289471E-06,-5.90644615195805E-05,0.000363785132021379,-0.00017355339952467,-0.000829457743961716
-1.96438200459891E-05,-4.54041672627292E-06,-5.96376178893187E-05,0.000366519235037702,-0.000172933981685422,-0.000821250210585176
-1.93883710217279E-05,-4.66029395286515E-06,-6.02051109945717E-05,0.000369158424676503,-0.00017231203295503,-0.000813147147870829
-1.91311211926678E-05,-4.77973847325683E-06,-6.07670125704154E-05,0.000371706107447778,-0.00017168783285788,-0.000805146222420189
-1.88721329674596E-05,-4.8987488157464E-06,-6.13233927540245E-05,0.000374165535095072,-0.00017106164269402,-0.000797245165376294
-1.86114665478881E-05,-5.01732368411825E-06,-6.18743201288708E-05,0.000376539813006423,-0.000170433706758549,-0.000789441770634981
-1.83491800277409E-05,-5.13546194623109E-06,-6.24198617676856E-05,0.00037883190809643,-0.000169804253471749,-0.000781733893074177
-1.80853294863775E-05,-5.25316262336227E-06,-0.0000629600832741998,0.000381044656196889,-0.000169173496427119,-0.000774119446806345
-1.78199690773256E-05,-5.37042488025324E-06,-6.34950488236803E-05,0.000383180768990549,-0.000168541635363893,-0.000766596403458259
-1.75531511121988E-05,-5.48724801581146E-06,-6.40248212023069E-05,0.000385242840520016,-0.000167908857070037,-0.000759162790481344
-1.72849261402996E-05,-5.60363145438906E-06,-6.45494618452629E-05,0.000387233353300307,-0.000167275336221032,-0.000751816689496691
-1.70153430239742E-05,-5.71957473767887E-06,-6.50690308739372E-05,0.000389154684064288,-0.000166641236159662,-0.000744556234673421
-1.67444490102309E-05,-5.83507751707697E-06,-6.55835871317651E-05,0.000391009109163438,-0.00016600670962122,-0.000737379611146705
-1.6472289798654E-05,-5.95013954655914E-06,-6.60931882191076E-05,0.00039279880964908,-0.000165371899408358,-0.0007302850534731
-1.61989096059067E-05,-6.06476067600396E-06,-6.65978905270467E-05,0.000394525876054782,-0.000164736939019426,-0.000723270844125517
-1.59243512270121E-05,-6.17894084493699E-06,-6.70977492701499E-05,0.000396192312899917,-0.000164101953233793,-0.000716335312028109
-1.56486560935969E-05,-6.29268007666769E-06,-6.75928185182307E-05,0.000397800042932791,-0.000163467058657391,-0.000709476831131312
-1.53718643292743E-05,-6.40597847279215E-06,-6.80831512271339E-05,0.000399350911130405,-0.000162832364231438,-0.000702693819027093
-1.50940148023301E-05,-6.5188362080369E-06,-6.85687992685727E-05,0.000400846688470656,-0.000162197971707049,-0.000695984735604231
-1.48151451758623E-05,-6.63125352542152E-06,-6.90498134590467E-05,0.00040228907549166,-0.000161563976088264,-0.000689348081743346
-1.45352919555202E-05,-6.74323073171837E-06,-6.95262435878657E-05,0.000403679705651791,-0.000160930466045746,-0.000682782398051187
-1.42544905349754E-05,-6.85476819319019E-06,-6.99981384443101E-05,0.000405020148503123,-0.000160297524303314,-0.00067628626363363
-1.39727752392495E-05,-6.96586633158714E-06,-7.04655458439507E-05,0.000406311912690058,-0.000159665227999252,-0.000669858294906726
-1.36901793661194E-05,-7.07652562034747E-06,-7.09285126539928E-05,0.000407556448784278,-0.000159033649024601,-0.000663497144447119
-1.34067352251019E-05,-7.18674658122129E-06,-7.13870848186543E-05,0.000408755151965013,-0.000158402854337587,-0.000657201499868807
-1.31224741756375E-05,-7.2965297807137E-06,-7.18413073821366E-05,0.000409909364556393,-0.000157772906261888,-0.000650970082756095
-1.283742666255E-05,-7.40587582712033E-06,-7.22912245125062E-05,0.000411020378428437,-0.000157143862762031,-0.000644801647610786
-1.25516222503886E-05,-7.51478536755207E-06,-7.27368795240375E-05,0.000412089437271121,-0.000156515777703276,-0.000638694980843643
-1.22650896561316E-05,-7.62325908517373E-06,-7.317831489903E-05,0.000413117738748834,-0.000155888701094792,-0.000632648899796816
-1.19778567804326E-05,-7.73129769660618E-06,-7.36155723089589E-05,0.000414106436542425,-0.000155262679317615,-0.000626662251798383
-1.16899507374871E-05,-7.83890194948178E-06,-7.40486926349788E-05,0.000415056642285517,-0.000154637755338425,-0.000620733913248078
-1.14013978835882E-05,-7.94607262014373E-06,-7.44777159878045E-05,0.000415969427401299,-0.000154013968910105,-0.000614862788733269
-1.11122238444401E-05,-8.05281051148035E-06,-7.49026817269863E-05,0.000416845824845638,-0.00015339135675999,-0.00060904781017428
-1.08224535412919E-05,-8.15911645088589E-06,-7.53236284796035E-05,0.000417686830761941,-0.000152769952766597,-0.000603287935998136
-1.05321112159515E-05,-8.26499128834055E-06,-7.57405941583926E-05,0.000418493406052844,-0.000152149788125616,-0.000597582150339843
-1.02412204547354E-05,-8.37043589460214E-06,-7.61536159793307E-05,0.000419266477873504,-0.000151530891505853,-0.000591929462270309
-9.94980421140746E-06,-8.47545115950251E-06,-7.6562730478691E-05,0.000420006941050941,-0.000150913289195799,-0.000586328905050041
-9.65788482915655E-06,-8.58003799034307E-06,-7.69679735295898E-05,0.000420715659433601,-0.000150297005241419,-0.00058077953540777
-9.36548406156433E-06,-8.68419731041691E-06,-7.73693803581706E-05,0.000421393467175277,-0.000149682061575554,-0.000575280432841367
-9.07262309318131E-06,-8.78793005744814E-06,-7.77669855586585E-05,0.00042204116995571,-0.000149068478140607,-0.000569830698951038
-8.7793225583199E-06,-8.89123718245372E-06,-7.81608231092652E-05,0.000422659546144657,-0.000148456273002069,-0.000564429456776991
-8.48560256001449E-06,-8.99411964834207E-06,-7.8550926386335E-05,0.000423249347908178,-0.000147845462457315,-0.00055907585017685
-8.19148268788641E-06,-9.09657842871813E-06,-7.89373281785539E-05,0.000423811302259241,-0.000147236061177779,-0.000553769043243486
-7.89698203464245E-06,-9.19861450698752E-06,-7.93200607015899E-05,0.000424346112072682,-0.000146628082215208,-0.000548508219648387
-7.60211921364689E-06,-9.30022887487991E-06,-7.96991556100101E-05,0.000424854457032455,-0.000146021537180183,-0.000543292582148705
-7.30691237349151E-06,-9.40142253186019E-06,-8.00746440118879E-05,0.000425336994556626,-0.000145416436231717,-0.000538121351955363
-7.01137921444876E-06,-9.50219648375417E-06,-8.04465564798178E-05,0.000425794360660425,-0.000144812788220771,-0.000532993768262772
-6.71553700129512E-06,-9.60255174242661E-06,-8.0814923065402E-05,0.000426227170791442,-0.000144210600752649,-0.000527909087697895
-6.41940257901404E-06,-9.70248932439194E-06,-8.1179773309071E-05,0.000426636020618,-0.000143609880287112,-0.000522866583868712
-6.12299238525662E-06,-9.80201025037247E-06,-8.15411362529597E-05,0.000427021486790591,-0.000143010632181804,-0.000517865546851409
-5.82632246404788E-06,-9.90111554430237E-06,-8.18990404512596E-05,0.000427384127664513,-0.000142412860757172,-0.000512905282737819
-5.52940847738491E-06,-9.99980623291781E-06,-8.22535139822349E-05,0.000427724483992486,-0.000141816569354613,-0.000507985113170401
-5.23226571780651E-06,-1.00980833449039E-05,-8.26045844581684E-05,0.000428043079584634,-0.000141221760394104,-0.000503104374916519
-4.93490911979353E-06,-1.01959479103219E-05,-8.29522790358934E-05,0.000428340421940388,-0.000140628435427241,-0.000498262419444549
-4.63735327088453E-06,-1.02934009600235E-05,-8.329662442686E-05,0.000428617002852573,-0.000140036595187612,-0.00049345861251605
-4.33961242238109E-06,-1.03904435250997E-05,-8.36376469069233E-05,0.000428873298985273,-0.000139446239638372,-0.000488692333791084
-4.04170049966035E-06,-1.04870766363617E-05,-8.39753723258619E-05,0.000429109772426751,-0.000138857368017195,-0.000483962976446237
-3.7436311122085E-06,-1.05833013238192E-05,-8.43098261165315E-05,0.000429326871218624,-0.000138269978878871,-0.000479269946806427
-3.4454175628126E-06,-1.06791186163497E-05,-8.46410333042849E-05,0.000429525029862421,-0.000137684070134896,-0.000474612663980623
-3.14707285737215E-06,-1.07745295410713E-05,-8.4969018515108E-05,0.000429704669805086,-0.00013709963909196,-0.000469990559525275
-2.84860971341657E-06,-1.08695351230646E-05,-8.52938059845605E-05,0.000429866199903455,-0.00013651668248774,-0.000465403077101521
-2.550040568789E-06,-1.09641363849566E-05,-8.56154195659648E-05,0.00043001001686976,-0.000135935196524612,-0.000460849672152357
-2.25137758993095E-06,-1.10583343465608E-05,-8.59338827384787E-05,0.000430136505698472,-0.000135355176901736,-0.000456329811587833
-1.9526326798763E-06,-1.1152130024538E-05,-8.62492186149513E-05,0.000430246040075533,-0.000134776618845387,-0.000451842973480132
-1.65381748596734E-06,-1.12455244320781E-05,-8.65614499495722E-05,0.000430338982770799,-0.000134199517137631,-0.000447388646768189
-1.35494340730395E-06,-1.1338518578601E-05,-8.68705991453173E-05,0.000430415686014478,-0.000133623866143438,-0.000442966330971515
-1.05602160193618E-06,-1.14311134694762E-05,-0.0000871766882612002,0.000430476491858309,-0.000133049659836342,-0.000438575535912886
-7.57062993811727E-07,-1.15233101057591E-05,-8.74797390193328E-05,0.000430521732522188,-0.0001324768918227,-0.000434215781449598
-4.58078279487126E-07,-1.16151094839444E-05,-8.77797728118036E-05,0.000430551730726917,-0.000131905555364657,-0.000429886597212981
-1.59077934612818E-07,-1.17065125957344E-05,-8.80768107073764E-05,0.000430566800013694,-0.00013133564340188,-0.000425587522355882
1.39927779799554E-07,-1.17975204278226E-05,-8.83708734580173E-05,0.000430567245050974,-0.000130767148572117,-0.000421318105307842
4.38928811318472E-07,-1.18881339616904E-05,-8.8661981505254E-05,0.000430553361929253,-0.000130200063230675,-0.000417077903537702
7.37915310234698E-07,-1.19783541734179E-05,-8.89501549863728E-05,0.000430525438444328,-0.000129634379468837,-0.000412866483323383
1.036877623896E-06,-1.20681820335064E-05,-8.92354137404579E-05,0.000430483754369538,-0.000129070089131311,-0.000408683419528598
1.33580629122778E-06,-1.21576185067128E-05,-8.95177773142784E-05,0.000430428581717487,-0.00012850718383273,-0.000404528295386262
1.63469203743151E-06,-1.22466645518958E-05,-8.97972649680266E-05,0.000430360184991698,-0.00012794565497328,-0.000400400702288389
1.93352576885449E-06,-1.23353211218715E-05,-9.00738956809135E-05,0.000430278821428648,-0.00012738549375347,-0.000396300239582261
2.23229856815856E-06,-1.24235891633192E-05,-9.03476881567461E-05,0.000430184741230431,-0.00012682669118787,-0.000392226514370783
2.53100168897882E-06,-1.25114696165007E-05,-9.06186608287564E-05,0.000430078187789557,-0.000126269238119406,-0.000388179141327758
2.82962655207179E-06,-1.25989634153795E-05,-9.08868318655291E-05,0.000429959397903471,-0.000125713125230432,-0.000384157742500406
3.12816474027341E-06,-1.26860714873575E-05,-9.11522191755691E-05,0.000429828601982872,-0.000125158343055521,-0.000380161947136003
3.42660799426763E-06,-1.2772794753215E-05,-9.14148404123625E-05,0.00042968602425139,-0.000124604881992482,-0.000376191391504329
3.72494820835678E-06,-1.28591341270201E-05,-9.16747129791936E-05,0.000429531882938059,-0.000124052732313007,-0.000372245718727096
4.02317742636347E-06,-1.29450905160439E-05,-9.19318540338457E-05,0.000429366390462724,-0.000123501884172745,-0.000368324578612312
4.32128783765896E-06,-1.3030664820684E-05,-9.21862804931884E-05,0.00042918975361467,-0.000122952327620836,-0.000364427627493397
4.61927177331314E-06,-1.3115857934393E-05,-9.2438009037654E-05,0.000429002173724768,-0.000122404052608915,-0.000360554528072922
4.91712170236179E-06,-1.32006707436142E-05,-9.26870561156082E-05,0.000428803846831385,-0.000121857048999645,-0.000356704949270794
5.21483022818735E-06,-1.32851041277228E-05,-9.29334379476159E-05,0.000428594963840332,-0.000121311306574781,-0.000352878566076753
5.51239008500827E-06,-1.33691589589716E-05,-9.31771705306063E-05,0.000428375710679086,-0.000120766815042801,-0.000349075059407038
5.80979413447402E-06,-1.34528361024436E-05,-9.34182696419403E-05,0.000428146268445526,-0.000120223564046125,-0.000345294115965074
6.10703536236109E-06,-1.3536136416008E-05,-9.36567508433816E-05,0.000427906813551409,-0.00011968154316794,-0.000341535428106062
6.40410687536729E-06,-1.36190607502811E-05,-9.38926294849762E-05,0.000427657517860793,-0.000119140741938661,-0.00033779869370534
6.70100189800022E-06,-1.37016099485927E-05,-9.41259207088405E-05,0.000427398548823617,-0.000118601149842026,-0.000334083616030392
6.99771376955678E-06,-1.37837848469545E-05,-9.43566394528632E-05,0.000427130069604628,-0.000118062756320869,-0.000330389903616397
7.29423594119111E-06,-1.38655862740346E-05,-9.45848004543205E-05,0.000426852239207827,-0.000117525550782563,-0.000326717270145208
7.59056197306685E-06,-1.39470150511341E-05,-9.48104182534097E-05,0.000426565212596625,-0.000116989522604163,-0.000323065434327658
7.88668553159186E-06,-1.40280719921682E-05,-9.50335071967012E-05,0.000426269140809844,-0.000116454661137259,-0.000319434119789107
8.18260038663217E-06,-1.41087579036222E-05,-9.52540814404381E-05,0.000425964171073771,-0.000115920955712751,-0.000315823054959482
8.47830040930121E-06,-1.41890735846485E-05,-9.54721549541336E-05,0.000425650446910543,-0.000115388395644408,-0.000312231972959162
8.77377956882551E-06,-1.42690198268919E-05,-9.56877415233429E-05,0.000425328108242641,-0.00011485697023413,-0.000308660611502024
9.06903193047911E-06,-1.4348597414592E-05,-9.5900854753117E-05,0.000424997291494008,-0.000114326668774994,-0.000305108712787222
9.36405165308859E-06,-1.44278071245514E-05,-9.6111508071007E-05,0.000424658129687755,-0.000113797480555082,-0.000301576023400699
9.65883298670432E-06,-1.45066497261328E-05,-9.63197147300772E-05,0.000424310752540591,-0.000113269394860891,-0.000298062294217957
9.95337027033595E-06,-1.45851259812595E-05,-9.65254878118508E-05,0.000423955286554127,-0.000112742400980554,-0.000294567280309405
1.0247657929751E-05,-1.46632366444175E-05,-9.67288402291906E-05,0.000423591855103182,-0.000112216488206863,-0.000291090740848199
1.05416904753328E-05,-1.47409824626595E-05,-9.69297847291174E-05,0.000423220578521178,-0.000111691645840116,-0.000287632439020501
1.08354624999979E-05,-1.48183641756114E-05,-9.71283338955657E-05,0.00042284157418275,-0.000111167863190787,-0.000284192141938079
1.11289686771683E-05,-1.489538251548E-05,-9.73245001520805E-05,0.000422454956583666,-0.000110645129582043,-0.00028076962055319
1.14222037588003E-05,-1.49720382070629E-05,-9.75182957644555E-05,0.000422060837418158,-0.000110123434352093,-0.000277364649575656
1.17151625734643E-05,-1.50483319677592E-05,-9.77097328433139E-05,0.000421659325653755,-0.000109602766856402,-0.000273977007392095
1.20078400244769E-05,-1.5124264507583E-05,-9.78988233466346E-05,0.000421250527603718,-0.000109083116469755,-0.000270606475987208
1.23002310880823E-05,-1.51998365291766E-05,-9.80855790822243E-05,0.000420834546997165,-0.000108564472588195,-0.000267252840867096
1.25923308116808E-05,-1.52750487278266E-05,-9.82700117101364E-05,0.000420411485046955,-0.000108046824630837,-0.000263915890984518
1.28841343121054E-05,-1.53499017914803E-05,-9.84521327450394E-05,0.000419981440515435,-0.00010753016204155,-0.000260595418666044
1.31756367739411E-05,-1.54243964007633E-05,-9.8631953558535E-05,0.000419544509778112,-0.000107014474290539,-0.000257291219541057
1.34668334478898E-05,-1.54985332289985E-05,-9.88094853814277E-05,0.000419100786885319,-0.000106499750875809,-0.000254003092472528
1.3757719649176E-05,-1.55723129422256E-05,-9.89847393059464E-05,0.000418650363621967,-0.000105985981324533,-0.000250730839489531
1.40482907559941E-05,-1.56457361992224E-05,-9.91577262879209E-05,0.000418193329565418,-0.000105473155194312,-0.000247474265721443
1.43385422079944E-05,-1.57188036515254E-05,-9.93284571489117E-05,0.000417729772141567,-0.000104961262074352,-0.00024423317933378
1.46284695047838E-05,-1.57915159434479E-05,-9.94969425782848E-05,0.000417259776679233,-0.000104450291586492,-0.000241007391465735
1.49180682045871E-05,-1.58638737121234E-05,-9.96631931353045E-05,0.000416783426462803,-0.000103940233386402,-0.00023779671616864
1.52073339226956E-05,-1.59358775874977E-05,-9.98272192510613E-05,0.00041630080278339,-0.000103431077164197,-0.000234600970347204
0.0000154962623302,-1.60075281923751E-05,-9.99890312304821E-05,0.000415811984988287,-0.000102922812645496,-0.000231419973700852
1.57848491526324E-05,-1.60788261424369E-05,-0.000100148639254239,0.000415317050529008,-0.000102415429592148,-0.000228253548667189
1.60730901686658E-05,-1.61497720462676E-05,-0.000100306053380632,0.000414816075007853,-0.000101908917802921,-0.000225101520366692
1.63609812088459E-05,-1.62203665053806E-05,-0.000100461283547433,0.000414309132223084,-0.000101403267114148,-0.000221963716548745
1.66485181543534E-05,-1.62906101142441E-05,-0.000100614339573692,0.000413796294212733,-0.000100898467400296,-0.000218839967538955
1.69356969357966E-05,-1.63605034603085E-05,-0.000100765231161509,0.000413277631297104,-0.000100394508574479,-0.000215730106187735
1.72225135320329E-05,-1.64300471240325E-05,-0.000100913967897773,0.000412753212120019,-9.98913805889234E-05,-0.000212633967820107
1.75089639690186E-05,-1.64992416789113E-05,-0.000101060559255855,0.000412223103688832,-9.9389073435371E-05,-0.000209551390186693
1.77950443186858E-05,-1.65680876915035E-05,-0.000101205014597288,0.000411687371413265,-9.88875771454351E-05,-0.000206482213415867
1.80807506978463E-05,-1.66365857214591E-05,-0.000101347343173388,0.000411146079143105,-9.83868817909087E-05,-0.000203426279967029
1.8366079267121E-05,-1.67047363215479E-05,-0.00010148755412687,0.000410599289204789,-9.78869774840282E-05,-0.00020038343458497
1.86510262298944E-05,-1.67725400376868E-05,-0.000101625656493409,0.000410047062436926,-9.7387854377691E-05,-0.000197353524255308
1.89355878312934E-05,-1.68399974089689E-05,-0.000101761659203188,0.000409489458224786,-9.68895026656342E-05,-0.000194336398160952
1.92197603571898E-05,-1.69071089676917E-05,-0.000101895571082406,0.000408926534533784,-9.6391912582573E-05,-0.000191331907639576
1.95035401332256E-05,-1.69738752393853E-05,-0.00010202740085476,0.000408358347942,-9.58950744043012E-05,-0.000188339906142072
1.97869235238606E-05,-1.70402967428413E-05,-0.0001021571571429,0.000407784953671763,-9.53989784477575E-05,-0.000185360249191953
2.00699069314414E-05,-1.71063739901411E-05,-0.00010228484846985,0.000407206405620327,-9.49036150710561E-05,-0.000182392794345689
2.03524867952923E-05,-1.71721074866848E-05,-0.000102410483260414,0.000406622756389669,-9.44089746734887E-05,-0.00017943740115394
2.06346595908248E-05,-1.72374977312196E-05,-0.00010253406984254,0.000406034057315447,-9.39150476954925E-05,-0.000176493931123672
2.09164218286689E-05,-1.73025452158683E-05,-0.00010265561644867,0.000405440358495124,-9.34218246185923E-05,-0.000173562247681129
2.11977700538226E-05,-1.7367250426158E-05,-0.000102775131217059,0.000404841708815311,-9.29292959653167E-05,-0.000170642216135638
2.1478700844809E-05,-1.74316138410457E-05,-0.000102892622193066,0.000404238155978356,-9.24374522990618E-05,-0.000167733703644375
2.17592108129075E-05,-1.74956359329574E-05,-0.000103008097330441,0.000403629746527984,-9.19462842240658E-05,-0.000164836579177098
2.2039296601291E-05,-1.75593171678002E-05,-0.000103121564492551,0.000403016525874626,-9.14557823850336E-05,-0.00016195071348334
2.23189548842922E-05,-1.76226580050013E-05,-0.000103233031453615,0.00040239853831966,-9.09659374671293E-05,-0.000159075979058636
2.25981823666308E-05,-1.76856588975335E-05,-0.000103342505899906,0.000401775827079145,-9.0476740195738E-05,-0.000156212250112323
2.28769757826667E-05,-1.77483202919423E-05,-0.000103449995430928,0.000401148434306868,-8.99881813362336E-05,-0.0001533594025359
2.31553318956718E-05,-1.78106426283745E-05,-0.000103555507560572,0.000400516401116754,-8.95002516937388E-05,-0.000150517313872072
2.34332474971139E-05,-1.7872626340605E-05,-0.000103659049718255,0.000399879767604648,-8.90129421128614E-05,-0.000147685863284469
2.37107194059582E-05,-1.79342718560646E-05,-0.000103760629250036,0.000399238572869499,-8.85262434774201E-05,-0.000144864931528023
2.39877444679816E-05,-1.79955795958669E-05,-0.000103860253419706,0.000398592855033962,-8.80401467101522E-05,-0.00014205440091998
2.42643195551019E-05,-1.80565499748352E-05,-0.000103957929409867,0.000397942651264434,-8.75546427724097E-05,-0.000139254155311536
2.45404415647207E-05,-1.81171834015295E-05,-0.000104053664322987,0.000397287997790533,-8.70697226638381E-05,-0.00013646408006008
2.4816107419079E-05,-1.81774802782724E-05,-0.000104147465182438,0.000396628929924057,-8.65853774220403E-05,-0.000133684062002031
2.50913140646266E-05,-1.8237441001176E-05,-0.000104239338933507,0.000395965482077417,-8.61015981222328E-05,-0.000130913989426245
2.5366058471404E-05,-1.82970659601675E-05,-0.000104329292444407,0.000395297687781574,-8.56183758768831E-05,-0.000128153752047989
2.56403376324357E-05,-1.83563555390149E-05,-0.000104417332507247,0.000394625579703482,-8.51357018353379E-05,-0.000125403240983466
2.59141485631369E-05,-1.84153101153527E-05,-0.000104503465839005,0.000393949189663066,-8.46535671834421E-05,-0.000122662348724866
2.61874883007303E-05,-1.84739300607072E-05,-0.000104587699082468,0.000393268548649733,-8.41719631431459E-05,-0.00011993096911595
2.64603539036756E-05,-1.8532215740521E-05,-0.00010467003880717,0.000392583686838439,-8.36908809721053E-05,-0.000117208997328129
2.67327424511088E-05,-1.8590167514178E-05,-0.000104750491510298,0.000391894633605317,-8.32103119632733E-05,-0.00011449632983706
2.70046510422839E-05,-1.86477857350255E-05,-0.00010482906361759,0.000391201417542763,-8.27302474444918E-05,-0.000111792864399935
2.72760767960709E-05,-1.87050707504069E-05,-0.000104905761484235,0.000390504066474742,-8.22506787780293E-05,-0.000109098500032093
2.75470168503712E-05,-1.87620229016726E-05,-0.000104980591395709,0.000389802607470504,-8.1771597360186E-05,-0.000106413136986367
2.78174683616357E-05,-1.88186425242121E-05,-0.000105053559568648,0.000389097066859035,-8.12929946208414E-05,-0.000103736676730638
2.80874285043464E-05,-1.88749299474748E-05,-0.00010512467215168,0.000388387470242593,-8.08148620229919E-05,-0.000101069021926961
2.8356894470516E-05,-1.89308854949931E-05,-0.000105193935226244,0.000387673842509984,-0.0000803371910622997,-9.84100764108642E-05
2.86258634691971E-05,-1.89865094844049E-05,-0.000105261354807399,0.000386956207849487,-7.98599732666331E-05,-9.57597451710825E-05
2.88943327260002E-05,-1.90418022274754E-05,-0.00010532693684462,0.00038623458976144,-7.93832001956015E-05,-9.31179343296832E-05
2.91622994826202E-05,-1.90967640301197E-05,-0.000105390687222578,0.00038550901107048,-7.89068634400855E-05,-9.04845511225982E-05
2.94297609963712E-05,-1.91513951924237E-05,-0.000105452611761904,0.000384779493937461,-7.84309546217582E-05,-8.78595038805435E-05
2.96967145397296E-05,-1.92056960086657E-05,-0.000105512716219944,0.000384046059871053,-7.79554653926056E-05,-8.5242702010315E-05
2.99631573998854E-05,-1.9259666767337E-05,-0.000105571006291502,0.00038330872973903,-7.74803874344389E-05,-8.26340559764573E-05
3.02290868783007E-05,-1.93133077511629E-05,-0.000105627487609566,0.00038256752377926,-7.70057124584052E-05,-8.00334772832915E-05
3.04945002902759E-05,-1.93666192371221E-05,-0.000105682165746024,0.000381822461610397,-7.6531432204491E-05,-7.74408784572971E-05
3.07593949645236E-05,-1.94196014964676E-05,-0.000105735046212369,0.00038107356224229,-7.60575384410268E-05,-7.48561730298355E-05
3.10237682427494E-05,-1.94722547947453E-05,-0.00010578613446039,0.000380320844086116,-7.55840229641831E-05,-7.22792755202124E-05
3.1287617479239E-05,-1.95245793918135E-05,-0.000105835435882854,0.000379564324964237,-7.51108775974667E-05,-6.97101014190656E-05
3.15509400404535E-05,-1.9576575541862E-05,-0.000105882955814172,0.000378804022119799,-7.4638094191214E-05,-6.71485671720739E-05
3.18137333046298E-05,-1.96282434934301E-05,-0.000105928699531058,0.000378039952226074,-7.41656646220798E-05,-6.45945901639789E-05
3.20759946613882E-05,-1.96795834894248E-05,-0.000105972672253177,0.000377272131395547,-7.36935807925253E-05,-6.20480887029114E-05
3.23377215113462E-05,-1.97305957671388E-05,-0.000106014879143778,0.000376500575188768,-7.3221834630302E-05,-5.9508982005017E-05
3.25989112657381E-05,-1.97812805582676E-05,-0.000106055325310323,0.000375725298622958,-7.27504180879364E-05,-5.69771901793721E-05
3.28595613460404E-05,-1.98316380889267E-05,-0.000106094015805099,0.000374946316180388,-7.22793231422088E-05,-5.4452634213186E-05
3.31196691836034E-05,-1.9881668579668E-05,-0.000106130955625824,0.000374163641816536,-7.1808541793633E-05,-5.19352359572803E-05
3.33792322192884E-05,-1.99313722454965E-05,-0.00010616614971624,0.000373377288968014,-7.13380660659332E-05,-4.94249181118414E-05
3.36382479031094E-05,-1.99807492958861E-05,-0.000106199602966701,0.000372587270560288,-7.08678880055188E-05,-4.69216042124389E-05
3.38967136938812E-05,-2.00297999347947E-05,-0.000106231320214747,0.000371793599015188,-7.03979996809557E-05,-4.44252186163057E-05
3.41546270588722E-05,-2.00785243606803E-05,-0.000106261306245669,0.000370996286258204,-6.99283931824393E-05,-4.19356864888723E-05
3.44119854734621E-05,-2.01269227665149E-05,-0.000106289565793065,0.000370195343725591,-6.94590606212621E-05,-3.94529337905513E-05
3.46687864208046E-05,-2.01749953397998E-05,-0.000106316103539393,0.000369390782371274,-6.8989994129281E-05,-3.69768872637674E-05
3.49250273914945E-05,-2.02227422625789E-05,-0.000106340924116501,0.000368582612673554,-6.85211858583799E-05,-3.45074744202281E-05
3.51807058831783E-05,-2.02701637114384E-05,-0.000106364032106158,0.00036777084464169,-6.8052627980175E-05,-3.20446235291858E-05
3.54358194004782E-05,-2.03172598575788E-05,-0.000106385432040595,0.00036695548782222,-6.75843126845742E-05,-2.95882636019536E-05
3.56903654543011E-05,-2.0364030866739E-05,-0.000106405128402986,0.000366136551305123,-6.71162321805795E-05,-2.71383243847054E-05
3.59443415617716E-05,-2.04104768992688E-05,-0.00010642312562797,0.000365314043729834,-6.6648378694857E-05,-2.46947363433994E-05
3.6197745245859E-05,-2.04565981101258E-05,-0.00010643942810215,0.000364487973291091,-6.61807444714281E-05,-2.22574306529403E-05
3.6450574035071E-05,-2.05023946488872E-05,-0.000106454040164572,0.000363658347744606,-6.57133217711297E-05,-1.98263391857623E-05
3.67028254631499E-05,-2.05478666597615E-05,-0.000106466966107213,0.000362825174412566,-6.5246102871071E-05,-1.7401394500615E-05
3.69544970687742E-05,-2.05930142815999E-05,-0.000106478210175451,0.000361988460188982,-6.47790800640953E-05,-1.49825298315442E-05
3.72055863952627E-05,-2.06378376479063E-05,-0.000106487776568528,0.000361148211544883,-6.43122456582354E-05,-1.25696790770692E-05
3.74560909902824E-05,-2.06823368868482E-05,-0.000106495669440013,0.000360304434533362,-6.384559197617E-05,-1.01627767895482E-05
3.77060084055604E-05,-2.07265121212667E-05,-0.000106501892898246,0.000359457134794471,-6.33791113546819E-05,-7.76175816472883E-06
3.79553361965983E-05,-2.07703634686858E-05,-0.000106506451006786,0.00035860631755998,-6.29127961441119E-05,-5.3665590314805E-06
3.82040719223905E-05,-2.08138910413219E-05,-0.000106509347784846,0.000357751987657984,-6.24466387078147E-05,-2.97711584170481E-06
3.84522131451452E-05,-2.08570949460925E-05,-0.000106510587207721,0.000356894149517383,-6.19806314216116E-05,-5.9336566041983E-07
3.86997574300091E-05,-2.08999752846245E-05,-0.000106510173207211,0.000356032807172217,-6.15147666732449E-05,1.7847538439858E-06
3.89467023447945E-05,-2.09425321532628E-05,-0.000106508109672039,0.000355167964265874,-6.10490368618312E-05,4.15730440933223E-06
3.91930454597091E-05,-2.09847656430776E-05,-0.000106504400448255,0.000354299624055169,-6.05834343973109E-05,6.52434718906335E-06
3.94387843470893E-05,-2.10266758398718E-05,-0.000106499049339644,0.00035342778941429,-6.01179516999021E-05,8.88594276150372E-06
3.96839165811358E-05,-2.10682628241878E-05,-0.000106492060108118,0.000352552462838628,-5.96525811995484E-05,1.12421511389583E-05
3.99284397376517E-05,-2.11095266713146E-05,-0.000106483436474109,0.000351673646448472,-5.91873153353701E-05,1.35930317766593E-05
4.01723513937833E-05,-2.11504674512934E-05,-0.00010647318211695,0.000350791341992599,-5.87221465551112E-05,1.59386435815632E-05
4.04156491277635E-05,-2.11910852289235E-05,-0.000106461300675257,0.000349905550851734,-5.82570673145879E-05,1.82790449210019E-05
4.06583305186568E-05,-2.1231380063768E-05,-0.000106447795747294,0.000349016274041901,-5.77920700771359E-05,2.06142936311899E-05
4.09003931461081E-05,-2.12713520101587E-05,-0.000106432670891347,0.00034812351221766,-5.73271473130547E-05,2.29444470255906E-05
4.11418345900919E-05,-2.13110011172004E-05,-0.000106415929626078,0.000347227265675232,-5.68622914990541E-05,2.52695619031466E-05
4.1382652430665E-05,-2.1350327428776E-05,-0.000106397575430882,0.000346327534355513,-5.63974951176974E-05,2.75896945563738E-05
4.16228442477206E-05,-2.13893309835492E-05,-0.000106377611746235,0.000345424317846988,-5.59327506568434E-05,2.99049007793242E-05
4.18624076207445E-05,-2.1428011814969E-05,-0.000106356041974038,0.00034451761538853,-5.54680506090898E-05,3.22152358754205E-05
4.21013401285735E-05,-2.14663699512724E-05,-0.000106332869477956,0.000343607425872104,-5.5003387471213E-05,3.45207546651632E-05
4.23396393491551E-05,-2.1504405415487E-05,-0.00010630809758375,0.000342693747845366,-5.45387537436075E-05,3.68215114937141E-05
4.25775604894436E-05,-2.15454684844842E-05,-0.000106281007867069,0.000341776639851661,-5.40719470334823E-05,3.91200088395477E-05
4.2814585904735E-05,-2.15828571032198E-05,-0.000106253045309725,0.000340855973973514,-5.36072767395038E-05,4.14113849637353E-05
4.30509707553871E-05,-2.16199230371494E-05,-0.000106223493119829,0.000339931813197865,-5.31426135346766E-05,4.36981593758295E-05
4.32867126134145E-05,-2.16566662885913E-05,-0.000106192354474754,0.000339004154719115,-5.26779499265426E-05,4.59803845926471E-05
4.35218090487862E-05,-2.16930868546642E-05,-0.000106159632515557,0.000338072995398821,-5.22132784234226E-05,4.8258112691989E-05
4.37562576291768E-05,-2.17291847272844E-05,-0.000106125330347279,0.000337138331767786,-5.17485915338832E-05,5.05313953193587E-05
4.39900559197373E-05,-2.17649598931654E-05,-0.000106089451039243,0.000336200160027986,-5.12838817661634E-05,5.28002836947416E-05
4.42232014828678E-05,-2.18004123338182E-05,-0.00010605199762535,0.000335258476054424,-5.08191416276049E-05,5.50648286192846E-05
4.44556918779904E-05,-2.18355420255498E-05,-0.000106012973104366,0.000334313275396875,-5.03543636240783E-05,5.73250804818747E-05
4.46875246613248E-05,-2.18703489394625E-05,-0.000105972380440205,0.00033336455328156,-4.98895402594131E-05,5.95810892656265E-05
4.49186973855537E-05,-2.19048330414361E-05,-0.000105930222562231,0.000332412304613103,-4.94246640353411E-05,6.18329045534913E-05
4.51492076000389E-05,-2.19389942921894E-05,-0.00010588650236545,0.000331456523974549,-4.89597274486165E-05,6.40805755375428E-05
4.53790528499409E-05,-2.19728326471825E-05,-0.000105841222710903,0.000330497205630905,-4.8494722994408E-05,6.63241510209175E-05
4.56082306764366E-05,-2.20063480566776E-05,-0.000105794386425853,0.00032953434352917,-4.80296431625119E-05,6.85636794264462E-05
4.58367386163895E-05,-2.20395404657201E-05,-0.000105745996304065,0.00032856793129985,-4.75644804378178E-05,7.07992088021311E-05
4.60645742021304E-05,-2.20724098141345E-05,-0.000105696055106067,0.000327597962258124,-4.70992272997107E-05,7.30307868270623E-05
4.62917349612385E-05,-2.21049560365206E-05,-0.000105644565559403,0.000326624429404946,-4.66338762214717E-05,7.52584608172435E-05
4.6518218416324E-05,-2.21371790622492E-05,-0.000105591530358882,0.000325647325428058,-4.61684196696795E-05,7.74822777313341E-05
4.67440220848104E-05,-2.21690788154567E-05,-0.000105536952166827,0.000324666642702927,-4.57028501036154E-05,7.97022841763081E-05
4.69691434787183E-05,-2.22006552150406E-05,-0.000105480833613313,0.000323682373293601,-4.52371599746644E-05,8.19185264130291E-05
4.71935801044496E-05,-2.22319081746531E-05,-0.00010542317729641,0.000322694508953489,-4.47713417257181E-05,8.41310503617455E-05
4.74173294625711E-05,-2.22628376026954E-05,-0.000105363985782415,0.000321703041126071,-4.43053877905731E-05,8.63399016075054E-05
4.76403890476008E-05,-2.22934434023109E-05,-0.000105303261606084,0.000320707960945519,-4.38392905933319E-05,8.85451254054957E-05
4.78627563477924E-05,-2.23237254713787E-05,-0.000105241007270858,0.000319709259237258,-4.3373042547797E-05,9.07467666863024E-05
4.8084428844921E-05,-2.23536837025058E-05,-0.000105177225249088,0.000318706926518442,-4.29066360568624E-05,9.29448700610979E-05
4.830540401407E-05,-2.23833179830193E-05,-0.000105111917982254,0.000317700952998367,-4.24400635119033E-05,9.51394798267545E-05
4.85256793234166E-05,-2.24126281949588E-05,-0.000105045087881183,0.000316691328578806,-4.19733172921587E-05,9.73306399708863E-05
4.87452522340187E-05,-2.24416142150668E-05,-0.000104976737326259,0.000315678042854276,-4.15063897641094E-05,9.95183941768202E-05
4.89641201996014E-05,-2.24702759147806E-05,-0.000104906868667637,0.000314661085112234,-4.10392732808521E-05,0.0001017027858285
4.9182280666434E-05,-2.2498613160233E-05,-0.000104835484225416,0.000313640444332613,-4.05719601820261E-05,0.000103883858016625
4.9399731072757E-05,-2.25266258121989E-05,-0.00010476258628996,0.000312616109190331,-4.01044427904803E-05,0.00010606165353793
4.96164688491089E-05,-2.255431372615E-05,-0.000104688177121924,0.000311588068051337,-3.96367134168429E-05,0.00010823621490878
4.98324914177527E-05,-2.25816767522018E-05,-0.000104612258952565,0.000310556308975397,-3.91687643542964E-05,0.000110407584363267
5.0047796192553E-05,-2.26087147351116E-05,-0.000104534833983907,0.000309520819715112,-3.87005878795518E-05,0.000112575803859662
5.02623805787624E-05,-2.26354275142678E-05,-0.000104455904388932,0.000308481587715699,-3.82321762521876E-05,0.000114740915084931
5.04762419728083E-05,-2.26618149236771E-05,-0.000104375472311762,0.000307438600114695,-3.77635217139925E-05,0.00011690295945919
5.06893777620787E-05,-2.26878767919524E-05,-0.000104293539867851,0.000306391843741599,-3.72946164883032E-05,0.0001190619781401
5.09017853247085E-05,-2.27136129422992E-05,-0.000104210109144157,0.000305341305117445,-3.68254527793428E-05,0.000121218012027214
5.11134620293648E-05,-2.27390231925028E-05,-0.000104125182199327,0.000304286970454297,-3.63560227715576E-05,0.000123371101766253
5.13244052350324E-05,-2.27641073549138E-05,-0.000104038761063867,0.000303228825654688,-3.58863186289498E-05,0.000125521287753343
5.15346122907987E-05,-2.27888652364339E-05,-0.000103950847740316,0.000302166856310984,-3.5416332494409E-05,0.000127668610139189
5.17440805356375E-05,-2.28132966385009E-05,-0.000103861444203415,0.00030110104770468,-3.49460564890382E-05,0.000129813108833192
5.19528072981935E-05,-2.28374013570734E-05,-0.000103770552400272,0.000300031384805626,-3.44754827114792E-05,0.000131954823507528
5.21607898965655E-05,-2.28611791826151E-05,-0.000103678174250528,0.00029895785227119,-3.4004603237231E-05,0.000134093793601162
5.23680256380885E-05,-2.28846299000779E-05,-0.000103584311646512,0.000297880434445353,-3.35334101179625E-05,0.000136230058323815
5.25745118191166E-05,-2.2907753288886E-05,-0.000103488966453407,0.000296799115357728,-3.30618953808249E-05,0.00013836365665989
5.27802457248036E-05,-2.29305491229181E-05,-0.000103392140509396,0.000295713878722521,-3.25900510277523E-05,0.000140494627372337
5.29852246288841E-05,-2.29530171704897E-05,-0.000103293835625823,0.000294624707937421,-3.21178690347603E-05,0.000142623009006478
5.3189445793453E-05,-2.29751571943345E-05,-0.000103194053587336,0.000293531586082424,-3.16453413512351E-05,0.000144748839893787
5.33929064687444E-05,-2.29969689515868E-05,-0.000103092796152039,0.000292434495918584,-3.11724598992178E-05,0.000146872158155617
5.359560389291E-05,-2.30184521937609E-05,-0.000102990065051635,0.000291333419886705,-3.06992165726798E-05,0.000148993001706892
5.37975352917958E-05,-2.30396066667321E-05,-0.000102885861991565,0.000290228340105966,-3.02256032367883E-05,0.000151111408259742
5.39986978787363E-05,-2.3060432110719E-05,-0.000102780188651142,0.00028911923837242,-2.97516117270863E-05,0.000153227415327227
5.41990888542588E-05,-2.30809282602522E-05,-0.000102673046683729,0.000288006096157594,-2.92772338491957E-05,0.00015534106022642
5.43987054059633E-05,-2.31010948441686E-05,-0.000102564437716808,0.00028688889460673,-2.88024613774065E-05,0.000157452380082603
5.45975447082247E-05,-2.31209315855796E-05,-0.000102454363352156,0.000285767614537246,-2.83272860543533E-05,0.000159561411832304
5.47956039219826E-05,-2.31404382018506E-05,-0.000102342825165965,0.000284642236436979,-2.78516995901584E-05,0.000161668192226844
5.49928801945114E-05,-2.3159614404579E-05,-0.000102229824708966,0.000283512740462385,-2.73756936616657E-05,0.00016377275783573
5.51893706591897E-05,-2.31784598995705E-05,-0.000102115363506561,0.000282379106436669,-2.68992599116687E-05,0.000165875145050009
5.5385072435268E-05,-2.31969743868146E-05,-0.000101999443058937,0.000281241313847849,-2.64223899481311E-05,0.000167975390085586
5.55799826276355E-05,-2.32151575604614E-05,-0.000101882064841194,0.000280099341846739,-2.59450753434004E-05,0.000170073528986506
5.57740983265853E-05,-2.32330091087953E-05,-0.000101763230303459,0.000278953169244872,-2.54673076334131E-05,0.000172169597628195
5.59674166075777E-05,-2.32505287142102E-05,-0.000101642940871003,0.000277802774512342,-2.49890783168914E-05,0.000174263631720668
5.61599345310023E-05,-2.32677160531834E-05,-0.000101521197944355,0.000276648135775574,-2.45103788545337E-05,0.0001763556668117
5.63516491419391E-05,-2.32845707962483E-05,-0.000101398002899414,0.000275489230815027,-2.40312006681967E-05,0.000178445738289969
5.65425574699167E-05,-2.33010926079679E-05,-0.000101273357087558,0.000274326037062814,-2.35515351400669E-05,0.000180533881388153
5.67326565286702E-05,-2.33172811469061E-05,-0.000101147261835749,0.000273158531600258,-2.3071373611827E-05,0.000182620131186004
5.69219433158961E-05,-2.33331360656004E-05,-0.000101019718446643,0.000271986691155357,-2.25907073838118E-05,0.000184704522613384
5.71104148130067E-05,-2.33486570105318E-05,-0.000100890728198689,0.000270810492100196,-2.2109527714155E-05,0.000186787090453271
5.72980679848814E-05,-2.33638436220957E-05,-0.000100760292346232,0.000269629910448256,-2.16278258179282E-05,0.000188867869344733
5.74848997796171E-05,-2.33786955345719E-05,-0.00010062841211961,0.00026844492185167,-2.11455928662698E-05,0.000190946893785868
5.76709071282762E-05,-2.33932123760934E-05,-0.000100495088725253,0.000267255501598385,-2.06628199855055E-05,0.00019302419813672
5.78560869446326E-05,-2.3407393768615E-05,-0.000100360323345777,0.000266061624609248,-2.0179498256257E-05,0.00019509981662216
5.80404361249158E-05,-2.34212393278815E-05,-0.000100224117140076,0.000264863265435021,-1.96956187125443E-05,0.000197173783334741
5.82239515475528E-05,-2.34347486633949E-05,-0.000100086471243415,0.000263660398253302,-1.92111723408748E-05,0.000199246132237517
5.84066300729079E-05,-2.34479213783808E-05,-9.99473867675168E-05,0.000262452996865375,-1.87261500793237E-05,0.000201316897166849
5.85884685430205E-05,-2.34607570697552E-05,-9.98068648006502E-05,0.000261241034692976,-1.82405428166043E-05,0.000203386111835168
5.87694637813397E-05,-2.34732553280888E-05,-9.96649064077147E-05,0.000260024484774967,-1.77543413911267E-05,0.000205453809833721
5.89496125924582E-05,-2.34854157375741E-05,-9.95215126303195E-05,0.000258803319763972,-1.72675365900363E-05,0.000207520024635165
5.91289117618414E-05,-2.34972378759837E-05,-9.93766844868827E-05,0.000257577511922747,-1.67801191482637E-05,0.00020958478959668
5.93073580555575E-05,-2.35087213146418E-05,-9.92304229726835E-05,0.000256347033120806,-1.62920797475318E-05,0.000211648137961958
5.94849482200012E-05,-2.35198656183809E-05,-9.90827290599585E-05,0.000255111854830622,-1.58034090153917E-05,0.000213710102864322
5.96616789816178E-05,-2.35306703455064E-05,-9.89336036979724E-05,0.000253871948123914,-1.53140975242044E-05,0.000215770717329194
5.98375470466233E-05,-2.35411350477569E-05,-9.87830478130925E-05,0.000252627283667797,-1.48241357901309E-05,0.000217830014276675
6.00125491007219E-05,-2.35512592702653E-05,-9.86310623088606E-05,0.000251377831720852,-1.43335142721089E-05,0.000219888026524108
6.0186681808821E-05,-2.35610425515188E-05,-9.84776480660636E-05,0.0002501235621291,-1.38422233708176E-05,0.000221944786788609
6.03599418147435E-05,-2.35704844233174E-05,-9.83228059428024E-05,0.000248864444321878,-1.33502534276275E-05,0.000224000327689577
6.05323257409364E-05,-2.35795844107333E-05,-9.81665367745587E-05,0.000247600447307627,-1.28575947235388E-05,0.00022605468175118
6.07038301881778E-05,-2.35883420320679E-05,-9.80088413742602E-05,0.000246331539669581,-1.2364237478104E-05,0.000228107881404823
6.08744517352794E-05,-2.35967567988089E-05,-9.78497205323445E-05,0.000245057689561355,-1.18701718483363E-05,0.000230159958991578
6.10441869387871E-05,-2.36048282155867E-05,-9.76891750168207E-05,0.000243778864702435,-1.13753879276062E-05,0.000232210946764612
6.12130323326774E-05,-2.36125557801296E-05,-9.75272055733297E-05,0.000242495032373574,-1.08798757445201E-05,0.000234260876891571
6.13809844280518E-05,-2.36199389832186E-05,-9.73638129252026E-05,0.000241206159412071,-1.03836252617869E-05,0.000236309781456958
6.15480397128265E-05,-2.36269773086409E-05,-9.7198997773518E-05,0.00023991221220696,-9.8866263750658E-06,0.000238357692464479
6.17141946514197E-05,-2.36336702331436E-05,-9.7032760797157E-05,0.000238613156694086,-9.38886891180339E-06,0.000240404641839373
6.18794456844353E-05,-2.36400172263851E-05,-9.6865102652857E-05,0.000237308958351072,-8.89034263005082E-06,0.000242450661430717
6.20437892283424E-05,-2.36460177508871E-05,-9.66960239752639E-05,0.000235999582192182,-8.39103721726571E-06,0.000244495783013711
6.22072216751525E-05,-2.36516712619848E-05,-9.65255253769821E-05,0.00023468499276307,-0.00000789094228909998,0.000246540038291942
6.23697393920915E-05,-2.3656977207777E-05,-9.63536074486242E-05,0.000233365154135412,-7.39004738816828E-06,0.000248583458899624
6.25313387212688E-05,-2.36619350290744E-05,-9.61802707588579E-05,0.000232040029901435,-6.88834198279932E-06,0.000250626076403827
6.26920159793428E-05,-2.36665441593482E-05,-9.60055158544521E-05,0.000230709583168314,-6.3858154657719E-06,0.000252667922306673
6.28517674571817E-05,-2.36708040246766E-05,-9.58293432603209E-05,0.000229373776552461,-5.88245715303131E-06,0.000254709028047521
6.30105894195207E-05,-2.36747140436914E-05,-9.56517534795669E-05,0.000228032572173694,-5.37825628238785E-06,0.00025674942500513
6.31684781046154E-05,-2.36782736275233E-05,-9.54727469935223E-05,0.000226685931649274,-4.87320201219699E-06,0.000258789144499799
6.33254297238901E-05,-2.36814821797456E-05,-9.52923242617888E-05,0.000225333816087828,-4.36728342002074E-06,0.000260828217795497
6.34814404615833E-05,-2.36843390963187E-05,-9.51104857222757E-05,0.000223976186083138,-3.86048950126992E-06,0.000262866676101962
6.36365064743868E-05,-2.36868437655317E-05,-9.49272317912374E-05,0.000222613001707806,-3.35280916782571E-06,0.000264904550576791
6.3790623891083E-05,-2.36889955679442E-05,-9.47425628633085E-05,0.000221244222506785,-2.84423124664259E-06,0.000266941872327508
6.39437888121747E-05,-2.36907938763269E-05,-9.45564793115379E-05,0.000219869807490778,-2.33474447832949E-06,0.000268978672413612
6.40959973095286E-05,-2.36922380556011E-05,-9.43689814874027E-05,0.000218489715129391,-1.82433751585177E-06,0.00027101498184899
6.42472454259338E-05,-2.36933274627775E-05,-9.41800697209144E-05,0.000217103903344612,-1.31299892247927E-06,0.000273050831602306
6.43975291748133E-05,-2.36940614468927E-05,-9.39897443205367E-05,0.000215712329503186,-8.00717171163889E-07,0.00027508625260134
6.45468445397732E-05,-2.36944393489471E-05,-9.37980055732888E-05,0.0002143149504099,-2.87480642477243E-07,0.000277121275733457
6.46951874742258E-05,-2.36944605018389E-05,-9.36048537447534E-05,0.000212911722300138,2.26722376783919E-07,0.000279155931847912
6.48425539009913E-05,-2.36941242302997E-05,-9.34102890791027E-05,0.00021150260083241,7.41903695151651E-07,0.000281190251757778
6.49889397118948E-05,-2.36934298508268E-05,-9.32143117991233E-05,0.000210087541080734,1.25807521806515E-06,0.000283224266241854
6.51343407673576E-05,-2.3692376671616E-05,-9.30169221062386E-05,0.000208666497526854,1.77524894947328E-06,0.000285258006046554
6.5278752895983E-05,-2.36909639924921E-05,-9.28181201805314E-05,0.000207239424052305,2.29343699346301E-06,0.000287291501887774
6.5422171894137E-05,-2.36891911048392E-05,-9.26179061807638E-05,0.000205806273930311,2.81265155591162E-06,0.000289324784452745
6.55645935255228E-05,-2.36870572915292E-05,-9.24162802443968E-05,0.000204366999817516,3.33290494616677E-06,0.000291357884401859
6.57060135207497E-05,-2.36845618268495E-05,-9.22132424876084E-05,0.000202921553745551,3.85420957875298E-06,0.000293390832370479
6.58464275768963E-05,-2.3681703976429E-05,-9.200879300531E-05,0.000201469887112421,4.37657797510417E-06,0.000295423658970729
6.5985831357067E-05,-2.3678482997164E-05,-9.18029318711623E-05,0.000200011950673722,4.90002276532582E-06,0.000297456394793265
6.61242204899432E-05,-2.36748981371414E-05,-9.15956591375893E-05,0.000198547694533672,5.4245566899848E-06,0.000299489070409017
6.62615905693278E-05,-2.36709486355614E-05,-9.13869748357917E-05,0.000197077068135962,5.95019260192913E-06,0.000301521716370923
6.63979371536827E-05,-2.36666337226595E-05,-9.11768789757585E-05,0.000195600020254422,6.47694346813543E-06,0.000303554363215632
6.65332557656612E-05,-2.36619526196258E-05,-9.0965371546278E-05,0.000194116498983486,7.00482237159034E-06,0.000305587041465188
6.66675418916319E-05,-2.36569045385244E-05,-9.07524525149471E-05,0.00019262645172847,7.53384251319981E-06,0.000307619781628694
6.68007909811974E-05,-2.36514886822105E-05,-9.05381218281798E-05,0.000191129825195649,8.06401721373174E-06,0.000309652614203957
6.69329984467053E-05,-2.36457042442466E-05,-9.03223794112147E-05,0.000189626565382124,8.59535991579073E-06,0.000311685569679101
6.70641596627516E-05,-2.36395504088173E-05,-9.01052251681208E-05,0.00018811661756549,9.12788418582692E-06,0.000313718678534166
6.7194269965678E-05,-2.36330263506422E-05,-8.9886658981803E-05,0.000186599926293281,9.66160371617662E-06,0.000315751971242682
6.73233246530608E-05,-2.36261312348882E-05,-8.96666807140055E-05,0.000185076435372207,1.01965323271397E-05,0.000317785478273216
6.74513189831929E-05,-2.36188642170799E-05,-8.94452902053153E-05,0.000183546087857161,1.07326839690911E-05,0.000319819230090901
6.75782481745577E-05,-2.36112244430078E-05,-8.92224872751639E-05,0.000182008826040005,1.12700727246297E-05,0.000321853257158934
6.77041074052951E-05,-2.36032110486368E-05,-8.89982717218277E-05,0.000180464591438118,1.18087128107615E-05,0.000323887589940057
6.782889181266E-05,-2.35948231600115E-05,-8.87726433224285E-05,0.00017891332478271,1.23486185811237E-05,0.000325922258898004
6.79525964924717E-05,-2.35860598931603E-05,-8.85456018329317E-05,0.000177354966006898,1.2889804528245E-05,0.000327957294498927
6.80752164985561E-05,-2.35769203539987E-05,-8.83171469881446E-05,0.000175789454233524,1.34322852858462E-05,0.000329992727212798
6.81967468421896E-05,-2.3567403638226E-05,-8.8087278501694E-05,0.000174216727762555,1.39760756309721E-05,0.00033202858751512
6.83171824914776E-05,-2.35575088312416E-05,-8.7855996066098E-05,0.000172636724059063,1.45211904872637E-05,0.000334064905886875
6.84365183708393E-05,-2.35472350080174E-05,-8.76232993526476E-05,0.000171049379739259,1.50676449259729E-05,0.000336101712817971
6.85547493603673E-05,-2.35365812330112E-05,-8.73891880114764E-05,0.000169454630557945,1.56154541694101E-05,0.000338139038807083
6.86718702952364E-05,-2.35255465600564E-05,-8.71536616715344E-05,0.000167852411394843,1.61646335932178E-05,0.000340176914363263
6.87878759650914E-05,-2.35141300322552E-05,-8.69167199405813E-05,0.000166242656240805,1.67151987289247E-05,0.000342215370007162
6.89027611134245E-05,-2.35023306818689E-05,-8.66783624051771E-05,0.000164625298183728,1.72671652665452E-05,0.000344254436272225
6.90165204369435E-05,-2.34901475302072E-05,-8.64385886306736E-05,0.000163000269394185,1.78205490572281E-05,0.000346294143705843
6.91291485849297E-05,-2.34775795875157E-05,-8.61973981612036E-05,0.000161367501110734,1.83753661159548E-05,0.000348334522870483
6.92406401585856E-05,-2.34646258528602E-05,-8.59547905196707E-05,0.000159726923624932,1.89316326242863E-05,0.000350375604344771
6.93509897103717E-05,-2.34512853140109E-05,-8.57107652077375E-05,0.000158078466266018,1.94893649331624E-05,0.000352417418724544
6.94601917433327E-05,-2.34375569473239E-05,-8.54653217058128E-05,0.000156422057385279,2.00485795657521E-05,0.000354459996623865
6.95682407104135E-05,-2.34234397176196E-05,-8.52184594730395E-05,0.000154757624340075,2.06092932203582E-05,0.000356503368675994
6.96751310137626E-05,-2.34089325780612E-05,-8.49701779472801E-05,0.000153085093477525,2.11715227733756E-05,0.000358547565534326
6.97808570040252E-05,-2.33940344700293E-05,-8.4720476545103E-05,0.000151404390117842,2.17352852823054E-05,0.000360592617873282
6.98854129796241E-05,-2.33787443229952E-05,-8.44693546617672E-05,0.000149715438537312,2.2300597988826E-05,0.000362638556389158
6.99887931860285E-05,-2.3363061054392E-05,-8.42168116712071E-05,0.000148018161950896,2.28674783219212E-05,0.000364685411800932
7.00909918150111E-05,-2.33469835694834E-05,-8.39628469260165E-05,0.000146312482494468,2.34359439010681E-05,0.000366733214851027
7.01920030038925E-05,-2.33305107612302E-05,-8.37074597574316E-05,0.000144598321206658,2.40060125394842E-05,0.000368781996306017
7.02918208347725E-05,-2.33136415101547E-05,-8.34506494753147E-05,0.000142875598010301,2.45777022474382E-05,0.000370831786957297
7.0390439333749E-05,-2.32963746842028E-05,-8.31924153681362E-05,0.000141144231693484,2.51510312356202E-05,0.000372882617621697
7.04878524701229E-05,-2.32787091386034E-05,-8.2932756702957E-05,0.000139404139890171,2.57260179185798E-05,0.000374934519142038
7.05840541555903E-05,-2.32606437157257E-05,-8.26716727254101E-05,0.000137655239060412,2.63026809182266E-05,0.000376987522387646
7.06790382434197E-05,-2.3242177244934E-05,-8.24091626596824E-05,0.000135897444470102,2.68810390673995E-05,0.000379041658254802
7.07727985276163E-05,-2.32233085424401E-05,-8.21452257084951E-05,0.000134130670170305,2.74611114135025E-05,0.000381096957667134
7.08653287420701E-05,-2.32040364111525E-05,-8.18798610530855E-05,0.00013235482897611,2.80429172222124E-05,0.000383153451575954
7.09566225596396E-05,-2.31843596405449E-05,-8.16130678533448E-05,0.000130569832444543,2.86264759751013E-05,0.00038521117096456
7.10466735914758E-05,-2.31642770064204E-05,-8.13448452471663E-05,0.000128775590855273,2.92118074019463E-05,0.00038727014682919
7.11354753858184E-05,-2.31437872708666E-05,-8.10751923513786E-05,0.000126972013182201,2.97989314350514E-05,0.00038933041021366
7.12230214272871E-05,-2.31228891820254E-05,-8.08041082610865E-05,0.000125159007075732,3.03878682525402E-05,0.0003913919921815
7.13093051359035E-05,-2.31015814739436E-05,-8.0531592049813E-05,0.000123336478837267,3.09786382703726E-05,0.000393454923824643
7.13943198661451E-05,-2.30798628664068E-05,-8.02576427694794E-05,0.000121504333395061,3.15712621465646E-05,0.000395519236263325
7.14780589059833E-05,-2.30577320647692E-05,-7.99822594503864E-05,0.000119662474279547,3.21657607854863E-05,0.000397584960645903
7.15605154759043E-05,-2.30351877597812E-05,-7.97054411011937E-05,0.000117810803598078,3.27621553422389E-05,0.000399652128148597
7.16416827279116E-05,-2.30122286274143E-05,-7.94271867089016E-05,0.000115949222009108,3.33604672271175E-05,0.000401720769975137
7.17215537445108E-05,-2.29888533286812E-05,-7.91474952388315E-05,0.000114077628695765,3.39607181101603E-05,0.000403790917356331
7.18001215376759E-05,-2.29650605094549E-05,-7.88663656346078E-05,0.000112195921338826,3.45629299257876E-05,0.000405862601549531
7.1877379047796E-05,-2.29408488002826E-05,-7.8583796818139E-05,0.000110303996089055,3.51671248775313E-05,0.000407935853838012
7.19533191426034E-05,-2.2916216816198E-05,-7.82997876896006E-05,0.000108401747538908,3.57733254428623E-05,0.000410010705530245
7.20279346160813E-05,-2.28911631565286E-05,-7.80143371274174E-05,0.00010648906869358,3.63815543781139E-05,0.000412087187959071
7.2101218187351E-05,-2.28656864047006E-05,-7.77274439882472E-05,0.000104565850941368,3.69918347235081E-05,0.000414165332480767
7.21731624995392E-05,-2.283978512804E-05,-7.74391071069648E-05,0.000102631984023348,3.76041898082837E-05,0.000416245170473999
7.22437601186228E-05,-2.28134578775704E-05,-7.71493252966466E-05,0.000100687356002335,3.82186432559333E-05,0.000418326733338658
7.23130035322526E-05,-2.27867031878059E-05,-7.68580973485568E-05,9.87318532311085E-05,3.8835218989549E-05,0.000420410052494576
7.23808851485547E-05,-2.27595195765423E-05,-7.65654220321335E-05,9.67653603198922E-05,3.94539412372821E-05,0.000422495159380118
7.24473972949086E-05,-2.27319055446425E-05,-7.62712980949769E-05,9.47877601030549E-05,4.0074834537918E-05,0.000424582085450631
7.25125322167025E-05,-2.2703859575819E-05,-7.59757242628374E-05,9.27989336050205E-05,4.06979237465717E-05,0.00042667086217677
7.2576282076064E-05,-2.26753801364124E-05,-7.56786992396065E-05,9.07987600053596E-05,4.13232340405042E-05,0.000428761521042672
7.26386389505668E-05,-2.26464656751656E-05,-7.53802217073071E-05,8.87871166030431E-05,4.19507909250664E-05,0.000430854093543974
7.26995948319118E-05,-2.26171146229936E-05,-7.5080290326087E-05,8.67638787798327E-05,4.2580620239771E-05,0.00043294861118569
7.27591416245833E-05,-2.25873253927496E-05,-7.4778903734213E-05,8.47289199627853E-05,4.32127481644979E-05,0.000435045105479908
7.28172711444777E-05,-2.25570963789862E-05,-7.44760605480665E-05,8.26821115858429E-05,4.3847201225835E-05,0.000437143607943329
7.28739751175059E-05,-2.25264259577127E-05,-7.41717593621417E-05,8.06233230504867E-05,4.4484006303559E-05,0.000439244150094619
7.29292451781683E-05,-2.24953124861471E-05,-7.38659987490449E-05,7.85524216854253E-05,4.512319063726E-05,0.000441346763451582
7.29830728681007E-05,-2.24637543024643E-05,-7.35587772594961E-05,7.64692727052889E-05,4.57647818331121E-05,0.000443451479528135
7.30354496345915E-05,-2.24317497255388E-05,-7.3250093422333E-05,7.43737391683043E-05,4.64088078707955E-05,0.000445558329831086
7.30863668290697E-05,-2.23992970546833E-05,-7.2939945744517E-05,7.22656819329164E-05,4.70552971105739E-05,0.000447667345856696
7.31358157055614E-05,-2.23663945693813E-05,-7.26283327111419E-05,7.0144959613331E-05,4.77042783005301E-05,0.000449778559087027
7.31837874191156E-05,-2.23330405290158E-05,-7.23152527854449E-05,6.80114285339414E-05,4.83557805839639E-05,0.00045189200098606
7.32302730241982E-05,-2.22992331725921E-05,-7.20007044088206E-05,6.58649426826126E-05,4.90098335069586E-05,0.000454007702995576
7.32752634730527E-05,-2.22649707184547E-05,-7.16846860008383E-05,6.37053536627848E-05,4.9666467026118E-05,0.000456125696530791
7.33187496140271E-05,-2.22302513640009E-05,-7.13671959592614E-05,6.15325106443632E-05,5.03257115164791E-05,0.000458246012975733
7.33607221898671E-05,-2.2195073285386E-05,-7.10482326600713E-05,5.93462603133603E-05,5.09875977796061E-05,0.000460368683678353
7.34011718359726E-05,-2.2159434637225E-05,-7.07277944574938E-05,5.71464468202512E-05,5.1652157051869E-05,0.000462493739945358
7.34400890786193E-05,-2.21233335522876E-05,-7.04058796840301E-05,5.4932911727005E-05,5.23194210129115E-05,0.000464621213036754
7.34774643331418E-05,-2.20867681411874E-05,-7.00824866504905E-05,5.27054939527553E-05,5.29894217943147E-05,0.000466751134160097
7.35132879020794E-05,-2.20497364920647E-05,-6.97576136460338E-05,5.04640297180669E-05,5.36621919884604E-05,0.000468883534464421
7.35475499732822E-05,-2.20122366702638E-05,-6.94312589382095E-05,4.82083524877593E-05,5.43377646575989E-05,0.000471018445033853
7.35802406179721E-05,-2.19742667180084E-05,-6.91034207730535E-05,4.59382929127191E-05,5.50161733428166E-05,0.000473155896880978
7.36113497887873E-05,-2.19358246540451E-05,-6.87740973749476E-05,4.36536787675958E-05,5.56974520749222E-05,0.00047529592093889
7.36408673177348E-05,-2.18969084733308E-05,-6.84432869469668E-05,4.13543348919909E-05,5.63816353821729E-05,0.000477438548054648
7.36687829141491E-05,-2.18575161466636E-05,-6.81109876707481E-05,3.90400831251207E-05,5.70687583015027E-05,0.000479583808980998
7.36950861625816E-05,-2.18176456203309E-05,-6.7777197706608E-05,3.67107422411266E-05,5.77588563884395E-05,0.000481731734368057
7.37197665206488E-05,-2.17772948157458E-05,-6.74419151936158E-05,3.43661278822003E-05,5.84519657275526E-05,0.000483882354754557
7.37428133168336E-05,-2.17364616290755E-05,-6.71051382496752E-05,3.20060524899185E-05,5.91481229431488E-05,0.000486035700558649
7.37642157482386E-05,-2.16951439308634E-05,-6.67668649716107E-05,2.96303252347265E-05,5.98473652102296E-05,0.00048819180206823
7.37839628782888E-05,-2.16533395656426E-05,-6.64270934352614E-05,2.72387519435139E-05,6.05497302657124E-05,0.000490350689430778
7.38020436343845E-05,-2.16110463515409E-05,-6.6085821695583E-05,2.48311350252236E-05,6.12552564199279E-05,0.000492512392642678
7.38184468055013E-05,-2.156826207988E-05,-6.57430477867556E-05,2.24072733944241E-05,6.19639825683993E-05,0.000494676941537999
7.38331610397358E-05,-2.15249845147638E-05,-6.53987697223012E-05,1.99669623927881E-05,6.26759482039095E-05,0.000496844365776713
7.38461748417972E-05,-2.14812113926596E-05,-6.50529854952084E-05,1.7509993708404E-05,6.33911934288693E-05,0.000499014694832329
7.3857476570441E-05,-2.14369404219707E-05,-6.47056930780669E-05,1.50361552928535E-05,6.41097589679901E-05,0.000501187957978906
7.38670544358449E-05,-2.13921692825993E-05,-6.43568904232101E-05,1.25452312759815E-05,6.48316861812715E-05,0.000503364184277436
7.38748964969279E-05,-2.1346895625475E-05,-6.40065754626743E-05,1.00370018769262E-05,6.55570170776074E-05,0.000505543402562661
7.38809906585897E-05,-2.13011170722038E-05,-6.36547461091369E-05,7.51124331945924E-06,6.62857943272424E-05,0.000507725641423633
7.38853246689246E-05,-2.12548312144469E-05,-6.33014002549287E-05,4.96772773127339E-06,0.0000670180612776,0.000509910929194632
7.38878861163308E-05,-2.12080356135508E-05,-6.2946535772992E-05,2.40622305412289E-06,6.77538619663246E-05,0.000512099293934315
7.38886624265724E-05,-2.1160727800036E-05,-6.25901505168843E-05,-1.73507055474187E-07,6.84932411363235E-05,0.0005142907634095
7.38876408597694E-05,-2.11129052731023E-05,-6.22322423209873E-05,-2.77170332699652E-06,6.92362442508746E-05,0.000516485365077013
7.38848085073155E-05,-2.1064565500123E-05,-6.18728090007283E-05,-5.38861097958422E-06,6.99829175091067E-05,0.00051868312606465
7.38801522887238E-05,-2.10157059161292E-05,-6.15118483528162E-05,-8.02447982870014E-06,7.07333078618696E-05,0.000520884073151242
7.38736589483966E-05,-2.09663239232809E-05,-6.11493581554903E-05,-1.06795643958898E-05,7.14874630280074E-05,0.000523088232745748
7.38653150523188E-05,-2.09164168903287E-05,-6.07853361687853E-05,-1.33541240217452E-05,7.22454315110556E-05,0.000525295630865354
7.38551069846705E-05,-2.0865982152063E-05,-6.0419780134811E-05,-1.60484229821826E-05,7.30072626163705E-05,0.000527506293112518
7.38430209443591E-05,-2.08150170087506E-05,-6.00526877780487E-05,-1.87627306081465E-05,7.37730064687102E-05,0.000529720244650909
7.38290429414653E-05,-2.07635187255599E-05,-5.96840568056646E-05,-2.1497321408864E-05,7.45427140302812E-05,0.000531937510180189
7.38131587936041E-05,-2.07114845319728E-05,-5.93138849078408E-05,-2.42524751987692E-05,7.53164371192619E-05,0.000534158113909582
7.37953541221952E-05,-2.06589116211835E-05,-5.89421697581259E-05,-2.7028477228231E-05,7.6094228428818E-05,0.000536382079530164
7.37756143486413E-05,-2.06057971494842E-05,-5.85689090138048E-05,-2.98256183182145E-05,7.68761415466242E-05,0.00053860943018582
7.37539246904117E-05,-2.05521382356374E-05,-5.81941003162888E-05,-3.26441949990204E-05,7.76622309749025E-05,0.000540840188442791
7.37302701570284E-05,-2.04979319602331E-05,-5.78177412915279E-05,-3.54845096532397E-05,7.84525521509895E-05,0.00054307437625776
7.37046355459526E-05,-2.04431753650328E-05,-5.7439829550464E-05,-3.83468706630031E-05,7.92471614684785E-05,0.000545312014944337
7.36770054383593E-05,-2.03878654522961E-05,-5.70603626894169E-05,-4.12315925621047E-05,8.00461162987785E-05,0.000547553125138511
7.36473641948211E-05,-2.03319991840968E-05,-5.66793382906759E-05,-4.41389961920446E-05,8.08494750139444E-05,0.000549797726761016
7.36156959508656E-05,-2.02755734816182E-05,-5.6296753922938E-05,-4.70694088638082E-05,8.16572970089527E-05,0.000552045838979578
7.35819846124265E-05,-2.02185852244349E-05,-5.59126071418622E-05,-5.00231645241841E-05,8.24696427254127E-05,0.000554297480168394
7.35462138511768E-05,-2.0161031249778E-05,-5.55268954906352E-05,-5.30006039273933E-05,8.32865736758051E-05,0.000556552667865782
7.35083670997397E-05,-2.01029083517823E-05,-5.51396165005676E-05,-5.60020748121399E-05,8.41081524683468E-05,0.000558811418729815
7.34684275467752E-05,-2.0044213280717E-05,-5.4750767691721E-05,-5.90279320842818E-05,8.49344428325197E-05,0.000561073748491828
7.34263781319381E-05,-1.99849427421979E-05,-5.43603465735679E-05,-6.20785380053253E-05,8.57655096452982E-05,0.000563339671907691
7.33822015407025E-05,-1.99250933963809E-05,-5.39683506456874E-05,-6.51542623869583E-05,8.66014189581099E-05,0.000565609202706718
7.33358801990493E-05,-1.98646618571374E-05,-5.3574777398496E-05,-6.82554827918469E-05,8.74422380245617E-05,0.000567882353538094
7.3287396268012E-05,-1.98036446912088E-05,-5.31796243140175E-05,-7.13825847409291E-05,8.8288035328958E-05,0.000570159135914679
7.32367316380763E-05,-1.97420384173426E-05,-5.27828888666921E-05,-7.45359619274562E-05,8.91388806156451E-05,0.000572439560154048
7.31838679234283E-05,-1.96798395054064E-05,-5.23845685242278E-05,-7.77160164380358E-05,8.99948449192013E-05,0.000574723635316612
7.31287864560473E-05,-1.96170443754809E-05,-5.19846607484959E-05,-8.09231589809502E-05,9.0856000595502E-05,0.000577011369140664
7.30714682796365E-05,-1.95536493969321E-05,-5.15831629964727E-05,-8.41578091220384E-05,9.1722421353683E-05,0.000579302767974179
7.30118941433885E-05,-1.94896508874597E-05,-5.11800727212293E-05,-8.74203955284336E-05,9.25941822890223E-05,0.000581597836703199
7.29500444948755E-05,-1.9425045115312E-05,-5.07753873699817E-05,-9.07113541554229E-05,9.34713690944932E-05,0.000583896571060343
7.28858994769312E-05,-1.93598282825942E-05,-5.03691043999107E-05,-9.40311385660126E-05,9.43540334058679E-05,0.000586198994235204
7.28194389140871E-05,-1.92939965548814E-05,-4.99612212506316E-05,-9.73802008788792E-05,9.52422786208931E-05,0.000588505087592109
7.27506423121605E-05,-1.92275460307809E-05,-4.95517353726973E-05,-0.000100759010040103,9.61361801475098E-05,0.000590814852811445
7.26794888481115E-05,-1.91604727542687E-05,-4.9140644216874E-05,-0.000104168044403402,9.70358196416968E-05,0.000593128287221006
7.26059573630597E-05,-1.90927727114769E-05,-4.87279452369993E-05,-0.000107607792844067,9.79412809525243E-05,0.000595445384695153
7.25300263548731E-05,-1.90244418298882E-05,-4.83136358916445E-05,-0.000111078755327839,9.88526498611168E-05,0.000597766138563325
7.24516739702912E-05,-1.89554759767399E-05,-4.78977136450613E-05,-0.000114581443154994,9.97700138650616E-05,0.000600090538994976
7.23708779968363E-05,-1.88858709578286E-05,-4.74801759685828E-05,-0.000118116379334648,0.000100693462177864,0.000602418573867572
7.22876158547063E-05,-1.88156225164215E-05,-4.70610203430142E-05,-0.000121684098919161,0.000101623085784363,0.000604750228654391
7.22018645884419E-05,-1.87447263321315E-05,-4.66402442610576E-05,-0.000125285149353444,0.000102558977484448,0.000607085486297999
7.2113600857773E-05,-1.86731780192913E-05,-4.62178452270343E-05,-0.000128920090856798,0.000103501231943997,0.000609424327093756
7.20228009289237E-05,-1.86009731258966E-05,-4.57938207602897E-05,-0.00013258949678916,0.000104449945739419,0.000611766728546445
7.19294406652885E-05,-1.85281071322082E-05,-4.53681683968573E-05,-0.000136293954070699,0.000105405217409284,0.000614112665228006
7.183349551782E-05,-1.84545754493458E-05,-4.49408856914154E-05,-0.00014003406367981,0.000106367147514491,0.000616462108590593
7.17349405148255E-05,-1.83803734178508E-05,-4.45119702196946E-05,-0.000143810441742013,0.000107335838741923,0.000618815026403596
7.16337502521076E-05,-1.83054963062257E-05,-4.40814195806668E-05,-0.000147623717631667,0.000108311395775485,0.000621171383585732
7.15298988833077E-05,-1.82299393096552E-05,-4.36492313994117E-05,-0.000151474536214701,0.000109293925481898,0.000623531141839756
7.14233601085235E-05,-1.81536975482343E-05,-4.3215403328527E-05,-0.000155363558471671,0.000110283536994997,0.000625894258726049
7.13141071631617E-05,-1.80767660654369E-05,-4.27799330512373E-05,-0.000159291461630326,0.00011128034174235,0.000628260687817071
7.12021128066935E-05,-1.7999139826641E-05,-4.23428182849875E-05,-0.000163258939635515,0.000112284453501427,0.000630630378526712
7.10873493105876E-05,-1.79208137172821E-05,-4.19040567833193E-05,-0.000167266703687673,0.000113295988465228,0.000633003275904152
7.09697884463342E-05,-1.78417825412904E-05,-4.14636463397462E-05,-0.000171315482781967,0.000114315065305436,0.000635379320405372
7.08494014729365E-05,-1.77620410193724E-05,-4.10215847911706E-05,-0.000175406024273935,0.000115341805238978,0.000637758447655418
7.07261591237182E-05,-1.7681583787061E-05,-4.05778700204389E-05,-0.00017953909447526,0.000116376332098929,0.000640140588202277
7.06000315931306E-05,-1.76004053929958E-05,-4.01324999606375E-05,-0.000183715479259856,0.000117418772404191,0.000642525667251037
7.04709885229034E-05,-1.75185002970021E-05,-3.96854725987282E-05,-0.000187935984700465,0.000118469255433225,0.000644913604386969
7.0338998987871E-05,-1.74358628681992E-05,-3.92367859798257E-05,-0.000192201437725946,0.000119527913299058,0.000647304313280986
7.02040314809277E-05,-1.73524873828024E-05,-3.87864382103168E-05,-0.000196512686818174,0.000120594881029974,0.000649697701386956
7.00660538983011E-05,-1.72683680223745E-05,-3.8334427463931E-05,-0.000200870602709956,0.000121670296646146,0.000652093669606981
6.99250335235196E-05,-1.71834988715167E-05,-3.78807519853146E-05,-0.000205276079137385,0.000122754301245313,0.000654492111953069
6.97809370111965E-05,-1.70978739157194E-05,-3.74254100950385E-05,-0.000209730033611065,0.000123847039088273,0.000656892915184093
6.96337303704673E-05,-1.70114870392679E-05,-3.69684001954693E-05,-0.000214233408212477,0.000124948657685652,0.000659295958417944
6.94833789473019E-05,-1.69243320227547E-05,-3.65097207751611E-05,-0.000218787170439682,0.000126059307891604,0.000661701112732246
6.93298474067784E-05,-1.68364025408581E-05,-3.60493704152894E-05,-0.000223392314070996,0.000127179143996306,0.000664108240732395
6.91730997144641E-05,-1.67476921598891E-05,-3.5587347795514E-05,-0.000228049860073097,0.00012830832382353,0.000666517196100241
6.90130991171473E-05,-1.66581943352686E-05,-3.51236517001619E-05,-0.000232760857545582,0.000129447008831193,0.000668927823116423
6.88498081232106E-05,-1.65679024091062E-05,-3.46582810256449E-05,-0.000237526384698219,0.000130595364213101,0.00067133995615061
6.86831884816881E-05,-1.64768096073612E-05,-3.4191234786454E-05,-0.000242347549885238,0.00013175355900816,0.000673753419132121
6.85132011612133E-05,-1.63849090372731E-05,-3.37225121233196E-05,-0.000247225492666252,0.000132921766208679,0.000676168024979112
6.83398063280084E-05,-1.62921936845989E-05,-3.32521123111721E-05,-0.000252161384919036,0.000134100162873665,0.000678583574998866
6.81629633226153E-05,-1.6198656410522E-05,-3.27800347662763E-05,-0.000257156432011715,0.00013528893024869,0.000680999858258005
6.79826306368593E-05,-1.61042899490427E-05,-3.23062790566846E-05,-0.000262211873996752,0.000136488253882465,0.000683416650901055
6.77987658889017E-05,-1.60090869037208E-05,-3.18308449103077E-05,-0.000267328986886346,0.000137698323754219,0.000685833715443003
6.76113257979189E-05,-1.59130397446111E-05,-3.13537322249273E-05,-0.0002725090839686,0.00013891933440145,0.000688250800012069
6.74202661577294E-05,-1.58161408050452E-05,-3.08749410784309E-05,-0.000277753517185846,0.000140151485052553,0.000690667637548708
6.72255418095048E-05,-1.57183822783527E-05,-3.03944717397749E-05,-0.000283063678570273,0.000141394979762919,0.000693083944953765
6.70271066133366E-05,-1.56197562144225E-05,-2.99123246802487E-05,-0.000288441001748662,0.00014265002755624,0.000695499422186968
6.68249134188606E-05,-1.55202545162274E-05,-2.94285005856914E-05,-0.000293886963511123,0.000143916842569261,0.000697913751308785
6.66189140347036E-05,-1.54198689362156E-05,-2.89430003692415E-05,-0.000299403085451686,0.000145195644201282,0.000700326595462427
6.64090591967657E-05,-1.53185910725966E-05,-2.84558251848138E-05,-0.000304990935683371,0.000146486657268145,0.000702737597792301
6.61952985353514E-05,-1.5216412365551E-05,-2.79669764415083E-05,-0.000310652130630844,0.000147790112160404,0.000705146380294836
6.59775805408913E-05,-1.51133240932633E-05,-2.74764558185274E-05,-0.000316388336908692,0.00014910624500704,0.000707552542597023
6.57558525284667E-05,-1.50093173679054E-05,-2.6984265281283E-05,-0.000322201273282811,0.000150435297842924,0.00070995566065578
6.55300606008711E-05,-1.49043831314688E-05,-2.64904070982778E-05,-0.00032809271272564,0.000151777518781592,0.000712355285374558
6.53001496102261E-05,-1.47985121514824E-05,-2.59948838590098E-05,-0.000334064484566889,0.000153133162192708,0.000714750941130046
6.50660631180531E-05,-1.46916950165972E-05,-2.54976984929007E-05,-0.00034011847674667,0.000154502488884502,0.00071714212420351
6.48277433538191E-05,-1.45839221320787E-05,-2.49988542895094E-05,-0.000346256638173811,0.000155885766290669,0.000719528301108073
6.45851311716546E-05,-1.4475183715098E-05,-2.44983549196235E-05,-0.000352480981200461,0.000157283268663029,0.000721908906807157
6.43381660054635E-05,-1.4365469789956E-05,-2.39962044579513E-05,-0.00035879358421193,0.000158695277268102,0.000724283342812241
6.4086785822116E-05,-1.42547701831357E-05,-2.34924074070159E-05,-0.000365196594344524,0.000160122080589068,0.000726650975154666
6.38309270727064E-05,-1.41430745182121E-05,-2.29869687225063E-05,-0.00037169223033487,0.000161563974532342,0.000729011132219118
6.35705246418679E-05,-1.40303722106528E-05,-2.24798938403457E-05,-0.000378282785507398,0.000163021262638273,0.000731363102429677
6.33055117947949E-05,-1.39166524623988E-05,-2.19711887050947E-05,-0.000384970630913488,0.000164494256297435,0.000733706131778338
6.30358201221994E-05,-1.38019042563654E-05,-2.14608598004569E-05,-0.000391758218621393,0.000165983274969966,0.00073603942118036
6.2761379482842E-05,-1.36861163507546E-05,-2.09489141815198E-05,-0.000398648085173383,0.000167488646409543,0.000738362123646839
6.24821179436011E-05,-1.35692772732081E-05,-2.0435359509028E-05,-0.000405642855215213,0.000169010706890879,0.000740673341257619
6.21979617170499E-05,-1.34513753148411E-05,-1.99202040859968E-05,-0.000412745245307081,0.000170549801440056,0.000742972121919164
6.1908835096138E-05,-1.33323985240385E-05,-1.94034568963261E-05,-0.000419958067933844,0.000172106284068705,0.000745257455893389
6.16146603862004E-05,-1.32123347001632E-05,-1.88851276462415E-05,-0.000427284235711826,0.000173680518009109,0.000747528272072573
6.13153578338791E-05,-1.30911713870631E-05,-1.83652268082496E-05,-0.000434726765816959,0.000175272875951576,0.000749783433986404
6.10108455529097E-05,-1.29688958664209E-05,-1.78437656679991E-05,-0.00044228878463884,0.000176883740282223,0.000752021735515474
6.07010394465733E-05,-1.28454951509298E-05,-1.73207563741937E-05,-0.000449973532677512,0.000178513503320698,0.000754241896288724
6.03858531267595E-05,-1.2720955977345E-05,-1.67962119919879E-05,-0.000457784369690272,0.000180162567555718,0.000756442556736483
6.00651978291638E-05,-1.25952647992935E-05,-1.6270146559607E-05,-0.000465724780115338,0.000181831345879233,0.000758622272773562
5.97389823248198E-05,-1.24684077800011E-05,-1.5742575149136E-05,-0.000473798378772842,0.000183520261815007,0.000760779510078011
5.94071128274693E-05,-1.23403707848232E-05,-1.5213513931262E-05,-0.000482008916869166,0.000185229749741726,0.000762912637932562
5.90694928966518E-05,-1.22111393736237E-05,-1.46829802444562E-05,-0.000490360288319272,0.000186960255108019,0.000765019922590604
5.87260233363979E-05,-1.20806987930492E-05,-1.41509926691103E-05,-0.000498856536399636,0.000188712234636217,0.000767099520125546
5.83766020889608E-05,-1.19490339685823E-05,-1.36175711064892E-05,-0.000507501860763983,0.000190486156514204,0.000769149468719779
5.80211241237679E-05,-1.18161294965517E-05,-1.30827368635899E-05,-0.00051630062482257,0.000192282500569281,0.000771167680339702
5.76594813210008E-05,-1.16819696359859E-05,-1.25465127438381E-05,-0.000525257363522318,0.000194101758422706,0.00077315193174676
5.72915623496534E-05,-1.15465383003761E-05,-1.20089231443108E-05,-0.000534376791539266,0.000195944433619452,0.000775099854781358
5.69172525397241E-05,-1.14098190493506E-05,-1.14699941599414E-05,-0.000543663811911734,0.000197811041728964,0.000777008925855478
5.65364337483755E-05,-1.12717950803345E-05,-1.09297536954916E-05,-0.000553123525130324,0.000199702110410208,0.000778876454579439
5.61489842193725E-05,-1.11324492200905E-05,-1.03882315853974E-05,-0.000562761238721138,0.000201618179436725,0.000780699571445773
5.57547784359315E-05,-1.09917639163466E-05,-9.84545972286783E-06,-0.000572582477332527,0.000203559800671569,0.000782475214478528
5.53536869662589E-05,-1.08497212294163E-05,-9.30147219846918E-06,-0.000582592993361807,0.000205527537985633,0.000784200114752906
5.49455763015139E-05,-1.07063028238986E-05,-8.75630544918614E-06,-0.000592798778144583,0.000207521967108935,0.000785870780677358
5.45303086859314E-05,-1.05614899605537E-05,-8.20999841903971E-06,-0.000603206073728796,0.000209543675402801,0.000787483480917345
5.41077419382894E-05,-1.04152634882739E-05,-7.66259273171953E-06,-0.000613821385272221,0.000211593261542459,0.000789034225832651
5.36777292648126E-05,-1.02676038364056E-05,-7.11413287701758E-06,-0.000624651494074259,0.000213671335092073,0.000790518747278997
5.32401190626621E-05,-1.01184910073605E-05,-6.56466641172638E-06,-0.000635703471278956,0.000215778515957542,0.000791932476614877
5.27947547136973E-05,-9.96790456966379E-06,-6.01424417651995E-06,-0.000646984692269683,0.000217915433696591,0.00079327052073374
5.23414743679646E-05,-9.81582365152921E-06,-5.46292053018605E-06,-0.000658502851778828,0.000220082726663912,0.00079452763592306
5.18801107165869E-05,-9.66222693514013E-06,-4.91075360300738E-06,-0.000670265979729431,0.000222281040964714,0.000795698199329193
5.14104907530968E-05,-9.50709265163452E-06,-4.3578055705045E-06,-0.00068228245783448,0.000224511029188889,0.00079677617778385
5.09324355232732E-05,-9.35039857715334E-06,-3.80414295017746E-06,-0.00069456103695358,0.00022677334888895,0.000797755093717971
5.04457598625103E-05,-9.19212202999694E-06,-3.24983692283808E-06,-0.0007071108552206,0.000229068660764101,0.000798627987860242
4.99502721204887E-05,-9.03223986920826E-06,-2.69496368123742E-06,-0.000719941456933579,0.000231397626503628,0.000799387378381296
4.94457738718266E-05,-8.87072849458167E-06,-2.13960480769674E-06,-0.000733062812214761,0.000233760906241168,0.000800025216108075
4.89320596141039E-05,-8.70756384900346E-06,-1.58384768574572E-06,-0.000746485337361927,0.000236159155549386,0.000800532835383626
4.84089164502328E-05,-8.54272142264624E-06,-1.02778594611051E-06,-0.000760219915917648,0.000238593021918267,0.000800900900108339
4.78761237566185E-05,-8.37617626001887E-06,-4.71519952707723E-07,-0.00077427792034011,0.000241063140626316,0.000801119344433716
4.73334528359511E-05,-8.20790297007891E-06,8.48426682953907E-08,-0.000788671234209198,0.000243570129915285,0.000801177307525715
4.67806665547493E-05,-8.03787574006696E-06,6.41186451549658E-07,-0.000803412274829929,0.000246114585357606,0.000801063061741279
4.62175189635045E-05,-7.86606835307681E-06,1.19738746482255E-06,-0.000818514016127782,0.000248697073300862,0.000800763933486832
4.564375490411E-05,-7.69245421152511E-06,1.75331262035566E-06,-0.000833990011494808,0.000251318123220471,0.000800266215941319
4.50591095982767E-05,-7.51700636537118E-06,2.30881892573299E-06,-0.000849854416489671,0.00025397821884307,0.000799555072726743
4.44633082219674E-05,-7.33969754747989E-06,2.86375266281472E-06,-0.000866122010919712,0.000256677787821593,0.000798614431504799
4.38560654644989E-05,-7.16050021662179E-06,3.41794848927515E-06,-0.000882808219922213,0.000259417189743827,0.000797426866354639
4.32370850735061E-05,-6.97938660945508E-06,3.97122845419773E-06,-0.000899929133495055,0.000262196702208641,0.000795973467654736
4.26060593870753E-05,-6.79632880293527E-06,4.523400918563E-06,-0.000917501523796345,0.000265016504662008,0.000794233698041876
4.19626688547166E-05,-6.61129878878414E-06,5.0742593705536E-06,-0.000935542859373887,0.000267876659635343,0.000792185232854912
4.13065815506176E-05,-6.42426856223746E-06,5.62358112348582E-06,-0.000954071315256543,0.000270777090964977,0.000789803783296398
4.06374526800842E-05,-6.23521022664592E-06,6.17112588572442E-06,-0.000973105777677108,0.000273717558516398,0.000787062900333033
3.99549240866314E-05,-6.0440961174639E-06,6.71663418575231E-06,-0.000992665841754361,0.000276697628833132,0.000783933757162469
3.92586237628674E-05,-5.85089894799272E-06,7.25982563871678E-06,-0.00101277180023883,0.000279716641059098,0.000780384907825464
3.85481653731442E-05,-5.65559198069729E-06,7.8003970361668E-06,-0.001033444620895,0.000282773667359633,0.000776382019309912
3.78231477968805E-05,-5.45814922822394E-06,8.33802023957645E-06,-0.00105470590957161,0.000285867466942148,0.000771887574239174
3.70831547025892E-05,-5.25854568861674E-06,8.87233985696087E-06,-0.00107657785538696,0.000288996432633592,0.000766860540973778
3.63277541693013E-05,-5.05675762107088E-06,9.40297067674145E-06,-0.00109908315353167,0.000292158528782582,0.0007612560077359
3.55564983690191E-05,-4.85276286771906E-06,9.92949483535163E-06,-0.00112224490041055,0.000295351219082162,0.000755024777099078
3.47689233344055E-05,-4.64654122976568E-06,0.0000104514586877,-0.00114608645446654,0.00029857138265212,0.000748112917049788
3.39645488371141E-05,-4.43807490646682E-06,1.0968369349795E-05,-0.00117063125470661,0.000301815216473174,0.000740461264702286
3.31428784095961E-05,-4.22734900723433E-06,1.1479690879158E-05,-0.00119590258718047,0.000305078121961696,0.000732004878775819
3.23033995498748E-05,-4.01435214858169E-06,1.19848400565142E-05,-0.00122192328760005,0.000308354573141025,0.000722672437136936
3.1445584162218E-05,-3.79907715063382E-06,1.24831817272318E-05,-0.00124871536564408,0.000311637963476185,0.000712385576231057
3.05688892845145E-05,-3.58152184677183E-06,1.29740236668347E-05,-0.00127629953391502,0.000314920428083094,0.00070105816992537
2.9672758188134E-05,-3.36169002796031E-06,1.34566109206488E-05,-0.00130469462029148,0.000318192637509174,0.000688595546915365
2.87566219302706E-05,-3.1395925405547E-06,1.39301195807312E-05,-0.00133391683893386,0.000321443558925284,0.000674893647729479
2.78199014707663E-05,-2.9152485627507E-06,1.43936499571761E-05,-0.00136397888994481,0.000324660180095535,0.000659838125642607
2.6862010483936E-05,-2.68868708712533E-06,1.48462191078615E-05,-0.00139488885227359,0.000327827191144777,0.000643303400267573
2.588235902185E-05,-2.45994864009588E-06,1.52867526991406E-05,-0.00142664882823569,0.000330926618906937,0.000625151678901228
2.48803582210194E-05,-2.22908727376428E-06,1.57140761813919E-05,-0.00145925329109711,0.000333937408610429,0.000605231969509609
2.38554262735276E-05,-1.99617286749997E-06,1.61269052870684E-05,-0.00149268708025435,0.000336834948026014,0.000583379120994723
2.28069959317003E-05,-1.76129378138239E-06,1.65238358856753E-05,-0.00152692298137867,0.000339590530096981,0.000559412942401546
2.17345238569345E-05,-1.52455990486478E-06,1.69033332748347E-05,-0.00156191882300465,0.000342170751841156,0.000533137473641961
2.06375021730061E-05,-1.28610614476622E-06,1.72637210456702E-05,-0.00159761401727871,0.000344536850291356,0.000504340507533338
1.95154726367869E-05,-1.04609639514117E-06,1.76031697408898E-05,-0.00163392547295051,0.00034664398093294,0.000472793497692988
1.83680438824389E-05,-8.04728024468393E-07,1.79196856334255E-05,-0.00167074281636132,0.000348440451158884,0.000438252029927219
1.71949122404092E-05,-5.62236904946884E-07,1.82111000924659E-05,-0.00170792287465265,0.000349866931434372,0.000400457087292434
1.59958866462546E-05,-3.18902986765846E-07,1.84750601864282E-05,-0.00174528341104501,0.000350855681103301,0.000359137400019129
1.47709181510259E-05,-7.50563900069362E-08,1.8709021395693E-05,-0.00178259616127722,0.000351329844998429,0.000314013239628221
1.35201344668012E-05,1.68916063379444E-07,1.89102435847709E-05,-0.00181957931364214,0.000351202902171219,0.000264802085377546
1.22438798579317E-05,4.12564017973924E-07,1.90757916985131E-05,-0.00185588971161187,0.0003503783795355,0.000211226652136684
1.09427604073453E-05,6.55366689873945E-07,1.92025430048398E-05,-0.00189111525120417,0.000348749980428013,0.000153025800655679
9.61769430018251E-06,8.96726257549838E-07,1.92872030601424E-05,-0.00192476819899445,0.000346202318131951,8.99688277215066E-05
8.26996613347688E-06,1.13596203769208E-06,1.93263328866431E-05,-0.00195628046894473,0.000342612481310966,2.18735092995157E-05
6.90128343364956E-06,1.37230611004136E-06,1.93163900233067E-05,-0.00198500223834824,0.000337852683642327,-5.13720023031733E-05
5.51383249686022E-06,1.6049012325488E-06,1.92537860310428E-05,-0.00201020560147837,0.000331794254581567,-0.000129783801187084
4.11032939653772E-06,1.83280206051886E-06,1.91349625360296E-05,-0.00203109514627034,0.000324313193941582,-0.000213254475319089
2.69406072586244E-06,2.05498080086805E-06,1.89564868028478E-05,-0.0020468271785275,0.000315297386642363,-0.000301525038373317
1.26890767029772E-06,2.27033840738966E-06,1.87151660877727E-05,-0.00205653860015538,0.000304655281623442,-0.000394159427816504
-1.60653381794116E-07,2.47772215021037E-06,1.84081779300789E-05,-0.00205938558797544,0.000292325442906473,-0.000490524590163409
-1.58958052112733E-06,2.67594988306529E-06,1.80332114286861E-05,-0.00205459221846725,0.000278286144623824,-0.000589779436149642
-3.01233315867561E-06,2.86384072616351E-06,1.75886115006123E-05,-0.00204150844479297,0.000262564072632681,-0.000690878613748628
-4.42298071535549E-06,3.04025111284754E-06,1.70735130180003E-05,-0.00201967081962796,0.000245240822205003,-0.000792598898440478
-5.81535070605608E-06,3.20411418109694E-06,1.64879484084407E-05,-0.0019888531998421,0.000226455878531655,-0.000893588076116529
-7.18320651248209E-06,3.35447987136384E-06,1.58329162921382E-05,-0.00194910168491462,0.000206405630274983,-0.000992426767151573
-8.52044457534241E-06,3.49055273933375E-06,1.51104036976411E-05,-0.00190075539658911,0.000185337476822651,-0.00108770102983272
-9.82129867553513E-06,3.61172342041015E-06,1.4323353280014E-05,-0.00184444339550976,0.00016353729293805,-0.00117808710920142
-1.10805302940189E-05,3.71758943093833E-06,1.3475571927244E-05,-0.00178104781949254,0.000141311956657995,-0.00126243144415132
-1.22935846469186E-05,3.80796347613372E-06,1.25715912668843E-05,-0.00171164498185023,0.000118971471933321,-0.00133980783627192
-1.34567025249135E-05,3.88286983107267E-06,1.16164964564741E-05,-0.00163743807926449,9.68125415684527E-05,-0.00140955257660938
-1.45669832639275E-05,3.94252991481111E-06,1.06157375810077E-05,-0.00155968407670656,7.51040732837597E-05,-0.0014712787488809
-1.56223967520092E-05,3.98733899904726E-06,9.57493961562059E-06,-0.00147962203223257,5.40764748462324E-05,-0.00152486586830689
-1.66217494993011E-05,4.01783715812596E-06,8.49972724394387E-06,-0.00139841387984284,3.39157694632033E-05,-0.00157042887991486
-1.75646153845721E-05,4.03467764573172E-06,7.39557568773279E-06,-0.00131710203262767,1.47619103362707E-05,-0.00160827563965947
-1.84512427156745E-05,4.03859530543348E-06,6.2676929969827E-06,-0.00123658341989526,-3.28956081981869E-06,-0.00163885979299923
-1.92824485909986E-05,4.03037706919966E-06,5.12093516699216E-06,-0.00115759853863038,-2.0183307537373E-05,-0.00166273410910386
-2.00595101542049E-05,4.01083598184854E-06,3.95975227921509E-06,-0.00108073291752018,-3.58984207018808E-05,-0.00168050836978658
-2.07840601564371E-05,3.98078950262133E-06,2.78816154192307E-06,-0.00100642744809697,-5.04420185327457E-05,-0.00169281426101445
-2.14579917618622E-05,3.94104225726498E-06,1.60974201791604E-06,-0.000934994151309441,-6.38429220623945E-05,-0.00170027804661173
-2.20833753621625E-05,3.89237302215593E-06,4.27645687482642E-07,-0.000866634589217647,-7.61458470318225E-05,-0.00170350074010761
-2.26623884684587E-05,3.83552548596301E-06,-7.55380081123516E-07,-0.000801458823200878,-8.74063609201376E-05,-0.00170304490400814
-2.31972585209848E-05,3.77120221427372E-06,-1.93696286229216E-06,-0.000739503467083858,-9.76867083845862E-05,-0.00169942690955354
-2.369021765352E-05,3.70006121066226E-06,-3.1150716641545E-06,-0.000680747960551035,-0.000107052500261936,-0.00169311341591635
-2.41434680100754E-05,3.62271449754987E-06,-4.28798210134378E-06,-0.000625128649138391,-0.000115570191292221,-0.00168452091722316
-2.45591560453039E-05,3.53972820616973E-06,-5.4542420320677E-06,-0.000572550580976419,-0.000123305236033277,-0.00167401738362078
-2.49393542519251E-05,3.45162374683332E-06,-6.61263883127038E-06,-0.000522897131995886,-0.000130320801958019,-0.00166192522587368
-2.52860488809328E-05,3.35887971308684E-06,-7.76216901159405E-06,-0.000476037679676109,-0.000136676923979531,-0.0016485250042152
-2.56011323890329E-05,3.26193425001792E-06,-8.90201055165584E-06,-0.000431833591646821,-0.000142429997866929,-0.00163405946526819
-2.58863995393586E-05,3.16118768197085E-06,-1.00314980575219E-05,-0.000390142801425808,-0.000147632526389509,-0.00161873762142383
-2.61435462638109E-05,3.05700524949127E-06,-1.11501007151746E-05,-0.000350823227323252,-0.000152333048383342,-0.00160273868720763
-2.63741705647394E-05,2.94971984831083E-06,-1.22574028926131E-05,-0.000313735262325114,-0.000156576195867652,-0.00158621576092788
-2.65797748806235E-05,2.83963469673338E-06,-1.33530871917289E-05,-0.000278743530376804,-0.000160402837114743,-0.00156929919238061
-2.6761769464969E-05,2.72702588312007E-06,-1.44369197233908E-05,-0.000245718072147131,-0.000163850274089303,-0.00155209961332212
-2.69214764297071E-05,2.61214476442398E-06,-1.55087373683441E-05,-0.00021453509366069,-0.000166952471047629,-0.00153471063107137
-2.70601341884978E-05,2.49522020006446E-06,-1.65684367964333E-05,-0.000185077384877029,-0.000169740297639636,-0.00151721120018936
-2.71789021012773E-05,2.37646061539824E-06,-1.7615965027996E-05,-0.000157234493144692,-0.000172241774843702,-0.00149966769556985
-2.72788651734519E-05,2.25605589626617E-06,-1.86513113350548E-05,-0.000130902718131274,-0.000174482315810842,-0.00148213571440854
-2.73610387057774E-05,2.13417911852836E-06,-1.967450031732E-05,-0.00010598497937637,-0.000176484956510274,-0.00146466163545011
-2.74263728187808E-05,2.01098812313725E-06,-2.06855859744674E-05,-8.23905964676699E-05,-0.00017827057300951,-0.00144728396392383
-2.74757568036518E-05,1.8866269446894E-06,-2.16846466523735E-05,-6.00350114746768E-05,-0.000179858083724194,-0.00143003448822602
-2.75100232669897E-05,1.76122710536141E-06,-2.26717807312781E-05,-3.88394765153506E-05,-0.000181264635905087,-0.00141293927291647
-2.75299520505649E-05,1.63490878440025E-06,-2.36471029553934E-05,-0.0000187307204682,-0.00018250577694909,-0.0013960195109628
-2.75362739175724E-05,1.50778187451417E-06,-2.46107413071073E-05,3.59387789534843E-07,-0.000183595609879064,-0.00137929225156027
-2.75296740055337E-05,1.37994693479851E-06,-2.55628343537733E-05,1.84941746707507E-05,-0.000184546934595745,-0.00136277102382134
-2.75107950484037E-05,1.25149605057783E-06,-2.65035289926149E-05,3.5732489653214E-05,-0.00018537137580033,-0.00134646636999615
-2.74802403754012E-05,1.12251360886395E-06,-2.74329785381564E-05,5.21290202090038E-05,-0.000186079498357286,-0.00133038630111506
-2.74385766962289E-05,9.93076997534485E-07,-2.83513411039234E-05,6.77345916796059E-05,-0.000186680911206936,-0.00131453668627572
-2.73863366837749E-05,8.63257236192458E-07,-2.92587782330918E-05,8.25964505370672E-05,-0.000187184360841887,-0.00129892158522558
-2.73240213660994E-05,7.33119545421618E-07,-3.01554537430697E-05,9.67585303346658E-05,-0.000187597815320341,-0.00128354353246936
-2.72521023397177E-05,6.02723860513943E-07,-3.10415327536738E-05,0.000110261700179186,-0.000187928539953133,-0.00126840377945364
-2.7171023816444E-05,4.72125295663536E-07,-3.19171808689896E-05,0.000123143996065722,-0.000188183164514507,-0.00125350250219862
-2.70812045155029E-05,3.41374564260422E-07,-3.27825634930034E-05,0.000135440835500045,-0.000188367744340465,-0.00123883897988987
-2.6983039411675E-05,2.10518357563758E-07,-3.3637845263576E-05,0.000147185216173148,-0.00018848781522402,-0.00122441174350952
-2.68769013514774E-05,7.95996888707247E-08,-3.44831895755592E-05,0.000158407899557761,-0.00018854844224478,-0.00121021870584119
-2.67631425463066E-05,-5.13417954397903E-08,-3.53187581923298E-05,0.000169137580349108,-0.0001885542638892,-0.00119625727159396
-2.66420959527692E-05,-1.82269533623862E-07,-3.61447109261753E-05,0.000179401042616817,-0.000188509531678331,-0.00118252443135875
-2.6514076548882E-05,-3.13149792439924E-07,-3.69612053792661E-05,0.000189223303618617,-0.000188418145809015,-0.00116901684171781
-2.63793825144252E-05,-4.43951434506346E-07,-3.77683967360414E-05,0.000198627746172118,-0.000188283687230497,-0.00115573089350468
-2.62382963230932E-05,-5.74645706806633E-07,-3.85664375993805E-05,0.000207636240448764,-0.000188109446532602,-0.00114266276991272
-2.60910857535787E-05,-7.05206048178342E-07,-3.93554778636162E-05,0.000216269256007733,-0.000187898449981934,-0.00112980849591333
-2.5938004825621E-05,-8.35607914325082E-07,-4.01356646212825E-05,0.00022454596487141,-0.000187653483004894,-0.0011171639801849
-2.57792946681739E-05,-9.65828617637803E-07,-4.09071420925606E-05,0.000232484336298709,-0.00018737711138768,-0.00110472505071792
-2.56151843236366E-05,-1.09584718170534E-06,-4.16700515816417E-05,0.000240101224022927,-0.000187071700427944,-0.00109248748486945
-2.5445891494349E-05,-1.22564420813088E-06,-4.24245314502138E-05,0.000247412446509982,-0.000186739432253195,-0.00108044703474933
-2.52716232355203E-05,-1.35520175486269E-06,-4.3170717107557E-05,0.000254432860842608,-0.000186382321494183,-0.00106859944856527
-2.50925765989074E-05,-1.48450322488742E-06,-4.39087410142286E-05,0.00026117643075793,-0.000186002229482122,-0.00105694048850686
-2.49089392311344E-05,-1.61353326431411E-06,-4.46387326971101E-05,0.000267656289327449,-0.000185600877120204,-0.00104546594566065
-2.47208899302114E-05,-1.74227766897558E-06,-4.53608187739058E-05,0.000273884796728114,-0.000185179856563753,-0.00103417165237884
-2.45285991634919E-05,-1.87072329878164E-06,-4.60751229855598E-05,0.000279873593516614,-0.000184740641828272,-0.00102305349246326
-2.43322295502301E-05,-1.9988579990021E-06,-4.67817662345449E-05,0.000285633649777698,-0.000184284598433409,-0.00101210740948672
-2.41319363110478E-05,-2.12667052813196E-06,-4.74808666294272E-05,0.000291175310504265,-0.000183812992176443,-0.00100132941349574
-2.39278676873975E-05,-2.25415049138052E-06,-4.81725395325291E-05,0.000296508337505559,-0.000183326997123144,-0.00099071558635885
-2.37201653328963E-05,-2.38128827955571E-06,-4.88568976114235E-05,0.000301641948144543,-0.000182827702890356,-0.00098026208593506
-2.35089646788131E-05,-2.50807501276099E-06,-4.95340508928587E-05,0.000306584851161327,-0.000182316121289842,-0.0009699651492437
-2.32943952756208E-05,-2.63450248850216E-06,-5.0204106818581E-05,0.000311345279823213,-0.000181793192394311,-0.00095982109478197
-2.30765811123909E-05,-2.76056313382199E-06,-5.08671703025081E-05,0.000315931022620188,-0.000181259790080658,-0.00094982632411756
-2.28556409156669E-05,-2.88624996111743E-06,-5.15233437887893E-05,0.000320349451705671,-0.000180716727099735,-0.000939977322866185
-2.26316884293158E-05,-3.01155652732578E-06,-5.21727273103581E-05,0.000324607549265032,-0.000180164759716928,-0.000930270661148686
-2.24048326767399E-05,-3.13647689619633E-06,-5.28154185476465E-05,0.000328711931978572,-0.000179604591963422,-0.000920702993609364
-2.21751782066859E-05,-3.2610056034061E-06,-5.34515128872636E-05,0.000332668873731837,-0.000179036879533795,-0.000911271059064589
-2.19428253240058E-05,-3.38513762418585E-06,-5.40811034798989E-05,0.000336484326709347,-0.000178462233362793,-0.000901971679849891
-2.17078703059838E-05,-3.50886834349287E-06,-5.47042812985243E-05,0.000340163941006964,-0.00017788122290904,-0.000892801760898855
-2.14704056058351E-05,-3.6321935282046E-06,-5.53211351950369E-05,0.000343713082868764,-0.00017729437917357,-0.000883758288623992
-2.12305200438288E-05,-3.75510930140547E-06,-5.59317519564847E-05,0.000347136851663001,-0.000176702197475588,-0.000874838329619316
-2.09882989870652E-05,-3.87761211850745E-06,-5.65362163602575E-05,0.000350440095691507,-0.000176105140007341,-0.000866039029225474
-2.07438245186511E-05,-3.99969874507332E-06,-5.71346112282409E-05,0.000353627426922468,-0.000175503638187341,-0.000857357609984723
-2.04971755969959E-05,-4.12136623620938E-06,-5.77270174798667E-05,0.000356703234728505,-0.000174898094829425,-0.000848791370010213
-2.02484282058891E-05,-4.24261191740508E-06,-5.83135141840074E-05,0.000359671698705175,-0.000174288886143474,-0.000840337681290554
-1.9997655495976E-05,-4.36343336670783E-06,-5.88941786096757E-05,0.000362536800638821,-0.00017367636358218,-0.000831993987947575
-1.97449279181774E-05,-4.48382839814127E-06,-5.94690862755526E-05,0.000365302335687305,-0.000173060855546602,-0.000823757804461891
-1.94903133497124E-05,-4.60379504620924E-06,-6.00383109980255E-05,0.00036797192283012,-0.000172442668963989,-0.00081562671388309
-1.92338772128781E-05,-4.72333155155988E-06,-6.0601924938482E-05,0.000370549014645497,-0.000171822090743913,-0.00080759836602641
-1.89756825874846E-05,-4.84243634751708E-06,-6.11599986488494E-05,0.000373036906457697,-0.000171199389130025,-0.000799670475676644
-1.87157903170292E-05,-4.9611080475679E-06,-6.17126011161407E-05,0.000375438744904513,-0.000170574814949011,-0.000791840820799415
-1.84542591091337E-05,-5.07934543367473E-06,-6.22597998057139E-05,0.000377757535964371,-0.000169948602769067,-0.000784107240768743
-1.81911456305837E-05,-5.19714744536233E-06,-6.28016607033073E-05,0.000379996152481825,-0.000169320971974,-0.000776467634616225
-1.79265045973053E-05,-5.31451316952347E-06,-6.3338248355868E-05,0.000382157341226785,-0.000168692127759764,-0.000768919959306267
-1.76603888595925E-05,-5.43144183089146E-06,-6.38696259111923E-05,0.000384243729520031,-0.000168062262059619,-0.000761462228040982
-1.73928494828748E-05,-5.5479327831319E-06,-6.43958551564011E-05,0.000386257831455099,-0.000167431554403531,-0.000754092508597703
-1.71239358242963E-05,-5.6639855005101E-06,-6.49169965552714E-05,0.000388202053744287,-0.000166800172716936,-0.000746808921701418
-1.68536956053587E-05,-5.7795995700934E-06,-6.54331092844514E-05,0.00039007870121444,-0.000166168274063572,-0.00073960963943393
-1.65821749808614E-05,-5.89477468445115E-06,-6.59442512685835E-05,0.000391889981976235,-0.000165536005336659,-0.00073249288368109
-1.63094186043596E-05,-6.00951063481792E-06,-6.64504792143627E-05,0.00039363801228889,-0.000164903503902375,-0.000725456924619042
-1.60354696903436E-05,-6.12380730468822E-06,-6.69518486435569E-05,0.000395324821140615,-0.000164270898199235,-0.00071850007924011
-1.57603700733309E-05,-6.23766466381271E-06,-6.74484139250183E-05,0.000396952354563596,-0.000163638308296688,-0.000711620709918676
-1.54841602638987E-05,-6.35108276263064E-06,-6.79402283059766E-05,0.000398522479701758,-0.000163005846415649,-0.000704817223013511
-1.52068795027205E-05,-6.46406172674553E-06,-6.84273439410538E-05,0.000400036988642456,-0.000162373617415681,-0.000698088067528368
-1.49285658105242E-05,-6.57660175233921E-06,-6.89098119230062E-05,0.000401497602039721,-0.000161741719246591,-0.000691431733775616
-1.46492560370986E-05,-6.6887031012775E-06,-6.93876823099087E-05,0.000402905972525987,-0.000161110243373169,-0.000684846752115992
-1.43689859072512E-05,-6.8003660968069E-06,-6.9861004152799E-05,0.000404263687938034,-0.000160479275170531,-0.000678331691718663
-1.40877900647366E-05,-6.91159111945533E-06,-7.03298255222094E-05,0.000405572274363999,-0.000159848894293897,-0.000671885159363171
-1.38057021141288E-05,-7.02237860318159E-06,-7.07941935338806E-05,0.000406833199023482,-0.000159219175024373,-0.000665505798278823
-1.35227546607472E-05,-7.13272903175671E-06,-7.12541543736812E-05,0.000408047872991124,-0.000158590186592418,-0.000659192287020776
-1.32389793487434E-05,-7.24264293536293E-06,-7.17097533217598E-05,0.000409217653773323,-0.000157961993480595,-0.000652943338381979
-1.29544068974467E-05,-7.35212088739601E-06,-7.21610347759536E-05,0.000410343847747059,-0.000157334655707022,-0.000646757698340137
-1.26690671360618E-05,-7.46116350145813E-06,-7.26080422744778E-05,0.000411427712469228,-0.000156708229090874,-0.000640634145038792
-1.23829890368048E-05,-7.56977142852922E-06,-7.30508185179188E-05,0.000412470458864318,-0.000156082765501183,-0.000634571487801643
-1.20962007466911E-05,-7.67794535425693E-06,-7.34894053903559E-05,0.000413473253297328,-0.000155458313090364,-0.00062856856618189
-1.18087296172699E-05,-7.7856859966478E-06,-7.39238439808242E-05,0.000414437219541143,-0.000154834916511799,-0.000622624249029371
-1.15206022343303E-05,-7.89299410341609E-06,-7.43541746021607E-05,0.000415363440638439,-0.000154212617126713,-0.000616737433615408
-1.12318444450454E-05,-7.99987044996068E-06,-7.47804368112317E-05,0.000416252960672652,-0.000153591453195641,-0.000610907044759915
-1.09424813845698E-05,-8.10631583722638E-06,-7.52026694275755E-05,0.000417106786446976,-0.000152971460059509,-0.000605132034000814
-1.06525375013698E-05,-8.21233108973602E-06,-7.56209105516747E-05,0.000417925889079239,-0.000152352670309434,-0.000599411378788447
-1.03620365814745E-05,-8.31791705373674E-06,-7.60351975826794E-05,0.000418711205517065,-0.000151735113946256,-0.000593744081706843
-1.00710017717008E-05,-8.42307459545397E-06,-7.6445567235598E-05,0.000419463639977859,-0.000151118818530473,-0.000588129169720964
-9.77945560190322E-06,-8.52780459944591E-06,-7.68520555579745E-05,0.000420184065317851,-0.000150503809323195,-0.000582565693449076
-9.48742000629704E-06,-8.63210796705348E-06,-7.72546979460689E-05,0.000420873324334209,-0.000149890109418706,-0.00057705272645942
-9.19491634389862E-06,-8.73598561493926E-06,-7.76535291605571E-05,0.000421532231003912,-0.000149277739869161,-0.000571589364590359
-8.90196541812657E-06,-8.83943847371038E-06,-7.80485833417668E-05,0.000422161571662926,-0.00014866671980194,-0.000566174725293192
-8.60858749546795E-06,-8.94246748666843E-06,-7.84398940246453E-05,0.000422762106129138,-0.000148057066529807,-0.000560807946994304
-8.31480232406359E-06,-9.04507360839503E-06,-7.8827494152389E-05,0.000423334568770908,-0.000147448795656151,-0.000555488188491295
-8.02062915020827E-06,-9.14725780388513E-06,-7.92114160914656E-05,0.000423879669527225,-0.000146841921171091,-0.00055021462834387
-7.72608673551992E-06,-9.24902104726848E-06,-7.95916916444158E-05,0.000424398094878028,-0.000146236455545018,-0.00054498646431012
-7.43119337277046E-06,-9.35036432083222E-06,-7.99683520631716E-05,0.000424890508770388,-0.000145632409815245,-0.000539802912788966
-7.13596690122482E-06,-9.45128861405469E-06,-8.03414280618147E-05,0.000425357553501676,-0.000145029793667999,-0.000534663208283534
-6.84042472138023E-06,-9.55179492269403E-06,-8.0710949828967E-05,0.000425799850562199,-0.000144428615515714,-0.000529566602882232
-6.54458380913436E-06,-9.65188424792935E-06,-8.10769470398277E-05,0.000426218001439413,-0.000143828882569938,-0.000524512365756918
-6.2484607294075E-06,-9.75155759555076E-06,-8.14394488678674E-05,0.00042661258838573,-0.000143230600910097,-0.000519499782677543
-5.95207164924376E-06,-9.85081597519606E-06,-8.17984839961905E-05,0.000426984175151786,-0.000142633775548384,-0.000514528155542693
-5.65543235041429E-06,-9.94966039963092E-06,-8.21540806285771E-05,0.000427333307686946,-0.000142038410490999,-0.00050959680192547
-5.35855824154516E-06,-1.00480918840706E-05,-8.25062665002148E-05,0.000427660514808732,-0.00014144450879595,-0.000504705054634162
-5.06146436979068E-06,-1.01461114455408E-05,-8.28550688881302E-05,0.000427966308842721,-0.000140852072627634,-0.000499852261287183
-4.76416543207206E-06,-1.02437201022746E-05,-8.32005146213301E-05,0.000428251186234433,-0.000140261103308379,-0.000495037783901777
-4.46667578590038E-06,-1.03409188731457E-05,-8.35426300906618E-05,0.000428515628134579,-0.000139671601367123,-0.000490260998495992
-4.16900945980238E-06,-1.04377087771324E-05,-8.38814412584014E-05,0.000428760100959023,-0.000139083566585406,-0.000485521294703458
-3.87118016336534E-06,-1.0534090832815E-05,-8.42169736675787E-05,0.000428985056924677,-0.000138496998040832,-0.000480818075400508
-3.57320129691814E-06,-1.06300660579004E-05,-8.45492524510479E-05,0.000429190934562541,-0.000137911894148137,-0.000476150756345219
-3.27508596086352E-06,-1.07256354687759E-05,-8.48783023403109E-05,0.000429378159208966,-0.000137328252698019,-0.000471518765827921
-2.97684696467652E-06,-1.08208000800885E-05,-8.52041476741021E-05,0.00042954714347622,-0.000136746070893841,-0.000466921544332804
-2.6784968356512E-06,-1.0915560904328E-05,-8.55268124066696E-05,0.000429698287703243,-0.000136165345386411,-0.000462358544211105
-2.38004782699972E-06,-1.10099189515399E-05,-8.58463201161961E-05,0.000429831980388172,-0.000135586072306485,-0.000457829229360233
-2.08151192633973E-06,-1.11038752288475E-05,-8.61626940122735E-05,0.000429948598601992,-0.00013500824729626,-0.000453333074921639
-1.782900863218E-06,-1.11974307402076E-05,-8.64759569438978E-05,0.000430048508386111,-0.000134431865538434,-0.000448869566979457
-1.48422611670494E-06,-1.12905864860807E-05,-8.67861314068953E-05,0.000430132065133259,-0.000133856921784048,-0.00044443820227287
-1.1854989226617E-06,-1.13833434631396E-05,-8.70932395512243E-05,0.000430199613952998,-0.000133283410378768,-0.000440038487916505
-8.86730280758743E-07,-1.14757026639971E-05,-8.73973031880852E-05,0.000430251490022486,-0.000132711325287752,-0.000435669941129467
-5.87930961255416E-07,-1.15676650769498E-05,-8.76983437968464E-05,0.000430288018923172,-0.000132140660119187,-0.000431332088972715
-2.89111511550859E-07,-1.16592316857382E-05,-8.79963825317898E-05,0.000430309516964064,-0.000131571408146555,-0.000427024468094484
9.71773748541402E-09,-1.17504034693213E-05,-8.82914402286823E-05,0.00043031629149219,-0.000131003562329712,-0.000422746624483475
3.0854666539422E-07,-1.18411814016662E-05,-8.85835374111792E-05,0.000430308641190818,-0.000130437115334844,-0.000418498113229547
6.07365356210271E-07,-1.19315664515507E-05,-8.88726942970631E-05,0.000430286856366005,-0.000129872059553346,-0.000414278498291657
9.06164092740985E-07,-1.20215595823783E-05,-8.91589308043246E-05,0.000430251219221978,-0.00012930838711971,-0.000410087352272788
1.20493335103261E-06,-1.21111617520063E-05,-8.94422665570887E-05,0.000430202004125862,-0.000128746089928444,-0.000405924256201638
1.50366379501696E-06,-1.22003739125844E-05,-8.97227208913925E-05,0.000430139477862209,-0.000128185159650103,-0.000401788799320828
1.80234627133107E-06,-1.22891970104048E-05,-9.0000312860817E-05,0.000430063899877797,-0.000127625587746463,-0.000397680578881421
2.10097180430392E-06,-1.23776319857619E-05,-9.02750612419795E-05,0.000429975522517101,-0.00012706736548488,-0.000393599199943526
2.39953159110349E-06,-1.24656797728223E-05,-9.05469845398889E-05,0.000429874591248865,-0.0001265104839519,-0.000389544275182788
2.69801699703806E-06,-1.25533412995035E-05,-9.08161009931684E-05,0.000429761344884141,-0.000125954934066129,-0.00038551542470257
2.99641955100622E-06,-1.2640617487362E-05,-9.10824285791503E-05,0.000429636015786174,-0.00012540070659043,-0.000381512275851623
3.29473094108969E-06,-1.27275092514887E-05,-9.13459850188458E-05,0.000429498830072481,-0.000124847792143461,-0.000377534463047081
3.5929430102842E-06,-1.28140175004127E-05,-9.16067877817934E-05,0.000429350007809441,-0.000124296181210604,-0.000373581627602582
3.89104775236273E-06,-1.29001431360127E-05,-9.18648540907902E-05,0.000429189763199738,-0.000123745864154311,-0.000369653417561364
4.18903730786639E-06,-1.29858870534348E-05,-9.21202009265083E-05,0.000429018304762934,-0.000123196831223889,-0.000365749487534155
4.48690396021895E-06,-1.30712501410169E-05,-9.23728450320011E-05,0.000428835835509477,-0.000122649072564773,-0.000361869498541714
4.78464013195942E-06,-1.31562332802202E-05,-9.26228029171007E-05,0.000428642553108403,-0.000122102578227297,-0.000358013117861856
5.08223838108922E-06,-1.32408373455658E-05,-9.2870090862712E-05,0.00042843865004901,-0.000121557338174996,-0.000354180018880826
5.37969139758564E-06,-1.3325063204593E-05,-9.3114724925049E-05,0.000428224313796733,-0.000121013342292369,-0.000350369880948197
5.67699199974167E-06,-1.34089117177435E-05,-9.33567209395456E-05,0.000427999726943448,-0.000120470580392654,-0.000346582389239188
5.97413313116806E-06,-1.34923837384099E-05,-9.35960945251263E-05,0.000427765067352467,-0.000119929042224372,-0.000342817234614218
6.27110785733434E-06,-1.35754801128292E-05,-9.38328610879262E-05,0.000427520508298433,-0.000119388717478275,-0.000339074113488975
6.56790936248576E-06,-1.3658201680061E-05,-9.40670358251491E-05,0.000427266218602291,-0.000118849595793563,-0.00033535272770481
6.8645309465957E-06,-1.37405492719537E-05,-9.42986337287917E-05,0.000427002362761553,-0.000118311666763821,-0.000331652784403377
7.16096602240716E-06,-1.38225237131148E-05,-9.45276695892821E-05,0.000426729101076037,-0.000117774919942645,-0.000327973995904721
7.45720811256024E-06,-1.39041258208852E-05,-9.47541579990339E-05,0.000426446589769267,-0.000117239344848948,-0.000324316079588711
7.75325084680227E-06,-1.39853564053165E-05,-9.49781133559205E-05,0.000426154981105699,-0.000116704930971974,-0.000320678757779708
8.04908795927797E-06,-1.40662162691523E-05,-9.51995498666692E-05,0.000425854423503944,-0.000116171667776035,-0.000317061757634379
8.34471328589689E-06,-1.41467062078122E-05,-9.54184815501788E-05,0.000425545061646131,-0.000115639544704972,-0.000313464811032541
8.64012076177558E-06,-1.42268270093797E-05,-9.56349222407629E-05,0.000425227036583577,-0.000115108551186381,-0.000309887654470953
8.93530441875191E-06,-1.43065794545915E-05,-9.58488855913198E-05,0.000424900485838888,-0.000114578676635588,-0.000306330028959958
9.23025838296885E-06,-1.43859643168307E-05,-9.60603850764319E-05,0.000424565543504644,-0.000114049910459402,-0.000302791679922888
9.52497687252603E-06,-1.44649823621223E-05,-9.6269433995396E-05,0.000424222340338791,-0.000113522242059656,-0.000299272357098142
9.81945419519608E-06,-1.45436343491304E-05,-9.64760454751869E-05,0.000423871003856858,-0.000112995660836535,-0.000295771814443859
1.01136847462042E-05,-1.46219210291587E-05,-9.66802324733553E-05,0.000423511658421136,-0.000112470156191721,-0.000292289810045109
1.04076630060683E-05,-1.46998431461523E-05,-9.6882007780862E-05,0.000423144425326919,-0.000111945717531344,-0.000288826106023516
1.07013835384985E-05,-1.47774014367016E-05,-9.70813840248506E-05,0.000422769422885918,-0.000111422334268757,-0.000285380468449243
1.09948409883534E-05,-1.48545966300488E-05,-9.72783736713596E-05,0.000422386766506967,-0.000110899995827155,-0.000281952667255277
1.12880300796512E-05,-1.49314294480949E-05,-9.74729890279758E-05,0.000421996568774105,-0.000110378691642017,-0.000278542476153933
1.15809456136346E-05,-1.50079006054095E-05,-9.76652422464304E-05,0.000421598939522147,-0.000109858411163412,-0.000275149672555521
1.18735824668871E-05,-1.50840108092415E-05,-9.78551453251395E-05,0.000421193985909824,-0.000109339143858153,-0.000271774037489113
1.21659355894995E-05,-1.51597607595315E-05,-9.80427101116901E-05,0.000420781812490599,-0.000108820879211813,-0.000268415355525345
1.24580000030503E-05,-1.52351511488642E-05,-9.82279483051254E-05,0.000420362521281579,-0.00010830360673111,-0.000265073414703935
1.27497707998037E-05,-1.5310182662729E-05,-9.84108714589203E-05,0.00041993621182842,-0.000107787315943717,-0.00026174800644925
1.30412431396117E-05,-1.5384855979167E-05,-9.85914909824188E-05,0.000419502981271681,-0.000107271996402891,-0.000258438925515308
1.33324122492017E-05,-1.54591717690348E-05,-9.87698181437142E-05,0.000419062924407767,-0.000106757637686993,-0.000255145969905217
1.36232734203354E-05,-1.55331306959613E-05,-9.89458640717332E-05,0.000418616133749555,-0.000106244229401424,-0.000251868940805952
1.3913822008244E-05,-1.56067334163662E-05,-9.91196397584247E-05,0.000418162699584827,-0.000105731761179965,-0.000248607642522092
1.42040534301021E-05,-1.56799805794812E-05,-9.92911560609013E-05,0.000417702710032887,-0.000105220222686024,-0.000245361882411219
1.44939631635414E-05,-1.57528728273701E-05,-9.94604237035382E-05,0.000417236251099426,-0.000104709603613781,-0.00024213147082091
1.4783546745201E-05,-1.5825410794951E-05,-9.96274532800278E-05,0.000416763406729713,-0.000104199893689252,-0.000238916221027292
1.50727997693154E-05,-1.58975951100185E-05,-9.97922552553927E-05,0.00041628425886014,-0.000103691082671263,-0.000235715949175105
1.53617178863358E-05,-1.59694263932671E-05,-9.99548399679572E-05,0.000415798887468213,-0.000103183160352349,-0.000232530474219233
1.56502968015876E-05,-1.60409052583146E-05,-0.000100115217631279,0.000415307370621009,-0.00010267611655958,-0.000229359617867658
1.59385322739597E-05,-1.61120323117265E-05,-0.000100273398336042,0.000414809784522178,-0.00010216994115531,-0.00022620320452579
1.62264201146261E-05,-1.61828081530408E-05,-0.00010042939205191,0.000414306203557522,-0.000101664624037867,-0.00022306106124215
1.65139561857997E-05,-1.62532333747931E-05,-0.000100583208629344,0.000413796700339209,-0.000101160155142174,-0.000219933017655348
1.68011363995148E-05,-1.63233085625421E-05,-0.000100734857801383,0.000413281345748664,-0.000100656524440318,-0.00021681890594233
1.70879567164403E-05,-1.63930342948959E-05,-0.000100884349185389,0.000412760208978186,-0.000100153721942049,-0.000213718560767861
1.737441314472E-05,-1.64624111435381E-05,-0.000101031692284756,0.000412233357571324,-9.96517376952359E-05,-0.000210631819235195
1.76605017388425E-05,-1.65314396732543E-05,-0.00010117689649059,0.000411700857462064,-9.91505617862678E-05,-0.000207558520837924
1.79462185985357E-05,-1.66001204419592E-05,-0.000101319971083349,0.000411162773012864,-9.86501843404011E-05,-0.000204498507412947
1.82315598676886E-05,-1.66684540007239E-05,-0.000101460925234458,0.000410619167051568,-9.81505955220615E-05,-0.000201451623094556
1.85165217332984E-05,-1.67364408938024E-05,-0.000101599768007883,0.000410070100907247,-0.0000976517855351003,-0.000198417714269589
1.88011004244417E-05,-1.680408165866E-05,-0.000101736508361688,0.000409515634444993,-9.7153744623004E-05,-0.000195396629533639
1.90852922112692E-05,-1.68713768260003E-05,-0.000101871155149546,0.000408955826099704,-9.66564630690612E-05,-0.000192388219648282
1.93690934040235E-05,-1.69383269197927E-05,-0.000102003717122234,0.000408390732908533,-9.61599311983826E-05,-0.000189392337498159
1.96525003520838E-05,-1.70049324573022E-05,-0.000102134202929091,0.000407820410544513,-9.56641393690737E-05,-0.000186408838055408
1.99355094430222E-05,-1.70711939491126E-05,-0.000102262621119453,0.000407244913344198,-9.51690779886256E-05,-0.000183437578330064
2.02181171016913E-05,-1.71371118991593E-05,-0.000102388980144056,0.000406664294340579,-9.46747375001489E-05,-0.000180478417339174
2.05003197893276E-05,-1.72026868047549E-05,-0.000102513288356417,0.000406078605291304,-9.41811083870654E-05,-0.000177531216066002
2.07821140026759E-05,-1.72679191566176E-05,-0.000102635554014186,0.00040548789670706,-9.3688181173021E-05,-0.000174595837422788
2.10634962731328E-05,-1.73328094388984E-05,-0.000102755785280471,0.000404892217879153,-9.3195946421786E-05,-0.000171672146214343
2.13444631659094E-05,-1.73973581292093E-05,-0.00010287399022514,0.000404291616906305,-9.27043947371388E-05,-0.000168760009102455
2.16250112792122E-05,-1.74615656986511E-05,-0.000102990176826104,0.00040368614072069,-9.22135167627345E-05,-0.000165859294571095
2.19051372434417E-05,-1.75254326118409E-05,-0.000103104352970562,0.000403075835113244,-9.17233031819582E-05,-0.000162969872892386
2.21848377204086E-05,-1.75889593269397E-05,-0.000103216526456237,0.000402460744758262,-9.12337447177576E-05,-0.000160091616093331
2.24641094025665E-05,-1.76521462956798E-05,-0.000103326704992583,0.000401840913237309,-9.07448321324631E-05,-0.000157224397923263
2.27429490122616E-05,-1.7714993963392E-05,-0.000103434896201967,0.000401216383062463,-9.02565562275865E-05,-0.000154368093822023
2.30213533009972E-05,-1.77775027690329E-05,-0.000103541107620835,0.000400587195698913,-8.9768907843603E-05,-0.000151522580888817
2.32993190487149E-05,-1.78396731452116E-05,-0.00010364534670085,0.000399953391586933,-8.92818778597182E-05,-0.00014868773785176
2.35768430630904E-05,-1.79015055182169E-05,-0.00010374762081002,0.000399315010163245,-8.87954571936126E-05,-0.000145863445038077
2.38539221788431E-05,-1.79630003080435E-05,-0.00010384793723379,0.000398672089881799,-8.83096368011752E-05,-0.000143049584344944
2.41305532570616E-05,-1.8024157928419E-05,-0.000103946303176126,0.000398024668233973,-8.78244076762143E-05,-0.000140246039210958
2.44067331845414E-05,-1.80849787868294E-05,-0.000104042725760579,0.000397372781768229,-8.73397608501577E-05,-0.000137452694588219
2.46824588731372E-05,-1.81454632845457E-05,-0.000104137212031318,0.000396716466109221,-8.68556873917346E-05,-0.000134669436915006
2.49577272591273E-05,-1.82056118166494E-05,-0.000104229768954164,0.000396055755976393,-8.63721784066432E-05,-0.000131896154089031
2.52325353025922E-05,-1.82654247720582E-05,-0.000104320403417584,0.000395390685202059,-8.58892250372085E-05,-0.000129132735441269
2.55068799868038E-05,-1.83249025335513E-05,-0.000104409122233682,0.000394721286749001,-8.54068184620253E-05,-0.000126379071710332
2.57807583176278E-05,-1.83840454777943E-05,-0.00010449593213917,0.000394047592727581,-8.49249498955911E-05,-0.000123635055017391
2.60541673229378E-05,-1.84428539753641E-05,-0.000104580839796316,0.000393369634412401,-8.44436105879347E-05,-0.000120900578841619
2.63271040520403E-05,-1.85013283907736E-05,-0.000104663851793878,0.000392687442258508,-8.39627918242345E-05,-0.000118175537996158
2.65995655751114E-05,-1.85594690824956E-05,-0.000104744974648026,0.000392001045917164,-8.34824849244341E-05,-0.000115459828604586
2.68715489828783E-05,-1.86172764030376E-05,-0.000104824214803309,0.000391310474250815,-8.30026812424339E-05,-0.000112753348075684
2.71430513851372E-05,-1.86747506987637E-05,-0.00010490157863327,0.000390615755349439,-8.25233721672685E-05,-0.000110055995089448
2.74140699116321E-05,-1.87318923102207E-05,-0.000104977072441725,0.000389916916542993,-8.20445491202291E-05,-0.000107367669561931
2.76846017105915E-05,-1.87887015719589E-05,-0.000105050702463346,0.000389213984416951,-8.15662035561261E-05,-0.000104688272632351
2.79546439484516E-05,-1.88451788126063E-05,-0.00010512247486457,0.000388506984825669,-8.10883269624236E-05,-0.000102017706639643
2.82241938093528E-05,-1.89013243548903E-05,-0.000105192395744423,0.000387795942905785,-8.06109108587925E-05,-9.93558751016534E-05
2.84932484946463E-05,-1.89571385156603E-05,-0.000105260471135335,0.000387080883089256,-8.01339467966603E-05,-9.67026826947669E-05
2.87618052224088E-05,-1.90126216059095E-05,-0.000105326707003932,0.000386361829116051,-7.9657426358754E-05,-9.40580352339298E-05
2.90298612269663E-05,-1.90677739307967E-05,-0.000105391109251827,0.000385638804046493,-7.91813411586413E-05,-9.14218396530788E-05
2.92974137584266E-05,-1.91225957896671E-05,-0.000105453683716385,0.000384911830273287,-7.87056828402633E-05,-8.87940039859591E-05
2.95644600822196E-05,-1.91770874760736E-05,-0.000105514436171482,0.000384180929533206,-7.8230443077465E-05,-8.61744373473223E-05
2.98309974786455E-05,-1.92312492777973E-05,-0.000105573372328249,0.000383446122918486,-7.77556135735171E-05,-8.35630499144967E-05
3.00970232424316E-05,-1.92850814768678E-05,-0.000105630497835806,0.000382707430887898,-7.72811860606399E-05,-8.09597529093181E-05
3.03625346822955E-05,-1.93385843495831E-05,-0.000105685818281976,0.000381964873277536,-7.68071522995175E-05,-7.83644585804176E-05
3.06275291205171E-05,-1.93917581665291E-05,-0.000105739339193997,0.000381218469311311,-7.63335040788089E-05,-7.57770801858548E-05
3.08920038925163E-05,-1.9444603192599E-05,-0.000105791066039214,0.000380468237611168,-7.58602332146578E-05,-7.31975319760871E-05
3.1155956346439E-05,-1.94971196870121E-05,-0.000105841004225764,0.000379714196207032,-7.53873315501968E-05,-7.06257291772715E-05
3.14193838427489E-05,-1.95493079033327E-05,-0.000105889159103248,0.000378956362546483,-7.49147909550482E-05,-6.80615879748878E-05
3.16822837538269E-05,-1.96011680894877E-05,-0.00010593553596339,0.000378194753504175,-7.44426033248229E-05,-6.55050254976772E-05
3.19446534635759E-05,-1.9652700487785E-05,-0.000105980140040687,0.000377429385391007,-7.39707605806167E-05,-6.29559598018876E-05
3.22064903670328E-05,-1.9703905334931E-05,-0.00010602297651305,0.000376660273963044,-7.34992546685024E-05,-6.04143098558213E-05
3.24677918699859E-05,-1.97547828620473E-05,-0.000106064050502428,0.0003758874344302,-7.30280775590195E-05,-5.78799955246757E-05
3.2728555388599E-05,-1.9805333294688E-05,-0.00010610336707543,0.00037511088146469,-7.25572212466643E-05,-5.53529375556702E-05
3.29887783490405E-05,-1.98555568528561E-05,-0.000106140931243929,0.00037433062920925,-7.20866777493742E-05,-5.28330575634542E-05
3.32484581871185E-05,-1.99054537510194E-05,-0.000106176747965661,0.000373546691285136,-7.16164391080107E-05,-5.03202780157896E-05
3.35075923479216E-05,-1.99550241981261E-05,-0.000106210822144813,0.000372759080799913,-7.11464973858424E-05,-4.7814522219498E-05
3.37661782854649E-05,-2.00042683976209E-05,-0.000106243158632599,0.000371967810355016,-7.06768446680219E-05,-4.53157143066718E-05
3.40242134623405E-05,-2.00531865474591E-05,-0.000106273762227831,0.000371172892053119,-7.02074730610627E-05,-4.28237792211385E-05
3.42816953492551E-05,-2.01017788400995E-05,-0.000106302637677464,0.000370374337505699,-6.97383746925602E-05,-4.03386427062844E-05
3.45386214251679E-05,-2.0150045462608E-05,-0.000106329789677195,0.000369572157838457,-6.92695417097197E-05,-3.78602312875305E-05
3.47949891762402E-05,-2.01979865965372E-05,-0.000106355222871931,0.000368766363700416,-6.88009662802726E-05,-3.53884722662547E-05
3.50507960959838E-05,-2.02456024180296E-05,-0.000106378941856369,0.000367956965268955,-6.83326405909543E-05,-3.29232937027757E-05
3.53060396848162E-05,-2.02928930978082E-05,-0.000106400951175509,0.000367143972256618,-6.78645568472265E-05,-3.04646244051247E-05
3.55607174497403E-05,-2.03398588011898E-05,-0.000106421255325169,0.000366327393917335,-6.73967072727482E-05,-2.80123939169256E-05
3.58148269040276E-05,-2.03864996880968E-05,-0.000106439858752489,0.000365507239052483,-6.69290841088488E-05,-2.55665325054915E-05
3.60683655669066E-05,-2.04328159130698E-05,-0.000106456765856434,0.000364683516016776,-6.64616796139973E-05,-2.31269711501362E-05
3.6321330963254E-05,-2.04788076252791E-05,-0.000106471980988279,0.00036385623272398,-6.59944860632691E-05,-2.06936415306954E-05
3.65737206232908E-05,-2.0524474968536E-05,-0.000106485508452097,0.00036302539665248,-6.55274957478121E-05,-1.82664760162534E-05
3.68255320822815E-05,-2.05698180813042E-05,-0.00010649735250523,0.000362191014850677,-6.50607009743092E-05,-1.58454076540708E-05
3.70767628802378E-05,-2.06148370967094E-05,-0.000106507517358757,0.000361353093942232,-6.45940940644427E-05,-1.34303701587077E-05
3.73274105616252E-05,-2.06595321425509E-05,-0.000106516007177954,0.00036051164013116,-6.41276673543549E-05,-1.10212979013397E-05
3.75774726750729E-05,-2.07039033413103E-05,-0.000106522826082748,0.000359666659206772,-6.36614131941063E-05,-8.61812589926243E-06
3.78269467730882E-05,-2.07479508101614E-05,-0.000106527978148159,0.000358818156548475,-6.31953239471381E-05,-6.22078980557684E-06
3.8075830411773E-05,-2.07916746609797E-05,-0.000106531467404739,0.000357966137130425,-6.27293919897287E-05,-3.82922589905545E-06
3.83241211505441E-05,-2.08350750003504E-05,-0.000106533297839005,0.000357110605526044,-6.22636097104527E-05,-1.44337107418187E-06
3.85718165518563E-05,-2.08781519295771E-05,-0.000106533473393861,0.000356251565912403,-6.17979695096373E-05,9.36837168638894E-07
3.8818914180929E-05,-2.092090554469E-05,-0.000106531997969016,0.000355389022074469,-6.13324637988213E-05,3.31146073270618E-06
3.90654116054749E-05,-2.09633359364532E-05,-0.000106528875421395,0.000354522977409224,-6.08670850002127E-05,5.68056093448723E-06
3.93113063954322E-05,-2.10054431903719E-05,-0.000106524109565543,0.000353653434929661,-6.04018255461441E-05,8.04419851292316E-06
3.95565961226992E-05,-2.10472273866993E-05,-0.000106517704174024,0.000352780397268655,-5.99366778785345E-05,1.04024336385858E-05
3.98012783608718E-05,-2.10886886004432E-05,-0.00010650966297781,0.000351903866682718,-5.94716344483456E-05,1.27553259226836E-05
4.00453506848877E-05,-2.11298269013566E-05,-0.000106499989666672,0.000351023845056013,-5.90066877152799E-05,1.51029344251064E-05
4.02888106711512E-05,-2.11706423540052E-05,-0.000106488687889547,0.000350140333902083,-5.85418301461417E-05,1.7445317665956E-05
4.0531655896704E-05,-2.12111350176797E-05,-0.000106475761254927,0.000349253334369933,-5.80770542159588E-05,1.97825336299083E-05
4.07738839393548E-05,-2.12513049464627E-05,-0.000106461213331218,0.000348362847245526,-5.76123524063187E-05,2.211463977743E-05
4.10154923773335E-05,-2.12911521892182E-05,-0.000106445047647101,0.000347468872955376,-5.71477172050895E-05,2.44416930523248E-05
4.12564787890419E-05,-2.13306767895952E-05,-0.000106427267691891,0.000346571411569602,-5.66831411058677E-05,2.67637498898645E-05
4.14968407528081E-05,-2.1369878786032E-05,-0.000106407876915885,0.000345670462804869,-5.62186166074267E-05,2.90808662247891E-05
4.1736575846641E-05,-2.14087582117592E-05,-0.000106386878730709,0.000344766026027226,-5.57541362131605E-05,3.13930974991751E-05
4.19756816479886E-05,-2.14473150948029E-05,-0.000106364276509657,0.00034385810025484,-5.528969243053E-05,3.37004986701792E-05
4.22141557334971E-05,-2.14855494579873E-05,-0.000106340073588021,0.000342946684160627,-5.48252777705054E-05,3.60031242176557E-05
4.24519956787719E-05,-2.15234613189371E-05,-0.000106314273263428,0.000342031776074785,-5.4360884747009E-05,3.83010281516528E-05
4.26891990581403E-05,-2.15610506900788E-05,-0.000106286878796156,0.000341113373987222,-5.38965058763544E-05,4.05942640197886E-05
4.29257634444165E-05,-2.15983175786429E-05,-0.000106257893409456,0.000340191475549898,-5.34321336766868E-05,4.28828849145107E-05
4.31616864086674E-05,-2.16352619866646E-05,-0.000106227320289866,0.000339266078079057,-5.2967760667421E-05,4.51669434802408E-05
4.339696551998E-05,-2.16718839109843E-05,-0.000106195162587518,0.000338337178557378,-5.25033793686759E-05,4.74464919204057E-05
4.36315983452311E-05,-2.17081833432485E-05,-0.000106161423416444,0.000337404773636024,-5.20389823007109E-05,4.97215820043599E-05
4.38655824488571E-05,-2.1744160269909E-05,-0.000106126105854873,0.000336468859636606,-5.15745619833579E-05,5.19922650741993E-05
4.40989153926261E-05,-2.1779814672223E-05,-0.000106089212945526,0.000335529432553055,-5.11101109354529E-05,5.42585920514696E-05
4.4331594735411E-05,-2.18151465262515E-05,-0.000106050747695906,0.000334586488053401,-5.0645621674265E-05,5.65206134437707E-05
4.45636180329638E-05,-2.1850155802859E-05,-0.000106010713078584,0.000333640021481473,-5.01810867149262E-05,5.87783793512617E-05
4.47949828376908E-05,-2.18848424677108E-05,-0.000105969112031477,0.000332690027858508,-4.97164985698559E-05,6.10319394730653E-05
4.50256866984293E-05,-2.19192064812717E-05,-0.000105925947458128,0.000331736501884672,-4.92518497481862E-05,6.32813431135758E-05
4.52557271602251E-05,-2.19532477988029E-05,-0.000105881222227975,0.000330779437940504,-4.8787132755186E-05,6.55266391886735E-05
4.54851017641111E-05,-2.19869663703598E-05,-0.00010583493917662,0.000329818830088275,-4.8322340091681E-05,6.77678762318454E-05
4.57138080468866E-05,-2.2020362140788E-05,-0.000105787101106093,0.00032885467207326,-4.78574642534743E-05,7.00051024002162E-05
4.59418435408974E-05,-2.20534350497201E-05,-0.00010573771078511,0.000327886957324941,-4.73924977307631E-05,7.22383654804896E-05
4.61692057738175E-05,-2.20861850315714E-05,-0.000105686770949327,0.000326915678958113,-4.6927433007557E-05,7.44677128948059E-05
4.63958922684302E-05,-2.21186120155355E-05,-0.000105634284301596,0.000325940829773929,-4.64622625610911E-05,7.66931917065123E-05
4.66219005424113E-05,-2.21507159255791E-05,-0.000105580253512207,0.000324962402260857,-4.59969788612397E-05,7.89148486258524E-05
4.68472281082458E-05,-2.2182496680461E-05,-0.000105524681219094,0.000323980388597354,-4.55315743691397E-05,8.1132730016731E-05
4.70718724724762E-05,-2.22139541936304E-05,-0.000105467570028232,0.000322994780644226,-4.50660415398889E-05,0.0000833468818974997
4.72958311362887E-05,-2.2245088373365E-05,-0.000105408922513638,0.000322005569960501,-4.46003728165194E-05,8.55573499531877E-05
4.75191015947651E-05,-2.22758991226674E-05,-0.000105348741217756,0.000321012747791678,-4.41345606334997E-05,8.77641795366708E-05
4.77416813368006E-05,-2.2306386339283E-05,-0.00010528702865165,0.000320016305074298,-4.36685974149265E-05,8.99674156748971E-05
4.79635678448891E-05,-2.23365499156924E-05,-0.000105223787295228,0.00031901623243643,-4.32024755739214E-05,9.21671030740912E-05
4.81847585949091E-05,-2.23663897391032E-05,-0.000105159019597459,0.000318012520198087,-4.27361875120217E-05,9.4363286124886E-05
4.84052510559101E-05,-2.23959056914426E-05,-0.000105092727976595,0.000317005158371567,-4.22697256185738E-05,9.65560089073865E-05
4.8625042689899E-05,-2.24250976493478E-05,-0.000105024914820385,0.000315994136661736,-4.18030822701181E-05,9.8745315196161E-05
4.88441309516265E-05,-2.24539654841577E-05,-0.000104955582486279,0.000314979444466232,-4.13362498297707E-05,0.000100931248465166
4.90625132883741E-05,-2.24825090619025E-05,-0.000104884733301644,0.000313961070875605,-4.08692206466052E-05,0.0001031138518926
4.92801871397404E-05,-2.25107282432946E-05,-0.000104812369563962,0.000312939004673388,-4.0401987055027E-05,0.000105293168365701
4.94971499374286E-05,-2.25386228837177E-05,-0.000104738493541031,0.000311913234336101,-3.99345413741462E-05,0.000107469240485464
4.97133991050324E-05,-2.25661928332158E-05,-0.000104663107471163,0.000310883748033179,-3.9466875907144E-05,0.000109642110571307
4.99289320578235E-05,-2.25934379364824E-05,-0.000104586213563381,0.000309850533626842,-3.89989829406394E-05,0.000111811820665669
5.01437462025377E-05,-2.26203580328487E-05,-0.000104507813997603,0.000308813578671886,-3.85308547440484E-05,0.000113978412538547
5.03578389371615E-05,-2.2646952956271E-05,-0.000104427910924835,0.000307772870415416,-3.80624835689388E-05,0.000116141927691975
5.05712076507183E-05,-2.26732225353184E-05,-0.000104346506467353,0.000306728395796499,-3.75938616483846E-05,0.000118302407364436
5.07838497230544E-05,-2.26991665931597E-05,-0.000104263602718887,0.000305680141445761,-3.71249811963118E-05,0.000120459892535227
5.09957625246245E-05,-2.27247849475501E-05,-0.000104179201744797,0.000304628093684905,-3.66558344068423E-05,0.000122614423928757
5.12069434162771E-05,-2.27500774108167E-05,-0.000104093305582249,0.000303572238526168,-3.61864134536326E-05,0.000124766042018795
5.14173897490392E-05,-2.27750437898444E-05,-0.000104005916240388,0.000302512561671703,-3.57167104892077E-05,0.000126914787032661
5.16270988639012E-05,-2.2799683886061E-05,-0.00010391703570051,0.000301449048512903,-3.52467176442919E-05,0.000129060698955361
5.18360680916002E-05,-2.28239974954218E-05,-0.000103826665916223,0.000300381684129648,-3.47764270271318E-05,0.000131203817533677
5.20442947524038E-05,-2.28479844083935E-05,-0.000103734808813617,0.000299310453289483,-3.43058307228183E-05,0.000133344182280194
5.22517761558929E-05,-2.28716444099384E-05,-0.000103641466291422,0.00029823534044674,-3.38349207926002E-05,0.000135481832477291
5.24585096007438E-05,-2.28949772794971E-05,-0.000103546640221168,0.000297156329741578,-3.33636892731955E-05,0.000137616807181066
5.26644923745093E-05,-2.29179827909714E-05,-0.00010345033244734,0.000296073404998962,-3.2892128176095E-05,0.00013974914522523
0.0000528697217534002,-2.29406607127066E-05,-0.000103352544787531,0.000294986549727576,-3.24202294868635E-05,0.000141878885224941
5.30741950020645E-05,-2.29630108074734E-05,-0.000103253279032592,0.000293895747118664,-3.1947985164434E-05,0.000144006065580599
5.32779093733672E-05,-2.29850328324487E-05,-0.000103152536946782,0.000292800980044805,-3.14753871403963E-05,0.000146130724481594
5.3480862108168E-05,-2.30067265391968E-05,-0.00010305032026791,0.000291702231058623,-3.10024273182817E-05,0.000148252899910014
5.3683050435099E-05,-2.30280916736495E-05,-0.000102946630707482,0.000290599482391423,-3.05290975728406E-05,0.000150372629644304
5.38844715703409E-05,-2.30491279760857E-05,-0.000102841469950837,0.000289492715951767,-3.00553897493155E-05,0.000152489951262889
5.40851227173984E-05,-2.3069835181111E-05,-0.000102734839657286,0.000288381913323976,-2.95812956627069E-05,0.000154604902147756
5.42850010668311E-05,-2.30902130176313E-05,-0.000102626741460269,0.000287267055766351,-2.91068070983792E-05,0.000156717519488388
5.44841037962003E-05,-2.31102612088513E-05,-0.000102517176967402,0.000286148124210649,-2.86319158050705E-05,0.00015882784028269
5.46824280695807E-05,-2.31299794722204E-05,-0.000102406147760739,0.000285025099258273,-2.8156613504928E-05,0.00016093590134524
5.48799710375047E-05,-2.31493675194324E-05,-0.000102293655396806,0.000283897961180223,-2.76808918842806E-05,0.000163041739306821
5.50767298366884E-05,-2.3168425056396E-05,-0.000102179701406758,0.000282766689914723,-2.7204742595469E-05,0.000165145390618984
0.0000552727015898,-2.31871517832109E-05,-0.000102064287296494,0.000281631265065305,-2.67281572560551E-05,0.000167246891557373
5.54678834052268E-05,-2.32055473941434E-05,-0.000101947414546786,0.000280491665898809,-2.62511274480298E-05,0.000169346278225018
5.56622723768406E-05,-2.32236115776013E-05,-0.000101829084613388,0.00027934787134333,-2.5773644717012E-05,0.000171443586555587
5.58558655837615E-05,-2.32413440161084E-05,-0.000101709298927163,0.000278199859986085,-2.5295700571443E-05,0.000173538852316606
5.60486600901207E-05,-2.32587443862786E-05,-0.000101588058894189,0.000277047610071202,-2.48172864817745E-05,0.000175632111112641
5.62406529448216E-05,-2.32758123587889E-05,-0.000101465365895876,0.000275891099497448,-2.43383938796499E-05,0.000177723398388448
5.64318411812986E-05,-2.32925475983524E-05,-0.000101341221289073,0.000274730305815874,-2.38590141570785E-05,0.000179812749432083
5.66222218172753E-05,-2.33089497636905E-05,-0.000101215626406177,0.000273565206227391,-2.33791386655999E-05,0.000181900199377987
5.68117918545203E-05,-2.33250185075043E-05,-0.000101088582555239,0.000272395777580266,-2.28987587154438E-05,0.000183985783210029
5.70005482786012E-05,-2.33407534764459E-05,-0.000100960091020069,0.000271221996367546,-2.24178655746785E-05,0.000186069535764525
5.71884880586376E-05,-2.33561543110886E-05,-0.000100830153060331,0.000270043838724407,-2.19364504683516E-05,0.000188151491733215
5.7375608147051E-05,-2.33712206458967E-05,-0.00010069876991165,0.000268861280425417,-2.14545045776191E-05,0.000190231685666217
5.75619054793135E-05,-2.33859521091949E-05,-0.000100565942785706,0.000267674296881734,-2.0972019038869E-05,0.000192310151974943
5.77473769736951E-05,-2.34003483231368E-05,-0.000100431672870329,0.000266482863138213,-2.04889849428304E-05,0.000194386924934995
5.79320195310074E-05,-2.3414408903673E-05,-0.000100295961329593,0.000265286953870442,-2.00053933336724E-05,0.000196462038689014
5.81158300343988E-05,-2.34281334605207E-05,-0.000100158809303868,0.000264086543381254,-1.95212352082719E-05,0.000198535527250623
5.82988053488856E-05,-2.34415215971205E-05,-0.000100020217910065,0.000262881605599342,-1.90365015146234E-05,0.000200607424502904
5.84809423214045E-05,-2.3454572910618E-05,-9.98801882414901E-05,0.00026167211407345,-1.85511831519162E-05,0.000202677764207603
5.86622377803386E-05,-2.3467286991818E-05,-9.97387213680876E-05,0.000260458041970809,-1.80652709689187E-05,0.000204746580003608
5.88426885353033E-05,-2.34796634251533E-05,-9.95958183364816E-05,0.000259239362073314,-1.75787557632096E-05,0.000206813905410785
5.90222913768782E-05,-2.34917017886476E-05,-9.94514801700591E-05,0.000258016046774062,-1.70916282802133E-05,0.000208879773832652
5.92010430763349E-05,-2.35034016538797E-05,-9.93057078690501E-05,0.000256788068073804,-1.66038792122242E-05,0.000210944218559037
5.93789403853643E-05,-2.35147625859458E-05,-9.91585024106052E-05,0.000255555397577306,-1.6115499197421E-05,0.000213007272768714
5.95559800357993E-05,-2.3525784143422E-05,-9.9009864748872E-05,0.000254318006489628,-1.56264788188677E-05,0.000215068969532012
5.97321587393369E-05,-2.35364658783251E-05,-9.88597958150696E-05,0.00025307586561231,-1.51368086035028E-05,0.000217129341813407
5.99074731872558E-05,-2.35468073360738E-05,-9.87082965175611E-05,0.000251828945339467,-1.46464790211175E-05,0.000219188422474083
6.00819200501327E-05,-2.35568080554485E-05,-9.85553677419243E-05,0.00025057721565379,-1.41554804833192E-05,0.00022124624427448
6.02554959775547E-05,-2.35664675685504E-05,-9.84010103510212E-05,0.000249320646122458,-1.36638033424852E-05,0.000223302839876809
6.04281975978296E-05,-2.35757854007601E-05,-9.8245225185065E-05,0.000248059205892948,-1.31714378906999E-05,0.000225358241847552
6.06000215176929E-05,-2.35847610706953E-05,-9.80880130616856E-05,0.000246792863688754,-1.26783743586824E-05,0.000227412482659932
6.07709643220119E-05,-2.3593394090168E-05,-9.7929374775994E-05,0.000245521587805001,-1.21846029146981E-05,0.000229465594696365
6.09410225734863E-05,-2.36016839641405E-05,-9.77693111006441E-05,0.000244245346103974,-1.16901136634573E-05,0.000231517610250883
6.11101928123466E-05,-2.36096301906809E-05,-9.76078227858935E-05,0.000242964106010523,-1.11948966450009E-05,0.000233568561531539
6.12784715560484E-05,-2.36172322609181E-05,-9.74449105596621E-05,0.000241677834507392,-1.069894183357E-05,0.00023561848066278
6.14458552989637E-05,-2.36244896589953E-05,-9.72805751275895E-05,0.000240386498130419,-1.0202239136464E-05,0.000237667399687806
6.16123405120074E-05,-2.36314018620208E-05,-9.71148171731526E-05,0.000239090062964061,-9.70477839306562E-06,0.000239715350570205
6.1777923642568E-05,-2.36379683400306E-05,-9.69476373574727E-05,0.0002377884946348,-9.20654937286133E-06,0.0002417623651991
6.19426011138192E-05,-2.36441885559241E-05,-9.67790363197369E-05,0.000236481758308434,-8.70754177544643E-06,0.00024380847538721
6.21063693246438E-05,-2.36500619654254E-05,-9.66090146770037E-05,0.000235169818683259,-8.20774522852673E-06,0.000245853712875926
6.22692246492458E-05,-2.36555880170303E-05,-9.64375730243133E-05,0.000233852639985136,-7.70714928688485E-06,0.000247898109336867
6.24311634368202E-05,-2.36607661519555E-05,-9.62647119347352E-05,0.000232530185962043,-7.20574343113348E-06,0.000249941696374104
6.25921820112199E-05,-2.3665595804086E-05,-9.60904319594147E-05,0.000231202419878523,-6.70351706645155E-06,0.000251984505526372
6.27522766706171E-05,-2.36700763999232E-05,-9.59147336276169E-05,0.000229869304509995,-6.20045952130579E-06,0.000254026568269266
6.29114436871625E-05,-2.36742073585305E-05,-9.57376174467705E-05,0.000228530802136962,-5.69656004615135E-06,0.000256067916017407
6.30696793066388E-05,-2.36779880914789E-05,-9.55590839025087E-05,0.000227186874539089,-5.19180781211547E-06,0.000258108580126595
6.32269797481115E-05,-2.36814180027914E-05,-9.537913345871E-05,0.00022583748298916,-4.68619190966166E-06,0.000260148591895943
6.3383341203574E-05,-2.36844964888865E-05,-9.51977665575361E-05,0.000224482588246909,-4.17970134723614E-06,0.00026218798256999
6.353875983759E-05,-2.36872229385209E-05,-9.50149836194696E-05,0.000223122150552718,-3.67232504989294E-06,0.000264226783340792
6.36932317869297E-05,-2.36895967327309E-05,-9.48307850433497E-05,0.000221756129621187,-3.16405185789774E-06,0.000266265025349997
6.38467531602034E-05,-2.36916172447731E-05,-9.46451712064064E-05,0.000220384484634573,-2.65487052531426E-06,0.000268302739690898
6.39993200374885E-05,-2.36932838400644E-05,-9.44581424642929E-05,0.00021900717423608,-2.14476971856525E-06,0.000270339957410464
6.41509284699535E-05,-2.36945958761198E-05,-9.4269699151118E-05,0.000217624156523023,-1.63373801497372E-06,0.000272376709511358
6.43015744794761E-05,-2.36955527024909E-05,-9.40798415794755E-05,0.000216235389039838,-1.12176390127933E-06,0.000274413026953923
6.44512540582572E-05,-2.3696153660702E-05,-9.3888570040473E-05,0.000214840828770945,-6.08835772133576E-07,0.000276448940658162
6.4599963168429E-05,-2.36963980841857E-05,-9.36958848037594E-05,0.000213440432133468,-9.49419285689726E-08,0.000278484481505685
6.47476977416586E-05,-2.36962852982174E-05,-9.35017861175508E-05,0.000212034154969789,4.1992942355683E-07,0.000280519680341639
6.48944536787764E-05,-2.36958146198489E-05,-9.33062742086155E-05,0.000210621952539581,9.35790175373009E-07,0.000282554567976876
6.50402268492493E-05,-2.3694985357839E-05,-9.31093492824558E-05,0.000209203779513921,1.45265231550846E-06,0.000284589175189078
6.51850130909478E-05,-2.36937968125879E-05,-9.29110115230924E-05,0.000207779589964613,1.97052793343881E-06,0.000286623532725561
6.53288082096082E-05,-2.36922482760645E-05,-9.27112610932435E-05,0.00020634933735794,2.48942921995622E-06,0.000288657671304618
6.54716079784392E-05,-2.36903390317362E-05,-9.25100981343048E-05,0.000204912974546006,3.00936846912369E-06,0.000290691621617518
6.56134081376919E-05,-2.36880683544967E-05,-9.23075227663672E-05,0.000203470453758355,3.53035807998205E-06,0.000292725414330315
6.57542043942249E-05,-2.36854355105919E-05,-9.21035350882342E-05,0.000202021726593412,4.05241055828305E-06,0.000294759080085632
6.5893992421063E-05,-2.36824397575459E-05,-9.18981351774371E-05,0.000200566744009756,4.57553851824903E-06,0.000296792649504436
6.60327678569498E-05,-2.36790803440845E-05,-9.169132309025E-05,0.000199105456317203,5.09975468436068E-06,0.00029882615318779
6.61705263058937E-05,-2.36753565100586E-05,-9.14830988617022E-05,0.000197637813167711,5.62507189317389E-06,0.000300859621718584
6.63072633367083E-05,-2.3671267486365E-05,-9.12734625055912E-05,0.0001961637635461,6.15150309516571E-06,0.000302893085663252
6.64429744825455E-05,-2.36668124948672E-05,-9.10624140144927E-05,0.000194683255760571,6.67906135660883E-06,0.000304926575573465
6.65776552404223E-05,-2.36619907483143E-05,-9.08499533597705E-05,0.000193196237433046,7.20775986147803E-06,0.000306960121987805
6.67113010707412E-05,-2.3656801450258E-05,-9.06360804915856E-05,0.000191702655489294,7.73761191338715E-06,0.000308993755433421
6.68439073968026E-05,-2.36512437949697E-05,-9.04207953389026E-05,0.000190202456148865,8.26863093755679E-06,0.000311027506427659
6.69754696043115E-05,-2.36453169673548E-05,-9.02040978094967E-05,0.000188695584914815,8.80083048281583E-06,0.000313061405479678
6.71059830408758E-05,-2.3639020142866E-05,-8.99859877899585E-05,0.000187181986563221,9.33422422363477E-06,0.000315095483092038
6.72354430154979E-05,-2.3632352487416E-05,-8.9766465145698E-05,0.000185661605132487,9.8688259621926E-06,0.000317129769762272
6.73638447980589E-05,-2.36253131572876E-05,-8.95455297209479E-05,0.000184134383912425,1.04046496304788E-05,0.000319164295984431
6.74911836188208E-05,-2.36179012990419E-05,-8.9323181338721E-05,0.000182600265432818,1.09417092925065E-05,0.00032119909225133
6.76174546677898E-05,-2.36101160494297E-05,-8.90994198009869E-05,0.000181059191453168,1.14800191462581E-05,0.000323234189052968
6.7742653094335E-05,-2.36019565352921E-05,-8.88742448884095E-05,0.00017951110294931,1.20195935262724E-05,0.000325269616882618
6.78667740065352E-05,-2.35934218734686E-05,-8.86476563605196E-05,0.000177955940102785,1.25604469056239E-05,0.000327305406235223
6.79898124706489E-05,-2.3584511170699E-05,-8.84196539556704E-05,0.000176393642288422,1.31025938983038E-05,0.000329341587609506
6.81117635105505E-05,-2.35752235235251E-05,-8.8190237391033E-05,0.000174824148061982,1.36460492615541E-05,0.00033137819150937
6.82326221071564E-05,-2.35655580181902E-05,-8.79594063625936E-05,0.000173247395147547,1.41908278982417E-05,0.000333415248445258
6.83523831978434E-05,-2.3555513730537E-05,-8.77271605451474E-05,0.000171663320424637,1.47369448592763E-05,0.000335452788935496
6.84710416758578E-05,-2.3545089725904E-05,-8.74934995922939E-05,0.000170071859915064,1.52844153460709E-05,0.000337490843507591
6.85885923897147E-05,-2.35342850590204E-05,-8.72584231364287E-05,0.000168472948769507,1.58332547130449E-05,0.000339529442699507
6.87050301425886E-05,-2.35230987738987E-05,-8.70219307887369E-05,0.000166866521253804,1.63834784701743E-05,0.000341568617060901
6.88203496916939E-05,-2.35115299037256E-05,-8.6784022139184E-05,0.000165252510734956,1.69351022855889E-05,0.00034360839715433
6.8934545747656E-05,-2.34995774707516E-05,-8.65446967565068E-05,0.000163630849666837,1.7488141988213E-05,0.000345648813556421
6.90476129738719E-05,-2.34872404861784E-05,-8.63039541882029E-05,0.000162001469575601,1.80426135704598E-05,0.000347689896859011
6.91595459858611E-05,-2.34745179500444E-05,-8.60617939605202E-05,0.000160364301044781,1.85985331909716E-05,0.000349731677670246
6.92703393506051E-05,-2.34614088511076E-05,-8.58182155784448E-05,0.000158719273700069,1.91559171774134E-05,0.000351774186615648
6.93799875858777E-05,-2.34479121667285E-05,-8.55732185256889E-05,0.000157066316193783,1.97147820293165E-05,0.000353817454339143
6.94884851595629E-05,-2.3434026862749E-05,-8.53268022646773E-05,0.000155405356188991,2.02751444209767E-05,0.000355861511504058
6.95958264889627E-05,-2.34197518933695E-05,-8.5078966236534E-05,0.000153736320343315,2.08370212044076E-05,0.000357906388794067
6.97020059400928E-05,-2.34050862010256E-05,-8.48297098610676E-05,0.000152059134292376,2.14004294123466E-05,0.000359952116914115
6.98070178269099E-05,-2.33900287162689E-05,-8.45790325368946E-05,0.000150373722633886,2.19653862610093E-05,0.000361998726590046
6.99108564108148E-05,-2.33745783576066E-05,-8.43269336408705E-05,0.00014868000890617,2.25319091543766E-05,0.000364046248574385
7.00135158995654E-05,-2.33587340314176E-05,-8.40734125289024E-05,0.000146977915576774,2.3100015685646E-05,0.000366094713639667
7.0114990446757E-05,-2.33424946317889E-05,-8.38184685353806E-05,0.000145267364020289,2.36697236416141E-05,0.000368144152584159
0.0000702152741509998,-2.33258590403873E-05,-8.3562100973299E-05,0.000143548274500937,2.4241051005686E-05,0.000370194596231304
7.03143610551404E-05,-2.33088261263216E-05,-8.33043091342373E-05,0.000141820566153735,2.4814015961242E-05,0.000372246075430353
7.0412245145472E-05,-2.32913947460033E-05,-8.30450922883432E-05,0.000140084156965252,2.53886368950681E-05,0.000374298621056949
7.05089203509294E-05,-2.32735637430033E-05,-8.27844496843135E-05,0.000138338963753929,2.59649324008508E-05,0.000376352264013662
7.06043805422709E-05,-2.32553319479074E-05,-8.25223805493754E-05,0.000136584902149981,2.65429212827426E-05,0.000378407035230454
7.06986195312464E-05,-2.32366981781691E-05,-8.22588840892673E-05,0.000134821886574844,2.71226225589927E-05,0.000380462965665102
7.07916310697503E-05,-2.3217661237959E-05,-8.19939594882195E-05,0.000133049830220172,2.77040554656521E-05,0.000382520086303551
7.08834088489604E-05,-2.3198219918013E-05,-8.17276059089343E-05,0.000131268645026367,2.82872394603496E-05,0.00038457842816021
7.09739464984609E-05,-2.31783729954763E-05,-8.14598224925663E-05,0.000129478241660626,2.88721942261441E-05,0.000386638022278179
7.1063237585351E-05,-2.31581192337462E-05,-8.11906083587025E-05,0.000127678529494503,2.94589396754519E-05,0.000388698899729415
7.11512756133369E-05,-2.3137457382311E-05,-8.09199626053418E-05,0.000125869416580963,3.00474959540531E-05,0.000390761091614819
7.12380540218081E-05,-2.31163861765867E-05,-8.06478843088756E-05,0.000124050809630921,3.06378834451797E-05,0.000392824629064262
7.13235661848971E-05,-2.30949043377507E-05,-8.0374372524067E-05,0.000122222613989246,3.12301227736837E-05,0.000394889543236527
7.14078054105223E-05,-2.30730105725724E-05,-8.00994262840311E-05,0.000120384733610232,3.18242348102912E-05,0.000396955865319173
7.14907649394135E-05,-2.30507035732409E-05,-7.9823044600215E-05,0.000118537071032499,3.24202406759422E-05,0.000399023626528324
7.15724379441201E-05,-2.30279820171901E-05,-7.95452264623783E-05,0.000116679527353331,3.30181617462185E-05,0.000401092858108367
7.1652817528001E-05,-2.30048445669197E-05,-7.92659708385732E-05,0.000114812002202418,3.3618019655861E-05,0.000403163591331566
7.17318967241962E-05,-2.29812898698142E-05,-7.89852766751257E-05,0.000112934393715002,3.42198363033812E-05,0.000405235857497578
7.18096684945793E-05,-2.29573165579576E-05,-7.87031428966163E-05,0.000111046598504404,3.48236338557644E-05,0.000407309687932885
7.18861257286683E-05,-2.29329232479542E-05,-7.84195684059506E-05,0.00010914851163437,3.54294347531176E-05,0.000409385113989486
7.19612612426311E-05,-2.29081085407035E-05,-7.81345520839877E-05,0.000107240026588504,3.60372617142211E-05,0.000411462167046588
7.20350677780402E-05,-2.28828710212549E-05,-7.78480927900522E-05,0.000105321035243518,3.66471377405903E-05,0.000413540878506012
7.21075380008384E-05,-2.28572092585764E-05,-7.75601893615655E-05,0.00010339142783731,3.72590861221904E-05,0.000415621279793704
7.21786645001671E-05,-2.28311218053609E-05,-7.72708406141174E-05,0.000101451092938586,3.78731304425078E-05,0.000417703402357984
7.2248439787196E-05,-2.28046071978204E-05,-7.69800453414513E-05,0.0000994999174153002,3.84892945838822E-05,0.000419787277668316
7.23168562939312E-05,-2.27776639554765E-05,-7.66878023154497E-05,9.75377864023564E-05,3.91076027329513E-05,0.000421872937213941
0.000072383906372,-2.27502905809474E-05,-7.63941102861213E-05,9.55645832685303E-05,3.972807938621E-05,0.000423960412502392
7.24495822914127E-05,-2.27224855597305E-05,-7.60989679815884E-05,9.35801895826128E-05,4.03507493556897E-05,0.000426049735057862
7.25138762393009E-05,-2.26942473599815E-05,-7.58023741080766E-05,9.15844850787391E-05,4.09756377747586E-05,0.000428140936419433
7.25767803186308E-05,-2.26655744322889E-05,-7.55043273499046E-05,8.9577347620885E-05,4.16027701040468E-05,0.000430234048139163
7.2638286546892E-05,-2.26364652094451E-05,-7.52048263694758E-05,8.75586531665082E-05,4.22321721375002E-05,0.000432329101780008
7.2698386854761E-05,-2.26069181062123E-05,-7.4903869807272E-05,8.55282757293088E-05,4.28638700085655E-05,0.000434426128913595
7.27570730847375E-05,-2.25769315190848E-05,-7.46014562818479E-05,8.34860873410861E-05,4.34978901965123E-05,0.000436525161117819
7.28143369897552E-05,-2.25465038260466E-05,-7.42975843898278E-05,8.14319580126619E-05,4.41342595328911E-05,0.000438626229974269
7.28701702317642E-05,-2.25156333863246E-05,-7.39922527059034E-05,7.93657556938496E-05,4.47730052081364E-05,0.000440729367065473
7.29245643802857E-05,-2.24843185401366E-05,-7.36854597828351E-05,7.72873462324379E-05,4.54141547783149E-05,0.000442834603971949
7.29775109109375E-05,-2.24525576084355E-05,-7.33772041514537E-05,7.51965933321599E-05,4.60577361720239E-05,0.000444941972269062
7.30290012039304E-05,-2.24203488926479E-05,-7.30674843206656E-05,7.30933585096218E-05,4.67037776974438E-05,0.000447051503523671
7.3079026542534E-05,-2.23876906744082E-05,-7.27562987774595E-05,7.09775010501587E-05,4.73523080495492E-05,0.000449163229290564
7.31275781115115E-05,-2.23545812152869E-05,-7.24436459869167E-05,6.88488779625871E-05,4.80033563174826E-05,0.000451277181108662
7.31746469955229E-05,-2.23210187565151E-05,-7.21295243922227E-05,6.67073439328195E-05,4.8656951992093E-05,0.000453393390496999
7.32202241774955E-05,-2.22870015187023E-05,-7.18139324146833E-05,6.45527512763126E-05,4.93131249736483E-05,0.000455511888950446
7.32643005369604E-05,-2.22525277015493E-05,-7.14968684537424E-05,6.2384949889311E-05,4.99719055797221E-05,0.000457632707935192
7.33068668483557E-05,-2.22175954835561E-05,-7.11783308870036E-05,6.02037871988516E-05,5.063332455326E-05,0.000459755878883948
7.33479137792942E-05,-2.21822030217232E-05,-7.08583180702555E-05,5.80091081114928E-05,5.12974130708335E-05,0.000461881433190888
7.3387431888794E-05,-2.21463484512477E-05,-0.0000705368283375001,5.58007549607317E-05,5.19642027510818E-05,0.000464009402206293
7.3425411625474E-05,-2.21100298852132E-05,-7.02138600009849E-05,5.35785674530688E-05,5.26337256633509E-05,0.000466139817230902
7.34618433257158E-05,-2.20732454142681E-05,-6.98894113511848E-05,5.13423826123375E-05,5.33060143367636E-05,0.000468272709510099
7.34967172117577E-05,-2.20359931063271E-05,-6.95634806570636E-05,4.9092034724185E-05,5.39811017682286E-05,0.000470408110227025
7.35300233898084E-05,-2.19982710062064E-05,-6.92360661657873E-05,4.68273552760007E-05,5.46590214334589E-05,0.000472546050496689
7.35617518480595E-05,-2.1960077135313E-05,-6.89071661029953E-05,4.45481728983057E-05,5.53398072950674E-05,0.0004746865613586
7.35918924546861E-05,-2.19214094912967E-05,-6.85767786728004E-05,4.22543133031282E-05,5.6023493812705E-05,0.00047682967376943
7.36204349557987E-05,-2.18822660477015E-05,-6.82449020578484E-05,3.9945599221029E-05,5.6710115952987E-05,0.000478975418595253
7.36473689733499E-05,-2.184264475361E-05,-6.79115344193843E-05,3.76218503364564E-05,5.73997091996561E-05,0.00048112382660337
7.36726840029964E-05,-2.18025435332808E-05,-6.75766738973237E-05,3.52828832213761E-05,5.80923095639917E-05,0.000483274928453715
7.36963694119141E-05,-2.17619602857784E-05,-6.72403186103305E-05,3.29285112671238E-05,5.87879535954691E-05,0.000485428754689817
7.37184144365647E-05,-2.17208928845956E-05,-6.69024666559009E-05,3.05585446144256E-05,5.94866783926782E-05,0.000487585335729293
7.3738808180414E-05,-2.16793391772687E-05,-6.65631161104542E-05,2.81727900815242E-05,6.01885216145065E-05,0.000489744701853859
7.37575396115987E-05,-2.16372969849839E-05,-6.62222650294312E-05,2.57710510903559E-05,6.08935214915951E-05,0.000491906883198832
7.37745975605418E-05,-2.15947641021763E-05,-6.58799114473994E-05,2.33531275907128E-05,6.16017168380757E-05,0.000494071909742106
7.37899707175145E-05,-2.1551738296121E-05,-6.5536053378166E-05,2.09188159823259E-05,6.23131470635945E-05,0.000496239811292568
7.38036476301433E-05,-2.15082173065149E-05,-0.0000651906888149001,1.8467909034804E-05,6.30278521856342E-05,0.000498410617477942
7.38156167008602E-05,-2.146419884505E-05,-6.48438157302625E-05,1.6000195805358E-05,6.37458728421406E-05,0.000500584357732025
7.38258661842961E-05,-2.14196805949785E-05,-6.44954320765448E-05,1.35154615542377E-05,6.44672503044626E-05,0.000502761061281287
7.38343841846131E-05,-2.13746602106683E-05,-6.4145535785819E-05,1.1013487657808E-05,6.51920264906164E-05,0.000504940757130819
7.38411586527776E-05,-2.13291353171491E-05,-6.37941247700952E-05,8.49405151918663E-06,6.59202439788813E-05,0.000507123474049582
7.38461773837681E-05,-2.12831035096487E-05,-6.34411969214919E-05,5.95692647636323E-06,6.66519460217384E-05,0.000509309240554936
7.38494280137207E-05,-2.12365623531206E-05,-6.30867501124158E-05,3.4018817077148E-06,6.7387176560162E-05,0.000511498084896412
7.38508980170059E-05,-2.11895093817606E-05,-6.27307821957536E-05,8.28682134833352E-07,6.81259802382731E-05,0.000513690035038693
7.38505747032388E-05,-2.11419420985126E-05,-6.23732910050765E-05,-1.76291167742536E-06,6.88684024183683E-05,0.000515885118643769
7.38484452142174E-05,-2.10938579745654E-05,-6.20142743548561E-05,-4.3731436237661E-06,6.96144891963313E-05,0.000518083363052219
7.38444965207895E-05,-2.10452544488376E-05,-6.16537300406949E-05,-7.00226216424771E-06,7.03642874174437E-05,0.000520284795263597
7.38387154196446E-05,-2.09961289274514E-05,-6.12916558395701E-05,-9.65052043314611E-06,7.11178446926014E-05,0.000522489441915858
7.38310885300292E-05,-2.0946478783195E-05,-6.09280495100921E-05,-1.23181763509918E-05,7.18752094149537E-05,0.000524697329263794
7.38216022903831E-05,-2.0896301354974E-05,-6.05629087927781E-05,-1.50054927398924E-05,7.26364307769752E-05,0.000526908483156436
7.38102429548946E-05,-2.08455939472498E-05,-6.01962314103425E-05,-1.77127374422499E-05,7.34015587879833E-05,0.000529122929013353
7.3796996589972E-05,-2.07943538294665E-05,-5.98280150680036E-05,-2.04401834429927E-05,7.41706442921168E-05,0.000531340691799823
7.37818490706285E-05,-2.07425782354642E-05,-5.94582574538077E-05,-2.31881089954416E-05,7.4943738986788E-05,0.000533561796000805
7.37647860767795E-05,-2.06902643628805E-05,-5.90869562389725E-05,-2.59567977509413E-05,7.57208954416226E-05,0.000535786265593655
7.37457930894473E-05,-2.06374093725381E-05,-5.87141090782489E-05,-2.87465388923826E-05,7.65021671179022E-05,0.000538014124019543
7.37248553868724E-05,-2.05840103878179E-05,-5.83397136103046E-05,-3.15576272717554E-05,7.7287608388527E-05,0.000540245394153491
7.37019580405277E-05,-2.05300644940198E-05,-5.79637674581269E-05,-3.43903635518751E-05,7.80772745585089E-05,0.000542480098272976
7.36770859110116E-05,-2.04755687376733E-05,-5.75862682293432E-05,-3.72450543229925E-05,7.88712220203639E-05,0.000544718257948064
7.3650223643955E-05,-2.0420520125952E-05,-5.72072135171253E-05,-4.01220123939684E-05,7.96695076373982E-05,0.00054695989438001
7.36213556655548E-05,-2.03649156259904E-05,-5.68266008999069E-05,-4.30215566889014E-05,8.04721899351067E-05,0.00054920502767185
7.35904661783168E-05,-2.0308752164036E-05,-5.6444427942479E-05,-4.59440126266573E-05,8.12793281342224E-05,0.00055145367737869
7.35575391564849E-05,-2.02520266248455E-05,-5.60606921963217E-05,-4.88897122113039E-05,8.20909825098449E-05,0.000553705862274136
7.35225583414086E-05,-2.01947358509459E-05,-5.56753912001613E-05,-5.18589942028394E-05,8.29072144122908E-05,0.000555961600308387
7.34855072367908E-05,-2.013687664188E-05,-5.52885224805572E-05,-5.48522042932278E-05,8.37280862892784E-05,0.000558220908564636
7.34463691038113E-05,-2.00784457534365E-05,-5.49000835525195E-05,-5.78696952879111E-05,8.45536617093855E-05,0.000560483803213591
7.34051269561222E-05,-2.00194398968627E-05,-5.45100719201593E-05,-6.09118272929905E-05,8.53840053867254E-05,0.000562750299465953
7.33617635547114E-05,-1.99598557380607E-05,-5.41184850773724E-05,-6.39789679082849E-05,8.6219183206789E-05,0.000565020411522643
7.33162614026293E-05,-1.9899689896764E-05,-5.37253205085583E-05,-6.7071492426488E-05,8.70592622534047E-05,0.000567294152522638
7.32686027395765E-05,-1.98389389456961E-05,-5.33305756893769E-05,-7.01897840386731E-05,8.79043108367675E-05,0.00056957153448818
7.32187695363446E-05,-1.97775994097085E-05,-5.29342480875436E-05,-7.33342340463994E-05,8.87543985224955E-05,0.000571852568267225
7.31667434891089E-05,-1.97156677648987E-05,-5.25363351636655E-05,-7.65052420807041E-05,8.96095961616744E-05,0.000574137263472903
7.31125060135658E-05,-1.96531404377071E-05,-5.21368343721213E-05,-7.97032163282725E-05,9.04699759218511E-05,0.000576425628419829
7.30560382389104E-05,-1.95900138039909E-05,-5.17357431619856E-05,-0.0000829285737651001,9.13356113189423E-05,0.000578717670057055
7.29973210016497E-05,-1.95262841880773E-05,-5.13330589780019E-05,-8.61817403979806E-05,9.22065772500283E-05,0.000581013393897484
7.29363348392459E-05,-1.94619478617284E-05,-5.09287792616513E-05,-8.94631514848939E-05,9.30829503479895E-05,0.000583312803478359
7.28730599836359E-05,-1.9397001043067E-05,-5.05229014529198E-05,-9.2773251829834E-05,9.39648080799701E-05,0.000585615900709146
7.28074763544208E-05,-1.93314398959553E-05,-5.01154229901624E-05,-9.61124961132122E-05,9.4852229660161E-05,0.00058792268731449
7.27395635519105E-05,-1.92652605285792E-05,-4.97063413110923E-05,-9.94813490508742E-05,9.57452958579904E-05,0.000590233162297925
7.26693008502914E-05,-1.91984589926687E-05,-4.92956538558191E-05,-0.00010288028571471,9.66440889994201E-05,0.000592547322804524
7.25966671900437E-05,-1.91310312821214E-05,-4.8883358066431E-05,-0.000106309791842743,9.75486930101457E-05,0.000594865164045479
7.25216411704927E-05,-1.90629733319451E-05,-4.84694513887911E-05,-0.000109770364141538,9.84591934547236E-05,0.000597186679194696
7.24442010422155E-05,-1.89942810172261E-05,-4.80539312747226E-05,-0.000113262510595791,9.93756775761587E-05,0.000599511859281122
7.23643246989789E-05,-1.89249501518205E-05,-4.76367951827466E-05,-0.000116786750811501,0.00010029823435234,0.000601840693078493
7.22819896695795E-05,-1.885497648726E-05,-4.7218040580424E-05,-0.000120343616315918,0.000101226954476305,0.000604173167034387
7.21971731094939E-05,-1.8784355711401E-05,-4.67976649453116E-05,-0.000123933651116972,0.000102161930531394,0.000606509265011322
7.21098517916124E-05,-1.87130834471574E-05,-4.63756657670831E-05,-0.000127557412619116,0.000103103256928613,0.000608848967852251
7.20200020976844E-05,-1.86411552511508E-05,-4.59520405491219E-05,-0.000131215469713599,0.000104051029959402,0.000611192254216735
7.19276000101055E-05,-1.85685666127359E-05,-4.5526786812015E-05,-0.00013490840493751,0.000105005347861204,0.000613539100221092
7.18326211014555E-05,-1.84953129520832E-05,-4.50999020925771E-05,-0.000138636815052348,0.000105966310894774,0.000615889478574641
7.1735040525019E-05,-1.84213896190759E-05,-4.46713839479878E-05,-0.000142401311092392,0.000106934021378372,0.000618243358764623
7.16348330047702E-05,-1.83467918918808E-05,-4.42412299581627E-05,-0.00014620251876417,0.000107908583739738,0.000620600706927691
7.15319728248961E-05,-1.8271514975364E-05,-4.38094377275542E-05,-0.000150041078903229,0.000108890104572983,0.000622961485682608
7.14264338191729E-05,-1.81955539996005E-05,-4.3376004887853E-05,-0.000153917647939301,0.000109878692695366,0.000625325653950079
7.13181893599683E-05,-1.81189040183079E-05,-4.29409291006138E-05,-0.000157832898379889,0.000110874459206276,0.000627693166763211
7.12072123468111E-05,-1.80415600071773E-05,-4.25042080596617E-05,-0.000161787519314449,0.000111877517548776,0.000630063975069626
7.10934751950685E-05,-1.79635168624824E-05,-4.20658394954578E-05,-0.000165782216921309,0.000112887983569052,0.000632438025512971
7.09769498233338E-05,-0.000017884769399,-4.162582117598E-05,-0.00016981771502857,0.000113905975585869,0.000634815260224861
7.08576076413486E-05,-1.78053123485288E-05,-4.11841509113928E-05,-0.000173894755660713,0.000114931614453972,0.00063719561658209
7.07354195370723E-05,-1.77251403580402E-05,-4.07408265570698E-05,-0.000178014099624587,0.000115965023633612,0.000639579026963743
7.06103558634304E-05,-1.7644247987844E-05,-4.02958460171535E-05,-0.000182176527114587,0.000117006329261443,0.000641965418492213
7.0482386424673E-05,-1.75626297097297E-05,-3.98492072484358E-05,-0.000186382838338639,0.000118055660223255,0.00064435471275858
7.03514804620947E-05,-1.74802799049316E-05,-3.94009082637545E-05,-0.000190633854178371,0.000119113148230718,0.000646746825538679
7.02176066396788E-05,-1.7397192862289E-05,-3.89509471369516E-05,-0.000194930416857989,0.000120178927897262,0.000649141666483807
7.00807330288755E-05,-1.73133627761036E-05,-3.84993220066935E-05,-0.000199273390656476,0.000121253136819533,0.000651539138803518
6.99408270930725E-05,-1.72287837440644E-05,-3.80460310811964E-05,-0.00020366366264003,0.000122335915659955,0.000653939138926724
6.97978556715073E-05,-1.71434497650889E-05,-3.75910726430581E-05,-0.000208102143425092,0.000123427408232109,0.000656341556144175
6.96517849626538E-05,-1.70573547371134E-05,-3.71344450543917E-05,-0.000212589767971909,0.000124527761588713,0.000658746272230866
6.95025805069714E-05,-1.69704924547768E-05,-3.66761467619948E-05,-0.000217127496413807,0.000125637126113178,0.00066115316104955
6.93502071692179E-05,-1.6882856607128E-05,-3.62161763032694E-05,-0.000221716314913582,0.00012675565561255,0.000663562088126849
6.91946291200035E-05,-1.67944407751801E-05,-3.57545323119773E-05,-0.000226357236561789,0.000127883507414885,0.000665972910210147
6.90358098167852E-05,-1.67052384294389E-05,-3.52912135245451E-05,-0.000231051302309323,0.000129020842469045,0.000668385474796886
6.88737119841834E-05,-1.66152429273535E-05,-3.48262187866586E-05,-0.000235799581938668,0.00013016782544773,0.000670799619636717
6.87082975936114E-05,-1.6524447510693E-05,-3.4359547060214E-05,-0.000240603175076874,0.000131324624853846,0.000673215172205346
6.85395278422738E-05,-1.64328453028971E-05,-3.38911974308873E-05,-0.000245463212249316,0.000132491413129715,0.000675631949146821
6.8367363130977E-05,-1.63404293061095E-05,-3.34211691148831E-05,-0.00025038085598829,0.000133668366772492,0.000678049755687889
6.81917630420366E-05,-1.6247192398609E-05,-3.29494614685427E-05,-0.000255357301966681,0.00013485566644757,0.00068046838500704
6.80126863154971E-05,-1.61531273316819E-05,-3.24760739959616E-05,-0.00026039378020453,0.000136053497111356,0.000682887617577907
6.7830090824937E-05,-1.60582267266469E-05,-3.20010063582979E-05,-0.000265491556315465,0.00013726204813498,0.000685307220467337
6.76439335523024E-05,-1.59624830717449E-05,-3.15242583833372E-05,-0.000270651932809741,0.00013848151343247,0.000687726946592386
6.7454170561815E-05,-1.58658887189392E-05,-3.10458300755906E-05,-0.000275876250454788,0.000139712091592935,0.000690146533932692
6.72607569728225E-05,-1.57684358805746E-05,-3.05657216267267E-05,-0.000281165889698815,0.000140953986017473,0.000692565704696583
6.7063646932101E-05,-1.56701166261731E-05,-3.00839334277399E-05,-0.000286522272143585,0.000142207405057285,0.00069498416442872
6.68627935841867E-05,-1.55709228786685E-05,-2.96004660794795E-05,-0.000291946862111034,0.00014347256216209,0.000697401601076836
6.66581490415207E-05,-1.54708464109989E-05,-2.91153204061245E-05,-0.000297441168253038,0.000144749676026998,0.000699817683987211
6.64496643529882E-05,-1.53698788423649E-05,-2.86284974682383E-05,-0.00030300674524748,0.000146038970746855,0.000702232062843747
6.62372894713453E-05,-1.52680116344252E-05,-2.8139998576811E-05,-0.00030864519556946,0.000147340675974614,0.000704644366539445
6.60209732193886E-05,-1.51652360873804E-05,-2.76498253081101E-05,-0.00031435817134394,0.000148655027084383,0.000707054201976599
6.58006632547025E-05,-1.50615433358923E-05,-2.7157979519157E-05,-0.00032014737628626,0.000149982265339877,0.000709461152790995
6.55763060335551E-05,-1.49569243451322E-05,-2.66644633652846E-05,-0.000326014567719961,0.000151322638064519,0.000711864777990276
6.53478467723065E-05,-1.48513699062148E-05,-2.61692793163362E-05,-0.000331961558716645,0.000152676398822804,0.00071426461051379
6.51152294083502E-05,-1.47448706319989E-05,-2.56724301762318E-05,-0.000337990220308181,0.000154043807600234,0.000716660155687999
6.48783965589552E-05,-1.46374169525138E-05,-2.51739191024736E-05,-0.000344102483818523,0.000155425130991362,0.000719050889587514
6.4637289478556E-05,-1.45289991103034E-05,-2.46737496270607E-05,-0.000350300343304211,0.000156820642392231,0.000721436257285883
6.43918480143066E-05,-1.44196071556347E-05,-2.41719256786583E-05,-0.000356585858112005,0.00015823062219776,0.000723815670989644
6.41420105599349E-05,-1.430923094162E-05,-2.36684516062684E-05,-0.000362961155512497,0.000159655357974229,0.000726188507142738
6.38877140071116E-05,-1.41978601189392E-05,-2.31633322036512E-05,-0.000369428433735801,0.000161095144815415,0.000728554108917064
6.36288936959499E-05,-1.40854841309172E-05,-2.26565727361811E-05,-0.000375989964496102,0.00016255028525522,0.000730911774467512
6.33654833623219E-05,-1.39720922079779E-05,-2.21481789692099E-05,-0.000382648096445862,0.00016402108978492,0.000733260764478351
6.30974150835784E-05,-1.3857673362196E-05,-2.16381571974809E-05,-0.000389405258335796,0.000165507876923234,0.000735600293998124
6.28246192213366E-05,-1.37422163814575E-05,-2.11265142764321E-05,-0.00039626396240231,0.000167010973474171,0.000737929531112935
6.25470243628146E-05,-1.36257098238533E-05,-2.06132576567948E-05,-0.000403226807922123,0.000168530714751559,0.000740247593951975
6.22645572591563E-05,-1.35081420117152E-05,-2.00983954205152E-05,-0.000410296484986601,0.000170067444812099,0.000742553547457432
6.1977142760258E-05,-1.33895010251524E-05,-1.95819363174946E-05,-0.000417475778472771,0.000171621516695096,0.000744846399988419
6.16847037483182E-05,-1.32697746960646E-05,-1.90638898075944E-05,-0.000424767572176003,0.000173193292656313,0.000747125099667052
6.13871610667414E-05,-1.31489506012895E-05,-1.85442661022145E-05,-0.000432174853196236,0.000174783144412847,0.000749388530472365
6.10844334479234E-05,-1.30270160563991E-05,-1.802307621222E-05,-0.000439700716500388,0.0001763914533784,0.000751635508033754
6.07764374359451E-05,-1.29039581085821E-05,-1.75003319956578E-05,-0.000447348369767766,0.000178018610908593,0.000753864775128958
6.04630873065251E-05,-1.2779763529648E-05,-1.69760462099834E-05,-0.000455121138468036,0.000179665018541569,0.000756074996841009
6.01442949842248E-05,-1.26544188092052E-05,-1.64502325692006E-05,-0.000463022471182863,0.000181331088232049,0.000758264755345888
5.98199699537539E-05,-1.25279101468471E-05,-1.59229058012575E-05,-0.000471055945259893,0.000183017242592744,0.000760432544322002
5.94900191693549E-05,-1.24002234450032E-05,-1.539408171297E-05,-0.000479225272710689,0.000184723915119535,0.000762576762916692
5.91543469589308E-05,-1.22713443012202E-05,-1.48637772575437E-05,-0.000487534306446861,0.00018645155041491,0.000764695709256704
5.88128549240521E-05,-1.21412580004173E-05,-1.43320106073004E-05,-0.000495987046838407,0.000188200604400222,0.00076678757345182
5.84654418347256E-05,-1.20099495067848E-05,-1.37988012305791E-05,-0.000504587648634352,0.000189971544518638,0.000768850430053773
5.81120035203581E-05,-1.18774034559738E-05,-1.32641699758206E-05,-0.000513340428224493,0.000191764849917214,0.000770882229912149
5.77524327544161E-05,-1.17436041467379E-05,-1.27281391597878E-05,-0.000522249871316092,0.000193581011615931,0.000772880791386566
5.73866191341771E-05,-1.16085355326803E-05,-1.21907326630015E-05,-0.000531320641007502,0.000195420532651179,0.00077484379084809
5.70144489547362E-05,-1.14721812139111E-05,-1.16519760320408E-05,-0.000540557586292368,0.000197283928191717,0.000776768752407669
5.66358050763348E-05,-1.13345244284114E-05,-1.11118965883798E-05,-0.000549965751034756,0.000199171725625027,0.000778653036805371
5.62505667865219E-05,-1.11955480437996E-05,-1.05705235470226E-05,-0.000559550383393491,0.000201084464598555,0.000780493829372202
5.58586096543675E-05,-1.10552345486352E-05,-1.00278881420757E-05,-0.000569316945778875,0.00020302269702103,0.0007822881269916
5.54598053781937E-05,-1.09135660439648E-05,-9.48402376263499E-06,-0.000579271125325338,0.000204986987006657,0.00078403272395653
5.50540216254469E-05,-1.07705242347877E-05,-8.93896609836643E-06,-0.000589418844928646,0.000206977910757744,0.000785724196622677
5.46411218660673E-05,-1.06260904221066E-05,-8.39275329801289E-06,-0.000599766274831606,0.000208996056366384,0.000787358886734417
5.42209651948774E-05,-1.0480245494188E-05,-7.84542613634151E-06,-0.000610319844884048,0.000211042023542867,0.000788932883312923
5.37934061479627E-05,-1.03329699190026E-05,-7.29702819784683E-06,-0.000621086257373528,0.000213116423230175,0.000790442002942433
5.33582945085526E-05,-1.01842437364949E-05,-6.7476060729238E-06,-0.000632072500547542,0.000215219877107875,0.000791881768314672
5.29154751035457E-05,-1.00340465513383E-05,-6.19720956996058E-06,-0.000643285862817071,0.000217353016959032,0.000793247384851293
5.24647875900757E-05,-9.88235752623343E-06,-5.64589194456866E-06,-0.00065473394766461,0.000219516483879103,0.000794533715211589
5.20060662307275E-05,-9.72915537556794E-06,-5.0937101464079E-06,-0.00066642468930197,0.000221710927306137,0.00079573525147494
5.153913965911E-05,-9.57441836032019E-06,-4.54072508801222E-06,-0.000678366369038389,0.000223937003833535,0.000796846084752162
5.10638306323093E-05,-9.41812428337097E-06,-3.98700193387877E-06,-0.000690567632447633,0.000226195375786212,0.00079785987197167
5.05799557718981E-05,-9.26025048614832E-06,-3.43261041459278E-06,-0.000703037507285938,0.000228486709512135,0.000798769799537549
5.00873252922485E-05,-9.10077384657231E-06,-2.87762516736949E-06,-0.000715785422177596,0.000230811673349035,0.000799568543535324
4.9585742714791E-05,-8.93967077827584E-06,-2.32212610462647E-06,-0.000728821226081743,0.000233170935219478,0.000800248226119628
4.90750045701234E-05,-8.77691723216712E-06,-1.76619881610171E-06,-0.00074215520845343,0.000235565159785844,0.000800800367673786
4.85549000842479E-05,-8.61248869961307E-06,-1.20993500397479E-06,-0.000755798120145963,0.000237995005112225,0.000801215834289953
4.80252108508779E-05,-8.44636021839846E-06,-6.5343295713972E-07,-0.000769761194935059,0.000240461118745321,0.000801484780058653
4.74857104881023E-05,-8.27850638147748E-06,-9.67980669964014E-08,-0.000784056171616589,0.000242964133130554,0.000801596583602166
4.69361642812052E-05,-8.10890134968436E-06,4.59856608801287E-07,-0.000798695316509862,0.000245504660249571,0.000801539778215923
4.63763288064141E-05,-7.93751886744049E-06,1.01640973506697E-06,-0.00081369144634881,0.000248083285382782,0.000801301974911561
4.58059515420326E-05,-7.76433228417126E-06,1.57273102826457E-06,-0.000829057951193135,0.000250700559826344,0.000800869777565765
4.52247704620299E-05,-7.58931458066948E-06,2.12868052547471E-06,-0.000844808817237505,0.000253356992425656,0.000800228689291109
4.46325136142652E-05,-7.41243840190848E-06,2.68410778466893E-06,-0.000860958649148857,0.000256053039728727,0.000799363009036644
4.40288986834588E-05,-7.23367609722873E-06,3.23885100948417E-06,-0.000877522691532633,0.000258789094543181,0.000798255717310212
4.34136325397846E-05,-7.05299976912183E-06,3.79273609043103E-06,-0.000894516849020666,0.000261565472643574,0.000796888349784721
4.27864107740066E-05,-6.87038133192293E-06,4.34557555387691E-06,-0.000911957704345563,0.000264382397335401,0.000795240857405082
4.21469172211514E-05,-6.68579258211323E-06,4.89716740860159E-06,-0.000929862533606859,0.000267239981531876,0.000793291451453822
4.14948234747508E-05,-6.49920528202219E-06,5.44729387912033E-06,-0.0009482493177482,0.000270138206944994,0.000791016431856087
4.08297883949268E-05,-6.31059125915862E-06,5.99572001327916E-06,-0.000967136749027456,0.000273076899924611,0.00078838999681351
4.0151457613454E-05,-6.11992252344308E-06,6.54219215112648E-06,-0.00098654423100658,0.000276055703406939,0.000785384031642014
3.94594630429918E-05,-5.92717140584387E-06,7.08643623812123E-06,-0.00100649187015623,0.000279074044330053,0.000781967874475772
3.87534223943017E-05,-5.73231072103161E-06,7.6281559679903E-06,-0.00102700045689195,0.000282131095791577,0.000778108056238792
3.80329387117962E-05,-5.53531395858188E-06,8.16703073469934E-06,-0.00104809143320408,0.000285225733078125,0.000773768012057067
3.72975999370418E-05,-5.33615550708642E-06,8.70271337332333E-06,-0.00106978684350062,0.000288356482567212,0.000768907761015245
3.65469785135638E-05,-5.13481091659909E-06,9.23482766646548E-06,-0.00109210926449119,0.000291521462331194,0.000763483550917894
3.57806310482824E-05,-4.93125720538825E-06,9.76296559135033E-06,-0.00111508170905361,0.000294718313086725,0.000757447464474219
3.49980980520683E-05,-4.72547321886393E-06,1.028668427786E-05,-0.00113872749779907,0.00029794411789709,0.00075074698315444
3.41989037812761E-05,-4.51744004827466E-06,1.08055026489621E-05,-0.00116307009086366,0.000301195308805837,0.000743324504799332
3.3382556213307E-05,-4.30714151959695E-06,1.13188977084066E-05,-0.00118813287064483,0.000304467558266894,0.000735116811083016
3.25485471926891E-05,-4.0945647636535E-06,1.18263004404433E-05,-0.00121393886432667,0.000307755652926354,0.000726054481043959
3.16963527966276E-05,-3.87970088132583E-06,1.23270912813365E-05,-0.00124051039255127,0.000311053346932725,0.000716061247317698
3.08254339713064E-05,-3.66254571776526E-06,1.28205951252403E-05,-0.00126786862798522,0.000314353191583834,0.000705053292347853
2.99352375130756E-05,-3.4431007645348E-06,1.33060758190862E-05,-0.0012960330438503,0.000317646337653224,0.000692938483162822
2.90251974808129E-05,-3.22137421047471E-06,1.37827301030573E-05,-0.00132502072857964,0.000320922306307289,0.000679615545186736
2.80947371334936E-05,-2.99738216255413E-06,1.42496809598492E-05,-0.00135484553844968,0.000324168724128852,0.000664973178213078
2.71432715266197E-05,-2.77115006571129E-06,1.47059703295557E-05,-0.0013855170541179,0.000327371017305234,0.000648889121977763
2.61702109090082E-05,-2.54271434985487E-06,1.51505511635475E-05,-0.0014170393015102,0.00033051205981711,0.000631229184274161
2.51749651037096E-05,-2.31212433888492E-06,1.55822787957469E-05,-0.00144940919045039,0.000333571770322039,0.000611846252699353
2.41569490905462E-05,-2.07944445988409E-06,1.59999016290673E-05,-0.0014826146173838,0.000336526652654979,0.000590579322034392
2.31155900341873E-05,-1.84475679088906E-06,1.64020511674004E-05,-0.00151663217190139,0.000339349275629101,0.00056725258364881
2.20503360668003E-05,-1.60816399303786E-06,1.67872314531583E-05,-0.00155142437971847,0.000342007689230927,0.000541674643124079
2.09606671620914E-05,-1.36979266933813E-06,1.71538080333604E-05,-0.0015869364108614,0.000344464776943032,0.000513637957195708
1.98461085059303E-05,-1.12979719528958E-06,1.74999966441637E-05,-0.00162309218022941,0.000346677548017583,0.000482918613919509
1.87062468053319E-05,-8.88364059031863E-07,1.78238519083631E-05,-0.00165978977324903,0.000348596379861114,0.000449276620376884
1.75407500212028E-05,-6.45716739020875E-07,1.81232564701346E-05,-0.00169689614428661,0.000350164229881251,0.000412456911920668
1.6349391047319E-05,-4.02121131652723E-07,1.83959111570873E-05,-0.00173424106509759,0.000351315849103325,0.000372191355994755
1.51320758398102E-05,-1.57891509297558E-07,1.86393269766517E-05,-0.00177161035284758,0.000351977047604312,0.000328202089271675
1.38888764790693E-05,8.66030482462095E-08,1.88508200073188E-05,-0.00180873848861697,0.000352064085167322,0.000280206597182481
1.26200694972188E-05,3.30931873233513E-07,1.90275105592821E-05,-0.00184530086135115,0.000351483290293787,0.000227925008090745
1.13261796156023E-05,5.74595782025413E-07,1.91663283171691E-05,-0.00188090604643386,0.000350131046492366,0.000171090118638137
1.0008028648665E-05,8.17020316619164E-07,1.92640255433338E-05,-0.00191508876494405,0.000347894324597337,0.000109460661883215
8.66678880136495E-06,1.05754960666251E-06,1.93172007476702E-05,-0.00194730446546629,0.0003446519784809,4.28382409060759E-05
7.30403880577906E-06,1.29544146709801E-06,1.93223354569574E-05,-0.00197692680769919,0.000340277050575923,-2.89118729897608E-05
5.92182033616615E-06,1.52986452263979E-06,1.92758467250955E-05,-0.00200324965973858,0.000334640344109981,-0.00010583628512458
4.52269094006673E-06,1.75989832218245E-06,1.91741576733572E-05,-0.00202549546876221,0.000327615499698355,-0.00018786621564352
3.10976839411766E-06,1.98453755039858E-06,1.9013787457271E-05,-0.00204283186118617,0.000319085728715739,-0.000274789193170363
1.68676026891145E-06,2.20270147736593E-06,1.87914604804391E-05,-0.00205439779232046,0.000308952124533555,-0.00036622245449799
2.57971903043271E-07,2.41324960291573E-06,1.8504232558326E-05,-0.00205933953760013,0.000297143075811884,-0.000461591248448047
-1.17171396276606E-06,2.61500398946397E-06,1.8149629574735E-05,-0.00205685631206857,0.000283623966779508,-0.000560115080221621
-2.59689257589602E-06,2.80677816634556E-06,1.77257917474247E-05,-0.00204625541863219,0.00026840624118184,-0.000660806345218997
-4.0117333438472E-06,2.98741178236739E-06,1.72316123504393E-05,-0.0020270132985997,0.000251554661858301,-0.000762489033004069
-5.41011728323794E-06,3.15580925976877E-06,1.66668549241226E-05,-0.00199883098736646,0.000233191371037589,-0.000863841722209637
-6.7858076991753E-06,3.31097994444443E-06,1.60322341276212E-05,-0.00196167364361767,0.00021349612555036,-0.000963457404942085
-8.13264284084523E-06,3.45207699988233E-06,1.53294516596251E-05,-0.00191579477551678,0.000192702233364892,-0.00105991290753811
-9.44473944500192E-06,3.57843141686469E-06,1.45611799361569E-05,-0.00186174141155539,0.000171086191337828,-0.00115185011861475
-1.07166893152173E-05,3.68957648230229E-06,1.37309873610046E-05,-0.00180032745718862,0.000148951026307662,-0.00123805960462677
-1.19437268460315E-05,3.78525976569541E-06,1.28432110953395E-05,-0.00173257924604112,0.000126607872406915,-0.00131754539720571
-1.31218540644968E-05,3.86544277845539E-06,1.19027934765039E-05,-0.00165966980378171,0.000104359074164077,-0.00138956563572688
-1.42479180374809E-05,3.93028949876343E-06,1.09150972634577E-05,-0.00158284752470877,8.24830599607039E-05,-0.00145365296625392
-1.53196376848029E-05,3.98014535264529E-06,9.88571454279642E-06,-0.00150336321753161,6.12223515043211E-05,-0.00150961175435032
-1.63355824652424E-05,4.01550949228498E-06,8.8202857703272E-06,-0.00142240622829947,4.07763653973475E-05,-0.00155749256052129
-1.72951121462846E-05,4.03700369212446E-06,7.72434214651213E-06,-0.00134105682230217,2.12987000975436E-05,-0.00159755207821626
-1.81982894748846E-05,4.04534061354574E-06,6.60317841732812E-06,-0.00126025555684728,2.89788373254906E-06,-0.00163020662332563
-1.90457770941536E-05,4.04129357375672E-06,5.46175855646632E-06,-0.00118078827047952,-1.43591579472293E-05,-0.00165598479383299
-1.98387288154291E-05,4.02566943518072E-06,4.30465330529591E-06,-0.00110328434373728,-3.04417413813753E-05,-0.00167548369422693
-2.05786833391103E-05,3.99928559208017E-06,3.13600596422848E-06,-0.00102822486256493,-4.53491407758077E-05,-0.00168933165361399
-2.12674660413681E-05,3.96295140124985E-06,1.95952143956571E-06,-0.00095595715484916,-5.91041843559813E-05,-0.0016981586448958
-2.19071021839397E-05,3.91745394138055E-06,7.78473138867165E-07,-0.000886712700895396,-7.17472584481769E-05,-0.00170257437353406
-2.24997430508651E-05,3.86354770171801E-06,-4.04277387314219E-07,-0.000820626114307466,-8.33310215144022E-05,-0.00170315329404355
-2.30476051388686E-05,3.80194765103876E-06,-1.58625247145141E-06,-0.000757753561678041,-9.39159690473967E-05,-0.00170042543918632
-2.35529216406855E-05,3.73332508089616E-06,-2.76532566295284E-06,-0.000698089593587415,-0.000103566872491752,-0.00169487181713106
-2.40179048931902E-05,3.65830563434147E-06,-3.93968708692824E-06,-0.000641581861990711,-0.000112350033928206,-0.00168692318578576
-2.44447182607225E-05,3.57746898633132E-06,-5.10780883192121E-06,-0.000588143556726005,-0.000120331253674632,-0.00167696117602766
-2.48354558754113E-05,3.49134972291875E-06,-6.26841168352107E-06,-0.000537663627713766,-0.000127574390588654,-0.00166532093714559
-2.51921287630206E-05,3.40043904871349E-06,-7.4204340397411E-06,-0.000490014988811631,-0.000134140396599227,-0.00165229467445929
-2.55166560361193E-05,3.30518703218082E-06,-8.56300344742103E-06,-0.000445060960863636,-0.000140086718476944,-0.00163813562047091
-2.58108600324314E-05,3.20600516484518E-06,-9.69541096162291E-06,-0.000402660225835852,-0.00014546697591811,-0.00162306211991851
-2.60764644513566E-05,3.10326907048763E-06,-1.08170883127883E-05,-0.000362670554301459,-0.000150330841412247,-0.00160726161758989
-2.63150947215974E-05,2.99732124548596E-06,-1.19275877665646E-05,-0.000324951542274621,-0.000154724062928147,-0.00159089441828083
-2.6528279986853E-05,2.88847374684097E-06,-1.30265644987746E-05,-0.000289366561664666,-0.000158688583886778,-0.00157409714619184
-2.67174562228616E-05,2.77701077370611E-06,-1.41137612544122E-05,-0.000255784096742796,-0.000162262725958965,-0.00155698587155787
-2.68839701116146E-05,2.66319110745657E-06,-1.51889950630297E-05,-0.000224078607830245,-0.000165481409266048,-0.00153965889887492
-2.70290833847723E-05,2.54725039140833E-06,-1.62521457751899E-05,-0.000194131036546008,-0.000168376391555832,-0.00152219922817814
-2.71539774199694E-05,2.42940324210698E-06,-1.73031461973139E-05,-0.000165829043669386,-0.000170976513336244,-0.0015046767106191
-2.72597579311761E-05,2.30984519081913E-06,-1.83419736268049E-05,-0.000139067051218568,-0.000173307939989447,-0.00148714992479618
-2.73474596361843E-05,2.18875445913736E-06,-1.93686426060862E-05,-0.000113746141392747,-0.000175394395424591,-0.00146966780425189
-2.74180508176693E-05,2.06629357703975E-06,-2.03831987226524E-05,-8.97738598807067E-05,-0.000177257382880546,-0.00145227103958333
-2.74724377237955E-05,1.94261085290944E-06,-2.1385713312018E-05,-6.70639541634556E-05,-0.000178916391137237,-0.00143499328691567
-2.75114687713173E-05,1.81784170487488E-06,-2.23762789455198E-05,-4.55360689393087E-05,-0.000180389085451076,-0.00141786220592358
-2.75359385280921E-05,1.69210986562355E-06,-2.33550055813248E-05,-2.51154191258661E-05,-0.000181691482765682,-0.00140090034988259
-2.75465914647073E-05,1.56552847045622E-06,-2.43220172916116E-05,-5.73245324364266E-06,-0.000182838111589503,-0.00138412592791148
-2.75441254717876E-05,1.43820103990975E-06,-2.52774494761771E-05,1.26774831396394E-05,-0.000183842157288657,-0.001367553457305
-2.75291951456975E-05,1.3102223660549E-06,-2.62214464972295E-05,3.01744772567891E-05,-0.000184715593721835,-0.00135119432144237
-2.7502414848837E-05,1.18167931148707E-06,-2.71541596754592E-05,4.68143676335257E-05,-0.000185469302352133,-0.00133505724614964
-2.74643615536252E-05,1.05265153019381E-06,-2.80757455886132E-05,6.26490481785257E-05,-0.000186113178566044,-0.00131914870748432
-2.74155774809214E-05,9.2321211889081E-07,-2.89863646324055E-05,7.77267560676175E-05,-0.000186656228184317,-0.00130347328119847
-2.73565725445354E-05,7.93428203718043E-07,-2.98861798055206E-05,9.20923423846521E-05,-0.000187106654683835,-0.00128803393805074
-2.72878266134338E-05,6.63361469516339E-07,-3.07753556899413E-05,0.000105787525517738,-0.000187471936732668,-0.00127283229858716
-2.72097916045534E-05,5.3306863903958E-07,-3.16540575865044E-05,0.000118851127101693,-0.000187758898120706,-0.00125786885020171
-2.7122893417237E-05,4.0260190526642E-07,-3.25224507959159E-05,0.000131319291245773,-0.00018797377054515,-0.00124314313242797
-2.70275337212572E-05,2.72009322733599E-07,-3.33807000163329E-05,0.000143225687587418,-0.000188122249991872,-0.00122865389520861
-2.69240916091294E-05,1.41335161626829E-07,-3.42289688434129E-05,0.000154601699035145,-0.000188209547376183,-0.00121439923402136
-2.68129251231564E-05,1.06202285844661E-08,-3.50674193567539E-05,0.000165476595069078,-0.000188240434039564,-0.00120037670523527
-2.66943726667817E-05,-1.20097842573172E-07,-3.58962117810962E-05,0.000175877691533286,-0.000188219282645802,-0.00118658342453263
-2.65687543095741E-05,-2.50784326862369E-07,-3.67155042094625E-05,0.00018583049781798,-0.000188150103960586,-0.00117301615087174
-2.64363729939397E-05,-3.81407168589881E-07,-3.75254523814411E-05,0.000195358852370233,-0.000188036579949058,-0.00115967135803133
-2.62975156516196E-05,-5.1193676352852E-07,-3.83262095067452E-05,0.000204485047382944,-0.000187882093580038,-0.00114654529554804
-2.61524542370936E-05,-6.4234576076762E-07,-3.91179261279759E-05,0.00021322994350575,-0.000187689755684074,-0.00113363404055451
-2.60014466845699E-05,-7.72608882273054E-07,-3.99007500165476E-05,0.000221613075363016,-0.000187462429175207,-0.00112093354182102
-2.58447377946188E-05,-9.02702758481734E-07,-4.06748260971085E-05,0.000229652748621041,-0.000187202750912555,-0.00110843965710691
-2.56825600562472E-05,-1.03260577823341E-06,-4.14402963952766E-05,0.000237366129283382,-0.000186913151448344,-0.00109614818478791
-2.55151344093584E-05,-1.16229795184392E-06,-4.21973000061687E-05,0.000244769325865632,-0.000186595872881569,-0.00108405489055565
-2.5342670952506E-05,-1.29176078592739E-06,-4.29459730796775E-05,0.000251877465030737,-0.000186252985013182,-0.00107215552990242
-2.51653696002218E-05,-1.42097716890876E-06,-4.36864488201329E-05,0.000258704761233115,-0.000185886399977126,-0.00106044586698482
-2.49834206939147E-05,-1.54993126621268E-06,-4.44188574979561E-05,0.000265264580871681,-0.000185497885502768,-0.00104892169038155
-2.47970055700055E-05,-1.67860842421855E-06,-4.51433264712551E-05,0.00027156950141096,-0.000185089076947488,-0.00103757882618803
-2.46062970885584E-05,-1.80699508222836E-06,-4.58599802159677E-05,0.000277631365894458,-0.000184661488222967,-0.00102641314882226
-2.44114601256858E-05,-1.93507869157465E-06,-4.65689403622753E-05,0.000283461333229037,-0.000184216521726241,-0.00101542058988089
-2.42126520322554E-05,-2.06284764140437E-06,-4.72703257371053E-05,0.000289069924602605,-0.000183755477373516,-0.00100459714530957
-2.40100230616844E-05,-2.19029119040229E-06,-4.79642524108331E-05,0.000294467066350516,-0.000183279560825644,-0.000993938881141509
-2.38037167690959E-05,-2.31739940397881E-06,-4.86508337475863E-05,0.000299662129568394,-0.000182789890983831,-0.000983441938007713
-2.35938703840196E-05,-2.44416309643037E-06,-4.93301804583054E-05,0.000304663966740019,-0.000182287506826418,-0.000973102534598507
-2.33806151585537E-05,-2.57057377767585E-06,-5.00024006560979E-05,0.000309480945627569,-0.000181773373649861,-0.000962916970227854
-2.31640766932078E-05,-2.69662360394329E-06,-5.06675999120711E-05,0.000314120980639959,-0.000181248388771619,-0.000952881626652233
-2.2944375241116E-05,-2.82230533263218E-06,-5.13258813142553E-05,0.000318591561906355,-0.000180713386743482,-0.00094299296921198
-2.27216259934665E-05,-2.94761228025249E-06,-5.19773455250672E-05,0.000322899782212457,-0.000180169144124273,-0.000933247547456544
-2.24959393465833E-05,-3.07253828373027E-06,-5.26220908400712E-05,0.000327052361992908,-0.000179616383850663,-0.000923641995291925
-2.22674211523495E-05,-3.19707766458142E-06,-5.3260213246498E-05,0.000331055672527127,-0.000179055779243974,-0.000914173030742699
-2.20361729531211E-05,-3.32122519574196E-06,-5.38918064814349E-05,0.000334915757482592,-0.000178487957686161,-0.000904837455389463
-2.180229220213E-05,-3.4449760708911E-06,-5.45169620897633E-05,0.000338638352937837,-0.000177913503994707,-0.000895632153532087
-2.15658724706479E-05,-3.56832587592914E-06,-5.51357694809656E-05,0.000342228906000336,-0.000177332963524091,-0.000886554091136416
-2.13270036425036E-05,-3.69127056261344E-06,-5.57483159856043E-05,0.00034569259213429,-0.000176746845017389,-0.000877600314590572
-2.1085772097073E-05,-3.81380642404854E-06,-5.63546869106487E-05,0.000349034331294025,-0.000176155623230684,-0.00086876794931648
-2.0842260881436E-05,-3.93593007193462E-06,-5.69549655938422E-05,0.000352258802956403,-0.000175559741349948,-0.000860054198262102
-2.05965498724515E-05,-4.0576384154277E-06,-5.7549233456989E-05,0.000355370460135898,-0.000174959613218478,-0.00085145634030073
-2.03487159293544E-05,-4.17892864152295E-06,-5.81375700582829E-05,0.000358373542460248,-0.000174355625390992,-0.000842971728556816
-2.00988330379607E-05,-4.29979819662247E-06,-5.87200531425547E-05,0.000361272088371825,-0.000173748139030309,-0.00083459778869263
-1.98469724459171E-05,-4.42024476974128E-06,-5.92967586921163E-05,0.000364069946533329,-0.000173137491657267,-0.000826332017132696
-1.95932027910578E-05,-4.54026627650971E-06,-5.9867760974563E-05,0.000366770786478868,-0.000172523998769727,-0.000818171979291921
-1.93375902222242E-05,-4.65986084444332E-06,-6.04331325902413E-05,0.000369378108579044,-0.000171907955338966,-0.000810115307779717
-1.90801985134665E-05,-4.77902679917526E-06,-6.09929445182889E-05,0.000371895253364767,-0.000171289637194629,-0.00080215970060566
-1.88210891721372E-05,-4.89776265154261E-06,-6.15472661610949E-05,0.000374325410255548,-0.000170669302307586,-0.000794302919397037
-1.85603215403279E-05,-5.01606708589021E-06,-6.20961653892014E-05,0.000376671625743507,-0.000170047191976697,-0.000786542787606604
-1.82979528923808E-05,-5.13393894844816E-06,-6.26397085816195E-05,0.000378936811050635,-0.000169423531932916,-0.000778877188788057
-1.80340385256721E-05,-5.25137723716828E-06,-6.31779606683028E-05,0.000381123749324551,-0.000168798533359885,-0.000771304064848039
-1.77686318473427E-05,-5.36838109188317E-06,-6.3710985169744E-05,0.000383235102384143,-0.000168172393843158,-0.000763821414350672
-1.7501784456332E-05,-5.48494978517299E-06,-6.42388442357383E-05,0.000385273417054711,-0.000167545298251509,-0.00075642729084887
-1.72335462211461E-05,-5.6010827138221E-06,-6.47615986830012E-05,0.000387241131119487,-0.000166917419555995,-0.000749119801249762
-1.69639653536194E-05,-5.71677939082448E-06,-6.52793080316622E-05,0.0003891405789138,-0.000166288919591573,-0.000741897104216175
-1.66930884789082E-05,-5.8320394378993E-06,-6.57920305406627E-05,0.00039097399658614,-0.000165659949765731,-0.000734757408605649
-1.64209607019393E-05,-5.94686257848133E-06,-6.62998232420821E-05,0.000392743527048527,-0.000165030651718145,-0.000727698971948059
-1.61476256705234E-05,-6.06124863115374E-06,-6.6802741974421E-05,0.000394451224636956,-0.000164401157935075,-0.000720720098962589
-1.5873125635157E-05,-6.17519750356273E-06,-6.73008414151745E-05,0.000396099059502074,-0.000163771592321485,-0.000713819140110233
-1.55975015067138E-05,-6.28870918636512E-06,-6.77941751108819E-05,0.000397688921742135,-0.000163142070736561,-0.000706994490207487
-1.5320792909649E-05,-6.40178374823703E-06,-6.82827955092924E-05,0.000399222625309341,-0.000162512701489182,-0.000700244587037333
-1.50430382342684E-05,-6.51442133051308E-06,-6.87667539875148E-05,0.000400701911685183,-0.000161883585804368,-0.000693567910042613
-1.47642746856689E-05,-6.62662214248968E-06,-6.92461008808065E-05,0.000402128453353915,-0.0001612548182568,-0.000686962979037334
-1.44845383305025E-05,-6.73838645694901E-06,-6.97208855101743E-05,0.000403503857081322,-0.000160626487176223,-0.000680428352961131
-1.42038641415299E-05,-6.84971460595534E-06,-7.01911562091234E-05,0.000404829667012052,-0.000159998675026337,-0.000673962628671963
-1.39222860400804E-05,-6.96060697690578E-06,-7.06569603495813E-05,0.000406107367596916,-0.000159371458759086,-0.000667564439776372
-1.36398369365368E-05,-7.07106400881902E-06,-7.11183443670224E-05,0.00040733838636075,-0.000158744910146063,-0.000661232455496569
-1.3356548768949E-05,-7.18108618884667E-06,-7.15753537848177E-05,0.000408524096520702,-0.000158119096088656,-0.00065496537957358
-1.30724525398801E-05,-7.29067404899321E-06,-7.20280332378362E-05,0.000409665819464123,-0.000157494078908426,-0.000648761949205581
-1.27875783515771E-05,-7.39982816303104E-06,-7.24764264953197E-05,0.000410764827094616,-0.000156869916619098,-0.000642620934020513
-1.25019554397289E-05,-7.50854914353254E-06,-7.29205764827893E-05,0.000411822344053602,-0.00015624666318185,-0.000636541135085617
-1.22156122048574E-05,-7.61683763940243E-06,-7.33605253046128E-05,0.000412839549828599,-0.000155624368742636,-0.000630521383931596
-1.19285762440139E-05,-7.724694332913E-06,-7.37963142632296E-05,0.000413817580745668,-0.00015500307985859,-0.000624560541644595
-1.16408743793964E-05,-7.83211993754819E-06,-7.42279838804315E-05,0.000414757531865243,-0.000154382839706638,-0.000618657497952376
-1.13525326865503E-05,-7.93911519565981E-06,-7.46555739166821E-05,0.000415660458777772,-0.000153763688281162,-0.000612811170358583
-1.10635765211812E-05,-8.0456808763224E-06,-7.50791233901116E-05,0.000416527379308691,-0.000153145662579191,-0.000607020503302184
-1.07740305448134E-05,-8.15181777331279E-06,-7.54986705949385E-05,0.000417359275137375,-0.000152528796774324,-0.000601284467344861
-1.0483918749353E-05,-8.25752670320667E-06,-7.59142531193357E-05,0.000418157093335007,-0.000151913122380133,-0.000595602058385465
-1.01932644806093E-05,-8.36280850358529E-06,-7.63259078627609E-05,0.00041892174782598,-0.000151298668403739,-0.000589972296900649
-9.90209046082743E-06,-8.46766403134544E-06,-7.67336710527681E-05,0.000419654120777175,-0.000150685461490197,-0.000584394227210841
-9.61041881027917E-06,-8.57209416110677E-06,-7.7137578261318E-05,0.000420355063919169,-0.00015007352605827,-0.000578866916770702
-9.31827106777879E-06,-8.67609978377473E-06,-7.753766442085E-05,0.000421025399803581,-0.000149462884427778,-0.000573389455479867
-9.02566821125012E-06,-8.77968180486851E-06,-7.79339638386533E-05,0.000421665922997632,-0.000148853556941335,-0.000567960955033519
-8.73263067567735E-06,-8.88284114357261E-06,-7.83265102132553E-05,0.000422277401225526,-0.000148245562075226,-0.000562580548261095
-8.4391783720892E-06,-8.9855787312215E-06,-7.87153366478974E-05,0.000422860576451383,-0.000147638916547452,-0.000557247388520368
-8.14533070490529E-06,-9.0878955101779E-06,-7.91004756648277E-05,0.000423416165913025,-0.000147033635417711,-0.000551960649095051
-7.85110658876276E-06,-9.18979243271442E-06,-7.94819592189368E-05,0.00042394486310681,-0.000146429732181948,-0.000546719522615704
-7.55652446467455E-06,-9.29127045995877E-06,-7.98598187109966E-05,0.000424447338726555,-0.000145827218861456,-0.000541523220499847
-7.26160231555127E-06,-9.39233056089921E-06,-8.02340850005189E-05,0.000424924241558971,-0.000145226106086866,-0.000536370972410597
-6.96635768111557E-06,-9.49297371144659E-06,-8.06047884182424E-05,0.000425376199337921,-0.00014462640317734,-0.000531262025733164
-6.67080767223675E-06,-9.59320089354976E-06,-8.0971958778263E-05,0.000425803819559668,-0.000144028118215271,-0.000526195645068587
-6.37496898471245E-06,-9.69301309436136E-06,-8.13356253898187E-05,0.000426207690261137,-0.000143431258116743,-0.000521171111744112
-6.07885791252204E-06,-9.79241130545133E-06,-8.16958170687395E-05,0.000426588380763106,-0.000142835828698019,-0.000516187723339609
-5.78249036075514E-06,-9.89139652200516E-06,-8.20525621483585E-05,0.000426946442379904,-0.000142241834738643,-0.000511244793232489
-5.48588185716047E-06,-9.98996974236414E-06,-8.24058884911885E-05,0.000427282409098682,-0.000141649280039257,-0.000506341650142499
-5.18904756502914E-06,-1.00881319670062E-05,-8.27558234981363E-05,0.000427596798226458,-0.000141058167479704,-0.000501477637720955
-4.89200229384312E-06,-1.01858841981641E-05,-8.31023941195867E-05,0.000427890111010986,-0.000140468499070402,-0.000496652114123858
-4.59476051039945E-06,-1.02832274391797E-05,-8.34456268651206E-05,0.000428162833233452,-0.00013988027600261,-0.000491864451613408
-4.29733634935258E-06,-1.03801626939513E-05,-8.37855478131752E-05,0.000428415435775731,-0.000139293498695579,-0.000487114036169438
-3.99974362337147E-06,-1.04766909664132E-05,-8.41221826204382E-05,0.000428648375163224,-0.000138708166841104,-0.000482400267113317
-3.70199583292722E-06,-1.05728132600455E-05,-8.44555565309867E-05,0.0004288620940845,-0.000138124279445638,-0.000477722556743872
-3.40410617572826E-06,-1.06685305774118E-05,-8.47856943851753E-05,0.000429057021888851,-0.0001375418348701,-0.000473080329984911
-3.10608755581697E-06,-1.07638439197244E-05,-8.51126206282851E-05,0.000429233575062846,-0.000136960830867518,-0.000468473024043927
-2.80795259234261E-06,-1.08587542864342E-05,-8.54363593189379E-05,0.000429392157686885,-0.000136381264618627,-0.000463900088081572
-2.50971362783909E-06,-1.09532626749041E-05,-8.57569341374832E-05,0.000429533161872804,-0.000135803132765181,-0.000459360982888764
-2.21138273712758E-06,-1.10473700798118E-05,-8.60743683931774E-05,0.000429656968183012,-0.00013522643144321,-0.000454855180587979
-1.91297173408985E-06,-1.11410774931596E-05,-8.63886850331311E-05,0.00042976394603307,-0.000134651156310986,-0.000450382164315949
-1.61449218001211E-06,-1.12343859037193E-05,-8.6699906649068E-05,0.000429854454077092,-0.000134077302578977,-0.000445941427944012
-1.3159553907441E-06,-1.13272962967885E-05,-8.70080554848779E-05,0.000429928840577818,-0.000133504865036434,-0.000441532475793347
-1.01737244379147E-06,-1.14198096539077E-05,-8.73131534437784E-05,0.000429987443761661,-0.000132933838076924,-0.000437154822361743
-7.1875418516628E-07,-1.15119269525936E-05,-8.76152220952894E-05,0.00043003059215949,-0.000132364215722487,-0.000432807992058774
-4.20111236005569E-07,-1.16036491660892E-05,-8.79142826820266E-05,0.000430058604933798,-0.000131795991646511,-0.000428491518949089
-1.214539989674E-07,-1.16949772631293E-05,-8.82103561263202E-05,0.000430071792192882,-0.000131229159195379,-0.000424204946503551
1.77207335587055E-07,-1.17859122077204E-05,-8.85034630366617E-05,0.000430070455292634,-0.000130663711408964,-0.000419947827357954
4.7586278361658E-07,-1.18764549589349E-05,-8.87936237139878E-05,0.000430054887126488,-0.000130099641040028,-0.000415719723079057
7.74502561620936E-07,-1.19666064707181E-05,-8.90808581578027E-05,0.000430025372404057,-0.000129536940572595,-0.000411520203937665
1.07311708087025E-06,-1.20563676916533E-05,-8.93651860719746E-05,0.000429982187919,-0.000128975602239686,-0.000407348848691033
1.37169694272101E-06,-1.21457395650103E-05,-8.96466268712397E-05,0.000429925602806402,-0.000128415618038441,-0.000403205244359325
1.67023293229945E-06,-1.22347230282616E-05,-8.99251996858403E-05,0.000429855878790588,-0.000127856979747731,-0.000399088986033587
1.96871601416161E-06,-1.23233190131532E-05,-9.02009233677449E-05,0.000429773270423209,-0.000127299678941602,-0.000394999676664594
2.26713732721147E-06,-1.24115284455125E-05,-9.04738164958665E-05,0.000429678025312445,-0.000126743707003596,-0.000390936926870345
2.56548817995641E-06,-1.24993522451211E-05,-9.07438973813212E-05,0.000429570384343541,-0.000126189055139997,-0.000386900354746744
2.86376004591237E-06,-1.2586791325596E-05,-9.10111840725572E-05,0.00042945058189108,-0.000125635714392376,-0.000382889585683822
3.16194455915429E-06,-1.26738465942794E-05,-9.12756943603578E-05,0.000429318846023341,-0.000125083675649481,-0.000378904252187308
3.46003351000517E-06,-1.27605189521361E-05,-9.15374457827222E-05,0.000429175398699095,-0.00012453292965848,-0.0003749439937054
3.75801884085984E-06,-1.28468092936597E-05,-9.17964556296284E-05,0.000429020455957142,-0.000123983467035625,-0.000371008456460537
4.05589264230537E-06,-1.29327185068328E-05,-9.20527409478243E-05,0.000428854228098741,-0.000123435278275991,-0.000367097293283757
4.35364714852679E-06,-1.30182474728534E-05,-9.23063185447853E-05,0.000428676919864157,-0.000122888353764393,-0.000363210163465089
4.65127473451161E-06,-1.31033970663511E-05,-9.25572049940107E-05,0.000428488730601319,-0.0001223426837824,-0.000359346732585721
4.94876791169078E-06,-1.31881681551254E-05,-9.28054166387634E-05,0.00042828985442985,-0.000121798258518244,-0.000355506672377338
5.24611932453086E-06,-1.32725616001318E-05,-9.30509695964352E-05,0.000428080480398493,-0.00012125506807459,-0.000351689660574297
5.54332174706574E-06,-1.33565782554252E-05,-9.32938797626652E-05,0.000427860792637074,-0.000120713102476202,-0.000347895380772197
5.84036807953181E-06,-1.34402189681084E-05,-9.35341628153628E-05,0.000427630970503073,-0.000120172351677201,-0.000344123522290417
6.13725134510329E-06,-1.35234845782851E-05,-9.37718342186352E-05,0.000427391188723005,-0.000119632805567929,-0.000340373780038474
6.4339646867238E-06,-1.36063759190186E-05,-9.4006909226625E-05,0.000427141617528849,-0.000119094453981444,-0.00033664585438612
6.73050136403133E-06,-1.36888938162932E-05,-9.42394028872571E-05,0.000426882422789696,-0.000118557286699673,-0.000332939451037022
7.0268547503728E-06,-1.37710390889817E-05,-9.44693300459005E-05,0.000426613766138829,-0.000118021293459218,-0.000329254280905942
7.32301832990511E-06,-1.38528125488151E-05,-9.46967053489455E-05,0.000426335805096402,-0.000117486463956848,-0.000325590059999282
7.61898569478057E-06,-1.39342150003572E-05,-9.49215432472987E-05,0.000426048693187904,-0.000116952787854698,-0.00032194650929888
7.91475054241254E-06,-1.40152472409822E-05,-9.51438579997986E-05,0.000425752580058562,-0.000116420254785161,-0.000318323354648957
8.21030667269148E-06,-1.40959100608203E-05,-9.53636636764596E-05,0.000425447611584035,-0.000115888854355748,-0.000314720326647735
8.50564798591635E-06,-1.41762042428826E-05,-9.55809741621154E-05,0.000425133929976433,-0.000115358576152593,-0.000311137160534159
8.8007684795187E-06,-1.42561305628371E-05,-9.57958031590359E-05,0.000424811673888614,-0.00011482940974588,-0.000307573596093396
9.0956622461377E-06,-1.43356897891394E-05,-9.60081641904284E-05,0.000424480978513111,-0.000114301344692895,-0.000304029377548934
9.39032347112261E-06,-1.44148826829898E-05,-9.62180706033908E-05,0.000424141975678695,-0.000113774370541906,-0.00030050425346561
9.68474643022968E-06,-1.44937099983283E-05,-9.64255355718929E-05,0.000423794793943538,-0.000113248476835635,-0.00029699797665361
9.97892548738214E-06,-1.45721724818321E-05,-9.66305720996917E-05,0.000423439558685298,-0.000112723653114519,-0.000293510304074998
1.0272855092492E-05,-1.46502708729148E-05,-9.68331930231831E-05,0.000423076392188233,-0.000112199888919782,-0.000290040996752695
1.05665297793412E-05,-1.47280059037279E-05,-9.70334110141912E-05,0.000422705413727464,-0.000111677173796333,-0.00028658981968184
1.08599441635206E-05,-1.48053782991648E-05,-9.72312385826963E-05,0.000422326739650484,-0.000111155497295495,-0.000283156541743459
1.11530929404241E-05,-1.48823887768658E-05,-9.74266880795042E-05,0.000421940483456026,-0.000110634848977566,-0.00027974093562037
1.14459708832972E-05,-1.49590380472249E-05,-9.76197716988581E-05,0.000421546755870381,-0.000110115218414229,-0.000276342777715269
1.17385728413376E-05,-1.50353268133993E-05,-9.78105014809935E-05,0.000421145664921257,-0.00010959659519081,-0.000272961848070927
1.20308937378458E-05,-1.51112557713187E-05,-9.79988893146394E-05,0.00042073731600928,-0.000109078968908401,-0.000269597930292424
1.23229285684252E-05,-1.51868256096978E-05,-9.81849469394653E-05,0.000420321811977212,-0.000108562329185847,-0.000266250811471378
1.26146723992291E-05,-1.52620370100485E-05,-9.8368685948477E-05,0.000419899253176972,-0.000108046665661599,-0.000262920282112102
1.29061203652535E-05,-1.53368906466948E-05,-9.85501177903612E-05,0.000419469737534539,-0.000107531967995459,-0.000259606136059617
1.31972676686746E-05,-1.54113871867876E-05,-9.8729253771781E-05,0.000419033360612815,-0.0001070182258702,-0.000256308170429496
1.34881095772288E-05,-1.54855272903217E-05,-9.89061050596234E-05,0.000418590215672516,-0.000106505428993081,-0.000253026185539452
1.37786414226346E-05,-1.55593116101531E-05,-9.90806826831994E-05,0.000418140393731164,-0.000105993567097259,-0.000249759984842645
1.40688585990549E-05,-1.56327407920172E-05,-9.92529975363994E-05,0.000417683983620249,-0.000105482629943106,-0.000246509374862632
1.4358756561598E-05,-1.57058154745485E-05,-9.94230603798025E-05,0.000417221072040616,-0.000104972607319435,-0.000243274165129941
1.46483308248572E-05,-1.57785362893006E-05,-9.95908818427435E-05,0.00041675174361616,-0.000104463489044643,-0.000240054168120184
1.49375769614587E-05,-1.58509038607603E-05,-9.9756472425321E-05,0.000416276080945706,-0.000103955264967838,-0.00023684919919396
1.5226490600783E-05,-1.59229188063965E-05,-9.99198425004449E-05,0.000415794164654242,-0.000103447924969369,-0.000233659076537203
1.55150674274462E-05,-1.59945817366414E-05,-0.000100081002315681,0.000415306073440657,-0.000102941458962344,-0.000230483621104993
1.58033031800894E-05,-1.60658932549407E-05,-0.000100239961995221,0.000414811884125937,-0.000102435856893067,-0.000227322656564592
1.60911936500627E-05,-1.613685395777E-05,-0.000100396731541727,0.000414311671699,-0.000101931108741875,-0.000224176009241
1.63787346801685E-05,-1.6207464434659E-05,-0.000100551320838163,0.000413805509361322,-0.000101427204523813,-0.000221043508063593
1.66659221634356E-05,-1.62777252682156E-05,-0.00010070373964958,0.000413293468570224,-0.000100924134289255,-0.000217924984514038
1.69527520419227E-05,-1.63476370341507E-05,-0.000100853997624879,0.000412775619080873,-0.00010042188812446,-0.000214820272575444
1.72392203055502E-05,-1.64172003013031E-05,-0.00010100210429852,0.000412252028987039,-9.99204561520744E-05,-0.000211729208682721
1.75253229909603E-05,-1.64864156316653E-05,-0.000101148069092217,0.000411722764760635,-9.94198285315774E-05,-0.000208651631674111
1.78110561804046E-05,-1.65552835804088E-05,-0.000101291901316586,0.000411187891290104,-9.89199954596814E-05,-0.000205587382743867
1.80964160006569E-05,-1.66238046959106E-05,-0.000101433610172766,0.000410647471917676,-9.84209471706771E-05,-0.000202536305396034
1.83813986219522E-05,-1.66919795197787E-05,-0.000101573204754006,0.00041010156847553,-9.79226739367354E-05,-0.000199498245399313
1.86660002569506E-05,-1.67598085868792E-05,-0.000101710694047225,0.000409550241320912,-9.74251660681655E-05,-0.000196473050742985
1.89502171597245E-05,-1.68272924253624E-05,-0.000101846086934537,0.000408993549370223,-9.69284139136298E-05,-0.00019346057159384
1.923404562477E-05,-1.68944315566898E-05,-0.000101979392194749,0.000408431550132125,-9.64324078603187E-05,-0.000190460660254116
1.951748198604E-05,-1.69612264956605E-05,-0.000102110618504829,0.000407864299739695,-9.59371383340879E-05,-0.000187473171120394
1.98005226160006E-05,-1.70276777504386E-05,-0.000102239774441349,0.000407291852981649,-9.54425957995615E-05,-0.000184497960643439
2.00831639247072E-05,-1.70937858225798E-05,-0.000102366868481893,0.000406714263332669,-9.49487707601991E-05,-0.000181534887288954
2.03654023589027E-05,-1.71595512070584E-05,-0.000102491909006449,0.000406131582982875,-9.44556537583297E-05,-0.000178583811499223
2.06472344011357E-05,-1.72249743922945E-05,-0.000102614904298763,0.000405543862866448,-9.39632353751623E-05,-0.000175644595655616
2.09286565688976E-05,-1.72900558601807E-05,-0.000102735862547676,0.000404951152689446,-9.34715062307615E-05,-0.000172717104041941
2.12096654137793E-05,-1.73547960861095E-05,-0.000102854791848432,0.000404353500956836,-9.29804569840023E-05,-0.00016980120280861
2.14902575207636E-05,-1.74191955390266E-05,-0.00010297170020401,0.00040375095499853,-9.24900783322917E-05,-0.000166896759936368
2.17704295069487E-05,-1.74832546813504E-05,-0.00010308659552619,0.000403143560995839,-9.20003610122409E-05,-0.000164003645207113
2.20501780214635E-05,-1.75469739691605E-05,-0.000103199485637082,0.000402531364004889,-9.15112957983247E-05,-0.000161121730162879
2.23294997442249E-05,-1.76103538521161E-05,-0.000103310378270144,0.000401914407981677,-9.10228735035713E-05,-0.000158250888078071
2.26083913852996E-05,-1.76733947735101E-05,-0.000103419281071422,0.000401292735805282,-9.05350849791838E-05,-0.000155390993926196
2.28868496841642E-05,-1.77360971702952E-05,-0.000103526201600717,0.000400666389300661,-9.0047921114342E-05,-0.000152541924348534
2.31648714089807E-05,-1.779846147311E-05,-0.000103631147332739,0.000400035409260815,-8.95613728359883E-05,-0.000149703557623501
2.34424533558876E-05,-1.78604881063057E-05,-0.000103734125658224,0.000399399835468341,-8.90754311085995E-05,-0.000146875773636672
2.37195923483054E-05,-1.79221774879718E-05,-0.000103835143885047,0.000398759706716393,-8.85900869339393E-05,-0.000144058453851449
2.39962852362567E-05,-1.79835300299617E-05,-0.000103934209239305,0.000398115060829056,-8.81053313507962E-05,-0.000141251481280368
0.0000242725288957001,-1.80445461379187E-05,-0.000104031328866385,0.000397465934681175,-8.76211554347042E-05,-0.000138454740457014
2.45483202278775E-05,-1.81052262113011E-05,-0.000104126509832006,0.000396812364217632,-8.71375502976499E-05,-0.000135668117408537
2.48236561586755E-05,-1.81655706434076E-05,-0.000104219759123253,0.000396154384472099,-8.66545070877655E-05,-0.00013289149962876
2.5098533637998E-05,-1.82255798214021E-05,-0.000104311083649582,0.00039549202958528,-8.61720169890049E-05,-0.000130124776051847
2.53729496391533E-05,-1.82852541263389E-05,-0.000104400490243812,0.000394825332822656,-8.5690071220811E-05,-0.000127367837026533
2.56469011582516E-05,-1.83445939331866E-05,-0.000104487985663101,0.000394154326591754,-8.52086610377687E-05,-0.000124620574290896
2.59203852136154E-05,-1.84035996108528E-05,-0.000104573576589899,0.000393479042458942,-8.47277777292481E-05,-0.000121882880947653
2.61933988452008E-05,-1.8462271522208E-05,-0.000104657269632888,0.000392799511165774,-8.42474126190381E-05,-0.000119154651439979
2.64659391140305E-05,-1.85206100241096E-05,-0.000104739071327906,0.000392115762644895,-8.3767557064973E-05,-0.000116435781527825
2.67380031014814E-05,-1.85786154673914E-05,-0.000104818988138809,0.000391427826035908,-8.32882024588562E-05,-0.000113726168266258
2.70095879093633E-05,-1.86362881970214E-05,-0.000104897026458538,0.000390735729698866,-8.28093402247867E-05,-0.000111025709976599
2.72806906584461E-05,-1.86936285519233E-05,-0.000104973192609726,0.000390039501231242,-8.23309618206899E-05,-0.000108334306233366
2.75513084885598E-05,-1.87506368651332E-05,-0.000105047492845738,0.000389339167480654,-8.18530587366061E-05,-0.000105651857836361
2.78214385579223E-05,-1.88073134637891E-05,-0.000105119933351469,0.000388634754559126,-8.13756224945931E-05,-0.000102978266790856
2.80910780426333E-05,-1.88636586691523E-05,-0.000105190520244175,0.000387926287856592,-8.08986446483016E-05,-0.000100313436286665
2.83602241361776E-05,-1.89196727966293E-05,-0.000105259259574288,0.000387213792054046,-8.0422116782544E-05,-9.76572706776508E-05
2.8628874048937E-05,-1.89753561557936E-05,-0.000105326157326217,0.000386497291136329,-7.99460305128532E-05,-9.50096754616344E-05
2.88970250077114E-05,-1.90307090504066E-05,-0.000105391219419137,0.000385776808404588,-7.94703774850369E-05,-9.23705572607151E-05
2.91646742552483E-05,-1.90857317784386E-05,-0.000105454451707761,0.000385052366488392,-7.89951493747253E-05,-8.97398238019801E-05
2.94318190497802E-05,-1.91404246320894E-05,-0.000105515859983103,0.000384323987357528,-7.85203378869116E-05,-8.71173838986017E-05
2.96984566645708E-05,-1.91947878978083E-05,-0.000105575449973223,0.000383591692333481,-7.80459347554893E-05,-8.45031474313076E-05
2.99645843874684E-05,-1.92488218563141E-05,-0.000105633227343964,0.000382855502100614,-7.7571931742782E-05,-8.18970253302185E-05
3.02301995204675E-05,-1.9302526782615E-05,-0.000105689197699675,0.000382115436717038,-7.70983206390736E-05,-7.92989295570412E-05
3.04952993792773E-05,-1.93559029460272E-05,-0.000105743366583921,0.000381371515625208,-7.66250932621294E-05,-7.67087730876092E-05
3.0759881292898E-05,-1.94089506101945E-05,-0.000105795739480178,0.000380623757662218,-7.61522414567176E-05,-7.41264698947622E-05
3.1023942603204E-05,-1.94616700331064E-05,-0.000105846321812524,0.00037987218106984,-7.56797570941269E-05,-7.15519349315521E-05
3.12874806645335E-05,-1.95140614671167E-05,-0.000105895118946313,0.000379116803504282,-7.52076320716811E-05,-6.89850841147714E-05
3.15504928433954E-05,-1.95661251589829E-05,-0.000105942136188856,0.00037835764204538,-7.47358583120472E-05,-6.64258343076904E-05
3.18129765176324E-05,-1.96178613497966E-05,-0.000105987378789996,0.000377594713207097,-7.42644277635469E-05,-6.38741033086499E-05
3.20749290766909E-05,-1.96692702751319E-05,-0.00010603085194287,0.000376828032944641,-7.37933323984314E-05,-6.1329809828971E-05
3.23363479207964E-05,-1.97203521649748E-05,-0.000106072560784458,0.000376057616664474,-7.33225642132108E-05,-5.87928734820472E-05
3.25972304606847E-05,-1.97711072437612E-05,-0.000106112510396225,0.000375283479232528,-7.28521152279469E-05,-5.62632147672927E-05
3.28575741172303E-05,-1.98215357303937E-05,-0.000106150705804731,0.000374505634982496,-7.23819774857499E-05,-5.37407550554811E-05
3.3117376321079E-05,-1.98716378382571E-05,-0.000106187151982229,0.000373724097723901,-7.19121430522685E-05,-5.12254165743594E-05
3.3376634512287E-05,-1.99214137752338E-05,-0.000106221853847258,0.000372938880749952,-7.14426040151786E-05,-4.87171223945268E-05
3.36353461399646E-05,-1.99708637437191E-05,-0.000106254816265224,0.000372149996845181,-7.09733524836735E-05,-4.6215796415574E-05
3.38935086619259E-05,-2.00199879406359E-05,-0.000106286044048967,0.000371357458292873,-7.05043805879482E-05,-4.37213633524804E-05
3.41511195443431E-05,-2.00687865574491E-05,-0.000106315541959327,0.000370561276882299,-7.00356804786859E-05,-4.12337487222597E-05
3.44081762614059E-05,-2.01172597801796E-05,-0.000106343314705691,0.000369761463915745,-6.95672443265386E-05,-3.87528788308545E-05
3.46646762949858E-05,-2.01654077894181E-05,-0.000106369366946544,0.000368958030215353,-6.9099064321612E-05,-3.6278680760267E-05
3.49206171343047E-05,-2.02132307603382E-05,-0.000106393703289997,0.00036815098612977,-6.86311326729442E-05,-3.38110823559285E-05
3.51759962756086E-05,-2.02607288627099E-05,-0.000106416328294316,0.000367340341540623,-6.81634416079836E-05,-3.13500122142989E-05
3.54308112218454E-05,-2.03079022609114E-05,-0.000106437246468437,0.000366526105868797,-6.76959833720669E-05,-2.88953996706888E-05
3.56850594823473E-05,-2.03547511139422E-05,-0.000106456462272478,0.000365708288080558,-6.72287502278935E-05,-2.6447174787305E-05
3.59387385725166E-05,-2.04012755754342E-05,-0.000106473980118237,0.000364886896693482,-6.67617344549984E-05,-2.40052683415088E-05
3.61918460135166E-05,-2.04474757936637E-05,-0.000106489804369687,0.000364061939782237,-6.62949283492218E-05,-2.15696118142858E-05
3.64443793320715E-05,-2.04933519115815E-05,-0.000106503939343464,0.000363233424983813,-6.58283242219728E-05,-1.91401373779173E-05
3.66963360597419E-05,-2.05389040667471E-05,-0.000106516389309322,0.000362401359504464,-6.53619144005446E-05,-1.67167778888318E-05
3.6947713733261E-05,-2.05841323914542E-05,-0.000106527158490636,0.000361565750122796,-6.48956912263417E-05,-1.42994668706745E-05
3.71985098938173E-05,-2.06290370126638E-05,-0.000106536251064844,0.00036072660319636,-6.4429647055165E-05,-1.18881385075835E-05
3.74487220868693E-05,-2.06736180520335E-05,-0.000106543671163903,0.000359883924666287,-6.39637742564708E-05,-9.48272763264372E-06
3.76983478618583E-05,-2.07178756259262E-05,-0.000106549422874736,0.000359037720062134,-6.34980652128366E-05,-7.08316971752665E-06
3.79473847719237E-05,-2.07618098454194E-05,-0.000106553510239677,0.000358187994506586,-6.30325123194251E-05,-4.68940086230583E-06
3.81958303736226E-05,-2.08054208163136E-05,-0.000106555937256897,0.000357334752720021,-6.25671079834496E-05,-2.30135778544513E-06
3.84436822266517E-05,-2.08487086391408E-05,-0.000106556707880834,0.000356477999024932,-6.21018446236398E-05,8.10221860432834E-08
3.86909378935724E-05,-2.08916734091718E-05,-0.000106555826022613,0.000355617737350218,-6.16367146697035E-05,2.45780112627154E-06
3.89375949395391E-05,-2.09343152164241E-05,-0.000106553295550456,0.000354753971235343,-6.11717105617921E-05,4.82904051998631E-06
3.91836509320304E-05,-2.09766341456687E-05,-0.000106549120290091,0.000353886703834365,-6.07068247499612E-05,7.19480127191477E-06
3.9429103440582E-05,-2.10186302764368E-05,-0.000106543304025146,0.000353015937919839,-6.02420496936307E-05,9.55514371595141E-06
3.96739500365241E-05,-2.10603036830264E-05,-0.000106535850497549,0.000352141675886601,-5.97773778610442E-05,1.19101276241891E-05
3.99181882927195E-05,-2.11016544345078E-05,-0.000106526763407913,0.000351263919755421,-5.93128017287251E-05,1.42598122157943E-05
4.01618157833058E-05,-2.11426825947293E-05,-0.000106516046415912,0.00035038267117655,-5.88483137809293E-05,1.66042561657313E-05
4.04048300834387E-05,-2.11833882223229E-05,-0.000106503703140665,0.000349497931433143,-5.83839065090965E-05,1.8943517613338E-05
4.06472287690386E-05,-2.12237713707081E-05,-0.000106489737161096,0.000348609701444573,-5.7919572411299E-05,2.12776541707544E-05
4.0889009416539E-05,-2.12638320880974E-05,-0.000106474152016303,0.000347717981769636,-5.74553039916843E-05,2.36067229312088E-05
4.11301696024985E-05,-2.13035704174765E-05,-0.000106456951205924,0.000346822772610193,-5.69910937601585E-05,2.59307804757689E-05
4.13707069039081E-05,-2.13429863967002E-05,-0.000106438138190447,0.000345924073811873,-5.65269342309952E-05,2.82498828872346E-05
4.16106188971142E-05,-2.13820800583579E-05,-0.00010641771639162,0.000345021884870326,-5.60628179235795E-05,3.05640857493145E-05
4.18499031581296E-05,-2.14208514298683E-05,-0.000106395689192748,0.000344116204931769,-5.55987373609604E-05,3.28734441601586E-05
4.20885572622542E-05,-2.14593005334591E-05,-0.000106372059939041,0.000343207032796192,-5.51346850695304E-05,3.51780127385837E-05
4.2326578783835E-05,-2.14974273861686E-05,-0.000106346831937942,0.000342294366919929,-5.46706535784691E-05,3.74778456316008E-05
4.25639652960286E-05,-2.15352319998485E-05,-0.000106320008459457,0.000341378205418114,-5.42066354191881E-05,3.97729965218232E-05
4.28007143705644E-05,-2.1572714381164E-05,-0.000106291592736468,0.000340458546067052,-5.37426231247731E-05,4.20635186347579E-05
4.30368235775109E-05,-2.16098745315957E-05,-0.000106261587965054,0.000339535386306491,-5.32786092294273E-05,4.43494647459826E-05
4.32722904850426E-05,-2.16467124474395E-05,-0.000106229997304796,0.000338608723241794,-5.28145862679102E-05,4.66308871882089E-05
4.35071126592079E-05,-2.16832281198077E-05,-0.000106196823879088,0.000337678553646025,-5.23505467749771E-05,4.89078378582361E-05
4.37412876636997E-05,-2.17194215346277E-05,-0.000106162070775431,0.000336744873961941,-5.18864832848138E-05,5.11803682237938E-05
4.39748130596265E-05,-2.17552926726421E-05,-0.000106125741045732,0.000335807680303889,-5.1422388330475E-05,5.3448529330283E-05
4.42076864052849E-05,-2.17908415094078E-05,-0.000106087837706596,0.000334866968459623,-5.09582544433158E-05,5.57123718074086E-05
4.44399052559333E-05,-2.18260680152941E-05,-0.00010604836373961,0.00033392273389202,-5.04940741524232E-05,5.79719458757119E-05
4.46714671635671E-05,-2.18609721554812E-05,-0.000106007322091625,0.000332974971740728,-5.00298399840469E-05,6.02273013530034E-05
4.49023696766947E-05,-2.18955538899584E-05,-0.000105964715675035,0.000332023676823708,-4.95655444610266E-05,6.24784876606979E-05
4.51326103401145E-05,-2.19298131735207E-05,-0.000105920547368051,0.000331068843638709,-4.91011801022168E-05,6.47255538300532E-05
4.53621866946933E-05,-2.19637499557667E-05,-0.000105874820014966,0.000330110466364651,-4.86367394219116E-05,6.69685485083167E-05
4.55910962772694E-05,-2.19973641811134E-05,-0.000105827536426396,0.000329148538862404,-4.81722149289901E-05,6.92075199662936E-05
4.58193366199345E-05,-2.20306557887174E-05,-0.000105778699379644,0.000328183054678095,-4.77075991274191E-05,7.14425160981925E-05
4.60469052505625E-05,-2.2063624712584E-05,-0.000105728311618802,0.000327214007041136,-4.72428845140651E-05,7.36735844367239E-05
4.6273799692092E-05,-2.20962708814867E-05,-0.000105676375855104,0.000326241388867348,-4.67780635791826E-05,7.59007721527482E-05
4.6500017462433E-05,-2.21285942189813E-05,-0.000105622894767153,0.000325265192759425,-4.63131288055561E-05,7.81241260625093E-05
4.67255560742501E-05,-2.21605946434009E-05,-0.000105567871001158,0.000324285411007853,-4.58480726679087E-05,8.03436926332525E-05
4.69504130347462E-05,-2.21922720678494E-05,-0.000105511307171182,0.00032330203559173,-4.538288763231E-05,8.2559517988762E-05
4.71745858454457E-05,-2.22236264001956E-05,-0.000105453205859373,0.000322315058179531,-4.49175661555788E-05,8.4771647914817E-05
4.73980720019799E-05,-2.22546575430669E-05,-0.000105393569616199,0.000321324470129779,-4.4452100684686E-05,8.69801278645728E-05
4.76208689938717E-05,-2.22853653938416E-05,-0.000105332400960681,0.000320330262491654,-4.39864836561528E-05,8.91850029638651E-05
4.78429743043207E-05,-2.23157498446421E-05,-0.00010526970238061,0.000319332426005516,-4.35207074954496E-05,9.13863180164419E-05
4.80643854099892E-05,-2.23458107823265E-05,-0.000105205476332776,0.000318330951103363,-4.30547646163899E-05,9.35841175091216E-05
4.82850997807879E-05,-2.23755480884806E-05,-0.000105139725243184,0.00031732582790921,-4.2588647420522E-05,9.57784456168806E-05
4.85051148796628E-05,-2.24049616394088E-05,-0.000105072451507268,0.000316317046239401,-4.21223482965197E-05,9.79693462078703E-05
4.87244281623805E-05,-2.24340513061257E-05,-0.000105003657490104,0.000315304595602843,-4.16558596195665E-05,0.000100156862848364
4.8943037077316E-05,-2.24628169543454E-05,-0.000104933345526616,0.000314288465201177,-4.11891737507381E-05,0.000102341038807634
4.91609390652385E-05,-2.24912584444727E-05,-0.000104861517921782,0.000313268643928874,-4.07222830363798E-05,0.000104521917062758
4.93781315590985E-05,-2.25193756315917E-05,-0.000104788176950835,0.000312245120373267,-4.02551798074774E-05,0.000106699540303361
4.95946119838142E-05,-2.25471683654556E-05,-0.000104713324859462,0.000311217882814514,-3.9787856379023E-05,0.000108873950936276
4.98103777560584E-05,-2.25746364904745E-05,-0.000104636963863995,0.000310186919225495,-3.93203050493717E-05,0.000111045191090148
5.00254262840453E-05,-2.26017798457048E-05,-0.000104559096151609,0.000309152217271646,-3.8852518099593E-05,0.000113213302619951
5.02397549673176E-05,-2.26285982648364E-05,-0.000104479723880502,0.000308113764310804,-3.83844877927037E-05,0.000115378327111268
5.04533611965276E-05,-2.26550915761786E-05,-0.000104398849180089,0.000307071547392375,-3.79162063736144E-05,0.000117540305885809
5.06662423532315E-05,-2.26812596026501E-05,-0.00010431647415118,0.000306025553257666,-3.74476660676432E-05,0.000119699280004293
5.08783958096694E-05,-2.27071021617631E-05,-0.000104232600866158,0.000304975768339006,-3.6978859080378E-05,0.000121855290271657
5.10898189285518E-05,-2.273261906561E-05,-0.000104147231369157,0.000303922178759305,-3.65097775968971E-05,0.000124008377241113
5.13005090628448E-05,-2.27578101208487E-05,-0.000104060367676236,0.000302864770331471,-3.60404137811018E-05,0.000126158581218349
5.15104635555548E-05,-2.2782675128688E-05,-0.000103972011775549,0.000301803528557742,-3.55707597750489E-05,0.000128305942265683
5.17196797395119E-05,-2.2807213884872E-05,-0.000103882165627511,0.000300738438628966,-3.5100807698277E-05,0.000130450500206166
5.19281549371539E-05,-2.2831426179664E-05,-0.000103790831164964,0.0002996694854238,-3.46305496471272E-05,0.000132592294627628
5.21358864603088E-05,-2.28553117978307E-05,-0.000103698010293341,0.000298596653507848,-3.41599776940656E-05,0.000134731364886682
5.23428716099776E-05,-2.28788705186249E-05,-0.000103603704890822,0.000297519927132732,-3.36890838869944E-05,0.000136867750112674
5.25491076761154E-05,-2.29021021157685E-05,-0.00010350791680849,0.000296439290235087,-3.32178602485614E-05,0.000139001489211586
5.27545919374126E-05,-2.29250063574345E-05,-0.000103410647870489,0.000295354726435499,-3.27462987754623E-05,0.00014113262086989
5.29593216610749E-05,-2.29475830062289E-05,-0.000103311899874172,0.000294266219037364,-3.22743914377391E-05,0.000143261183558355
5.31632941026027E-05,-2.29698318191719E-05,-0.000103211674590247,0.000293173751025688,-3.180213017807E-05,0.000145387215535809
5.33665065055695E-05,-2.29917525476785E-05,-0.000103109973762931,0.000292077305065807,-3.13295069110534E-05,0.00014751075485285
5.35689561013994E-05,-2.3013344937539E-05,-0.000103006799110083,0.00029097686350205,-3.08565135224849E-05,0.000149631839355521
5.37706401089963E-05,-2.30346087288835E-05,-0.000102902152323432,0.000289872408357061,-3.03831418689234E-05,0.000151750506687496
5.397155573511E-05,-2.30555436562217E-05,-0.000102796035068398,0.00028876392132748,-2.99093837757615E-05,0.000153866794299284
5.41717001732242E-05,-2.30761494483305E-05,-0.000102688448984697,0.000287651383786679,-2.943523103823E-05,0.000155980739443291
5.43710706039214E-05,-2.30964258282933E-05,-0.000102579395686162,0.000286534776780255,-2.89606754195323E-05,0.000158092379183045
5.45696641945075E-05,-2.3116372513462E-05,-0.000102468876760952,0.000285414081025071,-2.84857086503781E-05,0.000160201750395218
5.47674780987824E-05,-2.31359892154346E-05,-0.000102356893771684,0.000284289276907512,-2.80103224282142E-05,0.000162308889773042
5.49645094568103E-05,-2.31552756400316E-05,-0.000102243448255554,0.00028316034448165,-2.75345084164524E-05,0.000164413833829687
5.51607553946881E-05,-2.31742314872723E-05,-0.000102128541724462,0.000282027263467362,-2.70582582436912E-05,0.0001665166189016
5.53562130243128E-05,-2.319285645135E-05,-0.000102012175665138,0.000280890013248355,-2.65815635029304E-05,0.000168617281151805
5.55508794431469E-05,-2.32111502206073E-05,-0.000101894351539257,0.00027974857287013,-2.61044157507826E-05,0.000170715856573167
5.57447517339836E-05,-2.32291124775106E-05,-0.000101775070783555,0.000278602921037877,-2.5626806506675E-05,0.000172812380991621
5.59378269647089E-05,-2.32467428986237E-05,-0.000101654334809948,0.000277453036114285,-2.5148727252046E-05,0.000174906890069363
5.61301021880632E-05,-2.32640411545814E-05,-0.000101532145005642,0.000276298896117288,-2.46701694295311E-05,0.000176999419308008
5.63215744414016E-05,-2.32810069100621E-05,-0.000101408502733245,0.000275140478717736,-2.41911244421441E-05,0.00017909000405172
5.65122407464514E-05,-2.32976398237601E-05,-0.000101283409330871,0.000273977761236992,-2.37115836524437E-05,0.0001811786794903
5.67020981090688E-05,-2.33139395483572E-05,-0.000101156866112254,0.000272810720644448,-2.32315383816935E-05,0.000183265480662256
5.68911435189934E-05,-2.33299057304938E-05,-0.000101028874366843,0.000271639333554977,-2.27509799090087E-05,0.000185350442457836
5.70793739495934E-05,-2.33455380107384E-05,-0.000100899435359917,0.000270463576226383,-2.22698994705003E-05,0.000187433599622038
5.72667863576491E-05,-2.33608360235605E-05,-0.000100768550332657,0.000269283424556352,-2.17882882583853E-05,0.000189514986757484
5.74533776830527E-05,-2.33757993972953E-05,-0.000100636220502282,0.000268098854080189,-2.13061374201894E-05,0.000191594638327421
5.76391448485883E-05,-2.33904277541157E-05,-0.000100502447062118,0.000266909839967628,-2.08234380578002E-05,0.000193672588658646
5.78240847596691E-05,-2.3404720709999E-05,-0.0001003672311817,0.000265716357019958,-2.03401812265797E-05,0.00019574887194436
5.80081943040806E-05,-2.34186778746945E-05,-0.000100230574006866,0.000264518379666998,-1.98563579344599E-05,0.000197823522246997
5.81914703517211E-05,-2.34322988516904E-05,-0.00010009247665984,0.000263315881963994,-1.93719591410286E-05,0.000199896573501042
5.83739097543408E-05,-2.34455832381798E-05,-9.99529402393262E-05,0.00026210883758843,-1.8886975756602E-05,0.000201968059515812
5.85555093452783E-05,-2.34585306250261E-05,-9.98119658205929E-05,0.000260897219836763,-1.84013986412891E-05,0.000204038013978212
5.87362659391949E-05,-2.34711405967279E-05,-9.96695544555558E-05,0.00025968100162107,-1.79152186040422E-05,0.000206106470455472
5.8916176331806E-05,-2.34834127313828E-05,-9.9525707172861E-05,0.000258460155465611,-1.74284264016989E-05,0.000208173462397848
5.90952372996115E-05,-2.34953466006517E-05,-9.93804249779651E-05,0.000257234653503306,-1.69410127380106E-05,0.000210239023141302
5.92734455996219E-05,-2.35069417697204E-05,-9.92337088532136E-05,0.000256004467472126,-1.64529682626584E-05,0.000212303185910154
5.9450797969083E-05,-2.35181977972629E-05,-9.90855597579176E-05,0.000254769568711395,-1.59642835702603E-05,0.000214365983819708
5.96272911251981E-05,-2.35291142354021E-05,-9.89359786284286E-05,0.000253529928158001,-1.54749491993632E-05,0.000216427449878846
5.98029217648468E-05,-2.35396906296706E-05,-9.87849663782113E-05,0.000252285516342519,-1.49849556314239E-05,0.000218487616992604
5.99776865643016E-05,-2.35499265189708E-05,-9.86325238979153E-05,0.000251036303385239,-1.4494293289776E-05,0.000220546517964711
6.01515821789489E-05,-2.35598214355347E-05,-9.84786520554375E-05,0.000249782258992045,-1.4002952538558E-05,0.000222604185500193
6.03246052429705E-05,-2.35693749048805E-05,-9.83233516960161E-05,0.000248523352450489,-1.35109236817732E-05,0.000224660652207617
6.04967523690956E-05,-2.35785864457731E-05,-9.81666236422579E-05,0.000247259552625216,-1.3018196962042E-05,0.000226715950601994
6.0668020148276E-05,-2.35874555701795E-05,-9.80084686942279E-05,0.000245990827953813,-1.25247625596312E-05,0.000228770113106927
6.08384051493959E-05,-2.35959817832254E-05,-9.78488876295057E-05,0.000244717146442311,-1.20306105913249E-05,0.00023082317205712
6.100790391897E-05,-2.36041645831509E-05,-9.76878812032466E-05,0.00024343847566063,-1.15357311093086E-05,0.00023287515970079
6.11765129808397E-05,-2.36120034612649E-05,-9.75254501482406E-05,0.000242154782737934,-1.1040114100042E-05,0.00023492610820206
6.13442288358648E-05,-2.36194979018996E-05,-9.736159517497E-05,0.000240866034357878,-1.05437494831143E-05,0.00023697604964332
6.15110479616125E-05,-2.36266473823633E-05,-9.71963169716653E-05,0.000239572196753747,-1.00466271100847E-05,0.000239025016027579
6.16769668120434E-05,-2.36334513728925E-05,-9.70296162043596E-05,0.000238273235703498,-9.5487367633066E-06,0.000241073039280786
6.18419818171931E-05,-2.36399093366041E-05,-9.68614935169414E-05,0.00023696911652468,-9.05006815473731E-06,0.000243120151254128
6.20060893828507E-05,-2.36460207294456E-05,-9.66919495312054E-05,0.000235659804069256,-8.55061092472991E-06,0.000245166383726321
6.21692858902338E-05,-2.36517850001451E-05,-9.65209848469026E-05,0.000234345262718306,-8.0503546408079E-06,0.000247211768405862
6.23315676956597E-05,-2.36572015901602E-05,-9.63486000417876E-05,0.000233025456376619,-7.54928879642446E-06,0.000249256336933271
6.24929311302125E-05,-2.36622699336262E-05,-9.61747956716655E-05,0.000231700348467163,-7.04740280970232E-06,0.000251300120883313
6.26533724994067E-05,-2.36669894573037E-05,-9.59995722704367E-05,0.00023036990192545,-6.54468602215684E-06,0.000253343151767192
6.28128880828466E-05,-2.36713595805241E-05,-9.58229303501403E-05,0.000229034079193768,-6.04112769740011E-06,0.000255385461034733
6.29714741338819E-05,-2.36753797151357E-05,-9.56448704009958E-05,0.000227692842215304,-5.53671701982676E-06,0.000257427080076538
6.31291268792587E-05,-2.36790492654483E-05,-9.54653928914438E-05,0.000226346152428131,-5.03144309328182E-06,0.000259468040226126
6.32858425187671E-05,-2.36823676281763E-05,-9.52844982681845E-05,0.000224993970759086,-4.5252949397068E-06,0.000261508372762052
6.34416172248836E-05,-2.36853341923818E-05,-9.51021869562156E-05,0.000223636257617505,-4.01826149776871E-06,0.000263548108910008
6.35964471424052E-05,-2.36879483394155E-05,-9.49184593588734E-05,0.000222272972888923,-3.51033162147392E-06,0.000265587279844822
6.37503283881011E-05,-2.36902094428594E-05,-9.47333158578453E-05,0.000220904075928147,-3.00149407874607E-06,0.000267625916692857
6.39032570503155E-05,-2.36921168684639E-05,-9.45467568132365E-05,0.000219529525553174,-2.49173754999308E-06,0.000269664050533547
6.40552291886098E-05,-2.36936699740882E-05,-9.43587825635791E-05,0.000218149280038033,-1.98105062665352E-06,0.00027170171240175
6.4206240833378E-05,-2.36948681096375E-05,-9.41693934258681E-05,0.00021676329710593,-1.46942180972297E-06,0.000273738933289674
6.43562879854623E-05,-2.36957106169996E-05,-9.39785896955905E-05,0.00021537153392216,-9.56839508251693E-07,0.000275775744148859
6.45053666157624E-05,-2.36961968299809E-05,-9.37863716467527E-05,0.000213973947086884,-4.43292037821472E-07,0.000277812175892139
6.46534726648412E-05,-2.36963260742407E-05,-9.35927395319067E-05,0.000212570492627745,7.12323810024148E-08,0.00027984825939559
6.48006020425239E-05,-2.36960976672246E-05,-9.33976935821749E-05,0.000211161125992341,5.86745624242057E-07,0.000281884025500453
6.49467506274933E-05,-2.3695510918097E-05,-9.32012340072739E-05,0.000209745802040538,1.10325966610133E-06,0.000283919505015043
6.50919142668784E-05,-2.36945651276723E-05,-9.30033609955364E-05,0.000208324475036628,1.62078658058495E-06,0.000285954728716634
6.5236088775838E-05,-2.36932595883451E-05,-9.28040747139323E-05,0.000206897098641326,2.13933854314474E-06,0.00028798972735333
6.53792699371391E-05,-2.36915935840191E-05,-9.26033753080881E-05,0.0002054636259036,2.65892783234941E-06,0.000290024531645911
6.55214535007289E-05,-2.36895663900348E-05,-9.24012629023056E-05,0.000204024009252337,3.17956683158189E-06,0.000292059172289661
6.56626351833016E-05,-2.36871772730965E-05,-9.21977375995785E-05,0.000202578200487835,3.70126803076427E-06,0.000294093679956182
6.58028106678582E-05,-2.36844254911971E-05,-9.19927994816088E-05,0.000201126150773123,4.22404402811059E-06,0.000296128085295179
6.59419756032616E-05,-2.36813102935428E-05,-9.17864486088207E-05,0.000199667810625105,4.74790753190698E-06,0.000298162418936231
6.60801256037844E-05,-2.36778309204761E-05,-9.15786850203747E-05,0.000198203129905516,5.2728713623224E-06,0.000300196711490536
6.62172562486508E-05,-2.36739866033969E-05,-9.13695087341791E-05,0.000196732057811697,5.79894845324772E-06,0.000302230993552644
6.6353363081572E-05,-2.36697765646832E-05,-9.11589197469016E-05,0.000195254542867185,6.32615185416751E-06,0.000304265295702156
6.64884416102748E-05,-2.36652000176103E-05,-9.09469180339784E-05,0.000193770532912096,6.85449473205946E-06,0.000306299648505412
6.66224873060239E-05,-2.36602561662685E-05,-9.07335035496235E-05,0.000192279975093327,7.38399037332838E-06,0.000308334082517153
6.67554956031367E-05,-2.36549442054791E-05,-9.05186762268357E-05,0.000190782815854543,7.91465218577232E-06,0.000310368628282158
6.68874618984918E-05,-2.36492633207099E-05,-9.03024359774053E-05,0.000189279000925962,8.44649370057952E-06,0.000312403316336859
6.70183815510295E-05,-2.36432126879887E-05,-9.00847826919189E-05,0.00018776847531393,8.97952857436192E-06,0.000314438177210934
6.71482498812457E-05,-2.36367914738153E-05,-8.98657162397642E-05,0.00018625118329028,9.51377059122062E-06,0.00031647324142887
6.72770621706777E-05,-2.36299988350719E-05,-8.96452364691337E-05,0.000184727068381387,1.00492336647829E-05,0.000318508539511482
6.7404813661384E-05,-2.36228339189338E-05,-8.94233432070219E-05,0.000183196073357492,1.05859318406061E-05,0.000320544101977618
6.75314995554134E-05,-2.36152958627755E-05,-8.92000362592338E-05,0.00018165814022078,1.11238792979371E-05,0.000322579959345419
6.76571150142686E-05,-2.36073837940774E-05,-8.89753154103799E-05,0.000180113210194226,1.16630903522025E-05,0.00032461614213394
6.77816551583611E-05,-2.35990968303312E-05,-8.87491804238761E-05,0.000178561223709716,1.22035794571897E-05,0.000326652680864563
6.79051150664575E-05,-2.35904340789422E-05,-8.85216310419415E-05,0.000177002120396018,1.27453612073349E-05,0.000328689606062426
6.80274897751175E-05,-2.35813946371317E-05,-8.82926669855955E-05,0.000175435839066498,1.32884503400528E-05,0.00033072694825782
6.81487742781234E-05,-2.35719775918357E-05,-8.80622879546541E-05,0.000173862317706587,1.38328617381061E-05,0.000332764737987555
6.82689635259005E-05,-2.3562182019604E-05,-8.78304936277242E-05,0.000172281493460977,1.43786104320184E-05,0.000334803005796308
6.8388052424929E-05,-2.35520069864969E-05,-8.7597283662198E-05,0.000170693302620559,1.49257116025282E-05,0.000336841782237935
6.85060358371462E-05,-2.3541451547979E-05,-8.73626576942464E-05,0.000169097680609081,1.54741805830903E-05,0.000338881097876747
6.86229085793401E-05,-2.35305147488135E-05,-8.71266153388107E-05,0.000167494561969528,1.60240328624177E-05,0.000340920983288772
6.87386654225323E-05,-2.35191956229525E-05,-8.68891561895949E-05,0.000165883880350209,1.65752840870732E-05,0.000342961469062967
6.88533010913521E-05,-2.35074931934271E-05,-8.66502798190555E-05,0.000164265568490566,1.71279500641064E-05,0.000345002585802408
6.89668102634004E-05,-2.34954064722346E-05,-8.64099857783918E-05,0.000162639558206663,1.76820467637375E-05,0.000347044364125447
6.90791875686033E-05,-2.34829344602244E-05,-8.61682735975346E-05,0.000161005780376383,1.82375903220931E-05,0.000349086834666829
6.91904275885552E-05,-2.34700761469822E-05,-8.59251427851346E-05,0.000159364164924303,1.87945970439886E-05,0.000351130028078778
6.93005248558516E-05,-2.3456830510711E-05,-8.568059282855E-05,0.000157714640806246,1.93530834057656E-05,0.000353173975032045
6.94094738534108E-05,-2.34431965181119E-05,-8.5434623193833E-05,0.000156057135993511,1.99130660581783E-05,0.000355218706216919
6.95172690137847E-05,-2.34291731242615E-05,-8.51872333257159E-05,0.000154391577456754,2.04745618293365E-05,0.000357264252344203
6.96239047184582E-05,-2.34147592724876E-05,-8.4938422647597E-05,0.000152717891149531,2.10375877277024E-05,0.000359310644146147
6.97293752972181E-05,-2.33999538942303E-05,-8.46881905613279E-05,0.000151036001990317,2.16021609455288E-05,0.000361357912378993
6.98336750271039E-05,-2.33847559089647E-05,-8.44365364479845E-05,0.00014934583384994,2.21682988604163E-05,0.000363406087817214
6.99367981321611E-05,-2.33691642239939E-05,-8.41834596666725E-05,0.00014764730952716,2.27360190407951E-05,0.000365455201264222
7.00387387823657E-05,-2.33531777343664E-05,-8.39289595552947E-05,0.000145940350735328,2.33053392476357E-05,0.000367505283546512
7.01394910929455E-05,-2.33367953227293E-05,-8.36730354303379E-05,0.000144224878082914,2.38762774381173E-05,0.000369556365516026
7.02390491236064E-05,-2.332001585919E-05,-8.34156865868548E-05,0.000142500811054797,2.4448851768979E-05,0.000371608478050816
7.03374068777451E-05,-2.33028382011767E-05,-8.31569122984458E-05,0.000140768067993129,2.50230805999378E-05,0.000373661652055651
7.04345583016491E-05,-2.32852611932967E-05,-8.28967118172402E-05,0.000139026566077793,2.55989824971723E-05,0.000375715918462576
7.05304972836828E-05,-2.32672836671911E-05,-8.26350843738771E-05,0.000137276221306425,2.61765762368757E-05,0.000377771308231407
7.06252176534589E-05,-2.32489044413878E-05,-8.23720291774861E-05,0.000135516948474001,2.67558808088805E-05,0.000379827852350178
7.07187131809966E-05,-2.32301223211527E-05,-8.21075454156673E-05,0.000133748661151961,2.73369154203517E-05,0.000381885581835516
7.08109775758642E-05,-2.32109360983363E-05,-8.18416322544713E-05,0.000131971271666884,2.79196994995544E-05,0.000383944527732967
7.09020044863071E-05,-2.31913445512197E-05,-8.15742888383794E-05,0.000130184691078676,2.85042526996969E-05,0.000386004721117246
7.09917874983604E-05,-2.31713464443564E-05,-8.1305514290283E-05,0.000128388829158278,2.90905949028481E-05,0.000388066193092427
7.10803201349462E-05,-2.31509405284125E-05,-8.10353077114632E-05,0.000126583594364872,2.96787462239326E-05,0.000390128974792068
7.11675958549543E-05,-2.31301255400033E-05,-8.07636681815703E-05,0.000124768893822568,3.02687270148068E-05,0.000392193097379258
7.12536080523068E-05,-2.31089002015275E-05,-8.04905947586033E-05,0.000122944633296577,3.08605578684138E-05,0.000394258592046595
7.13383500550063E-05,-2.3087263220998E-05,-8.02160864788895E-05,0.000121110717168832,3.1454259623024E-05,0.000396325490016092
7.14218151241663E-05,-2.30652132918703E-05,-7.99401423570642E-05,0.000119267048413062,3.20498533665575E-05,0.000398393822539
7.15039964530246E-05,-2.3042749092868E-05,-7.966276138605E-05,0.000117413528569297,3.26473604409954E-05,0.000400463620895561
7.15848871659389E-05,-2.30198692878035E-05,-7.93839425370376E-05,0.000115550057717785,3.32468024468795E-05,0.000402534916394667
7.16644803173461E-05,-2.29965725254042E-05,-7.91036847595241E-05,0.000113676534452726,3.38482012479624E-05,0.000404607740372604
7.17427688907903E-05,-2.29728574391043E-05,-7.88219869810591E-05,0.000111792855853379,3.44515789757272E-05,0.000406682124195806
7.18197457977574E-05,-2.29487226468913E-05,-7.85388481075773E-05,0.000109898917458515,3.50569580344981E-05,0.000408758099254962
7.18954038766646E-05,-2.29241667510926E-05,-7.82542670231464E-05,0.000107994613236262,3.56643611060867E-05,0.00041083569696794
7.19697358917419E-05,-2.28991883381866E-05,-7.79682425900069E-05,0.000106079835555269,3.62738111548403E-05,0.000412914948778085
7.20427345319117E-05,-2.28737859786046E-05,-7.76807736485555E-05,0.00010415447515479,3.6885331432736E-05,0.000414995886153247
7.21143924096459E-05,-2.28479582265291E-05,-7.73918590173276E-05,0.000102218421114062,3.74989454845864E-05,0.000417078540584695
7.21847020598028E-05,-2.28217036196892E-05,-7.71014974929821E-05,0.000100271560820961,3.81146771533527E-05,0.000419162943585928
7.22536559384413E-05,-2.2795020679151E-05,-7.68096878502861E-05,9.83137799399183E-05,3.87325505855727E-05,0.000421249126691355
7.23212464216128E-05,-2.27679079091054E-05,-7.65164288421011E-05,9.6344962379076E-05,3.93525902369044E-05,0.00042333712145486
7.23874658041297E-05,-2.2740363796651E-05,-7.62217191993698E-05,9.43649902566561E-05,3.99748208777876E-05,0.000425426959448226
7.24523062983105E-05,-2.27123868115739E-05,-7.59255576311042E-05,9.23737438665326E-05,4.05992675992271E-05,0.000427518672259427
7.25157600327012E-05,-2.26839754061227E-05,-7.56279428243753E-05,9.03711016429746E-05,4.12259558187009E-05,0.000429612291490766
7.25778190507706E-05,-2.26551280147801E-05,-7.53288734443035E-05,8.83569401245409E-05,4.18549112861952E-05,0.000431707848756872
7.26384753095817E-05,-2.26258430540295E-05,-7.50283481340511E-05,8.63311339171024E-05,4.24861600903712E-05,0.000433805375682523
7.26977206784363E-05,-2.25961189221179E-05,-7.47263655148157E-05,8.42935556559666E-05,4.31197286648661E-05,0.000435904903900318
7.27555469374929E-05,-2.25659539988136E-05,-7.44229241858261E-05,8.22440759670798E-05,4.37556437947325E-05,0.000438006465048161
7.28119457763579E-05,-2.25353466451608E-05,-7.4118022724339E-05,8.01825634272774E-05,4.4393932623019E-05,0.000440110090766578
7.28669087926482E-05,-2.25042952032276E-05,-7.38116596856385E-05,7.81088845235602E-05,4.50346226574972E-05,0.000442215812695834
7.29204274905258E-05,-2.24727979958511E-05,-7.35038336030374E-05,7.60229036113636E-05,4.56777417775389E-05,0.000444323662472866
7.29724932792025E-05,-2.24408533263766E-05,-7.31945429878803E-05,7.39244828717934E-05,4.63233182411456E-05,0.000446433671728004
7.30230974714151E-05,-2.24084594783924E-05,-7.28837863295497E-05,7.18134822677988E-05,4.69713806921383E-05,0.000448545872081494
7.3072231281869E-05,-2.23756147154591E-05,-7.25715620954742E-05,6.96897594992503E-05,4.76219581675089E-05,0.000450660295139789
7.31198858256513E-05,-2.23423172808337E-05,-7.22578687311393E-05,6.75531699568935E-05,4.82750801049393E-05,0.00045277697249163
7.31660521166102E-05,-2.23085653971896E-05,-7.19427046601013E-05,6.54035666751428E-05,4.89307763504921E-05,0.000454895935703886
7.32107210656713E-05,-2.22743572663542E-05,-7.16260682842336E-05,6.32408002851793E-05,4.95890771659743E-05,0.000457017216315485
7.32538834792767E-05,-2.22396910689182E-05,-7.1307957982829E-05,6.10647189593516E-05,5.02500132389176E-05,0.000459140845839025
7.32955300574715E-05,-2.22045649640868E-05,-7.09883721139977E-05,5.88751683692082E-05,5.09136156878615E-05,0.000461266855746414
7.33356513922745E-05,-2.21689770892774E-05,-7.06673090137789E-05,5.66719916273673E-05,5.1579916072769E-05,0.000463395277469905
7.33742379658518E-05,-2.21329255598353E-05,-0.0000703447669963998,5.4455029235457E-05,5.22489464031329E-05,0.00046552614239496
7.34112801486841E-05,-2.2096408468718E-05,-7.00207443543099E-05,5.22241190291922E-05,5.29207391467793E-05,0.000467659481854408
7.3446768197696E-05,-2.20594238861747E-05,-6.969523935822E-05,4.99790961220265E-05,5.35953272388827E-05,0.000469795327122258
7.34806922543459E-05,-2.20219698594178E-05,-6.93682502571448E-05,4.77197928473366E-05,5.42727440911911E-05,0.00047193370940719
7.35130423426745E-05,-2.19840444122885E-05,-6.90397752784516E-05,4.54460386990967E-05,5.49530236014729E-05,0.00047407465984568
7.3543808367312E-05,-2.1945645544917E-05,-6.87098126279116E-05,4.31576602709891E-05,5.56362001631846E-05,0.000476218209494762
7.35729801114425E-05,-2.19067712333736E-05,-6.83783604897589E-05,4.08544811939123E-05,5.63223086753695E-05,0.000478364389324404
7.36005472347244E-05,-2.18674194293151E-05,-6.8045417026753E-05,3.85363220718286E-05,5.7011384552792E-05,0.000480513230209481
7.36264992711653E-05,-2.18275880596225E-05,-6.77109803802479E-05,3.62030004159059E-05,5.77034637363136E-05,0.00048266476292133
7.36508256269513E-05,-2.17872750260319E-05,-6.73750486702674E-05,3.38543305768946E-05,5.83985827035184E-05,0.000484819018118868
7.36735155782276E-05,-2.17464782047587E-05,-6.70376199955858E-05,3.14901236756893E-05,5.90967784795941E-05,0.000486976026339248
7.36945582688319E-05,-2.17051954461127E-05,-6.66986924338163E-05,2.91101875320157E-05,5.97980886484777E-05,0.000489135817988047
7.37139427079753E-05,-2.16634245741063E-05,-6.63582640415058E-05,2.67143265911827E-05,6.05025513642706E-05,0.000491298423328946
7.37316577678742E-05,-2.16211633860551E-05,-6.60163328542371E-05,2.43023418488395E-05,6.12102053629352E-05,0.000493463872472892
7.37476921813273E-05,-2.15784096521688E-05,-6.56728968867389E-05,2.18740307736743E-05,6.19210899742766E-05,0.000495632195366715
7.37620345392387E-05,-2.15351611151352E-05,-6.5327954133004E-05,1.94291872279859E-05,6.26352451342224E-05,0.000497803421781171
7.37746732880859E-05,-2.14914154896948E-05,-6.49815025664157E-05,1.69676013860626E-05,6.33527113974054E-05,0.000499977581298391
7.37855967273292E-05,-2.14471704622064E-05,-6.46335401398835E-05,1.44890596502943E-05,6.40735299500606E-05,0.000502154703298699
7.37947930067627E-05,-2.14024236902044E-05,-6.4284064785988E-05,1.19933445649458E-05,6.47977426232446E-05,0.000504334816946783
7.38022501238043E-05,-2.13571728019456E-05,-6.39330744171355E-05,9.48023472751167E-06,6.55253919063867E-05,0.000506517951177168
7.38079559207234E-05,-2.13114153959481E-05,-6.35805669257233E-05,6.9495046975745E-06,6.62565209611819E-05,0.000508704134678981
7.38118980818067E-05,-2.1265149040476E-05,-6.32265401839868E-05,4.40092490071528E-06,6.69911736365742E-05,0.000510893395882496
7.38140641304456E-05,-2.12183712732287E-05,-6.28709920454997E-05,1.83426154164143E-06,6.77293944803825E-05,0.000513085762932348
7.38144414261831E-05,-2.11710796005935E-05,-6.25139203434063E-05,-7.50723509179086E-07,6.84712287586705E-05,0.000515281263685334
7.38130171616604E-05,-2.11232714973124E-05,-6.21553228919427E-05,-3.35427280801855E-06,6.92167224682147E-05,0.000517479925681547
7.3809778359509E-05,-2.1074944405927E-05,-6.17951974863344E-05,-5.97663344517325E-06,6.99659223529875E-05,0.000519681776127659
7.38047118691643E-05,-2.10260957362535E-05,-6.14335419030349E-05,-8.61805715292573E-06,7.07188759203107E-05,0.000521886841876715
7.37978043636037E-05,-2.09767228648472E-05,-6.10703538999791E-05,-1.12788004166458E-05,7.14756314574311E-05,0.00052409514940692
7.37890423360063E-05,-2.09268231344546E-05,-6.07056312168503E-05,-1.39591245891431E-05,7.22362380485284E-05,0.000526306724799393
7.37784120963325E-05,-2.08763938534546E-05,-6.03393715753647E-05,-1.66592960083825E-05,7.30007455921688E-05,0.000528521593714844
7.37658997678195E-05,-2.0825432295286E-05,-5.99715726795717E-05,-1.93795861186767E-05,7.37692048192176E-05,0.000530739781369123
7.37514912833927E-05,-2.0773935697864E-05,-5.96022322161713E-05,-2.21202715954812E-05,7.45416673112242E-05,0.00053296131250759
7.37351723819881E-05,-2.07219012629819E-05,-5.92313478548506E-05,-2.48816344739135E-05,7.53181855192949E-05,0.000535186211378252
7.37169286047851E-05,-2.06693261557016E-05,-5.88589172486383E-05,-2.76639622811315E-05,7.60988127834659E-05,0.000537414501703612
7.36967452913449E-05,-2.06162075037286E-05,-5.84849380342803E-05,-3.04675481727011E-05,7.68836033525944E-05,0.000539646206651158
7.36746075756537E-05,-2.05625423967741E-05,-5.81094078326356E-05,-3.32926910731011E-05,7.76726124047821E-05,0.000541881348802442
7.36505003820663E-05,-2.05083278859027E-05,-5.77323242490944E-05,-3.61396958205075E-05,7.84658960683473E-05,0.000544119950120664
7.36244084211481E-05,-2.04535609828647E-05,-5.73536848740188E-05,-3.90088733160123E-05,7.92635114433655E-05,0.000546362031916697
7.35963161854113E-05,-2.03982386594139E-05,-5.69734872832089E-05,-4.19005406774357E-05,8.00655166237932E-05,0.000548607614813478
7.35662079449431E-05,-2.03423578466091E-05,-5.65917290383927E-05,-4.48150213978978E-05,8.08719707201948E-05,0.00055085671870867
7.35340677429218E-05,-2.02859154341008E-05,-5.62084076877435E-05,-4.7752645509323E-05,8.16829338830953E-05,0.000553109362735534
7.34998793910179E-05,-2.02289082694001E-05,-5.58235207664249E-05,-5.07137497510556E-05,8.24984673269739E-05,0.000555365565221895
7.34636264646888E-05,-2.01713331571491E-05,-5.5437065797301E-05,-5.36986777427834E-05,8.33186333540673E-05,0.000557625343647737
7.34252922982876E-05,-2.01131868582861E-05,-5.50490402909959E-05,-5.67077801679681E-05,8.41434953827097E-05,0.000559888714598723
7.33848599801704E-05,-2.00544660893677E-05,-5.46594417473486E-05,-5.97414149528065E-05,8.49731179698352E-05,0.000562155693718727
7.33423123475501E-05,-1.99951675216973E-05,-5.42682676555409E-05,-6.27999474612551E-05,8.58075668415681E-05,0.000564426295656912
7.3297631981275E-05,-1.99352877805219E-05,-5.38755154949405E-05,-6.58837506914254E-05,8.66469089182191E-05,0.000566700534020281
7.32508012004426E-05,-1.98748234441623E-05,-5.34811827357121E-05,-6.89932054820429E-05,8.74912123792816E-05,0.000568978421350232
7.32018020569421E-05,-1.98137710432419E-05,-5.30852668400877E-05,-7.21287007127858E-05,8.83405465776743E-05,0.000571259968982643
7.31506163297227E-05,-1.97521270596699E-05,-5.26877652626533E-05,-7.52906335110404E-05,8.91949824825626E-05,0.000573545186592332
7.30972255189888E-05,-1.96898879256271E-05,-5.22886754516554E-05,-7.8479409481031E-05,9.00545918007006E-05,0.000575834082581642
7.3041610840326E-05,-1.96270500232086E-05,-5.1887994850015E-05,-8.16954430329695E-05,9.0919447841807E-05,0.000578126665428388
7.29837532183493E-05,-1.95636096829419E-05,-5.14857208948569E-05,-8.49391574863958E-05,9.17896253138969E-05,0.000580422941249154
7.29236332805923E-05,-1.94995631830678E-05,-5.10818510200823E-05,-8.82109853635025E-05,9.26652003337232E-05,0.000582722914673984
7.28612313509265E-05,-1.94349067484367E-05,-5.06763826567151E-05,-9.15113686502355E-05,9.35462504630687E-05,0.000585026588773108
7.27965274429414E-05,-1.93696365495403E-05,-5.02693132343071E-05,-9.48407590589493E-05,9.44328547435348E-05,0.000587333964975854
7.27295012530541E-05,-1.93037487014277E-05,-4.98606401818368E-05,-9.81996183031457E-05,9.53250937338377E-05,0.000589645042987624
7.26601321535215E-05,-1.92372392626949E-05,-4.94503609292865E-05,-0.00010158841837494,9.62230495464279E-05,0.000591959820698841
7.25883991851649E-05,-1.91701042343555E-05,-4.90384729087016E-05,-0.000105007641840864,9.7126805886819E-05,0.000594278294094425
7.25142810499329E-05,-1.91023395587561E-05,-4.86249735557692E-05,-0.000108457782334153,9.8036448087253E-05,0.000596600457107694
7.24377561027192E-05,-1.90339411183235E-05,-4.82098603106994E-05,-0.000111939345300312,9.89520631413724E-05,0.000598926301171968
7.23588023440326E-05,-1.89649047345701E-05,-4.77931306209375E-05,-0.000115452846267486,9.98737397968993E-05,0.000601255816059368
7.22773974122409E-05,-1.88952261667343E-05,-4.73747819414227E-05,-0.000118998812852963,0.000100801568545653,0.000603588989466409
7.21935185749775E-05,-1.88249011106199E-05,-4.69548117367862E-05,-0.00012257778521586,0.000101735641679133,0.000605925806309704
7.21071427202938E-05,-1.87539251971984E-05,-4.65332174824293E-05,-0.00012619031609707,0.000102676053340731,0.000608266248919132
7.20182463479883E-05,-1.86822939914606E-05,-4.61099966672718E-05,-0.000129836971158291,0.000103622899571165,0.00061061029692376
7.19268055605927E-05,-1.86100029911487E-05,-4.56851467960585E-05,-0.000133518329363503,0.000104576278356637,0.00061295792711233
7.18327960536516E-05,-1.85370476251151E-05,-4.52586653897775E-05,-0.000137234983392996,0.0001055362896829,0.000615309113297616
7.1736193106311E-05,-1.84634232521202E-05,-4.48305499889822E-05,-0.000140987540046512,0.000106503035584613,0.000617663826157077
7.1636971571301E-05,-1.83891251593399E-05,-4.44007981557228E-05,-0.000144776620675298,0.000107476620199624,0.000620022033074977
7.15351058647046E-05,-1.83141485609058E-05,-4.39694074760069E-05,-0.000148602861625055,0.00010845714982398,0.000622383697973274
7.14305699552758E-05,-1.82384885963067E-05,-4.35363755618027E-05,-0.00015246691470136,0.000109444732969943,0.000624748781137061
7.13233373537036E-05,-1.816214032895E-05,-4.31017000543218E-05,-0.000156369447641553,0.00011043948042316,0.000627117239023895
7.12133811012671E-05,-1.80850987444811E-05,-4.26653786262833E-05,-0.000160311144614853,0.000111441505304259,0.000629489024070125
7.1100673758338E-05,-1.80073587492045E-05,-4.22274089851366E-05,-0.000164292706734075,0.000112450923130557,0.000631864084482365
7.09851873921752E-05,-1.79289151682226E-05,-4.17877888750968E-05,-0.000168314852598142,0.000113467851882343,0.000634242364023872
7.0866893564972E-05,-1.78497627439639E-05,-4.13465160817754E-05,-0.000172378318834816,0.000114492412066369,0.00063662380177893
7.07457633208831E-05,-1.77698961342306E-05,-4.0903588434535E-05,-0.000176483860684452,0.000115524726786392,0.000639008331915032
7.06217671729563E-05,-1.76893099104144E-05,-4.04590038102366E-05,-0.000180632252596144,0.000116564921813131,0.000641395883426943
7.04948750895785E-05,-1.7607998555619E-05,-4.00127601369235E-05,-0.000184824288849525,0.000117613125657203,0.000643786379868175
7.03650564804817E-05,-1.75259564627315E-05,-3.95648553976977E-05,-0.000189060784200715,0.00011866946964441,0.000646179739067676
7.02322801822062E-05,-1.74431779323879E-05,-3.91152876345107E-05,-0.000193342574555778,0.00011973408799365,0.000648575872832342
7.00965144435154E-05,-1.73596571711482E-05,-3.86640549536043E-05,-0.000197670517657641,0.000120807117894483,0.000650974686625109
6.99577269094661E-05,-1.72753882890868E-05,-3.82111555283048E-05,-0.000202045493828456,0.000121888699593579,0.000653376079242591
6.98158846058115E-05,-1.71903652978523E-05,-3.77565876049242E-05,-0.000206468406712943,0.000122978976477193,0.000655779942456344
6.96709539224485E-05,-1.71045821084036E-05,-3.73003495074782E-05,-0.000210940184066356,0.000124078095159703,0.00065818616064389
6.95229005963923E-05,-1.70180325287374E-05,-3.6842439642956E-05,-0.000215461778571548,0.000125186205574261,0.00066059461039711
6.93716896941723E-05,-1.69307102615504E-05,-3.63828565068697E-05,-0.000220034168689364,0.000126303461066347,0.000663005160108167
6.92172855936252E-05,-1.6842608901837E-05,-3.59215986890984E-05,-0.000224658359544003,0.000127430018490304,0.000665417669531808
6.90596519650614E-05,-1.67537219344178E-05,-3.54586648800462E-05,-0.000229335383844984,0.000128566038308955,0.000667831989322889
6.88987517518338E-05,-1.66640427314302E-05,-3.49940538772942E-05,-0.000234066302845742,0.000129711684695966,0.000670247960547093
6.87345471499422E-05,-1.65735645495871E-05,-3.45277645917778E-05,-0.000238852207350691,0.000130867125643595,0.000672665414165518
6.85669995874954E-05,-1.64822805276789E-05,-3.40597960559824E-05,-0.000243694218749204,0.000132032533069642,0.000675084170483724
6.83960697028677E-05,-1.63901836836807E-05,-3.3590147430882E-05,-0.000248593490108061,0.00013320808293205,0.000677504038574642
6.82217173223674E-05,-1.62972669119381E-05,-3.31188180141159E-05,-0.000253551207304059,0.000134393955345005,0.000679924815664569
6.80439014370444E-05,-1.62035229802398E-05,-3.26458072484386E-05,-0.000258568590206338,0.00013559033469916,0.000682346286483367
6.78625801786586E-05,-1.61089445268047E-05,-3.2171114730635E-05,-0.000263646893909651,0.000136797409785654,0.00068476822257573
6.76777107947748E-05,-1.60135240571818E-05,-3.16947402209277E-05,-0.000268787410021507,0.000138015373924055,0.000687190381571175
6.74892496229425E-05,-1.59172539410602E-05,-3.12166836529064E-05,-0.000273991468006149,0.000139244425094303,0.000689612506410414
6.72971520639922E-05,-1.58201264090197E-05,-3.07369451441808E-05,-0.00027926043658615,0.000140484766072322,0.000692034324524479
6.71013725539926E-05,-1.57221335490143E-05,-3.02555250067685E-05,-0.00028459572521417,0.000141736604572172,0.000694455546966149
6.69018645358501E-05,-1.56232673030997E-05,-2.97724237598106E-05,-0.000289998785592767,0.00014300015338797,0.00069687586748061
6.66985804291429E-05,-1.55235194637158E-05,-2.92876421412452E-05,-0.000295471113282361,0.000144275630544787,0.000699294961528019
6.64914715991562E-05,-1.54228816700362E-05,-2.88011811210345E-05,-0.000301014249370751,0.00014556325945184,0.000701712485239296
6.62804883246637E-05,-1.53213454041735E-05,-2.83130419149689E-05,-0.000306629782221354,0.000146863269060765,0.000704128074308157
6.60655797644669E-05,-1.52189019872751E-05,-2.78232259992643E-05,-0.000312319349302068,0.000148175894028617,0.000706541342813268
6.58466939226356E-05,-1.51155425755024E-05,-2.73317351260029E-05,-0.000318084639098567,0.000149501374885677,0.000708951881965373
6.56237776123892E-05,-1.50112581558927E-05,-2.68385713394721E-05,-0.000323927393115833,0.000150839958208153,0.000711359258774167
6.53967764184092E-05,-1.49060395420319E-05,-2.63437369931411E-05,-0.000329849407976702,0.000152191896796713,0.00071376301463089
6.51656346583927E-05,-1.47998773699388E-05,-2.5847234769238E-05,-0.000335852537602646,0.000153557449855644,0.000716162663791179
6.49302953415914E-05,-1.4692762093148E-05,-2.53490676962465E-05,-0.000341938695532329,0.000154936883185765,0.000718557691774149
6.46907001271666E-05,-1.45846839783324E-05,-2.48492391707186E-05,-0.000348109857315491,0.000156330469373721,0.000720947553640472
6.44467892801111E-05,-1.44756331004554E-05,-2.4347752978737E-05,-0.000354368063039324,0.000157738487990669,0.000723331672164361
6.41985016255198E-05,-1.43655993378498E-05,-2.3844613319008E-05,-0.000360715419973038,0.000159161225795142,0.00072570943588163
6.39457745009805E-05,-1.42545723671548E-05,-2.33398248273525E-05,-0.000367154105341129,0.000160598976940903,0.000728080197006056
6.3688543706992E-05,-1.41425416581072E-05,-2.28333926026946E-05,-0.000373686369232241,0.000162052043189719,0.000730443269204362
6.34267434552615E-05,-1.40294964681606E-05,-2.23253222345471E-05,-0.000380314537652071,0.00016352073412921,0.000732797925220377
6.3160306315087E-05,-1.39154258370613E-05,-2.18156198326988E-05,-0.000387041015719134,0.000165005367393767,0.000735143394331276
6.28891631569512E-05,-1.38003185810509E-05,-2.13042920577379E-05,-0.00039386829103787,0.000166506268893015,0.000737478859634917
6.26132430942304E-05,-1.3684163287127E-05,-2.07913461545161E-05,-0.000400798937219638,0.00016802377304128,0.000739803455138944
6.23324734221388E-05,-1.35669483070344E-05,-2.02767899872078E-05,-0.000407835617593067,0.000169558222992421,0.000742116262649274
6.20467795540834E-05,-1.34486617511128E-05,-1.97606320767056E-05,-0.000414981089099467,0.000171109970877719,0.000744416308436198
6.17560849552459E-05,-1.332929148198E-05,-1.92428816404134E-05,-0.00042223820638552,0.000172679378046662,0.000746702559661041
6.14603110732507E-05,-1.32088251080455E-05,-1.87235486346086E-05,-0.000429609926105444,0.000174266815310008,0.000748973920544554
6.11593772657683E-05,-1.30872499768552E-05,-1.82026437995624E-05,-0.000437099311444812,0.000175872663184398,0.000751229228256067
6.08532007248972E-05,-1.29645531682665E-05,-1.76801787076161E-05,-0.000444709536878165,0.000177497312137664,0.000753467248500285
6.05416963981987E-05,-1.28407214874686E-05,-1.71561658145058E-05,-0.000452443893171354,0.000179141162833694,0.000755686670776068
6.02247769059614E-05,-1.2715741457752E-05,-1.66306185137547E-05,-0.000460305792650648,0.000180804626376671,0.000757886103282607
5.99023524551242E-05,-1.25895993132725E-05,-1.61035511954243E-05,-0.00046829877473789,0.000182488124550766,0.000760064067437786
5.95743307488426E-05,-1.24622809914869E-05,-1.55749793081262E-05,-0.000476426511785551,0.000184192090056985,0.000762218991982512
5.92406168921043E-05,-1.2333772125508E-05,-1.50449194256268E-05,-0.000484692815215529,0.000185916966742989,0.000764349206630964
5.89011132929271E-05,-1.22040580362862E-05,-1.45133893179623E-05,-0.000493101641983712,0.000187663209824516,0.000766452935228721
5.85557195589509E-05,-1.20731237246413E-05,-1.39804080274879E-05,-0.000501657101387618,0.000189431286095817,0.000768528288376161
5.82043323891763E-05,-1.19409538631529E-05,-1.34459959502477E-05,-0.000510363462236454,0.000191221674126258,0.000770573255470143
5.78468454605933E-05,-1.18075327879199E-05,-1.29101749230894E-05,-0.000519225160403804,0.00019303486443963,0.000772585696112084
5.74831493094736E-05,-1.16728444902196E-05,-1.2372968317052E-05,-0.000528246806782951,0.000194871359672162,0.000774563330825201
5.71131312067518E-05,-1.15368726079784E-05,-1.18344011371041E-05,-0.000537433195671987,0.000196731674706507,0.000776503731020049
5.67366750279102E-05,-1.13996004173362E-05,-1.12945001298384E-05,-0.000546789313598891,0.000198616336771926,0.000778404308136986
5.63536611160917E-05,-1.1261010823976E-05,-1.07532938983066E-05,-0.000556320348626545,0.000200525885511427,0.000780262301892897
5.59639661388199E-05,-1.11210863545105E-05,-1.02108130257042E-05,-0.000566031700151326,0.000202460873003646,0.000782074767546994
5.55674629376871E-05,-1.09798091478534E-05,-9.66709020819592E-06,-0.000575928989224209,0.000204421863734273,0.000783838562094164
5.51640203706861E-05,-1.08371609466302E-05,-9.1221603977291E-06,-0.000586018069419565,0.000206409434507503,0.00078555032928414
5.47535031467959E-05,-1.06931230886743E-05,-8.57606095569157E-06,-0.000596305038278713,0.000208424174287187,0.000787206483354595
5.4335771652414E-05,-1.05476764986613E-05,-8.02883181834709E-06,-0.000606796249354752,0.000210466683956077,0.000788803191354108
5.39106817694527E-05,-1.04008016800277E-05,-7.480515675392E-06,-0.00061749832487824,0.000212537575978181,0.000790336353916557
5.34780846831866E-05,-1.02524787067379E-05,-6.93115816086401E-06,-0.000628418169108384,0.000214637473956163,0.000791801584340188
5.30378266830503E-05,-1.01026872162495E-05,-6.38080806237711E-06,-0.000639562982301401,0.000216767012047408,0.000793194185790022
5.25897489510366E-05,-9.95140640208752E-06,-5.82951754373123E-06,-0.000650940275443174,0.000218926834242742,0.000794509126453475
5.21336873408412E-05,-9.79861500740187E-06,-5.27734238712741E-06,-0.000662557885677494,0.000221117593465559,0.000795741012429233
5.16694721457903E-05,-9.64429131913404E-06,-4.72434225474592E-06,-0.000674423992483512,0.000223339950471639,0.00079688405812334
5.11969278552715E-05,-9.4884131630258E-06,-4.17058097182209E-06,-0.000686547134612015,0.000225594572516917,0.000797932053895248
5.07158728991367E-05,-9.3309578996444E-06,-3.6161268332264E-06,-0.000698936227790457,0.000227882131757038,0.00079887833066875
5.02261193795418E-05,-9.17190242162386E-06,-3.06105293576542E-06,-0.000711600583198689,0.000230203303337016,0.000799715721189865
4.97274727896907E-05,-9.01122315235471E-06,-2.5054375386523E-06,-0.000724549926708231,0.000232558763122914,0.000800436517577241
4.92197317189578E-05,-8.84889604638845E-06,-1.94936445485682E-06,-0.000737794418867843,0.000234949185020006,0.000801032424770448
4.87026875433976E-05,-8.68489659171389E-06,-1.3929234758166E-06,-0.000751344675616961,0.000237375237815683,0.000801494509436728
4.81761241040567E-05,-8.51919981517681E-06,-8.36210835929774E-07,-0.000765211789592901,0.000239837581459364,0.000801813143839091
4.76398173654395E-05,-8.35178028917074E-06,-2.79329712770062E-07,-0.000779407352160005,0.000242336862727675,0.000801977944127786
4.70935350633393E-05,-8.18261214311579E-06,2.77609222567431E-07,-0.000793943475795987,0.000244873710130759,0.000801977702427347
4.65370363345738E-05,-8.01166907799897E-06,8.34487208191822E-07,-0.000808832816891823,0.000247448727978541,0.000801800312043034
4.59700713312992E-05,-7.83892438552173E-06,1.39117673907626E-06,-0.000824088598710332,0.000250062489460532,0.000801432685015638
4.53923808193881E-05,-7.66435097243879E-06,1.94754085456213E-06,-0.000839724634282023,0.000252715528586967,0.000800860661167787
4.48036957610126E-05,-7.48792139093947E-06,2.50343235947192E-06,-0.000855755348940962,0.000255408330812204,0.00080006890768208
4.42037368818098E-05,-7.30960787605818E-06,3.0586929718907E-06,-0.000872195802122088,0.000258141322132143,0.000799040808138417
4.35922142232984E-05,-7.12938239125325E-06,3.61315238988998E-06,-0.00088906170794276,0.000260914856413939,0.000797758339813086
4.29688266816063E-05,-6.94721668348365E-06,4.16662726856933E-06,-0.000906369453976673,0.000263729200676151,0.000796201937898624
4.23332615339722E-05,-6.76308234930313E-06,4.71892009786589E-06,-0.000924136117472007,0.000266584517991982,0.000794350345152526
4.16851939551592E-05,-6.57695091377099E-06,5.26981797038887E-06,-0.000942379478095602,0.000269480847633852,0.000792180445308082
4.10242865265348E-05,-6.38879392423078E-06,5.81909122741254E-06,-0.000961118026060869,0.000272418082014418,0.000789667078394315
4.03501887415096E-05,-6.19858306136314E-06,6.36649196974526E-06,-0.000980370964232477,0.000275395939905528,0.000786782835906656
3.96625365120984E-05,-6.00629027030175E-06,6.91175241870741E-06,-0.001000158202472,0.000278413935330299,0.000783497833549725
3.8960951682704E-05,-5.81188791505476E-06,7.45458311078317E-06,-0.00102050034209554,0.000281471341422832,0.000779779459036774
3.82450415592342E-05,-5.61534896010494E-06,7.9946709074096E-06,-0.00104141864781241,0.000284567148431044,0.000775592092185601
3.75143984611381E-05,-5.41664718298414E-06,8.53167680125583E-06,-0.00106293500400727,0.000287700014912637,0.000770896794280376
3.67685993140049E-05,-5.21575742441786E-06,9.06523349246698E-06,-0.00108507185128219,0.000290868210981742,0.000765650963461885
3.6007205290773E-05,-5.01265588001414E-06,9.59494271549141E-06,-0.00110785209866585,0.000294069552335279,0.000759807952594671
3.52297615256104E-05,-4.80732044183558E-06,1.01203722852621E-05,-0.00113129900549388,0.00029730132352094,0.000753316645921651
3.44357969232807E-05,-4.59973109772928E-06,1.06410528333776E-05,-0.00115543602582741,0.000300560188690401,0.000746120990639628
3.36248240900015E-05,-4.38987039702713E-06,1.11564742035594E-05,-0.00118028660680474,0.000303842087811185,0.000738159479445803
3.27963394231746E-05,-4.17772399401271E-06,1.16660814696369E-05,-0.00120587393030441,0.000307142115974832,0.00072936458022653
3.19498234080322E-05,-3.96328128291675E-06,1.21692705355255E-05,-0.00123222058495632,0.000310454383076415,0.000719662109402765
3.10847411650981E-05,-3.74653613663907E-06,1.26653832829905E-05,-0.00125934815327487,0.000313771850805679,0.000708970545910062
3.02005433233693E-05,-3.52748776862163E-06,1.31537022193185E-05,-0.00128727669488287,0.000317086143391887,0.000697200284038993
2.92966672916662E-05,-3.30614173560188E-06,1.36334445865741E-05,-0.00131602410351604,0.000320387328169601,0.000684252824849232
2.83725390295917E-05,-3.08251110489201E-06,1.41037558876622E-05,-0.00134560531068638,0.000323663661541719,0.000670019908510507
2.74275754350144E-05,-2.85661781174132E-06,1.45637027903879E-05,-0.00137603130389595,0.000326901295526152,0.000654382593536736
2.64611874855426E-05,-2.62849423493207E-06,1.50122653781898E-05,-0.00140730792156856,0.000330083939754987,0.000637210294014721
2.5472784311841E-05,-2.39818502523645E-06,1.54483287205431E-05,-0.00143943437999991,0.000333192473585036,0.000618359793378254
2.44617783943628E-05,-2.16574922038169E-06,1.58706737614625E-05,-0.0014724014812728,0.000336204503149904,0.000597674262906982
2.34275921390252E-05,-1.93126268972663E-06,1.62779675366215E-05,-0.00150618944313218,0.000339093858642741,0.000574982327031875
2.23696661068716E-05,-1.69482094914853E-06,1.6668752775633E-05,-0.00154076528589425,0.000341830028411868,0.00055009723502473
2.12874692321177E-05,-1.45654239122998E-06,1.70414369894444E-05,-0.0015760797058435,0.00034437752861474,0.000522816222306286
2.01805114118979E-05,-1.21657197525531E-06,1.739428121143E-05,-0.00161206336234118,0.000346695210801231,0.000492920174817891
1.90483588978097E-05,-9.75085417381402E-07,1.77253886534251E-05,-0.00164862250901304,0.000348735515398664,0.000460173747964426
1.78906529665942E-05,-7.32293913640019E-07,1.80326936580642E-05,-0.00168563391097437,0.000350443687327364,0.000424326138660002
1.67071323789635E-05,-4.8844941310044E-07,1.83139514859395E-05,-0.00172293901503495,0.000351756981749864,0.000385112765077989
1.54976601455465E-05,-2.43850433954336E-07,1.85667296745357E-05,-0.00176033738429015,0.000352603904182218,0.000342258172948447
1.42622550822573E-05,1.15162372454176E-09,1.87884019522733E-05,-0.00179757948079748,0.000352903550844107,0.000295480556110498
1.30011285598082E-05,2.46145766599764E-07,1.89761459807275E-05,-0.0018343589892255,0.00035256514295911,0.000244498346485648
1.17147266399526E-05,4.90654478007766E-07,1.91269465386551E-05,-0.00187030503358156,0.00035148788292784,0.000189039379201552
1.04037774987607E-05,7.34126846524066E-07,1.92376061154709E-05,-0.00190497485564361,0.000349561299447039,0.000128853152864468
9.06934354061598E-06,9.75932162231977E-07,1.93047652300395E-05,-0.00193784780330923,0.000346666288527772,6.37266452021946E-05
7.71287689705725E-06,1.21535454704128E-06,1.93249350569136E-05,-0.00196832180523493,0.000342677089900878,-6.49603441202318E-06
6.33627608817937E-06,1.45158935486911E-06,1.92945450276165E-05,-0.00199571384647788,0.000337464453881572,-8.18902183723726E-05
4.94194043925349E-06,1.68374225796436E-06,1.92100078512664E-05,-0.00201926624661795,0.000330900243659074,-0.000162424104186072
3.53281757623165E-06,1.91083208370416E-06,1.90678036947626E-05,-0.00203816065498249,0.000322863661860133,-0.000247930476884924
2.11243803177579E-06,2.13179855455554E-06,1.88645838980647E-05,-0.00205154136086227,0.000313249121173762,-0.000338079227060575
6.84930218023805E-07,2.3455159801261E-06,1.85972925568677E-05,-0.00205854853994312,0.000301975424959136,-0.000432353941000163
-7.4499104038061E-07,2.55081357234515E-06,1.82633020178289E-05,-0.00205836105857788,0.000288995511133741,-0.000530035733316564
-2.17206892677797E-06,2.7465024546385E-06,1.78605561510827E-05,-0.00205024854735781,0.0002743058267331,-0.000630197747977111
-3.59058812000601E-06,2.93140875368708E-06,1.73877120007177E-05,-0.00203363118240624,0.000257954266700698,-0.000731716693261351
-4.99450025844237E-06,3.10441130596121E-06,1.68442653218621E-05,-0.00200813864090785,0.000240045289311547,-0.000833308347752054
-6.3775861755307E-06,3.264481632693E-06,1.62306436141921E-05,-0.00197365533315697,0.000220741280076309,-0.000933584077975228
-7.73364341092443E-06,3.41072352371183E-06,1.55482556734274E-05,-0.00193034836074571,0.000200259978586719,-0.00103111832436099
-9.05668759887684E-06,3.54240905675666E-06,1.47994910445774E-05,-0.00187867877773217,0.000178866363322745,-0.00112452593943022
-1.03411529527814E-05,3.65900651627575E-06,1.39876626349705E-05,-0.00181938548554478,0.000156857536802178,-0.00121254651751837
-1.1582070217025E-05,3.76019626589049E-06,1.31168937644461E-05,-0.00175343775490093,0.000134544093680021,-0.00129411645422159
-1.27752049425248E-05,3.84587393114452E-06,1.21919636813141E-05,-0.00168197133706644,0.000112232662179436,-0.00136841622647513
-1.39171491860009E-05,3.91614214611144E-06,1.12181279291664E-05,-0.00160621882308414,9.02103520246522E-05,-0.00143489629999339
-1.50053635031968E-05,3.97129223576853E-06,1.02009279131997E-05,-0.00152743683532412,6.87316046468177E-05,-0.00149328168617297
-1.60381695276551E-05,4.01177819573773E-06,9.14600551129112E-06,-0.00144683841365497,4.80094372843299E-05,-0.00154355314075967
-1.70147002742535E-05,4.03818630848343E-06,8.05893736884546E-06,-0.00136553988034403,2.82115113835472E-05,-0.00158591070768011
-1.79348195547062E-05,4.05120339883969E-06,6.94509808855849E-06,-0.00128452506516176,9.45995811377059E-06,-0.0016207282893991
-1.87990223448327E-05,4.05158600517289E-06,5.80955610544303E-06,-0.00120462592576671,-8.16592539153718E-06,-0.00164850586487345
-1.9608326765554E-05,4.04013221533606E-06,4.65700211159853E-06,-0.00112651730674466,-2.46248344050832E-05,-0.00166982422315416
-2.03641664168789E-05,4.0176573486806E-06,3.4917070202949E-06,-0.00105072260562933,-3.99073813111329E-05,-0.00168530557360999
-2.10682893958852E-05,3.98497402465677E-06,2.31750472735313E-06,-0.000977626784776912,-5.402966563095E-05,-0.00169558166621116
-2.17226679718103E-05,3.94287663108517E-06,1.13779428941906E-06,-0.00090749356173028,-6.70271129766069E-05,-0.00170126968700674
-2.23294208970684E-05,3.8921298650015E-06,-4.44436973953358E-08,-0.000840484270506467,-7.89489521821158E-05,-0.00170295535585122
-2.28907488536638E-05,3.83346082891707E-06,-1.22662119945722E-06,-0.000776676563929772,-8.98535164716029E-05,-0.00170118218806371
-2.34088824674988E-05,3.76755408564581E-06,-2.40651116900895E-06,-0.00071608176632958,-9.98044222988087E-05,-0.00169644568492245
-2.38860417025683E-05,3.69504907106349E-06,-3.58221328770265E-06,-0.000658660222535091,-0.000108867587785497,-0.00168919122993156
-2.43244051386248E-05,3.61653931149597E-06,-4.75211922380785E-06,-0.000604334389652963,-0.00011710899753478,-0.00167981461004868
-2.47260875512667E-05,3.53257296837014E-06,-5.91487889363496E-06,-0.000552999683301174,-0.000124593096203282,-0.00166866427812815
-2.50931242909613E-05,3.44365431490925E-06,-7.0693686990505E-06,-0.000504533243717843,-0.000131381690557783,-0.00165604467324588
-2.542746109696E-05,3.35024583114544E-06,-8.2146622885515E-06,-0.00045880086546912,-0.000137533249052324,-0.00164222009438163
-2.57309481629669E-05,3.2527706757766E-06,-9.35000409043937E-06,-0.000415662361229209,-0.000143102503065368,-0.00162741877100645
-2.60053374618889E-05,3.1516153534763E-06,-1.04747856704674E-05,-0.000374975625238064,-0.000148140270621621,-0.00161183689052489
-2.6252282512842E-05,3.0471324459086E-06,-1.15885248275685E-05,-0.000336599640321194,-0.00015269343927137,-0.0015956424305922
-2.64733399314397E-05,2.93964331433018E-06,-1.26908472525467E-05,-0.000300396642523826,-0.000156805058804249,-0.00157897870837839
-2.66699722448091E-05,2.82944071066998E-06,-1.37814705415127E-05,-0.00026623362485415,-0.000160514506285043,-0.00156196760385458
-2.68435515648423E-05,2.71679125710823E-06,-1.48601903316061E-05,-0.000233983327402265,-0.000163857695714674,-0.00154471244715546
-2.69953638075639E-05,2.60193777081954E-06,-1.59268683238373E-05,-0.000203524839735906,-0.000166867311613068,-0.001527300571165
-2.71266132251359E-05,2.48510142247552E-06,-1.69814219696326E-05,-0.000174743912086432,-0.000169573052203083,-0.00150980555376654
-2.72384270745912E-05,2.36648372544279E-06,-1.80238156140404E-05,-0.000147533049208098,-0.000172001872249849,-0.00149228917331914
-2.73318602945756E-05,2.24626835860891E-06,-1.90540529044564E-05,-0.000121791448831749,-0.00017417821872213,-0.00147480310502126
-2.74079000990846E-05,2.12462282933026E-06,-2.00721702958357E-05,-9.74248306835504E-05,-0.000176124255019084,-0.00145739038684433
-2.74674704249567E-05,2.00169998526081E-06,-2.1078231503088E-05,-7.43451911187614E-05,-0.000177860071257645,-0.0014400866824999
-2.75114361908854E-05,1.87763938575777E-06,-2.20723227643763E-05,-5.24705100908106E-05,-0.000179403879358708,-0.00142292136702407
-2.7540607342543E-05,1.75256854257223E-06,-2.3054548808403E-05,-3.17244301473528E-05,-0.000180772192852945,-0.00140591845773091
-2.75557426692623E-05,1.62660404150006E-06,-2.40250294172244E-05,-1.20359222717299E-05,-0.000181979990289873,-0.0013890974125067
-2.75575533872302E-05,1.49985255623852E-06,-2.49838965015383E-05,6.66105093821043E-06,-0.000183040864980055,-0.0013724738145245
-2.75467064903031E-05,1.37241176178043E-06,-2.5931291620389E-05,2.44278670813135E-05,-0.000183967160623208,-0.00135605995409708
-2.75238278735218E-05,1.24437115930296E-06,-2.6867363871525E-05,4.13215656921873E-05,-0.000184770093471782,-0.00133986532913125
-2.7489505237825E-05,1.11581282019116E-06,-2.77922681037782E-05,5.73951563756868E-05,-0.000185459862736559,-0.00132389707207036
-2.74442907860812E-05,9.86812057022461E-07,-2.87061634056123E-05,7.26979112513184E-05,-0.000186045749991357,-0.0013081603146576
-2.7388703721954E-05,8.57438029408531E-07,-2.9609211825442E-05,8.7275640457477E-05,-0.000186536208582308,-0.00129265849961364
-2.73232325633705E-05,7.27754290633239E-07,-3.05015772944288E-05,0.000101170950330677,-0.000186938943987242,-0.00127739364686047
-2.72483372827752E-05,5.97819281521906E-07,-3.13834247192537E-05,0.000114423484234309,-0.000187260986003638,-0.00126236658095295
-2.71644512860825E-05,4.67686776800252E-07,-3.2254919220883E-05,0.000127070146439587,-0.000187508753581572,-0.00124757712534582
-2.7071983241691E-05,3.37406288509372E-07,-3.31162254998491E-05,0.000139145309706484,-0.000187688113049702,-0.00123302426828647
-2.69713187711403E-05,2.07023431594963E-07,-3.39675073046886E-05,0.000150681007266544,-0.000187804430414163,-0.00121870630453403
-2.68628220112477E-05,7.6580254541517E-08,-3.48089269948275E-05,0.000161707110172447,-0.000187862618348417,-0.00120462095630096
-2.67468370580948E-05,-5.38844606872543E-08,-3.56406451794327E-05,0.00017225149085035,-0.000187867178429236,-0.0011907654765002
-2.66236893019169E-05,-1.84334926585591E-07,-3.64628204229022E-05,0.000182340173807474,-0.000187822239119242,-0.00117713673682018
-2.64936866615311E-05,-3.1473810307395E-07,-3.72756090068937E-05,0.000191997474400614,-0.000187731589944271,-0.00116373130281652
-2.63571207262874E-05,-4.45063472997657E-07,-3.807916474054E-05,0.000201246126548758,-0.000187598712266904,-0.00115054549788446
-2.62142678129221E-05,-5.75282837919194E-07,-3.8873638811696E-05,0.000210107400234851,-0.000187426807014857,-0.00113757545770481
-2.60653899440923E-05,-7.0537013223183E-07,-3.96591796732661E-05,0.000218601209598327,-0.000187218819683995,-0.00112481717652239
-2.59107357550666E-05,-8.35301253626697E-07,-4.04359329582887E-05,0.000226746212359904,-0.000186977462902622,-0.0011122665464382
-2.57505413338273E-05,-9.65053908751865E-07,-4.12040414219433E-05,0.000234559901307911,-0.000186705236810025,-0.00109991939066939
-2.55850310005592E-05,-1.09460747203596E-06,-4.19636449030472E-05,0.000242058688461536,-0.000186404447478161,-0.00108777149168816
-2.54144180308782E-05,-1.22394285683174E-06,-4.27148803044064E-05,0.000249257982543005,-0.000186077223577624,-0.0010758186149277
-2.52389053274589E-05,-1.35304239754681E-06,-4.34578815881019E-05,0.000256172260304485,-0.000185725531468798,-0.00106405652870001
-2.50586860441132E-05,-1.48188974175491E-06,-4.41927797834493E-05,0.0002628151322244,-0.000185351188878967,-0.00105248102086086
-2.48739441660638E-05,-1.6104697513558E-06,-4.49197030055378E-05,0.000269199403044218,-0.000184955877308892,-0.00104108791268434
-2.46848550498436E-05,-1.73876841194749E-06,-4.56387764825521E-05,0.000275337127577614,-0.000184541153296882,-0.00102987307034397
-2.44915859259652E-05,-1.86677274965713E-06,-4.63501225903363E-05,0.000281239662187604,-0.000184108458654659,-0.00101883241434193
-2.42942963671955E-05,-1.99447075478225E-06,-4.70538608930383E-05,0.000286917712295012,-0.000183659129777077,-0.00100796192717737
-2.40931387253461E-05,-2.12185131145738E-06,-4.77501081877495E-05,0.00029238137624151,-0.000183194406117556,-0.00099725765952161
-2.38882585383264E-05,-2.24890413322982E-06,-4.84389785545615E-05,0.000297640185828834,-0.000182715437909307,-0.000986715735080797
-2.36797949105748E-05,-2.37561970346781E-06,-4.91205834080201E-05,0.000302703143784908,-0.000182223293207548,-0.000976332354382497
-2.34678808682342E-05,-2.50198922058707E-06,-4.97950315516671E-05,0.000307578758428455,-0.000181718964316556,-0.000966103797611025
-2.32526436912079E-05,-2.62800454751487E-06,-5.04624292341083E-05,0.00031227507575477,-0.000181203373660859,-0.000956026426645413
-2.30342052237675E-05,-2.75365816505423E-06,-5.11228802062536E-05,0.000316799709154381,-0.000180677379153099,-0.00094609668641752
-2.28126821652884E-05,-2.87894312881449E-06,-5.17764857792943E-05,0.000321159866956777,-0.000180141779105849,-0.000936311105693707
-2.25881863425615E-05,-3.00385302940708E-06,-5.24233448830499E-05,0.000325362377974732,-0.000179597316729829,-0.00092666629736935
-2.23608249650139E-05,-3.12838195563252E-06,-5.30635541243725E-05,0.00032941371520957,-0.000179044684256691,-0.000917158958353093
-2.21307008641106E-05,-3.25252446038451E-06,-5.36972078452173E-05,0.000333320017863257,-0.000178484526720917,-0.000907785869108876
-2.18979127177784E-05,-3.37627552919965E-06,-5.43243981809451E-05,0.000337087111795854,-0.000177917445430986,-0.000898543892901511
-2.16625552616101E-05,-3.49963055086069E-06,-5.49452151167103E-05,0.000340720528539262,-0.000177344001159673,-0.000889429974823831
-2.14247194868489E-05,-3.62258529038217E-06,-5.55597465444086E-05,0.000344225522995056,-0.000176764717076069,-0.000880441140609181
-2.11844928267529E-05,-3.74513586382085E-06,-5.616807831809E-05,0.000347607089907155,-0.000176180081444006,-0.000871574495294687
-2.09419593318694E-05,-3.86727871491051E-06,-5.6770294308529E-05,0.000350869979208139,-0.000175590550106698,-0.000862827221754978
-2.0697199835017E-05,-3.98901059335336E-06,-5.73664764567386E-05,0.000354018710324503,-0.000174996548776288,-0.000854196579135215
-2.04502921066735E-05,-4.11032853463863E-06,-5.79567048263696E-05,0.000357057585519808,-0.000174398475145154,-0.000845679901206452
-2.02013110014093E-05,-4.23122984126993E-06,-5.8541057654945E-05,0.00035999070234814,-0.000173796700834226,-0.000837274594663036
-1.99503285959633E-05,-4.3517120652931E-06,-5.91196114038982E-05,0.000362821965284313,-0.000173191573192156,-0.000828978137378893
-1.9697414319509E-05,-4.4717729920252E-06,-5.96924408073898E-05,0.000365555096591867,-0.000172583416957884,-0.000820788076637113
-1.94426350765407E-05,-4.59141062493232E-06,-6.02596189200693E-05,0.000368193646485776,-0.000171972535797746,-0.000812702027342511
-1.91860553633418E-05,-4.7106231713433E-06,-6.08212171626909E-05,0.00037074100263625,-0.000171359213728942,-0.000804717670242445
-1.89277373772476E-05,-4.82940902949687E-06,-6.13773053683016E-05,0.000373200399073834,-0.000170743716435235,-0.000796832750126921
-1.86677411207411E-05,-4.94776677608645E-06,-6.19279518253758E-05,0.000375574924522401,-0.000170126292488259,-0.000789045074065854
-1.84061244995361E-05,-5.06569515481265E-06,-6.24732233206354E-05,0.000377867530213033,-0.000169507174478515,-0.000781352509651554
-1.8142943415488E-05,-5.18319306565408E-06,-6.30131851804767E-05,0.000380081037210641,-0.000168886580064819,-0.000773752983266705
-1.78782518545739E-05,-5.30025955484067E-06,-6.35479013112028E-05,0.000382218143288334,-0.000168264712948412,-0.000766244478379411
-1.76121019702482E-05,-5.41689380547884E-06,-6.40774342380834E-05,0.000384281429381016,-0.000167641763777656,-0.000758825033868723
-1.73445441624533E-05,-5.53309512878248E-06,-6.46018451432627E-05,0.000386273365647312,-0.000167017910988731,-0.000751492742383376
-1.70756271525492E-05,-5.64886295586691E-06,-6.51211939025398E-05,0.000388196317166633,-0.000166393321587326,-0.00074424574873585
-1.68053980544058E-05,-5.76419683006671E-06,-6.56355391210462E-05,0.000390052549296228,-0.000165768151875859,-0.000737082248333382
-1.65339024418872E-05,-5.87909639974057E-06,-6.61449381678479E-05,0.000391844232711129,-0.000165142548130417,-0.000730000485647109
-1.62611844129389E-05,-5.99356141153018E-06,-6.66494472094964E-05,0.000393573448148243,-0.000164516647231216,-0.00072299875272014
-1.59872866504784E-05,-6.10759170404162E-06,-6.71491212425592E-05,0.000395242190874241,-0.000163890577250065,-0.000716075387715153
-1.57122504802732E-05,-6.22118720192085E-06,-6.76440141251534E-05,0.000396852374895463,-0.000163264457998031,-0.000709228773501864
-1.54361159261901E-05,-6.33434791021068E-06,-6.81341786071435E-05,0.00039840583692555,-0.000162638401536678,-0.000702457336289668
-1.5158921761718E-05,-6.44707390947975E-06,-6.8619666361256E-05,0.000399904340133327,-0.000162012512653389,-0.000695759544272688
-1.4880705561063E-05,-6.55936535041269E-06,-6.91005280095587E-05,0.000401349577668162,-0.000161386889308818,-0.000689133906368129
-1.46015037457637E-05,-6.67122244955856E-06,-6.95768131527862E-05,0.000402743175999543,-0.000160761623051157,-0.000682578970939921
-1.43213516301024E-05,-6.78264548492824E-06,-7.00485703969383E-05,0.000404086698065813,-0.000160136799405164,-0.000676093324587357
-1.40402834641809E-05,-6.89363479193924E-06,-7.05158473794201E-05,0.000405381646250788,-0.00015951249823553,-0.000669675590966095
-1.37583324749861E-05,-7.00419075960434E-06,-7.09786907943776E-05,0.000406629465197884,-0.00015888879408679,-0.000663324429646092
-1.34755309055546E-05,-7.11431382694871E-06,-7.14371464172516E-05,0.000407831544471828,-0.000158265756501413,-0.000657038535005728
-1.31919100523393E-05,-7.2240044796408E-06,-7.18912591285767E-05,0.000408989221077332,-0.000157643450317619,-0.000650816635161263
-1.29075003008737E-05,-7.33326324682344E-06,-7.2341072937049E-05,0.000410103781843485,-0.000157021935948311,-0.000644657490930804
-1.26223311598257E-05,-7.44209069813244E-06,-7.27866310018851E-05,0.000411176465681969,-0.000156401269642443,-0.00063855989483188
-1.23364312935228E-05,-7.55048744089083E-06,-7.32279756544974E-05,0.000412208465726725,-0.000155781503730021,-0.000632522670111736
-1.20498285530328E-05,-7.65845411746811E-06,-7.36651484195068E-05,0.000413200931362115,-0.000155162686851861,-0.000626544669809421
-1.17625500058713E-05,-7.76599140279396E-06,-7.40981900351143E-05,0.000414154970146194,-0.000154544864175122,-0.000620624775848758
-1.14746219644084E-05,-7.87310000201687E-06,-7.45271404728541E-05,0.000415071649635278,-0.000153928077595591,-0.000614761898161279
-1.11860700130418E-05,-7.97978064829901E-06,-7.49520389567472E-05,0.000415951999115562,-0.000153312365927586,-0.000608954973838229
-1.0896919034197E-05,-8.08603410073896E-06,-7.53729239818758E-05,0.000416797011247212,-0.000152697765082319,-0.000603202966310747
-1.06071932331644E-05,-8.19186114243266E-06,-7.57898333324713E-05,0.000417607643626145,-0.000152084308235411,-0.000597504864556376
-1.03169161621342E-05,-8.29726257855579E-06,-7.62028040990954E-05,0.000418384820266982,-0.000151472025984567,-0.000591859682336744
-1.00261107427162E-05,-8.40223923473528E-06,-7.66118726960308E-05,0.000419129433014542,-0.000150860946497338,-0.000586266457451076
-9.73479928801513E-06,-8.50679195533737E-06,-7.70170748774313E-05,0.000419842342884276,-0.000150251095650556,-0.000580724251024238
-9.44300352354165E-06,-8.61092160194099E-06,-7.74184457533525E-05,0.000420524381338198,-0.000149642497161288,-0.000575232146813681
-9.15074460731101E-06,-8.71462905188132E-06,-7.78160198052343E-05,0.000421176351498898,-0.000149035172710107,-0.000569789250540463
-8.85804314911844E-06,-8.817915196876E-06,-7.82098309009285E-05,0.00042179902930524,-0.000148429142057137,-0.000564394689242563
-8.5649192290316E-06,-8.92078094173012E-06,-7.85999123092831E-05,0.000422393164612903,-0.00014782442315132,-0.000559047610649712
-8.27139241513683E-06,-9.02322720311431E-06,-7.89862967143013E-05,0.000422959482242797,-0.000147221032233339,-0.000553747182579014
-7.97748178057477E-06,-9.12525490841251E-06,-7.93690162288862E-05,0.000423498682980154,-0.000146618983932596,-0.000548492592350626
-7.68320591989852E-06,-9.22686499463516E-06,-7.97481024081882E-05,0.000424011444526945,-0.0001460182913586,-0.000543283046222806
-7.38858296478583E-06,-9.32805840739381E-06,-8.01235862625649E-05,0.000424498422410108,-0.000145418966187129,-0.000538117768845643
-7.09363059913511E-06,-9.428836099934E-06,-8.04954982701696E-05,0.000424960250847934,-0.000144821018741472,-0.00053299600273283
-6.79836607357404E-06,-9.529199032223E-06,-8.08638683891774E-05,0.000425397543576807,-0.000144224458069051,-0.000527917007750834
-6.50280621940673E-06,-9.62914817008894E-06,-8.12287260696638E-05,0.000425810894640366,-0.000143629292013716,-0.000522880060624865
-6.20696746202579E-06,-9.72868448440902E-06,-8.15901002651452E-05,0.000426200879143044,-0.00014303552728396,-0.000517884454461038
-5.9108658338126E-06,-9.82780895034368E-06,-8.19480194437929E-05,0.000426568053969802,-0.000142443169517301,-0.00051292949828417
-5.6145169864747E-06,-9.92652254663869E-06,-8.2302511599421E-05,0.000426912958473892,-0.000141852223340829,-0.000508014516589607
-5.31793620328887E-06,-1.00248262548453E-05,-8.26536042617225E-05,0.000427236115133792,-0.000141262692429714,-0.000503138848914431
-5.02113841015233E-06,-1.01227210588256E-05,-8.30013245071032E-05,0.000427538030182177,-0.000140674579559579,-0.000498301849413632
-4.72413818695297E-06,-1.02202079440476E-05,-8.3345698968335E-05,0.000427819194206316,-0.000140087886659185,-0.00049350288645794
-4.42694977815826E-06,-1.03172878970385E-05,-8.36867538443807E-05,0.000428080082723116,-0.000139502614858326,-0.000488741342241435
-4.12958710308856E-06,-1.04139619048461E-05,-8.40245149098605E-05,0.000428321156729184,-0.000138918764533589,-0.000484016612402072
-3.83206376581641E-06,-1.05102309545308E-05,-8.43590075242603E-05,0.00042854286322734,-0.0001383363353516,-0.000479328105654364
-3.53439306470829E-06,-1.06060960326866E-05,-8.46902566408884E-05,0.000428745635730719,-0.000137755326309915,-0.000474675243433771
-3.23658800162339E-06,-1.07015581249906E-05,-8.50182868155891E-05,0.000428929894745568,-0.000137175735775674,-0.000470057459552402
-2.93866129078464E-06,-1.07966182157777E-05,-8.53431222152214E-05,0.000429096048233744,-0.000136597561522157,-0.000465474199865619
-2.64062536733505E-06,-1.089127728764E-05,-8.56647866259095E-05,0.000429244492055913,-0.000136020800763368,-0.000460924921949162
-2.34249239559269E-06,-1.09855363210506E-05,-8.59833034610729E-05,0.000429375610396346,-0.000135445450186744,-0.000456409094786421
-2.04427427701701E-06,-1.10793962940081E-05,-8.62986957692428E-05,0.000429489776170199,-0.000134871505984102,-0.000451926198465496
-1.74598265789794E-06,-1.11728581817031E-05,-8.66109862416709E-05,0.000429587351414101,-0.000134298963880934,-0.000447475723885714
-1.44762893677962E-06,-1.12659229562038E-05,-8.69201972197381E-05,0.000429668687660822,-0.000133727819164122,-0.00044305717247325
-1.14922427162878E-06,-1.13585915861611E-05,-8.72263507021689E-05,0.000429734126298782,-0.000133158066708177,-0.000438670055905548
-8.50779586759076E-07,-1.145086503653E-05,-8.75294683520566E-05,0.000429783998917085,-0.000132589701000074,-0.000434313895844236
-5.5230557952025E-07,-1.15427442683098E-05,-8.78295715037067E-05,0.000429818627636756,-0.000132022716162769,-0.000429988223676234
-2.53812726761951E-07,-1.16342302382984E-05,-8.81266811693029E-05,0.000429838325428808,-0.000131457105977467,-0.000425692580262784
4.46887089187826E-08,-1.17253238988624E-05,-8.84208180454019E-05,0.000429843396419742,-0.000130892863904701,-0.000421426515696118
3.4318867312959E-07,-1.18160261977191E-05,-8.87120025192523E-05,0.000429834136184968,-0.000130329983104518,-0.000417189589063619
6.41677313877227E-07,-1.19063380777451E-05,-8.90002546749962E-05,0.0004298108320311,-0.000129768456454364,-0.000412981368218662
9.4014497586887E-07,-1.19962604767699E-05,-8.92855942996272E-05,0.000429773763266549,-0.00012920827656886,-0.000408801429559004
1.23858219508312E-06,-1.20857943274101E-05,-8.9568040888884E-05,0.000429723201462519,-0.000128649435815124,-0.000404649357811474
1.53697969347575E-06,-1.21749405569009E-05,-8.98476136529522E-05,0.000429659410703449,-0.000128091926329471,-0.000400524745822943
1.83532837386508E-06,-1.22637000869407E-05,-9.0124331522033E-05,0.000429582647828057,-0.000127535740032597,-0.000396427194357704
2.13361931498113E-06,-1.23520738335467E-05,-9.03982131517725E-05,0.000429493162661223,-0.000126980868643974,-0.00039235631190082
2.43184376667278E-06,-1.24400627069198E-05,-9.06692769285569E-05,0.000429391198237129,-0.000126427303695499,-0.000388311714467243
2.72999314526722E-06,-1.25276676113189E-05,-9.0937540974677E-05,0.000429276991014012,-0.000125875036544426,-0.000384293025416524
3.02805902907546E-06,-1.26148894449438E-05,-9.12030231533656E-05,0.000429150771080907,-0.000125324058385625,-0.000380299875272935
3.32603315403892E-06,-1.2701729099827E-05,-9.14657410737121E-05,0.000429012762356716,-0.000124774360263189,-0.000376331901550815
3.62390740951133E-06,-1.27881874617318E-05,-9.1725712095458E-05,0.000428863182781929,-0.000124225933081432,-0.000372388748584988
3.92167383417198E-06,-1.28742654100603E-05,-9.19829533336752E-05,0.000428702244503307,-0.000123678767615301,-0.00036847006736606
4.21932461206421E-06,-1.29599638177658E-05,-9.22374816633326E-05,0.000428530154051829,-0.000123132854520237,-0.000364575515380466
4.51685206875548E-06,-1.30452835512736E-05,-9.24893137237531E-05,0.000428347112514166,-0.000122588184341511,-0.000360704756455074
4.81424866761444E-06,-1.31302254704075E-05,-9.27384659229635E-05,0.000428153315697978,-0.000122044747523067,-0.000356857460606221
5.11150700620056E-06,-1.32147904283227E-05,-9.29849544419421E-05,0.000427948954291259,-0.000121502534415897,-0.000353033303893018
5.4086198127625E-06,-1.32989792714435E-05,-9.32287952387647E-05,0.000427734214015997,-0.000120961535285981,-0.000349231968274777
5.7055799427371E-06,-1.33827928393774E-05,-9.34700040525698E-05,0.000427509275776348,-0.000120421740321989,-0.00034545314147375
6.00238037587005E-06,-1.34662319649827E-05,-9.37085964078513E-05,0.000427274315801687,-0.000119883139641676,-0.000341696516835181
6.29901421239317E-06,-1.35492974741437E-05,-9.39445876178105E-05,0.000427029505784342,-0.00011934572329963,-0.000337961793204375
6.59547467033635E-06,-1.36319901858473E-05,-9.41779927884697E-05,0.000426775013012838,-0.000118809481292969,-0.000334248674794042
6.89175508241037E-06,-1.3714310912116E-05,-9.44088268222715E-05,0.000426511000500348,-0.000118274403567543,-0.000330556871061841
7.18784889308107E-06,-1.37962604579742E-05,-9.46371044216791E-05,0.0004262376271087,-0.000117740480023617,-0.00032688609659002
7.48374965572838E-06,-1.3877839621418E-05,-9.48628400926945E-05,0.000425955047668117,-0.000117207700521259,-0.00032323607096834
7.77945102988685E-06,-1.39590491933897E-05,-9.50860481482958E-05,0.000425663413092854,-0.000116676054885435,-0.000319606518680183
8.07494677856533E-06,-1.40398899577547E-05,-9.53067427117975E-05,0.000425362870492895,-0.00011614553291082,-0.000315997168991753
8.37023076564287E-06,-1.41203626912823E-05,-9.55249377201336E-05,0.000425053563281857,-0.00011561612436635,-0.000312407755844261
8.66529695333801E-06,-1.42004681636289E-05,-9.57406469270681E-05,0.000424735631281249,-0.000115087818999524,-0.000308838017749021
8.96013939974961E-06,-1.42802071373252E-05,-9.59538839063327E-05,0.000424409210821221,-0.000114560606540459,-0.000305287697685348
9.25475225646624E-06,-1.43595803677648E-05,-9.61646620546952E-05,0.000424074434837949,-0.000114034476705721,-0.000301756543001187
9.54912976624214E-06,-1.44385886031968E-05,-9.63729945949594E-05,0.000423731432967778,-0.000113509419201944,-0.000298244305316378
9.84326626073738E-06,-1.45172325847192E-05,-9.65788945788987E-05,0.000423380331638241,-0.00011298542372923,-0.000294750740428482
1.01371561583204E-05,-1.45955130462762E-05,-9.67823748901256E-05,0.000423021254156083,-0.000112462479984373,-0.000291275608221086
1.04307939619303E-05,-1.46734307146568E-05,-9.6983448246898E-05,0.0004226543207924,-0.000111940577663876,-0.000287818672574509
1.07241742569978E-05,-1.47509863094953E-05,-9.71821272048641E-05,0.000422279648864992,-0.000111419706466813,-0.000284379701278843
1.10172917094219E-05,-1.48281805432745E-05,-9.73784241597485E-05,0.000421897352818041,-0.000110899856097505,-0.000280958465949244
1.13101410636013E-05,-1.49050141213298E-05,-9.75723513499792E-05,0.000421507544299196,-0.000110381016268052,-0.000277554741943424
1.16027171405185E-05,-1.49814877418555E-05,-9.77639208592589E-05,0.000421110332234179,-0.000109863176700708,-0.000274168308281262
1.18950148361195E-05,-1.50576020959767E-05,-9.79531446192383E-05,0.000420705822898593,-0.000109346327129647,-0.000270798947563662
1.21870291185186E-05,-1.51333578675035E-05,-9.81400344113459E-05,0.000420294119989555,-0.000108830457304906,-0.000267446445907521
1.24787550277004E-05,-1.5208755733324E-05,-9.83246018701494E-05,0.000419875324690877,-0.000108315556991479,-0.000264110592854525
1.27701876728178E-05,-1.52837963631616E-05,-9.85068584850787E-05,0.000419449535740244,-0.000107801615973158,-0.000260791181309773
1.30613222307609E-05,-1.5358480419652E-05,-9.86868156028936E-05,0.000419016849492326,-0.000107288624053719,-0.000257488007468347
1.33521539445227E-05,-1.54328085583574E-05,-9.88644844299455E-05,0.000418577359980266,-0.000106776571058521,-0.000254200870746445
1.36426781216086E-05,-1.55067814277823E-05,-9.90398760343902E-05,0.000418131158975267,-0.000106265446836009,-0.000250929573714207
1.3932890132485E-05,-1.558039966939E-05,-9.92130013483558E-05,0.000417678336044314,-0.000105755241259112,-0.000247673922030227
1.42227854090689E-05,-1.56536639176199E-05,-9.93838711700648E-05,0.000417218978606117,-0.000105245944226546,-0.000244433724377678
1.45123594432541E-05,-1.57265747999059E-05,-9.95524961659128E-05,0.000416753171985325,-0.000104737545664024,-0.000241208792402014
1.4801607785476E-05,-1.57991329366956E-05,-9.97188868725049E-05,0.000416280999465084,-0.000104230035525381,-0.000237998940650207
1.50905260433116E-05,-1.58713389414702E-05,-9.98830536986492E-05,0.000415802542337978,-0.00010372340379361,-0.000234803986511474
1.53791098801139E-05,-1.59431934207651E-05,-0.000100045006927312,0.000415317879955428,-0.000103217640481825,-0.000231623750159447
1.56673550136812E-05,-1.60146969741911E-05,-0.000100204756717528,0.000414827089775587,-0.000102712735634142,-0.000228458054495757
1.59552572149582E-05,-1.60858501944559E-05,-0.000100362313106281,0.000414330247409796,-0.000102208679326489,-0.000225306725094971
1.62428123067694E-05,-1.6156653667387E-05,-0.000100517686010338,0.000413827426667639,-0.000101705461667354,-0.000222169590150867
1.65300161625828E-05,-1.62271079719543E-05,-0.00010067088522805,0.000413318699600647,-0.00010120307279846,-0.000219046480423984
1.68168647053043E-05,-1.62972136802933E-05,-0.000100821920441115,0.000412804136544706,-0.000100701502895387,-0.00021593722919043
1.71033539061002E-05,-1.6366971357729E-05,-0.000100970801216313,0.000412283806161186,-0.000100200742168136,-0.000212841672191895
1.73894797832486E-05,-1.64363815627999E-05,-0.000101117537007195,0.00041175777547687,-9.97007808616411E-05,-0.000209759647586837
1.76752384007888E-05,-1.65054448472276E-05,-0.000101262137155636,0.000411226109923103,-9.92016092565762E-05,-0.000206690995905088
1.79606258683418E-05,-1.65741617561606E-05,-0.000101404610893915,0.000410688873371769,-9.87032176682603E-05,-0.000203635559992516
1.82456383386671E-05,-1.66425328278705E-05,-0.000101544967345631,0.000410146128174272,-9.82055964491968E-05,-0.000200593184978926
1.85302720075345E-05,-1.67105585939966E-05,-0.000101683215527725,0.000409597935195305,-9.77087359879702E-05,-0.000197563718224702
1.88145231124751E-05,-1.67782395795163E-05,-0.000101819364351901,0.000409044353847684,-9.7212626709858E-05,-0.000194547009279711
1.90983879317841E-05,-1.68455763027705E-05,-0.000101953422626131,0.000408485442125761,-9.67172590770476E-05,-0.000191542909840965
1.93818627835477E-05,-1.69125692754898E-05,-0.000102085399056134,0.000407921256637869,-9.62226235888186E-05,-0.000188551273711246
1.96649440246913E-05,-1.69792190028198E-05,-0.00010221530224682,0.000407351852637843,-9.57287107816844E-05,-0.000185571956758692
1.99476280500495E-05,-1.70455259833472E-05,-0.000102343140703716,0.000406777284055629,-9.52355112295037E-05,-0.000182604816877293
2.02299112914574E-05,-1.71114907091258E-05,-0.000102468922834355,0.000406197603527024,-9.47430155435556E-05,-0.000179649713948296
2.05117902168615E-05,-1.71771136657025E-05,-0.000102592656949645,0.000405612862422562,-9.42512143725816E-05,-0.00017670650980248
2.07932613294512E-05,-1.72423953321433E-05,-0.000102714351265207,0.000405023110875589,-0.0000937600984027997,-0.000173775068183275
2.10743211668091E-05,-1.73073361810591E-05,-0.000102834013902697,0.000404428397809539,-9.32696583578853E-05,-0.000170855254710715
2.13549663000801E-05,-1.73719366786322E-05,-0.000102951652891089,0.00040382877096444,-9.27798849989282E-05,-0.000167946936846199
2.16351933331581E-05,-1.74361972846417E-05,-0.00010306727616795,0.000403224276922675,-9.22907691243603E-05,-0.000165049983858021
2.19149989018916E-05,-1.75001184524898E-05,-0.000103180891580675,0.000402614961134022,-9.18023015698627E-05,-0.000162164266787685
2.21943796733051E-05,-1.75637006292275E-05,-0.000103292506887711,0.000402000867939992,-9.13144732082497E-05,-0.000159289658416937
2.24733323448377E-05,-1.76269442555803E-05,-0.000103402129759757,0.00040138204059748,-9.08272749493319E-05,-0.000156426033235548
2.27518536435982E-05,-1.76898497659738E-05,-0.000103509767780932,0.00040075852130176,-9.03406977397673E-05,-0.000153573267409777
2.30299403258834E-05,-1.77524175886148E-05,-0.000103615428450029,0.000400130351208217,-8.98547325625217E-05,-0.000150731238748904
2.33075891754723E-05,-1.78146481452948E-05,-0.000103719119181267,0.00039949757045665,-8.93693704380301E-05,-0.00014789982668574
2.35847970044149E-05,-1.7876541851748E-05,-0.000103820847305971,0.000398860218188622,-8.88846024219112E-05,-0.000145078912231078
2.3861560651355E-05,-1.79380991174546E-05,-0.000103920620073284,0.000398218332570504,-8.84004196061548E-05,-0.000142268377955473
2.41378769811081E-05,-1.79993203457211E-05,-0.000104018444651332,0.000397571950812878,-8.79168131184753E-05,-0.000139468107958372
2.44137428840038E-05,-1.80602059337049E-05,-0.000104114328128279,0.000396921109189996,-8.74337741220455E-05,-0.000136677987840476
2.46891552752427E-05,-1.81207562724389E-05,-0.000104208277513358,0.000396265843058694,-8.69512938152194E-05,-0.000133897904676667
2.49641110942656E-05,-1.81809717468561E-05,-0.000104300299737883,0.000395606186876798,-8.64693634312364E-05,-0.000131127746989527
2.52386073041353E-05,-1.82408527358132E-05,-0.000104390401656254,0.000394942174221028,-8.59879742379107E-05,-0.0001283674047234
2.55126408909308E-05,-1.83003996121151E-05,-0.000104478590046924,0.000394273837804411,-8.55071175373137E-05,-0.000125616769219013
2.57862088631537E-05,-1.8359612742538E-05,-0.00010456487161337,0.000393601209493227,-8.50267846654373E-05,-0.000122875733188619
2.60593082511456E-05,-1.84184924878535E-05,-0.000104649252985031,0.000392924320323496,-8.45469669918491E-05,-0.000120144190691665
2.63319361065173E-05,-1.84770392028508E-05,-0.000104731740718237,0.000392243200517018,-8.40676559193343E-05,-0.00011742203711097
2.66040895015888E-05,-1.85352532363608E-05,-0.000104812341297119,0.000391557879496985,-8.35888428835301E-05,-0.000114709169129393
2.68757655288399E-05,-1.85931349312779E-05,-0.000104891061134508,0.00039086838590317,-8.31105193525481E-05,-0.000112005484706984
2.71469613003716E-05,-1.86506846245828E-05,-0.000104967906572808,0.000390174747606714,-8.26326768265872E-05,-0.00010931088305861
2.74176739473768E-05,-1.87079026473648E-05,-0.000105042883884863,0.000389476991724505,-8.2155306837539E-05,-0.000106625264632033
2.7687900619622E-05,-1.87647893248431E-05,-0.000105115999274807,0.000388775144633188,-8.16784009485854E-05,-0.000103948531086439
2.79576384849378E-05,-1.8821344976389E-05,-0.000105187258878893,0.000388069231982782,-8.12019507537873E-05,-0.0001012805852714
2.82268847287187E-05,-1.88775699155469E-05,-0.00010525666876632,0.000387359278709944,-8.07259478776653E-05,-9.86213312062621E-05
2.84956365534323E-05,-1.89334644500552E-05,-0.000105324234940032,0.000386645309050873,-8.02503839747769E-05,-9.59706740599396E-05
2.87638911781376E-05,-1.89890288818675E-05,-0.00010538996333751,0.00038592734655386,-7.97752507292844E-05,-9.33285201311157E-05
2.90316458378488E-05,-1.90442635071378E-05,-0.000105453859831516,0.000385205414091917,-7.93005398547796E-05,-9.06947768306569E-05
2.92988977837198E-05,-1.90991686163792E-05,-0.000105515930231006,0.000384479533873092,-7.88262430928802E-05,-8.80693526552814E-05
2.95656442816127E-05,-1.91537444942765E-05,-0.000105576180281654,0.000383749727454472,-7.83523522141262E-05,-8.54521571800172E-05
2.98318826122994E-05,-1.92079914198434E-05,-0.000105634615666741,0.000383016015751813,-7.78788590166773E-05,-8.28431010324876E-05
3.00976100708566E-05,-1.92619096664076E-05,-0.000105691242007847,0.000382278419050923,-7.74057553260868E-05,-8.02420958768456E-05
3.03628239662332E-05,-1.93154995016293E-05,-0.000105746064865561,0.000381536957018344,-7.69330329948263E-05,-7.76490543962225E-05
3.06275216208232E-05,-1.93687611875201E-05,-0.000105799089740186,0.000380791648711754,-7.64606839018083E-05,-7.50638902755208E-05
3.08917003700468E-05,-1.9421694980461E-05,-0.000105850322072424,0.000380042512590081,-7.59886999519097E-05,-7.24865181845402E-05
3.11553575619378E-05,-1.94743011312201E-05,-0.000105899767244061,0.000379289566523358,-7.55170730754969E-05,-6.99168537614266E-05
3.14184905567378E-05,-1.95265798849705E-05,-0.000105947430578627,0.00037853282780231,-7.50457952279443E-05,-6.73548135964411E-05
3.16810967264977E-05,-1.95785314813071E-05,-0.000105993317342055,0.00037777231314768,-7.4574858389155E-05,-6.48003152160373E-05
3.19431734546847E-05,-1.96301561542638E-05,-0.000106037432743326,0.000377008038719313,-7.41042545630776E-05,-6.22532770672415E-05
3.22047181357959E-05,-1.96814541323297E-05,-0.000106079781935101,0.000376240020124989,-7.36339757772186E-05,-5.97136185023288E-05
3.24657281749778E-05,-1.97324256384659E-05,-0.000106120370014347,0.000375468272429027,-7.31640140821537E-05,-5.71812597637885E-05
3.27262009876522E-05,-1.97830708901205E-05,-0.000106159202022948,0.000374692810160647,-7.26943615510332E-05,-5.46561219695726E-05
3.2986133999147E-05,-1.98333900992448E-05,-0.000106196282948308,0.000373913647322117,-7.22250102790884E-05,-5.21381270986194E-05
3.32455246443334E-05,-1.9883383472308E-05,-0.000106231617723946,0.000373130797396671,-7.17559523831296E-05,-4.96271979766514E-05
3.35043703672678E-05,-1.99330512103124E-05,-0.000106265211230076,0.00037234427335622,-7.12871800010456E-05,-4.71232582622365E-05
3.37626686208396E-05,-1.99823935088075E-05,-0.000106297068294185,0.000371554087668849,-7.08186852912992E-05,-4.46262324331109E-05
3.40204168664238E-05,-2.00314105579045E-05,-0.000106327193691591,0.000370760252306112,-7.03504604324212E-05,-4.21360457727577E-05
3.42776125735386E-05,-2.00801025422897E-05,-0.000106355592146003,0.00036996277875013,-6.98824976225028E-05,-3.96526243572375E-05
3.45342532195079E-05,-2.0128469641238E-05,-0.000106382268330067,0.000369161678000491,-6.94147890786882E-05,-3.71758950422664E-05
3.47903362891286E-05,-2.01765120286261E-05,-0.000106407226865899,0.000368356960580971,-6.89473270366692E-05,-3.47057854505359E-05
3.50458592743313E-05,-2.02242298729429E-05,-0.000106430472325618,0.000367548636546118,-6.84801037502299E-05,-3.2242223959594E-05
3.53008196739015E-05,-2.02716233373108E-05,-0.00010645200923186,0.000366736715487356,-6.80131114905167E-05,-2.9785139688141E-05
3.55552149930928E-05,-2.0318692579484E-05,-0.000106471842058297,0.000365921206539505,-6.75463425457801E-05,-2.73344624861149E-05
3.58090427433568E-05,-2.03654377518695E-05,-0.000106489975230131,0.000365102118386557,-6.70797892206988E-05,-2.4890122921629E-05
3.60623004420206E-05,-2.04118590015359E-05,-0.000106506413124598,0.000364279459267554,-6.6613443835916E-05,-2.24520522696002E-05
3.63149856119802E-05,-2.0457956470224E-05,-0.000106521160071446,0.000363453236982257,-6.6147298727517E-05,-2.00201825003745E-05
3.65670957813973E-05,-2.0503730294358E-05,-0.000106534220353421,0.000362623458896651,-6.56813462465075E-05,-1.75944462685507E-05
3.68186284833995E-05,-2.05491806050554E-05,-0.000106545598206736,0.000361790131948285,-6.5215578758289E-05,-1.51747769019998E-05
3.70695812557851E-05,-2.05943075281362E-05,-0.000106555297821534,0.00036095326265147,-6.47499886421315E-05,-1.27611083910766E-05
3.73199516407306E-05,-2.06391111841334E-05,-0.000106563323342343,0.000360112857102312,-6.428456829065E-05,-1.03533753780166E-05
3.75697371845022E-05,-2.06835916883013E-05,-0.000106569678868531,0.00035926892098361,-6.3819310109275E-05,-7.95151314651977E-06
3.78189354371704E-05,-2.07277491506248E-05,-0.00010657436845474,0.000358421459569602,-6.33542065157247E-05,-5.55545761151274E-06
3.80675439523277E-05,-2.07715836758271E-05,-0.000106577396111328,0.000357570477730576,-6.28892499394749E-05,-3.16514530908978E-06
3.83155602868098E-05,-2.08150953633781E-05,-0.00010657876580479,0.000356715979937335,-6.242443282123E-05,-7.8051338662487E-07
3.85629820004199E-05,-2.08582843075022E-05,-0.000106578481458186,0.000355857970265538,-6.19597476123914E-05,1.59850040694488E-06
3.88098066556553E-05,-2.09011505971849E-05,-0.000106576546951551,0.000354996452399902,-6.14951867745244E-05,3.97195773066995E-06
3.90560318174375E-05,-2.09436943161802E-05,-0.000106572966122304,0.000354131429638275,-6.1030742778826E-05,6.3399196609771E-06
3.93016550528454E-05,-2.09859155430171E-05,-0.00010656774276565,0.000353262904895582,-6.05664081055909E-05,8.7024467008992E-06
3.95466739308498E-05,-2.10278143510054E-05,-0.000106560880634973,0.000352390880707653,-6.01021752436743E-05,1.10595987891481E-05
3.97910860220522E-05,-2.10693908082416E-05,-0.000106552383442227,0.000351515359234915,-5.96380366899562E-05,1.34114353090376E-05
4.00348888984251E-05,-2.11106449776146E-05,-0.00010654225485832,0.000350636342265975,-5.91739849488021E-05,1.57580150972562E-05
4.0278080133055E-05,-2.11515769168102E-05,-0.000106530498513485,0.000349753831221079,-5.87100125315222E-05,1.80993964524956E-05
4.05206572998876E-05,-2.11921866783162E-05,-0.000106517117997656,0.000348867827155456,-5.82461119558284E-05,2.04356371439377E-05
4.07626179734441E-05,-2.12324743094207E-05,-0.000106502116860832,0.000347978330762793,-5.77822757453392E-05,2.27667944192389E-05
4.10039597286976E-05,-2.12724398522382E-05,-0.000106485498613432,0.000347085342377382,-5.73184964288746E-05,2.50929250141849E-05
4.12446801406346E-05,-2.13120833436802E-05,-0.000106467266726654,0.000346188861978623,-5.68547665401526E-05,2.74140851585427E-05
4.14847767841365E-05,-2.13514048154804E-05,-0.000106447424632819,0.000345288889192924,-5.63910786170748E-05,2.97303305854998E-05
4.17242472337037E-05,-2.13904042941916E-05,-0.000106425975725715,0.000344385423296758,-5.59274252012278E-05,3.204171653911E-05
4.19630890632131E-05,-2.14290818011886E-05,-0.000106402923360935,0.000343478463219358,-5.54637988373336E-05,3.43482977819768E-05
4.22012998456784E-05,-2.14674373526692E-05,-0.000106378270856205,0.000342568007545322,-5.50001920726981E-05,3.66501286028131E-05
4.24388771530115E-05,-2.15054709596572E-05,-0.000106352021491714,0.000341654054517101,-5.45365974566613E-05,3.89472628238853E-05
4.26758185557855E-05,-2.15431826280025E-05,-0.000106324178510436,0.000340736602037406,-5.40730075400428E-05,4.12397538083362E-05
4.29121216229998E-05,-2.15805723583821E-05,-0.000106294745118441,0.000339815647671506,-5.36094148745891E-05,4.35276544673957E-05
4.31477839218466E-05,-2.16176401463012E-05,-0.000106263724485214,0.000338891188649435,-5.3145812012419E-05,4.58110172674774E-05
4.33828030174786E-05,-2.16543859820927E-05,-0.000106231119743953,0.000337963221868108,-5.26821915054654E-05,4.80898942371638E-05
4.36171764727786E-05,-2.16908098509168E-05,-0.000106196933991879,0.000337031743893338,-5.22185459049183E-05,5.03643369740834E-05
4.385090184813E-05,-2.17269117327607E-05,-0.000106161170290527,0.000336096750961771,-5.17548677606628E-05,5.26343966516794E-05
4.40839767011892E-05,-2.17626916024373E-05,-0.000106123831666041,0.000335158238982726,-5.12911496207188E-05,5.49001240258763E-05
4.43163985866586E-05,-2.17981494295835E-05,-0.00010608492110946,0.000334216203539945,-5.08273840306754E-05,5.71615694416407E-05
4.45481650560611E-05,-2.18332851786587E-05,-0.000106044441577003,0.000333270639893266,-5.03635635331249E-05,5.94187828394431E-05
4.4779273657516E-05,-2.18680988089424E-05,-0.000106002395990346,0.000332321542980196,-4.9899680667095E-05,6.16718137616214E-05
4.50097219355153E-05,-2.19025902745312E-05,-0.000105958787236897,0.000331368907417415,-4.94357279674777E-05,6.39207113586462E-05
4.52395074307018E-05,-2.19367595243363E-05,-0.000105913618170067,0.000330412727502183,-4.89716979644557E-05,6.61655243952922E-05
4.54686276796473E-05,-2.19706065020794E-05,-0.000105866891609534,0.000329452997213675,-4.85075831829284E-05,6.8406301256718E-05
4.56970802146327E-05,-2.20041311462896E-05,-0.000105818610341505,0.000328489710214225,-4.80433761419343E-05,7.06430899544533E-05
4.59248625634278E-05,-2.20373333902982E-05,-0.000105768777118974,0.000327522859850499,-4.75790693540716E-05,0.0000728759381323
4.61519722490728E-05,-2.20702131622348E-05,-0.000105717394661975,0.000326552439154578,-4.71146553249148E-05,7.51048930721434E-05
4.63784067896602E-05,-2.21027703850219E-05,-0.000105664465657832,0.000325578440844971,-4.66501265524338E-05,7.73300016996828E-05
4.66041636981174E-05,-2.21350049763694E-05,-0.000105609992761403,0.00032460085732754,-4.61854755264066E-05,7.9551310590077E-05
4.68292404819894E-05,-2.21669168487687E-05,-0.000105553978595322,0.000323619680696358,-4.57206947278306E-05,8.17688659735092E-05
4.70536346432233E-05,-2.21985059094866E-05,-0.000105496425750237,0.000322634902734476,-4.52557766283348E-05,8.39827137406746E-05
4.72773436779521E-05,-2.22297720605583E-05,-0.000105437336785045,0.000321646514914626,-4.47907136895873E-05,8.61928994481909E-05
4.75003650762796E-05,-2.22607151987806E-05,-0.00010537671422712,0.000320654508399838,-4.43254983627034E-05,8.83994683239339E-05
4.77226963220652E-05,-2.22913352157038E-05,-0.000105314560572539,0.000319658874043984,-4.38601230876487E-05,0.0000906024652723002
4.79443348928167E-05,-2.23216319976387E-05,-0.000105250878286279,0.000318659602391647,-4.3394580292532E-05,9.28019348806671E-05
4.8165278259048E-05,-2.2351605425591E-05,-0.00010518566980255,0.000317656683681363,-4.29288623933653E-05,9.49979214192821E-05
4.83855238847077E-05,-2.23812553753376E-05,-0.000105118937524838,0.000316650107841599,-4.24629617928727E-05,9.71904688540498E-05
4.86050692265368E-05,-2.24105817173608E-05,-0.000105050683826232,0.000315639864493878,-4.19968708802848E-05,9.93796208463522E-05
4.88239117339622E-05,-2.24395843168526E-05,-0.000104980911049605,0.000314625942952278,-4.15305820306211E-05,0.000101565420759236
4.90420488488833E-05,-2.24682630337051E-05,-0.000104909621507817,0.000313608332223549,-4.10640876040717E-05,0.000103747911662242
4.92594780054585E-05,-2.24966177224991E-05,-0.000104836817483921,0.000312587021007164,-4.0597379945374E-05,0.000105927136336173
4.9476196629892E-05,-2.25246482324943E-05,-0.00010476250123136,0.000311561997695298,-4.01304513831873E-05,0.000108103137277795
4.96922021402204E-05,-2.25523544076168E-05,-0.000104686674974162,0.00031053325037274,-3.96632942294638E-05,0.000110275956704469
4.99074919460988E-05,-2.25797360864481E-05,-0.000104609340907132,0.00030950076681673,-3.91959007788122E-05,0.000112445636558728
5.01220634485877E-05,-2.26067931022124E-05,-0.000104530501196046,0.000308464534496736,-3.87282633078608E-05,0.000114612218512786
5.03359140399386E-05,-2.26335252827641E-05,-0.000104450157977829,0.00030742454057415,-3.8260374074612E-05,0.000116775743972988
5.05490411033806E-05,-2.26599324505746E-05,-0.000104368313360745,0.000306380771901935,-3.77922253177937E-05,0.000118936254084195
5.07614420129054E-05,-2.26860144227185E-05,-0.000104284969424576,0.000305333215024186,-3.73238092562033E-05,0.000121093789734114
5.09731141329118E-05,-2.2711771010842E-05,-0.000104200128220851,0.000304281856176338,-3.68551180884887E-05,0.000123248391556194
5.1184054818556E-05,-2.27372020212195E-05,-0.000104113791772802,0.000303226681281773,-3.63861439907331E-05,0.000125400099939368
5.13942614146871E-05,-2.27623072546315E-05,-0.000104025962075864,0.000302167675955395,-3.59168791184417E-05,0.000127548955023975
5.16037312561981E-05,-2.27870865064207E-05,-0.000103936641097627,0.000301104825500124,-3.5447315604101E-05,0.000129694996711389
5.1812461667667E-05,-2.28115395664585E-05,-0.000103845830778053,0.000300038114906822,-3.49774455569454E-05,0.000131838264666692
5.20204499631405E-05,-2.28356662191279E-05,-0.000103753533029639,0.000298967528853452,-3.45072610622776E-05,0.000133978798322694
5.22276934459159E-05,-2.28594662433075E-05,-0.000103659749737579,0.000297893051704167,-3.40367541807851E-05,0.000136116636883891
5.24341894083231E-05,-2.28829394123534E-05,-0.000103564482759918,0.000296814667508331,-3.35659169478498E-05,0.000138251819330385
5.26399351315057E-05,-2.2906085494082E-05,-0.00010346773392771,0.000295732359999477,-3.30947413728508E-05,0.00014038438442175
5.28449278852007E-05,-2.29289042507512E-05,-0.000103369505045167,0.000294646112594192,-3.2623219438464E-05,0.000142514370700856
5.3049164927519E-05,-2.29513954390421E-05,-0.000103269797889809,0.000293555908390933,-3.21513430999548E-05,0.000144641816497641
5.32526435047233E-05,-2.29735588100392E-05,-0.000103168614212613,0.000292461730168781,-3.16791042844656E-05,0.000146766759932845
5.34553608510058E-05,-2.29953941092109E-05,-0.000103065955738152,0.000291363560386124,-3.12064948902959E-05,0.00014888923892168
5.36573141882657E-05,-2.30169010763893E-05,-0.000102961824164742,0.000290261381179273,-3.07335067861803E-05,0.000151009291177472
5.38585007258843E-05,-2.30380794457494E-05,-0.000102856221164575,0.000289155174361009,-3.02601318105582E-05,0.000153126954215242
5.4058917660571E-05,-2.30589289457954E-05,-0.000102749148383825,0.000288044921418682,-2.978636177058E-05,0.000155242265355887
5.42585621758536E-05,-2.30794492993075E-05,-0.000102640607442924,0.000286930603514159,-2.93121884423052E-05,0.000157355261727061
5.44574314422761E-05,-2.3099640223367E-05,-0.000102530599936477,0.000285812201479842,-2.88376035685185E-05,0.000159465980270648
5.46555226168867E-05,-2.31195014293021E-05,-0.000102419127433535,0.000284689695818471,-2.83625988589783E-05,0.000161574457743563
5.48528328430784E-05,-2.31390326226714E-05,-0.000102306191477687,0.000283563066700942,-2.7887165989393E-05,0.000163680730721794
5.50493592503584E-05,-2.31582335032415E-05,-0.000102191793587183,0.000282432293964436,-2.74112966006438E-05,0.000165784835603748
5.52450989541155E-05,-2.3177103764961E-05,-0.000102075935255058,0.000281297357110473,-2.69349822979999E-05,0.000167886808613562
5.54400490553863E-05,-2.31956430959369E-05,-0.000101958617949251,0.000280158235302901,-2.64582146503289E-05,0.000169986685804382
5.563420664062E-05,-2.32138511784078E-05,-0.000101839843112721,0.00027901490736581,-2.59809851892988E-05,0.000172084503061596
5.58275687814416E-05,-2.32317276887187E-05,-0.000101719612163565,0.00027786735178137,-2.55032854085767E-05,0.000174180296106046
5.60201325344141E-05,-2.32492722972939E-05,-0.000101597926495131,0.000276715546687599,-2.50251067630173E-05,0.000176274100497196
5.6211894940798E-05,-2.32664846686099E-05,-0.000101474787476126,0.000275559469876059,-2.45464406678428E-05,0.000178365951636265
5.64028530263106E-05,-2.32833644611674E-05,-0.000101350196450729,0.000274399098789476,-2.40672784978179E-05,0.000180455884769337
5.65930038008825E-05,-2.32999113274633E-05,-0.000101224154738694,0.000273234410519281,-2.35876115864127E-05,0.00018254393499043
5.67823442584128E-05,-2.33161249139614E-05,-0.000101096663635456,0.000272065381803085,-2.31074312249582E-05,0.000184630137244535
5.69708713765227E-05,-2.33320048610627E-05,-0.000100967724412234,0.000270891989022077,-2.26267286617902E-05,0.000186714526330627
5.71585821163175E-05,-2.33475508030768E-05,-0.000100837338316125,0.000269714208198266,-2.21454951013575E-05,0.000188797136904749
5.73454734220935E-05,-2.33627623681868E-05,-0.000100705506570228,0.000268532014992006,-2.16637217034389E-05,0.000190878003482438
5.75315422211502E-05,-2.33776391784238E-05,-0.000100572230373699,0.000267345384698728,-2.11813995821369E-05,0.000192957160442433
5.77167854234929E-05,-2.33921808496309E-05,-0.000100437510901875,0.000266154292246307,-2.069851980507E-05,0.00019503464202904
5.79011999215873E-05,-2.34063869914322E-05,-0.000100301349306357,0.000264958712191992,-2.02150733924474E-05,0.000197110482355109
5.80847825901008E-05,-2.34202572071987E-05,-0.000100163746715102,0.000263758618719331,-1.97310513161547E-05,0.000199184715404855
5.82675302856422E-05,-2.3433791094015E-05,-0.000100024704232511,0.00026255398563501,-1.92464444988302E-05,0.000201257375036655
5.84494398464984E-05,-2.34469882426445E-05,-9.98842229395135E-05,0.000261344786365617,-1.87612438129251E-05,0.000203328494985806
5.86305080923701E-05,-2.34598482374946E-05,-9.9742303893656E-05,0.000260130993954313,-1.82754400797569E-05,0.000205398108867259
5.88107318240327E-05,-2.34723706565753E-05,-9.95989481292376E-05,0.000258912581057943,-1.77890240687305E-05,0.000207466250177497
5.89901078233502E-05,-2.34845550714831E-05,-9.94541566571658E-05,0.000257689519941483,-1.73019864956462E-05,0.000209532952300537
5.91686328525777E-05,-2.34964010473336E-05,-9.93079304653744E-05,0.000256461782477517,-1.68143180228214E-05,0.000211598248505653
5.934630365437E-05,-2.35079081427438E-05,-9.91602705186751E-05,0.000255229340140538,-1.63260092573608E-05,0.000213662171953298
5.95231169514335E-05,-2.35190759097884E-05,-9.90111777588885E-05,0.000253992164003694,-1.58370507503395E-05,0.000215724755696892
5.96990694462459E-05,-2.35299038939606E-05,-9.88606531049182E-05,0.000252750224734937,-1.53474329957845E-05,0.000217786032685406
5.98741578207739E-05,-2.35403916341322E-05,-9.87086974528219E-05,0.00025150349259308,-1.48571464296469E-05,0.000219846035765925
6.00483787361869E-05,-2.35505386625127E-05,-9.85553116758815E-05,0.000250251937423769,-1.43661814287578E-05,0.000221904797686175
6.02217288325695E-05,-2.35603445046082E-05,-9.84004966246712E-05,0.000248995528655346,-1.38745283097739E-05,0.000223962351097044
6.03942047286299E-05,-2.35698086791789E-05,-9.8244253127124E-05,0.000247734235294636,-1.33821773281075E-05,0.000226018728555062
6.05658030214054E-05,-2.35789306981964E-05,-9.8086581988596E-05,0.000246468025922622,-1.28891186768431E-05,0.000228073962524868
6.07365202859655E-05,-0.0000235877100668,-9.79274839919298E-05,0.000245196868690026,-1.2395342485641E-05,0.000230128085381654
6.09063530751115E-05,-2.35961462832523E-05,-9.77669598975154E-05,0.000243920731312796,-1.19008388196257E-05,0.00023218112941358
6.10752979190728E-05,-2.36042388388937E-05,-9.76050104433504E-05,0.000242639581067481,-1.14055976782583E-05,0.000234233126824176
6.12433513252004E-05,-2.3611987218097E-05,-9.7441636345097E-05,0.000241353384786511,-1.09096089941974E-05,0.000236284109734713
6.14105097776566E-05,-2.36193908982199E-05,-9.72768382961392E-05,0.000240062108853373,-1.04128626321411E-05,0.000238334110186558
6.15767697371016E-05,-2.36264493495583E-05,-9.71106169676371E-05,0.000238765719197673,-9.91534838765455E-06,0.000240383160143507
6.17421276403764E-05,-2.36331620352966E-05,-9.69429730085797E-05,0.000237464181290101,-9.41705598598076E-06,0.000242431291494089
6.19065799001828E-05,-2.36395284114598E-05,-9.67739070458371E-05,0.000236157460137279,-8.91797508083638E-06,0.000244478536053863
6.20701229047587E-05,-2.36455479268626E-05,-9.66034196842094E-05,0.000234845520276505,-8.41809525318817E-06,0.000246524925567676
6.22327530175508E-05,-2.36512200230585E-05,-9.64315115064762E-05,0.00023352832577038,-7.91740601001158E-06,0.000248570491711911
6.23944665768827E-05,-2.36565441342882E-05,-9.62581830734423E-05,0.000232205840201328,-7.41589678303447E-06,0.000250615266096711
6.25552598956198E-05,-2.3661519687427E-05,-9.60834349239834E-05,0.000230878026665995,-6.91355692745806E-06,0.000252659280268176
6.27151292608298E-05,-2.36661461019309E-05,-9.590726757509E-05,0.000229544847769536,-6.41037572066151E-06,0.000254702565710544
6.28740709334922E-05,-2.36704227897829E-05,-9.57296815218479E-05,0.000228206265619445,-5.90634236065992E-06,0.000256745153848667
6.30320811479394E-05,-2.36743491554345E-05,-9.55506772377242E-05,0.000226862241820682,-5.40144596580518E-06,0.000258787076049176
6.31891561118226E-05,-2.36779245957548E-05,-9.53702551742389E-05,0.000225512737467962,-4.89567557184678E-06,0.000260828363623925
6.33452920055438E-05,-2.36811484999688E-05,-9.51884157612478E-05,0.000224157713140642,-4.38902013163009E-06,0.000262869047831276
6.35004849819486E-05,-2.36840202496008E-05,-9.50051594069173E-05,0.000222797128896075,-3.88146851345399E-06,0.000264909159878427
6.36547311659618E-05,-2.3686539218415E-05,-9.48204864977594E-05,0.000221430944263129,-3.37300949965831E-06,0.00026694873092347
6.38080266542176E-05,-2.36887047723554E-05,-9.46343973986647E-05,0.000220059118235569,-2.86363178518989E-06,0.000268987792077427
6.39603675146861E-05,-2.36905162694844E-05,-9.44468924529351E-05,0.000218681609265307,-2.35332397614688E-06,0.000271026374406272
6.41117497862942E-05,-2.36919730599205E-05,-9.42579719823137E-05,0.000217298375255495,-1.84207458830428E-06,0.000273064508932938
6.42621694785425E-05,-2.36930744857756E-05,-9.40676362870141E-05,0.000215909373553497,-1.32987204561466E-06,0.000275102226639305
6.44116225711165E-05,-2.36938198810901E-05,-9.38758856457489E-05,0.000214514560943696,-8.16704678687588E-07,0.00027713955846817
6.45601050134933E-05,-2.36942085717679E-05,-9.36827203157552E-05,0.000213113893640164,-3.02560723246729E-07,0.000279176535325201
6.47076127245431E-05,-2.36942398755099E-05,-9.34881405328204E-05,0.000211707327279175,2.12571681436616E-07,0.000281213188080873
6.48541415921249E-05,-2.36939131017463E-05,-9.32921465113057E-05,0.000210294816911567,7.287044941347E-07,0.000283249547572388
6.49996874726775E-05,-2.36932275515682E-05,-9.30947384441684E-05,0.000208876316994949,1.24584977327665E-06,0.00028528564460557
6.51442461908048E-05,-2.36921825176578E-05,-9.28959165029834E-05,0.000207451781385745,1.76401967858815E-06,0.00028732150995675
6.52878135388556E-05,-2.36907772842171E-05,-9.26956808379628E-05,0.000206021163331079,2.2832264727552E-06,0.000289357174374628
6.54303852764973E-05,-2.36890111268964E-05,-9.24940315779746E-05,0.000204584415460499,2.80348252311432E-06,0.000291392668582115
6.55719571302843E-05,-2.36868833127206E-05,-9.22909688305596E-05,0.000203141489777528,3.3248003033665E-06,0.000293428023278159
6.57125247932672E-05,-2.36843931000145E-05,-9.20864926818799E-05,0.000201692337650582,3.84719239545331E-06,0.000295463269140501
6.5852083924361E-05,-2.36815397383285E-05,-9.18806031970049E-05,0.000200236909805976,4.37067149086464E-06,0.000297498436823522
6.59906301481775E-05,-2.36783224683597E-05,-9.16733004195186E-05,0.000198775156316149,4.89525039319611E-06,0.000299533556965848
6.61281590543807E-05,-2.36747405218749E-05,-9.14645843718022E-05,0.000197307026592406,5.42094201943636E-06,0.000301568660188269
6.6264666197271E-05,-2.36707931216308E-05,-9.12544550549779E-05,0.000195832469375076,5.94775940198793E-06,0.000303603777096355
6.64001470953158E-05,-2.3666479481293E-05,-9.10429124489188E-05,0.000194351432723956,6.47571569056361E-06,0.000305638938282151
6.65345972306744E-05,-2.36617988053544E-05,-9.08299565122577E-05,0.00019286386400857,7.00482415411301E-06,0.000307674174325858
6.6668012048714E-05,-2.3656750289051E-05,-9.06155871823948E-05,0.000191369709898216,7.53509818278266E-06,0.000309709515797486
6.6800386957521E-05,-2.36513331182777E-05,-9.03998043755043E-05,0.000189868916351822,8.06655128990745E-06,0.000311744993258489
6.69317173274033E-05,-2.36455464695018E-05,-9.01826079865396E-05,0.000188361428607586,8.59919711403623E-06,0.000313780637263373
6.70619984903865E-05,-2.36393895096752E-05,-8.99639978892374E-05,0.000186847191172401,9.13304942099149E-06,0.000315816478361281
6.71912257397026E-05,-2.36328613961455E-05,-8.97439739361215E-05,0.000185326147811071,9.66812210596458E-06,0.000317852547097557
6.73193943292702E-05,-2.3625961276565E-05,-8.95225359585043E-05,0.000183798241535299,1.02044291956468E-05,0.000319888874015281
6.7446499473168E-05,-2.36186882887995E-05,-8.92996837664883E-05,0.000182263414592442,1.07419848503968E-05,0.000321925489656784
0.0000675725363451002,-2.36110415608338E-05,-8.90754171489655E-05,0.000180721608454042,1.12808033664462E-05,0.000323962424565132
6.76975000778531E-05,-2.36030202106769E-05,-8.88497358736173E-05,0.000179172763804113,1.18208991781456E-05,0.000325999709285589
6.78213857627448E-05,-2.35946233462656E-05,-8.86226396869113E-05,0.000177616820527179,1.23622868602472E-05,0.000328037374367048
6.79441884490652E-05,-2.35858500653657E-05,-8.83941283140994E-05,0.000176053717696065,1.29049811302312E-05,0.000330075450363442
6.80659031435084E-05,-2.35766994554723E-05,-8.81642014592132E-05,0.000174483393559429,1.3448996850673E-05,0.000332113967835118
6.81865248095956E-05,-2.35671705937084E-05,-8.79328588050592E-05,0.000172905785529029,1.39943490316545E-05,0.000334152957350194
6.83060483670112E-05,-2.35572625467275E-05,-8.77001000133662E-05,0.000171320830167645,1.45410528328612E-05,0.000336192449484434
6.84244686913226E-05,-2.35469743705838E-05,-8.74659247241665E-05,0.000169728463172324,1.50891235674395E-05,0.000338232474828375
6.85417806129031E-05,-2.35363051106628E-05,-8.72303325567048E-05,0.000168128619366146,1.56385767024727E-05,0.000340273063979869
6.86579789166346E-05,-2.35252538015479E-05,-8.69933231088196E-05,0.000166521232680805,1.61894278629571E-05,0.000342314247551108
6.87730583412048E-05,-2.35138194669167E-05,-8.67548959570862E-05,0.000164906236143414,1.67416928340796E-05,0.000344356056168392
6.88870135784743E-05,-2.35020011194281E-05,-8.65150506568063E-05,0.000163283561862092,1.72953875638939E-05,0.000346398520473292
6.89998392728332E-05,-2.34897977606088E-05,-8.62737867419971E-05,0.000161653141011249,1.78505281660474E-05,0.000348441671123794
6.91115300205474E-05,-2.34772083807371E-05,-8.60311037253797E-05,0.00016001490381656,1.84071309225574E-05,0.000350485538795398
6.92220803690947E-05,-2.34642319587252E-05,-8.57870010983659E-05,0.000158368779539615,1.89652122866394E-05,0.000352530154182183
6.93314848164897E-05,-2.3450867461999E-05,-8.5541478331046E-05,0.000156714696462245,1.95247888855884E-05,0.000354575547997834
6.94397378105977E-05,-2.34371138463764E-05,-8.52945348721739E-05,0.000155052581870512,2.00858775237126E-05,0.000356621750976629
6.9546833748438E-05,-2.34229700559436E-05,-8.5046170149153E-05,0.000153382362038354,2.06484951853223E-05,0.000358668793874391
6.96527669754749E-05,-2.34084350229282E-05,-8.47963835680205E-05,0.000151703962210882,2.12126590377757E-05,0.000360716707469397
6.97575317848974E-05,-2.33935076675721E-05,-8.4545174513432E-05,0.000150017306587313,2.17783864345804E-05,0.000362765522563236
6.98611224168869E-05,-2.33781868980003E-05,-8.42925423486448E-05,0.000148322318303536,2.23456949185548E-05,0.00036481526998164
6.99635330578725E-05,-2.33624716100889E-05,-8.40384864155005E-05,0.0001466189194143,2.29146022250484E-05,0.000366865980575254
7.00647578397742E-05,-2.33463606873297E-05,-8.37830060344081E-05,0.000144907030875018,2.34851262852239E-05,0.000368917685220374
7.01647908392326E-05,-2.33298530006934E-05,-8.35261005043256E-05,0.000143186572523167,2.40572852294012E-05,0.000370970414819625
7.02636260768264E-05,-2.33129474084902E-05,-8.32677691027413E-05,0.000141457463059292,2.46310973904651E-05,0.0003730242003026
7.03612575162759E-05,-2.32956427562277E-05,-8.30080110856554E-05,0.000139719620027591,2.52065813073401E-05,0.000375079072626449
7.04576790636917E-05,-2.32779378764559E-05,-8.27468256874023E-05,0.000137972959794896,2.5783755728882E-05,0.000377135062777632
7.05528845665161E-05,-2.32598315886634E-05,-8.24842121212615E-05,0.000136217397535039,2.63626396161553E-05,0.000379192201767277
7.06468678130383E-05,-2.32413226990637E-05,-8.22201695784937E-05,0.000134452847201133,2.6943252148098E-05,0.000381250520639289
7.07396225313056E-05,-2.32224100004863E-05,-8.19546972289492E-05,0.00013267922150905,2.75256127239595E-05,0.000383310050465575
7.08311423883149E-05,-2.3203092272211E-05,-8.168779422089E-05,0.000130896431914598,2.81097409674632E-05,0.000385370822347602
7.09214209891302E-05,-2.31833682798112E-05,-8.14194596809696E-05,0.000129104388591369,2.86956567307125E-05,0.000387432867416612
7.10104518759844E-05,-2.31632367749933E-05,-8.11496927142125E-05,0.000127303000408101,2.92833800981741E-05,0.000389496216833777
7.1098228527365E-05,-2.31426964954347E-05,-8.08784924039926E-05,0.000125492174905518,2.98729313907401E-05,0.00039156090179028
7.11847443570837E-05,-2.31217461646176E-05,-8.06058578120131E-05,0.000123671818272662,3.04643311698739E-05,0.00039362695350732
7.12699927133293E-05,-2.31003844916607E-05,-8.03317879782855E-05,0.000121841835322673,3.10576002418389E-05,0.000395694403236048
7.13539668777038E-05,-2.30786101711475E-05,-8.00562819211085E-05,0.000120002129468038,3.16527596620129E-05,0.000397763282257417
7.14366600642409E-05,-2.30564218829522E-05,-7.97793386370478E-05,0.000118152602695262,3.22498307392912E-05,0.00039983362188195
7.15180654184069E-05,-2.30338182920617E-05,-7.95009571009155E-05,0.000116293155538965,3.28488350405788E-05,0.000401905453449425
7.15981760160828E-05,-2.30107980483948E-05,-7.92211362657499E-05,0.000114423687055389,3.34497943953758E-05,0.000403978808328468
7.16769848625288E-05,-2.29873597866187E-05,-7.89398750627955E-05,0.000112544094795289,3.40527309004571E-05,0.000406053717916056
7.17544848913292E-05,-2.29635021259614E-05,-7.8657172401484E-05,0.000110654274776202,3.46576669246491E-05,0.000408130213636919
7.18306689633175E-05,-2.29392236700207E-05,-7.83730271694146E-05,0.000108754121454074,3.52646251137058E-05,0.000410208326942842
7.19055298654822E-05,-2.29145230065712E-05,-7.8087438232336E-05,0.000106843527694221,3.58736283952862E-05,0.000412288089311872
7.19790603098517E-05,-2.28893987073658E-05,-7.78004044341283E-05,0.000104922384741619,3.64846999840358E-05,0.000414369532247401
7.20512529323589E-05,-2.28638493279351E-05,-7.75119245967855E-05,0.000102990582190494,3.70978633867756E-05,0.000416452687277151
7.21221002916836E-05,-2.28378734073823E-05,-7.72219975203997E-05,0.000101048007953197,3.77131424077998E-05,0.000418537585952035
7.21915948680741E-05,-2.28114694681753E-05,-7.69306219831445E-05,9.90945482283449E-05,3.83305611542849E-05,0.0004206242598449
7.22597290621452E-05,-2.27846360159341E-05,-7.66377967412608E-05,9.71300874682083E-05,3.8950144041814E-05,0.000422712740549141
7.23264951936753E-05,-2.27573715392064E-05,-7.63435205289526E-05,9.51545083446634E-05,3.95719158002368E-05,0.000424803059677797
7.23918855002743E-05,-2.27296745092801E-05,-7.60477920587356E-05,9.31676917176196E-05,4.01959014785902E-05,0.000426895248859404
7.24558921362388E-05,-2.27015433799111E-05,-7.57506100208844E-05,9.11695165961059E-05,4.08221264522549E-05,0.000428989339739886
7.25185071711704E-05,-2.26729765871264E-05,-7.54519730837827E-05,8.91598601050351E-05,4.14506164281243E-05,0.000431085363978164
7.25797225886761E-05,-2.26439725489842E-05,-7.51518798938249E-05,8.71385974478258E-05,4.20813974509689E-05,0.000433183353244655
7.26395302850204E-05,-2.2614529665337E-05,-7.48503290754087E-05,8.51056018687951E-05,4.27144959097141E-05,0.000435283339218996
7.26979220677515E-05,-2.25846463175903E-05,-7.45473192309295E-05,8.30607446146393E-05,4.33499385438597E-05,0.000437385353587607
7.27548896543008E-05,-2.25543208684567E-05,-7.42428489407767E-05,8.1003894894973E-05,4.3987752450042E-05,0.000439489428041065
7.2810424670554E-05,-2.25235516617059E-05,-7.39369167633315E-05,7.89349198418988E-05,4.4627965088739E-05,0.000441595594271301
7.28645186493941E-05,-2.24923370219095E-05,-7.36295212349677E-05,7.68536844685829E-05,4.52706042911291E-05,0.000443703883968599
7.29171630292153E-05,-2.24606752541812E-05,-7.33206608700528E-05,7.47600516268041E-05,4.59156982660997E-05,0.0004458143288184
7.29683491524067E-05,-2.24285646439119E-05,-7.30103341609536E-05,7.26538819634494E-05,4.65632756074139E-05,0.000447926960497887
7.30180682638063E-05,-2.23960034564999E-05,-7.26985395780428E-05,7.05350338759235E-05,4.72133653010379E-05,0.000450041810672364
7.30663115091224E-05,-2.23629899370761E-05,-7.23852755697084E-05,6.84033634664415E-05,4.78659967326331E-05,0.000452158910991399
7.3113069933324E-05,-2.23295223102237E-05,-7.20705405623661E-05,6.62587244951733E-05,4.85211996952183E-05,0.000454278293084734
7.31583344789975E-05,-2.22955987796927E-05,-7.17543329604748E-05,6.41009683322029E-05,4.91790043970057E-05,0.00045639998855795
7.32020959846701E-05,-2.22612175281084E-05,-7.14366511465547E-05,6.19299439082719E-05,4.98394414694152E-05,0.000458524028987874
7.3244345183098E-05,-2.22263767166752E-05,-7.11174934812089E-05,5.97454976642671E-05,5.05025419752728E-05,0.000460650445917711
7.32850726995199E-05,-2.2191074484874E-05,-7.0796858303149E-05,5.75474734994175E-05,5.11683374171988E-05,0.000462779270851909
7.33242690498731E-05,-2.21553089501533E-05,-7.04747439292233E-05,5.53357127181604E-05,5.18368597461884E-05,0.000464910535250715
7.33619246389731E-05,-2.21190782076155E-05,-7.01511486544497E-05,5.31100539756366E-05,5.25081413703931E-05,0.000467044270524437
7.33980297586543E-05,-2.20823803296958E-05,-6.98260707520525E-05,5.08703332217742E-05,5.31822151641081E-05,0.00046918050802738
7.34325745858714E-05,-2.20452133658359E-05,-6.94995084735035E-05,4.86163836439157E-05,5.38591144769685E-05,0.000471319279051452
7.34655491807611E-05,-2.20075753421498E-05,-6.91714600485675E-05,4.63480356079453E-05,5.45388731433646E-05,0.00047346061481941
7.34969434846612E-05,-2.19694642610846E-05,-6.88419236853531E-05,4.40651165978693E-05,5.52215254920805E-05,0.000475604546477755
7.35267473180883E-05,-2.19308781010732E-05,-6.85108975703679E-05,4.17674511538003E-05,5.59071063561604E-05,0.000477751105089226
7.35549503786713E-05,-2.18918148161813E-05,-6.81783798685793E-05,3.94548608082966E-05,5.65956510830131E-05,0.000479900321624912
7.35815422390373E-05,-2.18522723357501E-05,-6.78443687235189E-05,3.71271640213126E-05,5.72871955446643E-05,0.000482052226955711
7.36065123446664E-05,-2.18122485640116E-05,-6.75088622572053E-05,3.47841761120289E-05,5.79817761486734E-05,0.00048420685184466
7.36298500116693E-05,-2.17717413797387E-05,-6.7171858570446E-05,3.24257091916816E-05,5.86794298484673E-05,0.000486364226936263
7.36515444245466E-05,-2.17307486358453E-05,-6.68333557427742E-05,3.0051572091568E-05,5.93801941548119E-05,0.000488524382747742
7.36715846338829E-05,-2.1689268158999E-05,-6.64933518325778E-05,2.76615702907026E-05,0.0000600841071471,0.000490687349658669
7.36899595539938E-05,-2.16472977492229E-05,-6.61518448771983E-05,2.52555058411872E-05,6.07912074850066E-05,0.000492853157900319
7.37066579605187E-05,-2.16048351794881E-05,-6.58088328930383E-05,2.28331772915345E-05,6.15015344204304E-05,0.000495021837544476
7.37216684879608E-05,-2.1561878195298E-05,-6.54643138756761E-05,2.03943796078844E-05,6.22151278097297E-05,0.000497193418491673
7.37349796271717E-05,-2.15184245142647E-05,-6.51182857999882E-05,1.7938904093041E-05,6.29320281262617E-05,0.000499367930458854
7.37465797227782E-05,-2.1474471825676E-05,-6.47707466202824E-05,1.54665383032691E-05,6.36522764732326E-05,0.000501545402966406
7.37564569705512E-05,-2.14300177900531E-05,-6.44216942704381E-05,1.29770659627719E-05,6.43759145968693E-05,0.000503725865324562
7.37645994147143E-05,-2.13850600386996E-05,-6.40711266640575E-05,1.04702668757782E-05,6.51029848999207E-05,0.000505909346619123
7.37709949451898E-05,-2.13395961732408E-05,-6.37190416946266E-05,7.94591683615678E-06,0.0000658335304554999,0.000508095875696482
7.37756312947825E-05,-2.12936237651533E-05,-6.33654372356867E-05,5.40378753447988E-06,6.65675950212754E-05,0.000510285481147909
7.37784960362963E-05,-2.12471403552846E-05,-6.30103111410175E-05,2.84364646244761E-06,6.73052230540233E-05,0.000512478191293073
7.37795765795847E-05,-2.12001434533622E-05,-6.26536612448317E-05,2.65256814587665E-07,6.80464597245503E-05,0.000514674034162748
7.37788601685319E-05,-2.11526305374928E-05,-6.22954853619815E-05,-2.33162261286594E-06,6.87913509329981E-05,0.000516873037480691
7.37763338779622E-05,-2.11045990536503E-05,-6.19357812881786E-05,-4.94723752600382E-06,6.95399433245429E-05,0.000519075228644625
7.37719846104764E-05,-2.10560464151524E-05,-6.15745468002274E-05,-7.58183824028385E-06,7.02922843054971E-05,0.000521280634706309
7.37657990932129E-05,-2.10069700021271E-05,-6.12117796562727E-05,-1.0235679790687E-05,7.10484220598304E-05,0.000523489282350639
7.37577638745312E-05,-2.09573671609663E-05,-6.08474775960616E-05,-1.29090220450881E-05,7.18084055661187E-05,0.000525701197873748
7.3747865320615E-05,-2.0907235203768E-05,-6.04816383412217E-05,-1.56021298209522E-05,7.25722846149343E-05,0.000527916407160042
7.37360896119939E-05,-2.08565714077663E-05,-6.01142595955553E-05,-1.83152730054638E-05,7.33401098266922E-05,0.00053013493565815
7.37224227399797E-05,-2.08053730147488E-05,-5.97453390453503E-05,-2.10487266792089E-05,7.41119326699611E-05,0.000532356808355712
7.37068505030168E-05,-2.07536372304645E-05,-5.93748743597307E-05,-2.38027712434654E-05,7.48878054804204E-05,0.000534582049753199
7.3689358502939E-05,-2.07013612240017E-05,-5.90028631909217E-05,-2.65776925520769E-05,7.56677814796471E-05,0.000536810683834833
7.36699321411403E-05,-2.06485421271858E-05,-5.86293031747416E-05,-2.93737820456483E-05,7.6451914795671E-05,0.000539042734041658
7.36485566146449E-05,-2.05951770339292E-05,-5.82541919309074E-05,-3.2191336891399E-05,7.7240260482812E-05,0.000541278223239735
7.36252169120808E-05,-2.05412629995845E-05,-5.7877527063466E-05,-3.50306601265148E-05,7.80328745427245E-05,0.000543517173688507
7.35998978095528E-05,-2.04867970402795E-05,-5.74993061612261E-05,-3.78920608060259E-05,7.8829813945895E-05,0.000545759607007246
7.35725838664107E-05,-2.04317761322359E-05,-5.71195267982157E-05,-4.07758541552257E-05,7.96311366537525E-05,0.000548005544139829
7.35432594209099E-05,-2.0376197211074E-05,-5.67381865341637E-05,-4.36823617268032E-05,8.04369016414209E-05,0.000550255005317715
7.35119085857617E-05,-2.03200571711004E-05,-5.63552829150078E-05,-4.66119115628561E-05,8.12471689211471E-05,0.00055250801002104
7.3478515243569E-05,-2.02633528645795E-05,-5.59708134734306E-05,-4.95648383619701E-05,8.20619995664368E-05,0.000554764576937695
7.34430630421565E-05,-2.02060811010306E-05,-5.55847757295427E-05,-5.25414836398531E-05,8.28814556392365E-05,0.000557024723853593
7.34055353897457E-05,-2.01482386464496E-05,-5.51971671912249E-05,-5.55421959288529E-05,8.37056003901616E-05,0.000559288467733815
7.33659154500074E-05,-2.00898222224626E-05,-5.48079853546329E-05,-5.85673309567067E-05,8.4534498235659E-05,0.000561555824643472
7.3324186137113E-05,-2.00308285056078E-05,-5.44172277059934E-05,-6.16172518293932E-05,8.53682152152165E-05,0.000563826809314669
7.32803301103613E-05,-1.99712541259041E-05,-5.40248917208519E-05,-6.46923292111028E-05,8.62068181356369E-05,0.000566101435547513
7.32343297690534E-05,-1.99110956671083E-05,-5.3630974865971E-05,-6.77929415743202E-05,8.7050374550658E-05,0.000568379717013335
7.31861672468146E-05,-1.98503496652822E-05,-5.3235474598494E-05,-7.09194753600682E-05,8.78989536853127E-05,0.000570661665565558
7.31358244061103E-05,-1.97890126080209E-05,-5.2838388368062E-05,-7.40723252056938E-05,8.87526260414535E-05,0.000572947291857571
7.3083282832448E-05,-1.97270809335148E-05,-5.24397136173997E-05,-7.72518941692757E-05,0.0000896114634289999,0.000575236605287409
7.30285238284609E-05,-1.96645510296423E-05,-5.20394477832805E-05,-8.04585939590685E-05,9.04755389972545E-05,0.00057752961392973
7.2971528407731E-05,-1.960141923293E-05,-5.16375882968434E-05,-8.36928451750007E-05,9.13449272688172E-05,0.000579826324473756
7.29122772886714E-05,-1.95376818277453E-05,-5.12341325855899E-05,-8.69550775442255E-05,9.22197041707684E-05,0.000582126742147514
7.28507508880063E-05,-1.94733350452047E-05,-5.082907807375E-05,-9.02457301800398E-05,9.30999470704751E-05,0.000584430870646007
7.27869293141297E-05,-1.94083750621599E-05,-5.0422422183367E-05,-9.35652520377613E-05,9.3985734794571E-05,0.000586738712002889
7.27207923600381E-05,-1.93427980003117E-05,-5.00141623363539E-05,-9.69141025925044E-05,9.48771476370365E-05,0.00058905026616317
7.26523194964951E-05,-1.92765999249194E-05,-4.96042959544851E-05,-0.000100292750108215,9.57742675533941E-05,0.00059136553185172
7.25814898655618E-05,-1.92097768438836E-05,-4.91928204615247E-05,-0.000103701673572016,9.66771780571358E-05,0.000593684506134651
7.25082822726462E-05,-1.91423247064281E-05,-4.87797332832905E-05,-0.000107141363117861,9.75859642682461E-05,0.000596007183789955
7.24326751790658E-05,-1.90742394022022E-05,-4.83650318506498E-05,-0.000110612319980545,9.85007129728234E-05,0.000598333557502071
7.23546466940889E-05,-1.90055167599725E-05,-4.79487136001505E-05,-0.000114115056810872,9.94215126676077E-05,0.000600663617779944
7.2274174566858E-05,-1.89361525463905E-05,-4.75307759754044E-05,-0.00011765009800761,0.000100348453603701,0.000602997352847046
7.21912361782365E-05,-1.88661424648682E-05,-4.71112164293696E-05,-0.00012121798005607,0.000101281627829729,0.00060533474852107
7.21058085322072E-05,-1.87954821542381E-05,-4.66900324256096E-05,-0.000124819251886427,0.000102221129238876,0.000607675788093719
7.20178682471247E-05,-1.87241671874754E-05,-4.62672214402053E-05,-0.000128454475240906,0.000103167053616016,0.000610020452201264
7.19273915466039E-05,-1.86521930703024E-05,-4.58427809632654E-05,-0.000132124225058585,0.00010411949868738,0.00061236871869145
7.18343542505476E-05,-1.85795552400815E-05,-4.54167085024321E-05,-0.000135829089856849,0.000105078564167357,0.000614720562472783
7.17387317650841E-05,-1.85062490640287E-05,-4.49890015826943E-05,-0.000139569672160395,0.000106044351815673,0.000617075955376726
7.16404990730208E-05,-1.84322698380339E-05,-4.45596577500975E-05,-0.000143346588912559,0.000107016965487145,0.000619434865992678
7.15396307235984E-05,-1.83576127851217E-05,-4.41286745736733E-05,-0.000147160471917995,0.000107996511187812,0.000621797259503569
7.14361008220123E-05,-1.82822730539379E-05,-4.36960496478652E-05,-0.000151011968298652,0.000108983097131581,0.000624163097511285
7.13298830186236E-05,-1.82062457172044E-05,-4.32617805951209E-05,-0.000154901740967178,0.000109976833798765,0.000626532337854319
7.12209504977808E-05,-1.81295257700929E-05,-4.28258650683993E-05,-0.000158830469118304,0.000110977833996607,0.000628904934413699
7.11092759664016E-05,-1.8052108128634E-05,-4.23883007542496E-05,-0.000162798848736006,0.000111986212921171,0.000631280836909108
7.09948316420886E-05,-1.79739876280052E-05,-4.1949085375601E-05,-0.000166807593123242,0.000113002088221754,0.000633659990685171
7.08775892409236E-05,-1.78951590208125E-05,-4.15082166949217E-05,-0.000170857433450523,0.000114025580066964,0.000636042336485331
7.07575199648748E-05,-1.78156169753248E-05,-4.10656925175413E-05,-0.000174949119324976,0.000115056811212862,0.000638427810214173
7.06345944887414E-05,-1.7735356073621E-05,-4.06215106949182E-05,-0.000179083419383032,0.000116095907073826,0.0006408163426871
7.05087829467997E-05,-1.7654370809767E-05,-4.01756691285331E-05,-0.000183261121903147,0.00011714299579444,0.000643207859365176
7.03800549188936E-05,-1.75726555878617E-05,-3.97281657735243E-05,-0.000187483035445139,0.000118198208324937,0.000645602280076511
7.02483794161339E-05,-1.74902047200694E-05,-3.92789986427456E-05,-0.00019174998951382,0.000119261678498282,0.000647999518722746
7.01137248661148E-05,-1.74070124245916E-05,-3.88281658109884E-05,-0.000196062835249034,0.000120333543109933,0.000650399482968778
6.99760590976567E-05,-1.73230728235887E-05,-3.83756654194709E-05,-0.000200422446141311,0.000121413942000014,0.000652802073914925
6.98353493249712E-05,-1.72383799410025E-05,-3.79214956803339E-05,-0.000204829718780898,0.000122503018138631,0.000655207185752821
6.96915621314363E-05,-1.71529277004041E-05,-3.74656548818367E-05,-0.000209285573629705,0.000123600917712813,0.000657614705398693
6.95446634526839E-05,-1.70667099226937E-05,-3.70081413933603E-05,-0.00021379095583185,0.000124707790217312,0.000660024512109533
6.93946185591841E-05,-1.69797203237806E-05,-3.65489536709118E-05,-0.000218346836051949,0.000125823788547838,0.000662436477075598
6.92413920381959E-05,-1.68919525121735E-05,-0.0000360880902627999,-0.000222954211352028,0.000126949069097419,0.000664850462990845
6.90849477752204E-05,-1.68033999865746E-05,-3.56255498159883E-05,-0.000227614106099037,0.000128083791855082,0.000667266323596698
6.89252489345637E-05,-1.67140561332615E-05,-3.51613310820332E-05,-0.000232327572917327,0.000129228120509451,0.000669683903203202
6.87622579394716E-05,-1.66239142235384E-05,-3.46954329241044E-05,-0.000237095693675427,0.000130382222553784,0.000672103036179653
6.8595936451441E-05,-1.65329674110425E-05,-3.42278543239993E-05,-0.000241919580516007,0.000131546269395376,0.000674523546416718
6.84262453487989E-05,-1.64412087289714E-05,-3.37585943895403E-05,-0.000246800376930794,0.00013272043646839,0.00067694524675708
6.82531447046557E-05,-1.63486310873064E-05,-3.3287652362756E-05,-0.000251739258876893,0.000133904903349412,0.000679367938391418
6.80765937637929E-05,-1.62552272698051E-05,-3.28150276277401E-05,-0.000256737435949071,0.000135099853878488,0.000681791410222089
6.78965509189929E-05,-1.61609899310575E-05,-3.23407197197189E-05,-0.000261796152594461,0.00013630547628221,0.000684215438184885
6.77129736863707E-05,-1.60659115933806E-05,-3.1864728334227E-05,-0.000266916689385152,0.000137521963301493,0.000686639784533335
6.75258186799871E-05,-1.59699846437183E-05,-3.13870533372692E-05,-0.000272100364339414,0.000138749512322486,0.000689064197075617
6.73350415847378E-05,-1.58732013300475E-05,-3.09076947740345E-05,-0.000277348534324706,0.000139988325516287,0.000691488408376938
6.71405971298197E-05,-1.57755537584886E-05,-3.04266528821668E-05,-0.000282662596477908,0.000141238609973158,0.000693912134892262
6.69424390596162E-05,-1.56770338895183E-05,-2.99439281016706E-05,-0.000288043989734165,0.000142500577850955,0.000696335076066945
6.67405201042839E-05,-1.55776335344791E-05,-2.9459521087453E-05,-0.000293494196400694,0.000143774446523123,0.000698756913370574
6.65347919490305E-05,-1.54773443518883E-05,-2.89734327220804E-05,-0.000299014743808571,0.00014506043873244,0.000701177309273949
6.63252052023874E-05,-1.53761578437196E-05,-2.84856641296588E-05,-0.000304607206033969,0.000146358782748299,0.000703595906159742
6.61117093629259E-05,-1.52740653514112E-05,-2.79962166897122E-05,-0.000310273205707983,0.000147669712531118,0.00070601232516863
6.58942527850217E-05,-1.51710580519208E-05,-2.75050920526692E-05,-0.000316014415900557,0.000148993467899079,0.000708426164968371
6.56727826431025E-05,-1.50671269535771E-05,-2.7012292155817E-05,-0.000321832562096513,0.000150330294701453,0.000710837000445932
6.54472448945802E-05,-1.49622628918493E-05,-2.65178192403876E-05,-0.000327729424262347,0.000151680444995763,0.000713244381315539
6.5217584241206E-05,-1.48564565249435E-05,-2.60216758694085E-05,-0.00033370683901055,0.000153044177231471,0.000715647830635631
6.49837440889948E-05,-1.47496983293184E-05,-2.55238649468493E-05,-0.000339766701866881,0.000154421756437303,0.000718046843230727
6.47456665064846E-05,-1.46419785950448E-05,-2.50243897377828E-05,-0.000345910969643873,0.000155813454414649,0.00072044088400788
6.45032921813863E-05,-1.45332874210633E-05,-2.45232538899169E-05,-0.000352141662927647,0.000157219549935481,0.000722829386161635
6.4256560375129E-05,-1.44236147101539E-05,-2.40204614557202E-05,-0.000358460868692544,0.000158640328947204,0.000725211749263445
6.40054088762187E-05,-1.43129501640609E-05,-2.35160169173033E-05,-0.000364870743025154,0.000160076084779107,0.000727587337214065
6.3749773950987E-05,-1.42012832781723E-05,-2.30099252113858E-05,-0.000371373513999305,0.000161527118357394,0.000729955476066352
6.34895902926307E-05,-1.40886033361988E-05,-2.25021917565174E-05,-0.000377971484682069,0.000162993738423465,0.000732315451694438
6.32247909678546E-05,-1.39748994045872E-05,-2.19928224814691E-05,-0.000384667036295544,0.00016447626175839,0.000734666507305326
6.29553073622224E-05,-1.38601603271866E-05,-2.14818238572418E-05,-0.00039146263151157,0.000165975013406598,0.000737007840770523
6.26810691212462E-05,-1.37443747189372E-05,-2.09692029273298E-05,-0.000398360817959141,0.000167490326914757,0.000739338601787179
6.24020040908968E-05,-1.3627530960212E-05,-2.04549673436868E-05,-0.000405364231859136,0.000169022544563963,0.000741657888822748
6.21180382545683E-05,-1.35096171905867E-05,-1.99391254030563E-05,-0.00041247560186743,0.000170572017610977,0.000743964745851361
6.18290956675787E-05,-1.33906213025542E-05,-1.94216860861582E-05,-0.000419697753105951,0.000172139106531215,0.000746258158854355
6.15350983883983E-05,-1.32705309349068E-05,-1.89026590986776E-05,-0.000427033611410411,0.000173724181266442,0.000748537052071736
6.12359664076572E-05,-1.31493334662729E-05,-1.83820549163782E-05,-0.000434486207774028,0.000175327621470416,0.000750800283973591
6.09316175731844E-05,-1.3027016008155E-05,-1.78598848316871E-05,-0.000442058683042411,0.000176949816759788,0.0007530466429435
6.06219675121047E-05,-1.29035653979572E-05,-1.73361610040999E-05,-0.000449754292841107,0.000178591166963214,0.000755274842638929
6.0306929549432E-05,-1.2778968191841E-05,-1.68108965139293E-05,-0.000457576412759081,0.000180252082369596,0.000757483517005626
5.99864146225333E-05,-1.26532106572384E-05,-1.62841054189189E-05,-0.00046552854381515,0.000181932983976483,0.000759671214919182
5.96603311925719E-05,-1.25262787655371E-05,-1.57558028161677E-05,-0.000473614318188106,0.000183634303730199,0.000761836394414584
5.93285851509929E-05,-1.23981581842565E-05,-1.52260049067634E-05,-0.000481837505271595,0.000185356484765217,0.000763977416478894
5.89910797221308E-05,-1.22688342692322E-05,-1.46947290656148E-05,-0.000490202018039176,0.000187099981633634,0.000766092538362526
5.86477153609452E-05,-1.21382920565164E-05,-1.41619939155815E-05,-0.000498711919753518,0.000188865260526738,0.000768179906369129
5.82983896472177E-05,-1.20065162545978E-05,-1.36278194087172E-05,-0.000507371431001194,0.000190652799477539,0.000770237548072724
5.79429971722471E-05,-1.18734912355465E-05,-1.30922269093019E-05,-0.000516184937169584,0.000192463088560117,0.000772263363931097
5.75814294227023E-05,-1.17392010269675E-05,-1.25552392867562E-05,-0.000525156996254276,0.000194296630057137,0.000774255118211306
5.72135746576664E-05,-1.16036293033747E-05,-1.20168810131947E-05,-0.000534292347119067,0.00019615393860986,0.000776210429190392
5.68393177801448E-05,-1.14667593776035E-05,-1.14771782685894E-05,-0.000543595918187191,0.000198035541338032,0.000778126758552359
5.6458540201858E-05,-1.13285741919611E-05,-1.09361590528508E-05,-0.000553072836612051,0.000199941977928113,0.000780001399915695
5.60711197025375E-05,-1.11890563097086E-05,-1.0393853307692E-05,-0.000562728437910289,0.00020187380067593,0.000781831466400219
5.5676930281314E-05,-1.10481879061509E-05,-9.8502930459943E-06,-0.000572568276135947,0.000203831574486462,0.000783613877155644
5.52758420013753E-05,-1.0905950759935E-05,-9.30551249166333E-06,-0.000582598134581475,0.000205815876814656,0.000785345342744833
5.48677208270061E-05,-1.07623262444135E-05,-8.75954823006585E-06,-0.00059282403704533,0.00020782729753997,0.000787022349275755
5.44524284520328E-05,-1.06172953189231E-05,-8.21243936920101E-06,-0.000603252259707119,0.000209866438766006,0.000788641141164626
5.40298221209403E-05,-1.04708385206302E-05,-7.66422771486284E-06,-0.000613889343594179,0.000211933914524472,0.000790197702388926
5.35997544399766E-05,-1.03229359562204E-05,-7.11495795787992E-06,-0.000624742107722092,0.000214030350379099,0.000791687736093154
5.31620731794657E-05,-1.01735672941025E-05,-6.56467787689114E-06,-0.000635817662894231,0.000216156382904444,0.000793106642376414
5.27166210659381E-05,-1.00227117569009E-05,-6.01343855677664E-06,-0.000647123426204634,0.000218312659024535,0.000794449494084323
5.22632355651716E-05,-9.87034811487702E-06,-5.46129462616083E-06,-0.000658667136232368,0.000220499835180136,0.000795711010398991
5.18017486519652E-05,-9.7164546791648E-06,-4.90830451106295E-06,-0.000670456869031653,0.000222718576318278,0.000796885528014783
5.13319865710063E-05,-9.56100929661138E-06,-4.35453071249645E-06,-0.000682501054820463,0.000224969554648009,0.000797966969636997
5.08537695846544E-05,-9.40398934515466E-06,-3.80004010544019E-06,-0.000694808495462403,0.000227253448147314,0.000798948809537533
5.03669117088648E-05,-9.24537173051824E-06,-3.24490426348503E-06,-0.000707388382708489,0.000229570938771955,0.000799824035855544
4.98712204346639E-05,-9.08513288377411E-06,-2.68919980917672E-06,-0.000720250317242092,0.000231922710330352,0.000800585109303775
4.93664964391633E-05,-8.9232487614989E-06,-2.13300879781655E-06,-0.00073340432840353,0.000234309445950202,0.000801223917890541
4.88525332795961E-05,-8.75969484685944E-06,-1.57641913078521E-06,-0.000746860894712578,0.000236731825103671,0.000801731727242138
4.83291170744876E-05,-8.59444615347033E-06,-1.01952500686156E-06,-0.00076063096503345,0.00023919052009882,0.000802099126041145
4.77960261690428E-05,-8.42747723161726E-06,-4.62427412340116E-07,-0.000774725980373614,0.000241686191966931,0.000802315966053893
4.72530307863396E-05,-8.25876217793111E-06,9.476534396306E-08,-0.00078915789617574,0.000244219485642287,0.00080237129615025
4.66998926614959E-05,-8.08827464824562E-06,6.51937049069893E-07,-0.000803939205042331,0.000246791024335555,0.000802253289655519
4.61363646618737E-05,-7.91598787527125E-06,1.20896294928331E-06,-0.000819082959637786,0.000249401402958998,0.000801949164290572
4.55621903885603E-05,-7.74187469034299E-06,1.76570905802682E-06,-0.000834602795681677,0.000252051180477966,0.000801445093870794
4.49771037644994E-05,-7.56590755168748E-06,2.32203139668649E-06,-0.000850512954610055,0.000254740870992141,0.00080072611083733
4.43808286064452E-05,-7.38805857917875E-06,2.87777516495668E-06,-0.000866828305639191,0.000257470933363803,0.000799775998583271
4.37730781807764E-05,-7.20829959652298E-06,3.4327738336129E-06,-0.000883564366798828,0.00026024175916206,0.000798577172414639
4.31535547466553E-05,-7.0266021829055E-06,3.9868481489578E-06,-0.000900737324312893,0.000263053658645678,0.000797110547852357
4.25219490857733E-05,-6.8429377349269E-06,4.53980504167331E-06,-0.000918364049685608,0.000265906844478624,0.000795355394829238
4.18779400218998E-05,-6.65727754091927E-06,5.0914364285215E-06,-0.000936462113593123,0.000268801412809417,0.000793289176171177
4.1221193929796E-05,-6.46959286875082E-06,5.64151789793596E-06,-0.000955049795597479,0.000271737321302466,0.000790887368558561
4.05513642440205E-05,-6.27985507146294E-06,6.1898072605751E-06,-0.00097414608815356,0.000274714363594945,0.000788123263997174
3.98680909624883E-05,-6.0880357106513E-06,6.73604295870881E-06,-0.00099377069356326,0.000277732139643302,0.000784967749554632
3.91710001579502E-05,-5.89410670284763E-06,7.27994231211065E-06,-0.0010139440116377,0.000280790021254209,0.000781389062950282
3.84597035007708E-05,-5.69804049140323E-06,7.82119958600174E-06,-0.00103468711574122,0.00028388711202918,0.000777352521291899
3.77337978037205E-05,-5.49981024852507E-06,8.35948386006839E-06,-0.0010560217141404,0.000287022200800244,0.000772820220030213
3.69928646004396E-05,-5.29939011239602E-06,8.89443667667683E-06,-0.00107797009296292,0.000290193707486579,0.000767750698939488
3.62364697691854E-05,-5.09675546434113E-06,9.42566944614173E-06,-0.00110055503632704,0.000293399620138424,0.000762098571668257
3.54641632236233E-05,-4.89188325375062E-06,9.95276057952737E-06,-0.00112379971800988,0.000296637421701254,0.000755814115227537
3.46754786895245E-05,-4.684752377611E-06,1.04752523221478E-05,-0.00114772755801658,0.000299904004829821,0.000748842815567952
3.38699335959262E-05,-4.4753441239913E-06,1.09926472548804E-05,-0.00117236203581325,0.000303195572792265,0.000741124865337585
3.30470291136322E-05,-4.26364268975914E-06,1.1504404429116E-05,-0.00119772645027377,0.000306507524208726,0.000732594609935219
3.22062503829144E-05,-4.04963578483908E-06,1.20099350976572E-05,-0.00122384361421417,0.000309834319019149,0.000723179938216994
3.13470669792049E-05,-3.8333153366601E-06,1.25085980029625E-05,-0.00125073546890481,0.000313169322704189,0.000712801614697131
3.04689336801944E-05,-3.61467831153309E-06,1.29996941800965E-05,-0.0012784226007951,0.000316504625354693,0.000701372551022959
2.95712916085706E-05,-3.39372767150783E-06,1.34824612324055E-05,-0.0013069236391566,0.000319830831756726,0.000688797015939527
2.86535698407095E-05,-3.17047348805845E-06,1.39560670380568E-05,-0.00133625450911163,0.000323136818211196,0.00067496978517893
2.7715187593931E-05,-2.94493423778338E-06,1.44196028460914E-05,-0.00136642750950217,0.000326409451367496,0.000659775236027383
2.67555571252465E-05,-2.71713830801293E-06,1.48720757270661E-05,-0.00139745017950614,0.000329633263996804,0.000643086395982727
2.57740875015835E-05,-2.48712574381479E-06,1.53124003519872E-05,-0.00142932391161306,0.000332790082397835,0.000624763961487616
2.47701894363672E-05,-2.25495027232625E-06,1.57393900858668E-05,-0.00146204226161936,0.000335858600120099,0.000604655311848581
2.37432814210589E-05,-2.02068164319928E-06,1.61517474052372E-05,-0.00149558889927597,0.000338813893084294,0.000582593555718548
2.26927974216555E-05,-1.78440832704964E-06,1.6548053680269E-05,-0.00152993513634883,0.000341626872155454,0.000558396663963523
2.16181964605707E-05,-1.54624061694836E-06,1.69267584050019E-05,-0.00156503696292434,0.000344263671071777,0.000531866764493865
2.05189744429257E-05,-1.30631417604056E-06,1.72861680249829E-05,-0.00160083151981028,0.000346684970794571,0.00050278970243976
1.93946786587995E-05,-1.0647940770186E-06,1.76244345874548E-05,-0.00163723293533726,0.000348845266215464,0.00047093500521475
1.82449254058838E-05,-8.21879365082044E-07,1.7939544562724E-05,-0.00167412746466645,0.000350692088615108,0.000436056435382712
1.70694212493354E-05,-5.77808171056325E-07,1.82293083183883E-05,-0.00171136788899093,0.000352165207803062,0.000397893368430592
1.58679884265227E-05,-3.32863374047232E-07,1.84913509223535E-05,-0.00174876717076089,0.000353195852715989,0.000356173293717634
1.46405949043602E-05,-8.73787832138187E-08,1.87231051759328E-05,-0.00178609142333038,0.000353706009144121,0.000310615805296205
1.33873895164662E-05,1.58254242969944E-07,1.89218080595525E-05,-0.00182305235078843,0.000353607879214809,0.000260938517439919
1.21087424481725E-05,4.03579892070469E-07,1.90845020969007E-05,-0.0018592994560974,0.00035280361963918,0.0002068653973106
1.08052910817717E-05,6.48070950695862E-07,1.92080434948104E-05,-0.0018944125134357,0.000351185513810634,0.000148138035815213
9.47799076519841E-06,8.91122183523819E-07,1.92891192744227E-05,-0.00192789506184398,0.000348636773388446,8.45303440754414E-05
8.12816944069872E-06,1.13204455426669E-06,1.93242759056733E-05,-0.00195916999273118,0.000345033200765202,1.5867025781723E-05
6.7575842191859E-06,1.37006097145053E-06,1.93099621099442E-05,-0.00198757864317819,0.000340245964541152,-5.79541131957659E-05
5.36847686891442E-06,1.6043044219951E-06,1.92425883835857E-05,-0.00201238511631508,0.000334145736624836,-0.000136936442688038
3.96362393984652E-06,1.83381951297748E-06,1.91186052612191E-05,-0.00203278774180921,0.000326608401193558,-0.000220956527466858
2.54637592060776E-06,2.05756855614304E-06,1.89346012017515E-05,-0.00204793946992209,0.00031752242839053,-0.000309736050522405
1.12067879091825E-06,2.27444330852766E-06,1.86874191032267E-05,-0.00205697822427379,0.000306797720283666,-0.000402816825030088
-3.08928917725591E-07,2.48328319783209E-06,1.83742880907509E-05,-0.00205906696914085,0.000294375304796924,-0.000499542327445279
-1.73735003583837E-06,2.68290030954059E-06,1.79929649929398E-05,-0.00205344279241435,0.000280236956325103,-0.000599048803510666
-3.1589997549729E-06,2.87211074285464E-06,1.75418774110948E-05,-0.00203947432391958,0.000264413727223202,-0.000700270670776858
-4.56791813846574E-06,3.04977114356216E-06,1.70202558642759E-05,-0.00201672230672758,0.00024699208393397,-0.000801967780702791
-5.95792220137739E-06,3.2148182843042E-06,1.64282384535821E-05,-0.00198499068481069,0.000228116418893762,-0.000902776558303892
-7.32278729844902E-06,3.36630904686553E-06,1.5766934266427E-05,-0.00194435954241475,0.000207987695356763,-0.00100127579523259
-8.65644540213487E-06,3.50345792997312E-06,1.50384381428704E-05,-0.00189520102431934,0.000186857341440305,-0.00109606092726116
-9.95318728575061E-06,3.62566799712494E-06,1.42457906986492E-05,-0.00183817263767031,0.000165014241047694,-0.00118582671481029
-1.12078491874081E-05,3.73255070577717E-06,1.33928814733115E-05,-0.00177417901314174,0.000142766514718921,-0.00126944485198312
-1.24159641455855E-05,3.82393287182275E-06,1.24843054446882E-05,-0.00170431129535177,0.000120423463656167,-0.00134601903599328
-1.35738680304535E-05,3.89985187065001E-06,1.15251897209281E-05,-0.00162977874752998,9.82796921696692E-05,-0.00141491663265933
-1.46787567380679E-05,3.96054043568586E-06,1.05210053180895E-05,-0.00155183687922546,7.66011186551512E-05,-0.00147577984664031
-1.57286936296385E-05,4.00640284707081E-06,9.47737895834335E-06,-0.00147171752096364,5.56145477708132E-05,-0.00152851425302157
-1.67225719245184E-05,4.0379855811142E-06,8.39992016314344E-06,-0.00139057045553056,3.55021781062861E-05,-0.00157325730424295
-1.76600423163672E-05,4.05594569381005E-06,7.29407487595475E-06,-0.00130942199946412,1.64003638204536E-05,-0.00161033484428807
-1.85414178730094E-05,4.0610194907906E-06,6.16501117764462E-06,-0.00122915077014745,-1.59847136726826E-06,-0.0016402132463839
-1.936756750816E-05,4.05399339107144E-06,5.01753808241019E-06,-0.00115047857975188,-1.84415573975845E-05,-0.00166345283557743
-2.0139807487469E-05,4.0356783382541E-06,3.85605504653459E-06,-0.0010739732637437,-3.41099934079967E-05,-0.00168066647518973
-2.08597979975074E-05,4.00688848711884E-06,2.68452780403027E-06,-0.00100005985230726,-4.86123581840773E-05,-0.00169248537053379
-2.15294493999431E-05,3.96842432536407E-06,1.50648524171603E-06,-0.000929036787505705,-6.19784211987871E-05,-0.00169953267313919
-2.21508406960467E-05,3.92105999286205E-06,3.25031989148287E-07,-0.000861094488412162,-7.42533982046977E-05,-0.00170240452067671
-2.27261510991418E-05,3.86553432676866E-06,-8.57128162526909E-07,-0.000796334231029991,-8.5492989772618E-05,-0.00170165758301223
-2.32576044044327E-05,3.80254505130638E-06,-2.03766209234881E-06,-0.000734785970564189,-9.5759292525351E-05,-0.00169780190834574
-2.37474251266443E-05,3.73274550561634E-06,-3.21457369718646E-06,-0.000676424308316814,-0.000105117568690716,-0.00169129782312069
-2.41978049710452E-05,3.65674333865172E-06,-4.38616916718163E-06,-0.000621182249553146,-0.000113633793426976,-0.00168255575536134
-2.46108780640144E-05,3.5751006703828E-06,-5.55102286109844E-06,-0.000568962699386335,-0.000121372866886918,-0.00167193804020713
-2.49887034215747E-05,3.48833529769114E-06,-6.70794492215326E-06,-0.000519647823266267,-0.000128397370302382,-0.00165976196851288
-2.53332532343835E-05,3.39692260987815E-06,-7.85595126033747E-06,-0.000473106498756074,-0.000134766751484485,-0.00164630352508819
-2.5646405745355E-05,3.30129794924394E-06,-8.99423626416467E-06,-0.000429200122326093,-0.000140536839494976,-0.00163180141926276
-2.59299416633828E-05,3.20185921988823E-06,-1.01221483241074E-05,-0.000387787037639684,-0.000145759604274332,-0.00161646113909786
-2.61855432499407E-05,3.09896959763627E-06,-1.12391681333232E-05,-0.000348725838733718,-0.000150483093473602,-0.00160045884601624
-2.64147953713731E-05,2.99296023941354E-06,-1.23448895927799E-05,-0.000311877772316017,-0.000154751493167356,-0.00158394501118838
-2.66191879649262E-05,2.88413291820858E-06,-1.34390031496432E-05,-0.000277108425202081,-0.000158605271656445,-0.00156704773664766
-2.68001194741433E-05,2.7727625391371E-06,-1.45212813179404E-05,-0.000244288858599685,-0.00016208137567388,-0.00154987574012721
-2.69589009183639E-05,2.65909950776938E-06,-1.55915661554233E-05,-0.000213296318942954,-0.000165213456556805,-0.001532521005823
-2.70967603396627E-05,2.54337193584911E-06,-1.66497584694461E-05,-0.000184014629234987,-0.000168032110229235,-0.00151506111690388
-2.72148474356473E-05,2.42578767843936E-06,-1.76958085435011E-05,-0.000156334343291176,-0.000170565119700438,-0.00149756129340313
-2.73142382356202E-05,2.30653620442032E-06,-1.87297081808818E-05,-0.000130152727694585,-0.000172837692717968,-0.00148007616262502
-2.73959397189701E-05,2.18579030577816E-06,-1.9751483889648E-05,-0.000105373621427374,-0.000174872688101146,-0.00146265129163234
-2.74608943055178E-05,2.06370765356584E-06,-2.07611910644635E-05,-8.19072110013454E-05,-0.000176690830294711,-0.0014453245098369
-2.75099841689887E-05,1.94043220948881E-06,-2.17589090188132E-05,-5.96697507324315E-05,-0.00017831090875363,-0.00142812704313868
-2.75440353431667E-05,1.81609550552332E-06,-2.27447367430669E-05,-0.0000385832495606001,-0.00017974996159378,-0.00141108449047645
-2.75638216041406E-05,1.69081780052028E-06,-2.37187892967141E-05,-1.85751404665854E-05,-0.000181023444024976,-0.00139421766007573
-2.75700681203293E-05,1.56470912532121E-06,-2.46811947363859E-05,4.2205563081076E-07,-0.000182145381860173,-0.00137754328553789
-2.75634548696875E-05,1.437870226204E-06,-2.56320915046181E-05,1.84710631613241E-05,-0.000183128510860451,-0.00136107463851145
-2.75446198282022E-05,1.31039341627341E-06,-2.6571626212065E-05,3.56301765049654E-05,-0.000183984402824496,-0.00134482205260036
-2.751416193714E-05,1.18236334343344E-06,-2.74999517577219E-05,5.19535720025058E-05,-0.000184723579410464,-0.00132879337117669
-2.74726438589078E-05,1.05385768384481E-06,-2.84172257328768E-05,6.74916047750593E-05,-0.000185355614698894,-0.00131299433013554
-2.74205945321842E-05,9.24947766717386E-07,-2.93236090786499E-05,8.22910891156754E-05,-0.000185889227497833,-0.00129742888481278
-2.73585115385942E-05,7.95699139343196E-07,-3.02192649460118E-05,9.63955615167957E-05,-0.00018633236432966,-0.00128209948941193
-2.72868632926628E-05,6.66172077045942E-07,-3.11043577384461E-05,0.000109845526417607,-0.000186692274004763,-0.00126700733567428
-2.72060910667894E-05,5.36422043621563E-07,-3.19790523106443E-05,0.000122678684937147,-0.000186975574612059,-0.00125215255671873
-2.71166108637423E-05,4.06500108681049E-07,-3.28435132912831E-05,0.000134930147005628,-0.000187188313688472,-0.00123753440126974
-2.70188151467629E-05,2.76453324358617E-07,-3.3697904524618E-05,0.000146632627836254,-0.000187336022271692,-0.00122315138235312
-2.69130744387114E-05,1.46325066867844E-07,-3.4542388604555E-05,0.000157816629423837,-0.000187423763465864,-0.00120900140431402
-2.67997388002944E-05,1.61553462764252E-08,-3.53771264890042E-05,0.000168510608000693,-0.000187456176094603,-0.00119508187126917
-2.66791391960898E-05,-1.14018913096056E-07,-3.62022771878635E-05,0.000178741128436455,-0.000187437513956841,-0.0011813897795874
-2.65515887581557E-05,-2.44163617532359E-07,-3.70179975063934E-05,0.000188533006389581,-0.000187371681147597,-0.00116792179682279
-2.64173839546388E-05,-3.74247272363733E-07,-3.78244418412455E-05,0.000197909439181055,-0.000187262263858581,-0.00115467432895489
-2.62768056712275E-05,-5.04240771324393E-07,-3.86217620192285E-05,0.000206892126213429,-0.000187112559029013,-0.0011416435776471
-2.61301202123625E-05,-6.34117204812668E-07,-3.94101071728348E-05,0.00021550137975369,-0.000186925600177631,-0.00112882558894358
-2.59775802286828E-05,-7.63851685161737E-07,-4.01896236467439E-05,0.000223756226842109,-0.000186704180711507,-0.00111621629463052
-2.58194255764862E-05,-8.93421187372658E-07,-4.09604549312593E-05,0.000231674503050497,-0.000186450874974807,-0.00110381154729546
-2.56558841148035E-05,-1.02280440367366E-06,-4.1722741617718E-05,0.000239272938746235,-0.000186168057272807,-0.00109160714999459
-2.54871724449453E-05,-1.15198161068646E-06,-4.24766213730785E-05,0.000246567238486864,-0.000185857919080373,-0.00107959888128371
-2.53134965971417E-05,-1.28093454795961E-06,-4.32222289304308E-05,0.000253572154112535,-0.000185522484621742,-0.00106778251627468
-2.51350526684579E-05,-1.40964630680417E-06,-4.3959696092914E-05,0.000260301552062099,-0.000185163624988125,-0.00105615384428073
-2.49520274158272E-05,-1.53810122846932E-06,-4.46891517488458E-05,0.000266768475395529,-0.000184783070941677,-0.00104470868353502
-2.47645988077809E-05,-1.6662848107526E-06,-4.54107218959582E-05,0.000272985200963748,-0.000184382424538453,-0.00103344289340204
-2.45729365377504E-05,-1.7941836225035E-06,-4.61245296744509E-05,0.00027896329214309,-0.000183963169688043,-0.00102235238441839
-2.43772025027663E-05,-1.92178522472752E-06,-4.6830695404151E-05,0.000284713647477316,-0.00018352668175728,-0.00101143312652309
-2.41775512491103E-05,-2.04907809844932E-06,-4.75293366290346E-05,0.000290246545605185,-0.000183074236310176,-0.00100068115567208
-2.39741303882654E-05,-2.17605157817316E-06,-4.82205681647554E-05,0.000295571686755213,-0.000182607017070311,-0.000990092579117438
-2.37670809850969E-05,-2.3026957906642E-06,-4.89045021496473E-05,0.000300698231102986,-0.000182126123180612,-0.000979663579526491
-2.35565379204112E-05,-2.42900159854722E-06,-4.95812480982367E-05,0.000305634834248165,-0.000181632575828335,-0.00096939041811335
-2.33426302298085E-05,-2.5549605483032E-06,-5.02509129566286E-05,0.00031038968004784,-0.000181127324295955,-0.000959269436928812
-2.31254814205904E-05,-2.68056482228485E-06,-5.09136011592278E-05,0.00031497051102234,-0.000180611251492416,-0.000949297060434131
-2.29052097683359E-05,-2.80580719440668E-06,-5.15694146863361E-05,0.000319384656530862,-0.000180085179013598,-0.000939469796467094
-2.26819285946216E-05,-2.93068098920616E-06,-5.22184531222742E-05,0.000323639058897436,-0.000179549871775915,-0.000929784236693211
-2.2455746527326E-05,-3.0551800439501E-06,-5.28608137134757E-05,0.000327740297650446,-0.000179006042262652,-0.00092023705662597
-2.22267677445825E-05,-3.17929867363726E-06,-5.3496591426837E-05,0.000331694612029903,-0.000178454354418154,-0.00091082501527714
-2.19950922037941E-05,-3.30303163852096E-06,-5.41258790073438E-05,0.000335507921895138,-0.000177895427222467,-0.000901544954508277
-2.17608158565817E-05,-3.42637411404714E-06,-5.4748767035342E-05,0.00033918584716243,-0.000177329837974827,-0.000892393798126468
-2.15240308507244E-05,-3.54932166297216E-06,-5.53653439830693E-05,0.00034273372588619,-0.000176758125312167,-0.000883368550772204
-2.12848257199835E-05,-3.67187020949153E-06,-5.5975696270353E-05,0.000346156631089301,-0.000176180791986154,-0.000874466296636968
-2.10432855626449E-05,-3.79401601521947E-06,-5.65799083193679E-05,0.000349459386439069,-0.000175598307419955,-0.000865684198043412
-2.07994922095507E-05,-3.9157556568733E-06,-5.71780626083685E-05,0.000352646580857201,-0.00017501111006393,-0.000857019493916367
-2.05535243823168E-05,-4.0370860055357E-06,-5.77702397243632E-05,0.000355722582144921,-0.000174419609567655,-0.000848469498168382
-2.03054578424807E-05,-4.1580042073316E-06,-5.83565184144737E-05,0.000358691549696572,-0.000173824188784128,-0.000840031598023458
-2.00553655319737E-05,-4.27850766551215E-06,-5.89369756364521E-05,0.000361557446372374,-0.000173225205620036,-0.000831703252289367
-1.98033177057657E-05,-4.39859402370458E-06,-5.95116866076486E-05,0.00036432404958952,-0.000172622994745622,-0.000823481989603467
-1.95493820569894E-05,-4.51826115033868E-06,-6.00807248529224E-05,0.000366994961691666,-0.000172017869175469,-0.000815365406657514
-1.92936238351147E-05,-4.63750712412265E-06,-6.06441622512827E-05,0.000369573619648634,-0.000171410121731067,-0.000807351166415324
-1.90361059576039E-05,-4.75633022049619E-06,-6.12020690812928E-05,0.00037206330413509,-0.000170800026394873,-0.000799436996332018
-1.87768891154663E-05,-4.87472889898894E-06,-6.17545140652396E-05,0.000374467148032931,-0.000170187839564708,-0.000791620686582565
-1.85160318731494E-05,-4.99270179139359E-06,-6.23015644119667E-05,0.000376788144398176,-0.000169573801216185,-0.000783900088307959
-1.82535907628036E-05,-5.11024769083786E-06,-6.28432858590552E-05,0.00037902915393237,-0.000168958135983268,-0.000776273111873074
-1.79896203740583E-05,-5.22736554133598E-06,-6.33797427126864E-05,0.000381192911988705,-0.000168341054154875,-0.000768737725170095
-1.77241734385468E-05,-5.34405442825226E-06,-6.39109978874526E-05,0.000383282035150646,-0.000167722752609371,-0.000761291951929654
-1.74573009102714E-05,-5.46031356926634E-06,-6.44371129444486E-05,0.000385299027409771,-0.000167103415675556,-0.000753933870076521
-1.71890520417559E-05,-5.5761423059408E-06,-6.49581481283443E-05,0.000387246285970586,-0.000166483215936527,-0.000746661610116249
-1.69194744562886E-05,-5.69154009582689E-06,-6.54741624033494E-05,0.00038912610670825,-0.000165862314976625,-0.000739473353558457
-1.66486142165453E-05,-5.80650650504726E-06,-6.5985213487992E-05,0.000390940689302047,-0.000165240864077059,-0.000732367331379115
-1.63765158894743E-05,-5.92104120146284E-06,-6.64913578893645E-05,0.000392692142068681,-0.000164619004862871,-0.000725341822514137
-1.61032226084813E-05,-6.03514394803767E-06,-6.69926509352929E-05,0.000394382486509851,-0.000163996869907101,-0.000718395152406699
-1.5828776131992E-05,-6.14881459684467E-06,-6.74891468065552E-05,0.000396013661600224,-0.000163374583292814,-0.000711525691579472
-1.55532168994011E-05,-6.26205308333053E-06,-0.0000679808985676,0.000397587527827451,-0.000162752261137877,-0.000704731854253827
-1.52765840842417E-05,-6.37485942095639E-06,-6.84679581964241E-05,0.000399105871002477,-0.000162130012084569,-0.000698012097007118
-1.49989156448168E-05,-6.4872336961537E-06,-6.89503766134743E-05,0.000400570405854471,-0.00016150793775669,-0.000691364917470082
-1.47202483722391E-05,-6.59917606365265E-06,-6.94282037099452E-05,0.000401982779425126,-0.000160886133186592,-0.000684788853058935
-1.44406179365123E-05,-6.71068674196646E-06,-6.9901488374635E-05,0.000403344574272676,-0.000160264687214172,-0.000678282479754216
-1.41600589301166E-05,-6.82176600927431E-06,-7.03702785205418E-05,0.000404657311500832,-0.000159643682860005,-0.000671844410909016
-1.38786049097161E-05,-6.93241419948959E-06,-7.08346211103569E-05,0.000405922453621184,-0.000159023197674342,-0.000665473296098492
-1.35962884358983E-05,-7.04263169857575E-06,-7.12945621812302E-05,0.000407141407260432,-0.000158403304063658,-0.000659167820004785
-1.33131411109382E-05,-7.15241894111203E-06,-7.17501468689959E-05,0.000408315525709335,-0.000157784069498507,-0.000652926701266551
-1.30291936156945E-05,-7.2617764067438E-06,-7.22014194302858E-05,0.00040944611137021,-0.000157165556994572,-0.000646748691584168
-1.27444757427026E-05,-7.3707046177148E-06,-7.26484232674166E-05,0.000410534418046041,-0.000156547825282928,-0.000640632574610644
-1.24590164309618E-05,-7.47920413529374E-06,-7.30912009473985E-05,0.000411581653113839,-0.000155930929105712,-0.00063457716503976
-1.21728437957235E-05,-7.58727555777096E-06,-7.35297942258761E-05,0.000412588979590244,-0.000155314919429014,-0.000628581307609693
-1.18859851599209E-05,-7.69491951735811E-06,-7.39642440656153E-05,0.000413557518070241,-0.000154699843584082,-0.000622643876159529
-1.15984670821482E-05,-7.80213667808036E-06,-7.43945906576886E-05,0.000414488348592485,-0.00015408574553441,-0.000616763772768678
-1.13103153851613E-05,-7.90892773315107E-06,-7.48208734393654E-05,0.000415382512395795,-0.00015347266607275,-0.000610939926920718
-1.10215551810015E-05,-8.0152934032935E-06,-7.52431311146895E-05,0.000416241013593375,-0.000152860643001552,-0.000605171294650974
-1.07322108970455E-05,-8.12123443441823E-06,-7.56614016714152E-05,0.000417064820756563,-0.000152249711306726,-0.000599456857763664
-1.04423062999532E-05,-8.22675159580062E-06,-7.60757223989377E-05,0.000417854868422642,-0.000151639903318904,-0.000593795623054458
-1.01518645188012E-05,-8.33184567829011E-06,-7.64861299053876E-05,0.000418612058527316,-0.000151031248865452,-0.000588186621563065
-9.86090806724569E-06,-8.43651749262199E-06,-7.68926601342147E-05,0.000419337261766679,-0.000150423775413406,-0.000582628907850774
-9.56945886476334E-06,-8.5407678678255E-06,-7.72953483802788E-05,0.000420031318892666,-0.000149817508203952,-0.000577121559302063
-9.27753825701403E-06,-8.64459764972248E-06,-7.76942293054629E-05,0.000420695041945696,-0.000149212470379012,-0.00057166367544942
-8.98516703559675E-06,-8.74800769943092E-06,-7.80893369535201E-05,0.00042132921542755,-0.000148608683100908,-0.000566254377324795
-8.69236545587102E-06,-8.85099889235108E-06,-7.8480704766008E-05,0.00042193459742027,-0.000148006165662495,-0.00056089280681216
-8.3991532562987E-06,-8.95357211642216E-06,-7.88683655947193E-05,0.000422511920647669,-0.000147404935595884,-0.000555578126062481
-8.10554967478745E-06,-9.05572827125582E-06,-7.92523517167749E-05,0.000423061893491142,-0.000146805008770027,-0.00055030951688727
-7.81157346548475E-06,-9.15746826693381E-06,-7.96326948477716E-05,0.000423585200955735,-0.000146206399485066,-0.000545086180192614
-7.51724291468909E-06,-9.25879302294972E-06,-8.00094261548501E-05,0.00042408250559176,-0.000145609120560805,-0.000539907335427856
-7.22257585613576E-06,-9.35970346720985E-06,-8.03825762693858E-05,0.000424554448373851,-0.000145013183420158,-0.000534772220052502
-6.92758968568645E-06,-9.46020053509107E-06,-8.07521752993159E-05,0.000425001649539721,-0.000144418598167851,-0.000529680089020671
-6.63230137544999E-06,-9.56028516855135E-06,-8.11182528411144E-05,0.000425424709390711,-0.000143825373664669,-0.000524630214282519
-6.33672748735932E-06,-9.65995831529037E-06,-8.14808379914265E-05,0.000425824209056135,-0.000143233517597539,-0.000519621884301988
-6.04088418623014E-06,-9.75922092795769E-06,-8.18399593583739E-05,0.000426200711223286,-0.000142643036545677,-0.000514654403590348
-5.74478725226095E-06,-9.85807396342614E-06,-8.21956450726154E-05,0.000426554760834969,-0.000142053936042951,-0.000509727092253913
-5.44845209337405E-06,-9.95651838200313E-06,-8.2547922797726E-05,0.000426886885755691,-0.000141466220637306,-0.000504839285561572
-5.15189375647518E-06,-1.00545551468908E-05,-8.28968197410272E-05,0.00042719759740924,-0.000140879893945805,-0.000499990333516156
-4.85512693890908E-06,-1.01521852234744E-05,-8.32423626633769E-05,0.000427487391387702,-0.000140294958707723,-0.000495179600449855
-4.5581659991872E-06,-1.02494095787512E-05,-8.35845778890576E-05,0.000427756748034317,-0.00013971141683417,-0.000490406464627613
-4.26102496738181E-06,-1.03462291807716E-05,-8.39234913153179E-05,0.000428006133001108,-0.000139129269455116,-0.000485670317864225
-3.96371755514182E-06,-1.04426449981127E-05,-8.42591284216527E-05,0.000428235997782582,-0.000138548516963849,-0.000480970565153703
-3.66625716534555E-06,-1.05386579993807E-05,-8.45915142788304E-05,0.00042844678022668,-0.000137969159059004,-0.000476306624310471
-3.36865690140657E-06,-1.06342691527434E-05,-8.49206735576743E-05,0.000428638905024078,-0.000137391194784308,-0.000471677925621986
-3.07092957624655E-06,-1.07294794254876E-05,-8.52466305376075E-05,0.000428812784176889,-0.000136814622566179,-0.000467083911512346
-2.77308772094989E-06,-1.08242897836037E-05,-8.55694091149671E-05,0.00042896881744776,-0.000136239440249285,-0.000462524036216538
-2.47514359311271E-06,-1.09187011913929E-05,-8.5889032811096E-05,0.000429107392790297,-0.000135665645130199,-0.000457997765464913
-2.17710918489956E-06,-1.1012714611098E-05,-8.62055247802195E-05,0.000429228886761713,-0.000135093233989242,-0.000453504576177551
-1.87899623081884E-06,-1.11063310025556E-05,-8.65189078171122E-05,0.00042933366491853,-0.000134522203120624,-0.000449043956168155
-1.58081621522969E-06,-1.11995513228682E-05,-8.68292043645628E-05,0.000429422082196138,-0.000133952548360979,-0.000444615403857151
-1.28258037959054E-06,-1.1292376526096E-05,-8.71364365206435E-05,0.000429494483272952,-0.000133384265116377,-0.000440218427993665
-9.84299729459609E-07,-1.1384807562967E-05,-8.74406260457877E-05,0.000429551202919899,-0.000132817348387902,-0.000435852547386081
-6.85985041257957E-07,-1.14768453806043E-05,-8.77417943696853E-05,0.000429592566335898,-0.000132251792795882,-0.000431517290640867
-3.87646868578198E-07,-1.15684909223385E-05,-8.80399625982222E-05,0.000429618889469958,-0.0001316875926024,-0.000427212195906174
-8.92955494036747E-08,-1.16597451271901E-05,-8.83351515191246E-05,0.000429630479330556,-0.000131124741734628,-0.000422936810639504
2.09058789142502E-07,-1.17506089300593E-05,-8.86273816096851E-05,0.0004296276342828,-0.000130563233802941,-0.000418690691350033
5.0740622399104E-07,-1.18410832612359E-05,-8.89166730420722E-05,0.000429610644333995,-0.000130003062122066,-0.000414473403380934
8.05737030644235E-07,-1.19311690462697E-05,-8.92030456896102E-05,0.000429579791408084,-0.000129444219729131,-0.000410284520682232
1.1040416776549E-06,-1.2020867205784E-05,-8.94865191326812E-05,0.000429535349609478,-0.000128886699401144,-0.000406123625593664
1.4023108212847E-06,-1.21101786553005E-05,-8.97671126644772E-05,0.000429477585476743,-0.000128330493671574,-0.000401990308634021
1.70053530033528E-06,-1.21991043050758E-05,-9.00448452966088E-05,0.000429406758226586,-0.00012777559484604,-0.000397884168296751
1.99870613114589E-06,-1.22876450599485E-05,-9.03197357645743E-05,0.000429323119988561,-0.000127221995017193,-0.000393804810851617
2.2968145027504E-06,-1.23758018191961E-05,-9.05918025330923E-05,0.000429226916030914,-0.000126669686078811,-0.000389751850152203
2.59485177218862E-06,-1.24635754764016E-05,-9.08610638013033E-05,0.000429118384977922,-0.000126118659739151,-0.000385724907449066
2.89280945996553E-06,-1.2550966919329E-05,-9.11275375078429E-05,0.000428997759019128,-0.000125568907533613,-0.000381723611208352
3.19067924565306E-06,-1.26379770298079E-05,-9.13912413357915E-05,0.000428865264110777,-0.000125020420836725,-0.000377747596935699
3.48845296362922E-06,-1.2724606683625E-05,-9.16521927175033E-05,0.000428721120169827,-0.00012447319087351,-0.000373796507005227
3.78612259894935E-06,-1.28108567504249E-05,-9.19104088393175E-05,0.000428565541260809,-0.000123927208730254,-0.000369869990493478
4.08368028334501E-06,-1.28967280936165E-05,-9.21659066461571E-05,0.000428398735775865,-0.000123382465364707,-0.000365967703018124
4.38111829134527E-06,-1.2982221570288E-05,-9.24187028460165E-05,0.000428220906608239,-0.000122838951615747,-0.000362089306581288
4.67842903651646E-06,-1.30673380311266E-05,-9.26688139143418E-05,0.000428032251319488,-0.000122296658212534,-0.000358234469417336
4.97560506781608E-06,-1.31520783203463E-05,-9.29162560983076E-05,0.000427832962300681,-0.000121755575783184,-0.000354402865844996
5.2726390660563E-06,-1.32364432756199E-05,-9.31610454209917E-05,0.000427623226927834,-0.000121215694862974,-0.000350594176123657
5.56952384038886E-06,-1.33204337279933E-05,-9.34031976853822E-05,0.000427403227711637,-0.000120677005902251,-0.000346808086314841
5.86625232531636E-06,-1.34040505019261E-05,-9.36427284786389E-05,0.000427173142442788,-0.000120139499273313,-0.000343044288141801
6.16281757695392E-06,-1.34872944150942E-05,-9.38796531755596E-05,0.000426933144330191,-0.000119603165278162,-0.000339302478864431
6.45921277023399E-06,-1.35701662784406E-05,-9.41139869426597E-05,0.000426683402136565,-0.000119067994154577,-0.000335582361146375
6.75543119577901E-06,-1.36526668961083E-05,-9.43457447418117E-05,0.000426424080308109,-0.000118533976082496,-0.000331883642931415
7.05146625694797E-06,-1.37347970654026E-05,-9.45749413338695E-05,0.000426155339099879,-0.000118001101189941,-0.000328206037322138
7.34731146696793E-06,-1.38165575767569E-05,-9.48015912822094E-05,0.000425877334696857,-0.000117469359558612,-0.000324549262461933
7.64296044614848E-06,-1.38979492137023E-05,-9.50257089561911E-05,0.00042559021933087,-0.000116938741229191,-0.000320913041420202
7.93840691917585E-06,-1.39789727528409E-05,-9.52473085345396E-05,0.000425294141393524,-0.000116409236206348,-0.000317297102080688
8.23364471248436E-06,-1.40596289638225E-05,-9.546640400865E-05,0.000424989245545302,-0.000115880834463487,-0.000313701177032824
8.52866775170208E-06,-1.41399186093243E-05,-9.56830091858192E-05,0.000424675672820967,-0.000115353525947217,-0.000310125003466015
8.82347005916836E-06,-1.42198424450342E-05,-9.5897137692404E-05,0.000424353560731419,-0.000114827300581588,-0.000306568323066745
9.11804575152145E-06,-1.42994012196359E-05,-9.61088029769091E-05,0.000424023043362139,-0.000114302148272094,-0.000303030881918441
9.41238903735265E-06,-1.4378595674798E-05,-9.63180183130069E-05,0.000423684251468342,-0.000113778058909439,-0.000299512430403994
9.70649421492596E-06,-1.44574265451644E-05,-9.65247968024897E-05,0.00042333731256699,-0.000113255022373112,-0.000296012723110862
1.00003556699601E-05,-1.45358945583482E-05,-9.67291513781578E-05,0.000422982351025747,-0.000112733028534743,-0.000292531518738673
1.02939678734718E-05,-1.46140004349268E-05,-9.69310948066433E-05,0.000422619488149028,-0.000112212067261281,-0.000289068580009251
1.05873253796776E-05,-1.46917448884403E-05,-9.71306396911732E-05,0.00042224884226123,-0.000111692128417986,-0.000285623673578995
1.08804228239523E-05,-1.47691286253908E-05,-9.73277984742714E-05,0.000421870528787255,-0.000111173201871243,-0.000282196569953532
1.11732549208425E-05,-1.48461523452444E-05,-9.75225834404034E-05,0.000421484660330427,-0.000110655277491222,-0.000278787043404588
1.14658164621342E-05,-1.49228167404348E-05,-9.77150067185632E-05,0.000421091346747896,-0.000110138345154369,-0.000275394871889002
1.17581023149704E-05,-1.49991224963681E-05,-9.79050802848045E-05,0.000420690695223614,-0.000109622394745758,-0.000272019836969826
1.20501074200198E-05,-1.50750702914298E-05,-9.80928159647189E-05,0.000420282810338977,-0.000109107416161286,-0.000268661723739452
1.23418267896933E-05,-1.51506607969931E-05,-9.827822543586E-05,0.000419867794141194,-0.000108593399309743,-0.000265320320744706
1.26332555063548E-05,-1.52258946774146E-05,-9.84613202300811E-05,0.000419445746209275,-0.000108080334114767,-0.000261995419914637
1.29243887208391E-05,-1.53007725901007E-05,-9.86421117360041E-05,0.000419016763719211,-0.000107568210516613,-0.000258686816486046
1.32152216504907E-05,-1.53752951854365E-05,-9.88206112010746E-05,0.000418580941504676,-0.00010705701847398,-0.000255394308938911
1.35057495777674E-05,-1.54494631068547E-05,-9.89968297339355E-05,0.000418138372118088,-0.000106546747965501,-0.000252117698925588
1.37959678486245E-05,-1.55232769908362E-05,-9.91707783065712E-05,0.000417689145888716,-0.000106037388991265,-0.000248856791205623
1.40858718709902E-05,-1.55967374669251E-05,-9.93424677564425E-05,0.000417233350979189,-0.000105528931574206,-0.000245611393581415
1.43754571132805E-05,-1.56698451577456E-05,-9.95119087885781E-05,0.000416771073440268,-0.000105021365761399,-0.000242381316835479
1.46647191029511E-05,-1.57426006790187E-05,-9.96791119776224E-05,0.000416302397263934,-0.000104514681625267,-0.000239166374669246
1.49536534250852E-05,-1.58150046395804E-05,-9.98440877698425E-05,0.000415827404434847,-0.000104008869264695,-0.000235966383643365
1.52422557210176E-05,-1.58870576414004E-05,-0.000100006846485093,0.000415346174980235,-0.000103503918806077,-0.000232781163119468
1.55305216869917E-05,-1.59587602796017E-05,-0.00010016739831874,0.000414858787018272,-0.000102999820404261,-0.000229610535203348
1.58184470728507E-05,-1.60301131424804E-05,-0.00010032575334355,0.000414365316804987,-0.000102496564243448,-0.000226454324689516
1.61060276807596E-05,-1.61011168115265E-05,-0.000100481921511536,0.000413865838779767,-0.000101994140537996,-0.000223312359007088
1.63932593639597E-05,-1.61717718614451E-05,-0.000100635912655772,0.00041336042560949,-0.000101492539533169,-0.000220184468166982
1.66801380255525E-05,-1.62420788601782E-05,-0.000100787736492162,0.000412849148231345,-0.000100991751505825,-0.000217070484710367
1.69666596173125E-05,-1.63120383689267E-05,-0.000100937402621185,0.000412332075894375,-0.000100491766765029,-0.000213970243658344
1.72528201385298E-05,-1.6381650942173E-05,-0.000101084920529599,0.000411809276199792,-9.99925756526253E-05,-0.000210883582462818
1.75386156348788E-05,-1.6450917127704E-05,-0.000101230299592109,0.000411280815140105,-9.94941685437439E-05,-0.000207810340958528
1.78240421973142E-05,-1.65198374666345E-05,-0.00010137354907301,0.000410746757137093,-9.89965358472562E-05,-0.000204750361316207
1.81090959609938E-05,-1.65884124934304E-05,-0.000101514678127791,0.000410207165078662,-9.84996680061848E-05,-0.000201703487996839
1.83937731042251E-05,-1.66566427359329E-05,-0.000101653695804709,0.000409662100354636,-9.80035554980619E-05,-0.000198669567706982
1.86780698474374E-05,-1.67245287153823E-05,-0.000101790611046334,0.000409111622891485,-9.75081888352443E-05,-0.000195648449355128
1.89619824521772E-05,-1.67920709464428E-05,-0.000101925432691066,0.00040855579118605,-9.70135585651834E-05,-0.000192639984009087
1.92455072201271E-05,-1.68592699372262E-05,-0.000102058169474616,0.00040799466233828,-9.65196552706564E-05,-0.000189644024854345
1.95286404921226E-05,-1.69261261893105E-05,-0.000102188830031452,0.000407428292082959,-9.60264695701382E-05,-0.000186660427153489
1.98113786473104E-05,-1.69926401977907E-05,-0.000102317422896274,0.000406856734821113,-9.55339921171845E-05,-0.000183689048205992
2.009371810209E-05,-1.7058812451264E-05,-0.000102443956505346,0.000406280043649378,-9.50422136017934E-05,-0.000180729747309883
2.03756553093126E-05,-1.71246434318816E-05,-0.000102568439197919,0.0004056982703895,-9.45511247496194E-05,-0.000177782385723503
2.06571867573827E-05,-1.71901336153662E-05,-0.000102690879217561,0.000405111465616605,-9.40607163222235E-05,-0.000174846826628482
2.09383089694011E-05,-1.72552834710377E-05,-0.00010281128471349,0.000404519678686728,-9.35709791171113E-05,-0.000171922935093445
2.12190185023285E-05,-1.73200934618377E-05,-0.000102929663741862,0.000403922957763574,-9.3081903967736E-05,-0.000169010578038521
2.14993119461659E-05,-1.73845640443549E-05,-0.000103046024267052,0.000403321349844516,-9.25934817434732E-05,-0.000166109624200651
2.17791859231537E-05,-1.74486956688493E-05,-0.0001031603741629,0.000402714900785873,-9.21057033495623E-05,-0.00016321994409967
2.20586370869881E-05,-1.75124887792779E-05,-0.000103272721213938,0.000402103655327479,-9.16185597270294E-05,-0.000160341410005132
2.23376621220537E-05,-1.7575943813319E-05,-0.000103383073116596,0.000401487657116558,-9.11320418525771E-05,-0.000157473895903877
2.26162577426732E-05,-1.76390612023971E-05,-0.000103491437480381,0.000400866948730947,-9.06461407384544E-05,-0.000154617277468317
2.28944206923722E-05,-1.77018413717073E-05,-0.000103597821829038,0.000400241571701661,-9.0160847432306E-05,-0.000151771432025404
2.31721477431606E-05,-1.77642847402404E-05,-0.000103702233601688,0.000399611566534838,-8.96761530169989E-05,-0.000148936238526293
2.34494356948275E-05,-1.78263917208068E-05,-0.000103804680153944,0.000398976972733079,-8.91920486104319E-05,-0.000146111577516648
2.37262813742522E-05,-1.78881627200606E-05,-0.000103905168759014,0.000398337828816202,-8.87085253653261E-05,-0.000143297331107602
2.40026816347282E-05,-1.79495981385243E-05,-0.000104003706608769,0.00039769417234142,-8.82255744690006E-05,-0.000140493382947322
2.42786333553021E-05,-1.80106983706123E-05,-0.00010410030081481,0.000397046039922973,-8.77431871431333E-05,-0.000137699618193194
2.45541334401251E-05,-1.80714638046548E-05,-0.0001041949584095,0.000396393467251228,-8.72613546435051E-05,-0.000134915923484575
2.4829178817818E-05,-1.81318948229215E-05,-0.000104287686346986,0.000395736489111252,-8.67800682597341E-05,-0.000132142186916122
2.51037664408602E-05,-1.81919918016469E-05,-0.000104378491504205,0.00039507513940061,-8.62993193158974E-05,-0.000129378298011165
2.53778932849339E-05,-1.82517551110454E-05,-0.000104467380681854,0.000394409451148222,-8.58190991659143E-05,-0.000126624147698662
2.56515563483951E-05,-1.83111851153459E-05,-0.000104554360605373,0.000393739456529196,-8.53393992011769E-05,-0.000123879628283773
2.59247526516412E-05,-1.83702821728077E-05,-0.000104639437925885,0.000393065186883305,-8.48602108434626E-05,-0.000121144633427061
2.61974792365478E-05,-1.84290466357443E-05,-0.000104722619221129,0.000392386672730567,-8.43815255469146E-05,-0.000118419058119319
2.64697331659048E-05,-1.84874788505456E-05,-0.000104803910996376,0.000391703943787009,-8.39033347976689E-05,-0.000115702798658101
2.67415115228636E-05,-1.85455791577003E-05,-0.000104883319685327,0.000391017028979995,-8.34256301134809E-05,-0.000112995752624731
2.70128114103945E-05,-1.86033478918174E-05,-0.000104960851651,0.000390325956463154,-8.29484030433458E-05,-0.000110297818861795
2.72836299507544E-05,-1.86607853816478E-05,-0.000105036513186596,0.000389630753630893,-8.2471645167114E-05,-0.000107608897451086
2.75539642849648E-05,-1.87178919501057E-05,-0.000105110310516352,0.00038893144713253,-8.19953480951033E-05,-0.000104928889692006
2.78238115722986E-05,-1.87746679142899E-05,-0.000105182249796379,0.000388228062886044,-8.15195034677041E-05,-0.000102257698080403
2.80931689897777E-05,-1.88311135855039E-05,-0.000105252337115487,0.000387520626091452,-8.10441029549783E-05,-9.95952262878349E-05
2.8362033731678E-05,-1.88872292692767E-05,-0.000105320578495993,0.000386809161243837,-8.0569138256253E-05,-9.69413791412565E-05
2.86304030090451E-05,-1.89430152653832E-05,-0.000105386979894519,0.000386093692146016,-8.00946010997088E-05,-9.42960626031077E-05
2.88982740492176E-05,-1.89984718678638E-05,-0.000105451547202768,0.000385374241920884,-7.96204832419602E-05,-9.16591837518056E-05
2.91656440953587E-05,-1.90535993650439E-05,-0.0001055142862483,0.000384650833023415,-7.91467764676293E-05,-8.90306507626212E-05
2.94325104059973E-05,-1.91083980395537E-05,-0.000105575202795281,0.000383923487252351,-7.86734725889163E-05,-8.64103728889362E-05
2.96988702545753E-05,-1.91628681683466E-05,-0.000105634302545228,0.000383192225761579,-7.82005634451615E-05,-8.37982604438697E-05
2.99647209290044E-05,-1.92170100227183E-05,-0.000105691591137738,0.000382457069071202,-7.77280409024012E-05,-8.11942247822666E-05
3.02300597312293E-05,-1.92708238683251E-05,-0.000105747074151206,0.000381718037078321,-7.72558968529208E-05,-7.85981782830385E-05
3.04948839767988E-05,-1.93243099652017E-05,-0.000105800757103528,0.000380975149067521,-7.67841232148013E-05,-7.60100343318486E-05
3.07591909944444E-05,-1.93774685677794E-05,-0.000105852645452799,0.000380228423721085,-7.63127119314622E-05,-7.34297073041349E-05
3.10229781256646E-05,-1.94302999249033E-05,-0.000105902744597988,0.000379477879128934,-7.58416549711979E-05,-7.08571125484623E-05
3.1286242724318E-05,-1.94828042798493E-05,-0.000105951059879613,0.000378723532798297,-7.53709443267167E-05,-6.82921663701953E-05
3.15489821562211E-05,-1.95349818703412E-05,-0.000105997596580398,0.000377965401663127,-7.49005720146714E-05,-6.57347860154878E-05
3.18111937987538E-05,-1.95868329285669E-05,-0.000106042359925922,0.000377203502093256,-7.4430530075193E-05,-6.31848896555797E-05
3.20728750404691E-05,-1.96383576811934E-05,-0.000106085355085256,0.000376437849903233,-7.39608105714933E-05,-6.06423963712887E-05
3.23340232807166E-05,-1.96895563493874E-05,-0.000106126587171584,0.000375668460361402,-7.34914055891293E-05,-5.81072261381227E-05
3.25946359292572E-05,-1.97404291488237E-05,-0.000106166061242827,0.000374895348197721,-7.30223072358853E-05,-5.55792998110572E-05
3.28547104058977E-05,-1.97909762897052E-05,-0.000106203782302247,0.000374118527612375,-7.25535076410107E-05,-5.30585391103962E-05
3.31142441401247E-05,-1.9841197976776E-05,-0.000106239755299038,0.000373338012283715,-7.20849989548174E-05,-5.05448666073482E-05
3.33732345707449E-05,-1.98910944093366E-05,-0.000106273985128919,0.000372553815376023,-7.16167733481887E-05,-4.80382057100116E-05
3.36316791455302E-05,-1.99406657812573E-05,-0.000106306476634703,0.000371765949547073,-7.11488230120885E-05,-4.55384806496188E-05
3.3889575320869E-05,-1.99899122809924E-05,-0.00010633723460687,0.000370974426955494,-7.06811401570659E-05,-4.30456164670361E-05
3.41469205614221E-05,-2.00388340915935E-05,-0.000106366263784122,0.000370179259267929,-7.02137170127634E-05,-4.05595389995117E-05
3.44037123397832E-05,-2.00874313907227E-05,-0.000106393568853932,0.000369380457666007,-6.97465458274166E-05,-3.80801748676701E-05
3.46599481361445E-05,-2.01357043506651E-05,-0.000106419154453082,0.000368578032853115,-6.92796188673529E-05,-3.56074514627456E-05
3.49156254379672E-05,-2.01836531383414E-05,-0.000106443025168197,0.000367771995060995,-6.88129284164893E-05,-3.31412969340502E-05
3.51707417396558E-05,-2.02312779153199E-05,-0.000106465185536265,0.000366962354056151,-6.83464667758253E-05,-3.06816401766701E-05
3.54252945422373E-05,-2.0278578837828E-05,-0.00010648564004515,0.000366149119146077,-6.78802262629335E-05,-2.82284108193875E-05
3.56792813530448E-05,-2.0325556056764E-05,-0.000106504393134099,0.000365332299185318,-6.74141992114499E-05,-2.57815392128173E-05
3.59326996854048E-05,-2.03722097177073E-05,-0.000106521449194239,0.000364511902581354,-6.69483779705599E-05,-2.33409564177598E-05
3.61855470583285E-05,-2.04185399609301E-05,-0.000106536812569066,0.000363687937300317,-6.6482754904487E-05,-2.09065941937562E-05
3.64378209962079E-05,-2.04645469214064E-05,-0.000106550487554924,0.000362860410872548,-6.60173223919774E-05,-1.84783849878479E-05
3.66895190285143E-05,-2.0510230728823E-05,-0.000106562478401484,0.000362029330397991,-6.5552072825789E-05,-1.60562619235273E-05
3.69406386895019E-05,-2.05555915075886E-05,-0.000106572789312204,0.000361194702551439,-6.50869986121811E-05,-1.36401587898787E-05
3.71911775179137E-05,-2.06006293768426E-05,-0.000106581424444792,0.000360356533587615,-6.46220921704059E-05,-1.12300100309014E-05
3.74411330566921E-05,-2.06453444504649E-05,-0.000106588387911655,0.000359514829346115,-6.41573459322084E-05,-8.82575073500632E-06
3.76905028527894E-05,-2.06897368371004E-05,-0.000106593683780344,0.000358669595255772,-6.36927523413458E-05,-6.42731662361881E-06
3.79392844564944E-05,-2.07338066400999E-05,-0.000106597316073985,0.000357820836341128,-6.32283038526432E-05,-4.03464404597546E-06
3.8187475421738E-05,-2.07775539576291E-05,-0.000106599288771721,0.00035696855722422,-6.27639929321687E-05,-1.64766996170993E-06
3.84350733054254E-05,-2.08209788826085E-05,-0.000106599605809126,0.000356112762130786,-6.22998120562614E-05,7.33668063974218E-07
3.86820756672599E-05,-2.08640815027374E-05,-0.000106598271078622,0.000355253454894051,-6.1835753711106E-05,3.10943187111247E-06
3.89284800694714E-05,-2.09068619005003E-05,-0.000106595288429894,0.000354390638958843,-6.13718103922039E-05,5.47968271441059E-06
3.91742840765486E-05,-2.09493201531734E-05,-0.000106590661670284,0.000353524317385582,-6.09079746038471E-05,7.84448127251886E-06
3.94194852549732E-05,-2.09914563328304E-05,-0.000106584394565199,0.000352654492854135,-6.04442388585877E-05,1.02038876571499E-05
3.96640811729566E-05,-2.10332705063481E-05,-0.000106576490838492,0.000351781167667567,-5.99805956767048E-05,1.25579614220431E-05
3.99080694001798E-05,-2.10747627354116E-05,-0.000106566954172853,0.000350904343755753,-5.95170375856763E-05,1.49067615717832E-05
4.01514475075356E-05,-2.11159330765191E-05,-0.000106555788210183,0.000350024022678883,-5.90535571196428E-05,1.72503465704678E-05
4.03942130668729E-05,-2.11567815809864E-05,-0.000106542996551968,0.000349140205630851,-5.85901468188739E-05,1.95887743502345E-05
4.06363636507432E-05,-2.11973082949507E-05,-0.000106528582759648,0.000348252893442522,-5.81267992292315E-05,2.19221023196448E-05
4.08778968321501E-05,-2.12375132593746E-05,-0.000106512550354974,0.0003473620865849,-5.76635069016336E-05,2.42503873719324E-05
4.11188101843002E-05,-2.12773965100496E-05,-0.000106494902820362,0.00034646778517217,-5.72002623915159E-05,2.6573685893115E-05
4.13591012803562E-05,-2.13169580775982E-05,-0.000106475643599249,0.000345569988964651,-5.67370582582894E-05,2.88920537699734E-05
4.15987676931923E-05,-2.13561979874776E-05,-0.00010645477609643,0.000344668697371625,-5.62738870648026E-05,3.12055463979038E-05
4.18378069951517E-05,-2.13951162599811E-05,-0.0001064323036784,0.000343763909454076,-5.58107413767969E-05,3.35142186886415E-05
4.2076216757805E-05,-2.14337129102402E-05,-0.000106408229673688,0.000342855623927321,-5.53476137623627E-05,3.58181250778622E-05
4.23139945517115E-05,-2.14719879482259E-05,-0.000106382557373181,0.000341943839163544,-5.48844967913936E-05,3.81173195326618E-05
4.25511379461816E-05,-2.15099413787501E-05,-0.000106355290030451,0.000341028553194231,-5.44213830350405E-05,4.04118555589207E-05
4.27876445090412E-05,-2.15475732014659E-05,-0.000106326430862072,0.000340109763712511,-5.39582650651625E-05,4.27017862085513E-05
4.30235118062951E-05,-2.15848834108521E-05,-0.000106295983047943,0.000339187468075779,-5.34951354539041E-05,4.49871640855474E-05
4.32587374023031E-05,-2.16218719962771E-05,-0.000106263949731547,0.000338261663306268,-5.30319867726496E-05,4.72680413573533E-05
4.34933188589356E-05,-2.16585389419022E-05,-0.000106230334020331,0.000337332346095402,-5.25688115921445E-05,4.95444697550565E-05
4.37272537357529E-05,-2.16948842267453E-05,-0.000106195138985951,0.000336399512804274,-5.21056024815186E-05,5.18165005847602E-05
4.39605395896739E-05,-2.17309078246629E-05,-0.000106158367664581,0.000335463159465885,-5.16423520078564E-05,5.40841847331895E-05
4.41931739747495E-05,-2.17666097043492E-05,-0.0001061200230572,0.000334523281786922,-5.11790527356281E-05,5.63475726742575E-05
4.44251544419364E-05,-2.18019898293335E-05,-0.000106080108129877,0.000333579875149454,-5.07156972261195E-05,5.8606714475538E-05
4.46564785388718E-05,-2.18370481579782E-05,-0.000106038625814053,0.000332632934612539,-5.02522780368628E-05,6.08616598046448E-05
4.48871438096503E-05,-2.18717846434758E-05,-0.000105995579006812,0.000331682454913749,-4.97887877210678E-05,6.31124579355213E-05
4.51171477946006E-05,-2.19061992338458E-05,-0.000105950970571156,0.000330728430470611,-4.93252188270536E-05,6.53591577546388E-05
4.53464880300643E-05,-2.19402918719311E-05,-0.000105904803336272,0.000329770855381967,-4.88615638976778E-05,6.7601807767105E-05
4.55751620481743E-05,-2.19740624953939E-05,-0.000105857080097791,0.000328809723429246,-4.83978154697643E-05,6.98404561026838E-05
4.58031673766354E-05,-2.20075110367113E-05,-0.000105807803618052,0.000327845028077666,-4.7933966073532E-05,7.20751505217282E-05
4.60305015385048E-05,-2.20406374231708E-05,-0.000105756976626351,0.000326876762477342,-4.74700082320185E-05,7.43059384210249E-05
4.62571620519738E-05,-2.20734415768647E-05,-0.000105704601819196,0.000325904919464329,-4.70059344605014E-05,7.65328668395531E-05
4.64831464301499E-05,-2.21059234146848E-05,-0.000105650681860551,0.000324929491561576,-4.65417372659196E-05,7.87559824641592E-05
4.67084521808397E-05,-2.21380828483163E-05,-0.000105595219382079,0.000323950470979811,-4.60774091462868E-05,8.09753316351453E-05
4.69330768063326E-05,-2.21699197842314E-05,-0.000105538216983382,0.000322967849618338,-4.5612942590104E-05,8.31909603517753E-05
4.71570178031845E-05,-2.22014341236826E-05,-0.000105479677232234,0.000321981619065773,-4.51483300757678E-05,8.54029142776991E-05
4.73802726620022E-05,-2.22326257626954E-05,-0.000105419602664813,0.00032099177060069,-4.46835640709714E-05,8.76112387462929E-05
4.76028388672287E-05,-2.22634945920605E-05,-0.000105357995785929,0.000319998295192208,-4.42186370321031E-05,8.9815978765921E-05
4.78247138969281E-05,-2.22940404973258E-05,-0.000105294859069247,0.00031900118350049,-4.37535414036367E-05,9.20171790251153E-05
4.80458952226951E-05,-2.23242633588054E-05,-0.000105230194957472,0.000318000425876636,-4.32882696172272E-05,9.42148838988043E-05
4.8266380308946E-05,-2.23541630515016E-05,-0.00010516400586271,0.000316996012365195,-4.28228140923871E-05,9.64091374491172E-05
4.84861666134472E-05,-2.23837394451992E-05,-0.000105096294166466,0.000315987932701226,-4.23571672339772E-05,9.85999834368038E-05
4.87052515866064E-05,-2.24129924043863E-05,-0.000105027062219996,0.000314976176312677,-4.18913214328337E-05,0.000100787465321802
4.89236326713829E-05,-2.24419217882618E-05,-0.000104956312344475,0.000313960732319984,-4.14252690648442E-05,0.000102971626269178
4.91413073030738E-05,-2.24705274507249E-05,-0.000104884046831208,0.000312941589536143,-4.09590024903298E-05,0.000105152509153916
4.93582729091008E-05,-2.24988092403637E-05,-0.000104810267941822,0.000311918736466713,-4.04925140534208E-05,0.000107330156565628
4.95745269087967E-05,-2.25267670004439E-05,-0.000104734977908468,0.000310892161309752,-4.00257960814302E-05,0.000109504610813215
4.97900667131915E-05,-2.25544005688971E-05,-0.000104658178934008,0.000309861851955678,-3.95588408842223E-05,0.000111675913929454
5.0004889724799E-05,-2.25817097783079E-05,-0.000104579873192214,0.000308827795987065,-3.90916407535748E-05,0.000113844107675529
5.02189933374027E-05,-2.26086944559021E-05,-0.000104500062827947,0.000307789980678374,-3.86241879625416E-05,0.0001160092335455
5.04323749358421E-05,-2.26353544235323E-05,-0.000104418749957344,0.000306748392995603,-3.81564747648064E-05,0.000118171332770713
5.06450318957979E-05,-2.26616894976651E-05,-0.000104335936668002,0.000305703019595885,-3.76884933940346E-05,0.000120330446324156
5.08569615835774E-05,-2.26876994893667E-05,-0.00010425162501915,0.000304653846827002,-3.72202360632193E-05,0.000122486614924749
0.0000510681613558999,-2.27133842042882E-05,-0.000104165817041828,0.000303600860726843,-3.67516949640255E-05,0.000124639879041591
5.1278628559681E-05,-2.27387434426506E-05,-0.000104078514739058,0.000302544047022784,-3.62828622661271E-05,0.000126790278898146
5.14883605318165E-05,-2.27637769992294E-05,-0.000103989720086013,0.000301483391131007,-3.58137301165393E-05,0.000128937854476375
5.16973545989664E-05,-2.27884846633386E-05,-0.000103899435030185,0.00030041887815575,-3.53442906389506E-05,0.000131082645520824
5.1905608077338E-05,-2.28128662188142E-05,-0.000103807661491543,0.000299350492888486,-3.48745359330454E-05,0.000133224691542655
5.21131182724681E-05,-2.28369214439973E-05,-0.000103714401362703,0.000298278219807033,-3.44044580738243E-05,0.000135364031823632
5.23198824790051E-05,-2.28606501117169E-05,-0.000103619656509075,0.000297202043074609,-3.39340491109208E-05,0.00013750070542006
5.25258979804158E-05,-2.2884051989263E-05,-0.000103523428769062,0.00029612194653918,-3.3463301068134E-05,0.000139634751165966
5.27311620490632E-05,-2.29071268384039E-05,-0.00010342571995407,0.000295037913730854,-3.29922059418363E-05,0.000141766207679719
5.29356719455399E-05,-2.29298744153135E-05,-0.000103326531848864,0.000293949927863004,-3.25207557015285E-05,0.000143895113363499
5.31394249187445E-05,-2.29522944705884E-05,-0.000103225866211582,0.000292857971829519,-3.20489422883046E-05,0.000146021506409954
5.33424182055852E-05,-2.29743867492186E-05,-0.000103123724773907,0.000291762028203887,-3.15767576143761E-05,0.000148145424805197
5.35446490307569E-05,-2.29961509905674E-05,-0.000103020109241218,0.000290662079237833,-3.11041935623395E-05,0.00015026690633246
5.37461146065171E-05,-2.30175869283504E-05,-0.000102915021292723,0.000289558106859894,-3.06312419844431E-05,0.000152385988575696
5.39468121324611E-05,-2.30386942906143E-05,-0.000102808462581597,0.000288450092673914,-3.01578947018476E-05,0.000154502708923147
5.41467387952959E-05,-2.30594727997154E-05,-0.000102700434735119,0.000287338017957479,-2.96841435038822E-05,0.000156617104570867
5.43458917686128E-05,-2.30799221722963E-05,-0.000102590939354805,0.000286221863660275,-2.92099801472953E-05,0.000158729212526203
5.45442682126597E-05,-2.31000421192639E-05,-0.000102479978016533,0.000285101610402379,-2.87353963554986E-05,0.000160839069611234
5.47418652741113E-05,-2.31198323457658E-05,-0.000102367552270675,0.000283977238472482,-2.8260383817807E-05,0.000162946712466177
5.49386800858379E-05,-2.31392925511659E-05,-0.00010225366364222,0.000282848727826032,-2.77849341886672E-05,0.000165052177552748
5.5134709766674E-05,-2.31584224290205E-05,-0.000102138313630897,0.00028171605808332,-2.73090390868826E-05,0.000167155501157489
5.53299514211846E-05,-2.3177221667053E-05,-0.000102021503711297,0.000280579208527486,-2.68326900948281E-05,0.000169256719395062
5.55244021394303E-05,-2.31956899471282E-05,-0.000101903235332991,0.000279438158102455,-2.63558787576562E-05,0.000171355868211499
5.57180589967308E-05,-2.32138269452264E-05,-0.000101783509920642,0.000278292885410805,-2.58785965824933E-05,0.000173452983387424
5.59109190534277E-05,-2.32316323314168E-05,-0.000101662328874123,0.000277143368711564,-2.54008350376286E-05,0.000175548100541243
5.61029793545753E-05,-2.32491057698233E-05,-0.000101539693568674,0.000275989585918371,-2.49225855518701E-05,0.000177641255131415
5.62942369299769E-05,-2.32662469186231E-05,-0.00010141560535483,0.000274831514595333,-2.4443839513028E-05,0.000179732482463106
5.64846887935263E-05,-2.32830554299792E-05,-0.000101290065558795,0.000273669131957241,-2.39645882681648E-05,0.000181821817685917
5.66743319432411E-05,-2.32995309500372E-05,-0.000101163075482373,0.000272502414865331,-2.348482312199E-05,0.000183909295800483
5.68631633609466E-05,-2.33156731188898E-05,-0.000101034636403112,0.000271331339825129,-2.30045353362003E-05,0.000185994951660618
5.70511800120285E-05,-2.33314815705458E-05,-0.000100904749574405,0.000270155882983796,-2.25237161286207E-05,0.000188078819976297
5.72383788451827E-05,-0.0000233469559329001,-0.000100773416225592,0.000268976020127388,-2.20423566723384E-05,0.000190160935316606
5.74247567921636E-05,-2.33620958277019E-05,-0.000100640637562053,0.000267791726678047,-2.15604480948223E-05,0.00019224133211267
5.76103107675306E-05,-2.33769008705228E-05,-0.000100506414765306,0.000266602977691107,-2.10779814770351E-05,0.000194320044660539
5.77950376683921E-05,-2.33913706707244E-05,-0.000100370748993099,0.000265409747852124,-2.05949478525334E-05,0.000196397107124059
5.79789343741478E-05,-2.34055048314245E-05,-0.000100233641379496,0.000264212011473824,-2.01113382065565E-05,0.000198472553537705
5.81619977462285E-05,-2.34193029494641E-05,-0.000100095093034976,0.000263009742492971,-1.96271434751045E-05,0.000200546417809387
5.83442246278342E-05,-2.34327646153719E-05,-9.99551050465098E-05,0.00026180291446715,-1.91423545440055E-05,0.000202618733723224
5.85256118436696E-05,-2.344588941333E-05,-9.98136784776502E-05,0.000260591500571469,-1.86569622479709E-05,0.000204689534942294
5.87061561996771E-05,-2.34586769211375E-05,-9.96708143686145E-05,0.000259375473595176,-1.81709573696394E-05,0.000206758855011349
5.88858544827677E-05,-2.34711267101742E-05,-9.95265137363652E-05,0.000258154805938186,-1.76843306386071E-05,0.000208826727359503
5.90647034605495E-05,-2.34832383453635E-05,-9.93807775746895E-05,0.000256929469607528,-1.71970727304495E-05,0.000210893185302888
5.92426998810536E-05,-2.34950113851344E-05,-9.92336068542768E-05,0.000255699436213693,-1.67091742657279E-05,0.00021295826204728
5.94198404725692E-05,-2.35064453813902E-05,-9.90850025226993E-05,0.000254464676966061,-1.62206258085281E-05,0.000215021990691515
5.95961219429166E-05,-2.35175398794402E-05,-9.89349655048662E-05,0.000253225162672467,-1.57314178673518E-05,0.000217084404227104
5.97715409798377E-05,-2.35282944180038E-05,-9.8783496702526E-05,0.000251980863730265,-1.52415408912427E-05,0.000219145535545308
5.99460942502623E-05,-2.35387085291404E-05,-9.86305969947162E-05,0.000250731750125631,-1.47509852705877E-05,0.000221205417436494
6.01197784001329E-05,-2.35487817382148E-05,-9.84762672377371E-05,0.000249477791428645,-1.42597413356587E-05,0.000223264082593638
6.02925900541149E-05,-2.35585135638559E-05,-9.83205082652188E-05,0.000248218956789101,-1.37677993555423E-05,0.000225321563614793
6.04645258153023E-05,-2.35679035179132E-05,-9.81633208881858E-05,0.000246955214932225,-1.32751495370507E-05,0.000227377893005537
6.0635582264922E-05,-2.35769511054136E-05,-9.80047058951212E-05,0.000245686534154286,-1.2781782023622E-05,0.000229433103181399
6.08057559620342E-05,-2.35856558245169E-05,-9.78446640520275E-05,0.000244412882318111,-1.22876868942069E-05,0.000231487226470279
6.09750434432298E-05,-2.35940171664702E-05,-9.7683196102487E-05,0.000243134226848495,-1.17928541621403E-05,0.000233540295114833
6.11434412223246E-05,-2.36020346155629E-05,-9.75203027677202E-05,0.000241850534727507,-1.12972737740004E-05,0.000235592341274861
6.13109457900501E-05,-2.36097076490788E-05,-9.73559847466428E-05,0.000240561772489696,-1.08009356084519E-05,0.000237643397029658
6.1477553613741E-05,-2.36170357372493E-05,-9.71902427159202E-05,0.000239267906217188,-1.03038294750771E-05,0.000239693494380358
6.16432611370197E-05,-2.36240183432049E-05,-9.70230773300211E-05,0.000237968901534681,-9.80594511319186E-06,0.000241742665252262
6.18080647794762E-05,-2.36306549229255E-05,-9.68544892212699E-05,0.000236664723604333,-9.30727219064573E-06,0.000243790941497136
6.19719609363456E-05,-2.36369449251911E-05,-9.66844789998965E-05,0.000235355337120541,-8.80780030260994E-06,0.000245838354895505
6.21349459781815E-05,-2.36428877915305E-05,-9.65130472540847E-05,0.000234040706304615,-8.30751897034866E-06,0.000247884937158918
6.22970162505249E-05,-2.36484829561695E-05,-9.63401945500202E-05,0.000232720794899341,-7.8064176399761E-06,0.000249930719932201
6.24581680735548E-05,-2.36537298459777E-05,-9.6165921431954E-05,0.00023139556616365,-7.30448568132364E-06,0.00025197573479572
6.26183977418136E-05,-2.36586278804175E-05,-9.59902284221721E-05,0.000230064982865975,-6.80171238607971E-06,0.000254020013267333
6.27777015237687E-05,-2.36631764714859E-05,-9.58131160211503E-05,0.000228729007279741,-6.29808696725066E-06,0.000256063586804783
6.29360756615308E-05,-2.36673750236618E-05,-9.56345847075203E-05,0.000227387601176655,-5.79359855737957E-06,0.000258106486807811
6.30935163704873E-05,-2.36712229338486E-05,-9.54546349381277E-05,0.000226040725820824,-5.28823620730307E-06,0.000260148744620271
6.32500198389475E-05,-2.36747195913178E-05,-9.52732671480705E-05,0.000224688341962578,-4.7819888847846E-06,0.00026219039153225
6.34055822277838E-05,-2.36778643776501E-05,-9.50904817507357E-05,0.000223330409832156,-4.27484547312778E-06,0.000264231458782163
6.35601996700684E-05,-2.36806566666766E-05,-9.49062791378341E-05,0.000221966889133263,-3.76679476977071E-06,0.000266271977558826
6.3713868270705E-05,-2.36830958244186E-05,-9.47206596794342E-05,0.000220597739036493,-3.25782548485904E-06,0.000268311979003521
6.38665841060569E-05,-2.36851812090266E-05,-9.45336237239946E-05,0.000219222918172619,-2.74792623979639E-06,0.000270351494212026
6.40183432235687E-05,-2.36869121707179E-05,-9.4345171598395E-05,0.000217842384625735,-2.23708556577537E-06,0.000272390554236644
6.41691416413856E-05,-2.36882880517137E-05,-9.4155303607965E-05,0.000216456095926268,-1.72529190228531E-06,0.000274429190088199
6.43189753479654E-05,-2.36893081861748E-05,-9.39640200365133E-05,0.000215064009043836,-1.21253359559691E-06,0.000276467432738017
6.44678403016867E-05,-2.36899719001362E-05,-9.37713211463536E-05,0.000213666080379966,-6.98798897223022E-07,0.000278505313119892
6.46157324304524E-05,-2.3690278511441E-05,-9.35772071783303E-05,0.000212262265760653,-1.84075962357803E-07,0.000280542862132028
6.47626476312865E-05,-2.36902273296729E-05,-9.33816783518424E-05,0.000210852520428779,3.31647151711491E-07,0.000282580110638957
6.49085817699274E-05,-2.36898176560872E-05,-9.31847348648668E-05,0.00020943679903636,8.48382487217059E-07,0.000284617089473452
6.50535306804141E-05,-2.36890487835421E-05,-9.29863768939785E-05,0.000208015055636645,1.3661421875471E-06,0.000286653829438399
6.5197490164668E-05,-2.36879199964268E-05,-9.27866045943722E-05,0.000206587243676046,1.88493849891152E-06,0.000288690361308672
6.53404559920686E-05,-2.36864305705903E-05,-9.25854180998797E-05,0.000205153315985902,2.40478377203332E-06,0.000290726715832965
6.54824238990233E-05,-2.36845797732677E-05,-9.23828175229886E-05,0.000203713224774072,2.92569046386901E-06,0.000292762923735622
6.56233895884921E-05,-2.36823668630075E-05,-9.21788029549127E-05,0.000202266921616636,3.44767113923807E-06,0.000294799015717763
6.57633487297037E-05,-2.36797910895907E-05,-9.19733744653884E-05,0.000200814357448097,3.97073847301527E-06,0.000296835022461799
6.59022969574701E-05,-2.36768516939616E-05,-9.17665321030158E-05,0.000199355482554043,4.49490525128505E-06,0.000298870974629146
6.60402298718906E-05,-2.36735479081444E-05,-9.15582758950542E-05,0.00019789024656096,5.02018437362103E-06,0.000300906902864652
6.61771430378515E-05,-2.3669878955166E-05,-9.13486058474867E-05,0.000196418598427205,5.54658885483275E-06,0.000302942837797647
6.63130319845587E-05,-2.36658440489741E-05,-9.11375219450312E-05,0.000194940486433516,6.07413182685781E-06,0.000304978810043642
6.6447892205064E-05,-2.3661442394356E-05,-9.09250241511491E-05,0.000193455858173326,6.60282654068508E-06,0.000307014850206014
6.6581719155784E-05,-2.36566731868552E-05,-9.0711112408053E-05,0.000191964660542885,7.13268636830914E-06,0.000309050988877667
6.6714508256013E-05,-2.3651535612686E-05,-9.0495786636714E-05,0.000190466839731164,7.66372480471784E-06,0.000311087256642667
6.68462548874279E-05,-2.36460288486485E-05,-9.02790467368663E-05,0.000188962341209569,8.19595546991421E-06,0.000313123684077864
6.69769543935861E-05,-2.364015206204E-05,-9.00608925870129E-05,0.000187451109721433,8.72939211097229E-06,0.000315160301754485
6.71066020794166E-05,-2.36339044105666E-05,-8.98413240444276E-05,0.000185933089271289,9.26404860412638E-06,0.000317197140239704
6.72351932107032E-05,-2.3627285042253E-05,-8.96203409451583E-05,0.000184408223113933,9.79993895689795E-06,0.000319234230098189
6.73627230135592E-05,-2.36202930953496E-05,-8.9397943104028E-05,0.000182876453743248,1.03370773102593E-05,0.000321271601893627
6.74891866738962E-05,-2.36129276982404E-05,-8.91741303146345E-05,0.000181337722880805,1.08754779408318E-05,0.000323309286190222
6.76145793368827E-05,-2.36051879693469E-05,-8.89489023493501E-05,0.000179791971464226,1.1415155263126E-05,0.00032534731355417
6.77388961063962E-05,-2.3597073017032E-05,-8.87222589593193E-05,0.000178239139635301,1.19561238318185E-05,0.000327385714555103
6.78621320444662E-05,-2.3588581939502E-05,-8.84941998744561E-05,0.000176679166727865,1.24983983440688E-05,0.00032942451976751
6.79842821707087E-05,-2.35797138247067E-05,-8.82647248034403E-05,0.000175111991255414,1.30419936418786E-05,0.000331463759772135
6.81053414617523E-05,-2.35704677502379E-05,-8.80338334337124E-05,0.000173537550898468,1.35869247144911E-05,0.000333503465157339
6.82253048506553E-05,-2.35608427832263E-05,-8.78015254314678E-05,0.000171955782491666,1.41332067008346E-05,0.00033554366652044
6.83441672263136E-05,-2.35508379802368E-05,-8.75678004416504E-05,0.000170366622010594,1.46808548920085E-05,0.000337584394469018
6.84619234328595E-05,-2.35404523871621E-05,-8.7332658087945E-05,0.000168770004558334,1.52298847338153E-05,0.000339625679622202
6.8578568269051E-05,-2.35296850391138E-05,-8.70960979727686E-05,0.000167165864351726,1.57803118293385E-05,0.000341667552611909
6.86940964876518E-05,-2.35185349603131E-05,-8.68581196772613E-05,0.000165554134707349,1.63321519415651E-05,0.00034371004408407
6.88085027947439E-05,-2.35070011639825E-05,-8.66187227613948E-05,0.000163934748027957,1.68854209956232E-05,0.000345753184698935
6.89217818493157E-05,-2.3495082652215E-05,-8.63779067634873E-05,0.000162307635784862,1.74401350832628E-05,0.000347797005135697
6.90339282622686E-05,-2.34827784158838E-05,-8.61356712009019E-05,0.000160672728507528,1.79963104629525E-05,0.000349841536088403
6.91449365959853E-05,-2.3470087434508E-05,-8.58920155695616E-05,0.000159029955765275,1.85539635644647E-05,0.000351886808270542
6.92548013636006E-05,-2.3457008676137E-05,-8.56469393440535E-05,0.000157379246152481,1.91131109913434E-05,0.00035393285241518
6.9363517028319E-05,-2.34435410972285E-05,-8.54004419776156E-05,0.000155720527272671,1.96737695238243E-05,0.000355979699275966
6.94710780027209E-05,-2.34296836425253E-05,-8.51525229021215E-05,0.000154053725722275,2.02359561218088E-05,0.000358027379628099
6.95774786480575E-05,-2.34154352449293E-05,-8.49031815280654E-05,0.000152378767074022,2.07996879278984E-05,0.000360075924269263
6.96827132735342E-05,-2.34007948253731E-05,-8.46524172445463E-05,0.000150695575859989,2.13649822704863E-05,0.000362125364020507
6.97867761355816E-05,-2.33857612926908E-05,-8.44002294192512E-05,0.000149004075554281,2.19318566669086E-05,0.00036417572972709
6.9889661437115E-05,-2.33703335434846E-05,-8.41466173984381E-05,0.000147304188555332,2.25003288266562E-05,0.000366227052259275
6.99913633267808E-05,-2.33545104619913E-05,-8.38915805069186E-05,0.000145595836167832,2.30704166546501E-05,0.000368279362513079
7.0091875898191E-05,-2.33382909199445E-05,-8.36351180480396E-05,0.000143878938584248,2.36421382545783E-05,0.000370332691410973
7.0191193189144E-05,-2.33216737764361E-05,-8.33772293036644E-05,0.000142153414865957,2.42155119322975E-05,0.00037238706990253
7.02893091808325E-05,-2.33046578777742E-05,-8.31179135341541E-05,0.000140419182923949,2.47905561993008E-05,0.000374442528965021
7.03862177970377E-05,-2.32872420573393E-05,-8.28571699783482E-05,0.000138676159499121,2.53672897762542E-05,0.000376499099603961
7.048191290331E-05,-2.32694251354377E-05,-8.25949978535445E-05,0.000136924260142128,2.59457315965976E-05,0.000378556812853593
7.05763883061352E-05,-2.32512059191527E-05,-8.23313963554791E-05,0.000135163399192789,2.65259008102204E-05,0.000380615699777318
7.06696377520864E-05,-2.32325832021929E-05,-8.20663646583061E-05,0.000133393489759039,2.71078167872068E-05,0.000382675791468068
7.07616549269609E-05,-2.32135557647377E-05,-8.1799901914577E-05,0.000131614443695407,2.76914991216548E-05,0.00038473711904861
7.08524334549024E-05,-2.31941223732805E-05,-8.15320072552197E-05,0.000129826171581011,2.82769676355701E-05,0.000386799713671795
7.09419668975073E-05,-2.31742817804694E-05,-8.12626797895178E-05,0.00012802858269706,2.88642423828381E-05,0.000388863606520738
7.10302487529158E-05,-2.31540327249444E-05,-8.09919186050894E-05,0.000126221585003848,2.94533436532743E-05,0.000390928828808929
7.11172724548876E-05,-2.31333739311723E-05,-8.07197227678601E-05,0.000124405085116916,3.0044291977034E-05,0.000392995411779695
7.12030313718534E-05,-2.31123041092779E-05,-8.04460913220658E-05,0.000122578988284476,3.0637108127687E-05,0.000395063386708674
7.1287518805967E-05,-2.30908219548743E-05,-8.0171023290195E-05,0.00012074319836066,3.12318131282489E-05,0.000397132784899768
7.13707279921213E-05,-2.30689261488875E-05,-7.9894517672993E-05,0.000118897617781732,3.18284282544443E-05,0.000399203637687547
7.14526520969569E-05,-2.30466153573796E-05,-7.96165734494345E-05,0.000117042147540052,3.24269750394608E-05,0.000401275976436365
7.15332842178503E-05,-2.30238882313685E-05,-7.93371895767032E-05,0.000115176687157754,3.30274752785171E-05,0.000403349832539974
7.16126173818833E-05,-2.3000743406644E-05,-7.90563649901715E-05,0.000113301134659834,3.36299510335262E-05,0.000405425237421064
7.16906445447937E-05,-2.29771795035812E-05,-7.87740986033805E-05,0.000111415386546611,3.4234424637857E-05,0.000407502222530699
7.17673585899075E-05,-2.29531951269503E-05,-7.84903893080208E-05,0.000109519337765543,3.48409187011934E-05,0.000409580819347666
7.18427523270495E-05,-2.2928788865723E-05,-7.82052359739133E-05,0.000107612881682404,3.54494561144994E-05,0.000411661059377709
7.19168184914356E-05,-2.29039592928752E-05,-7.79186374489907E-05,0.000105695910051775,3.6060060055085E-05,0.000413742974152669
7.1989549742543E-05,-2.28787049651867E-05,-7.76305925592798E-05,0.000103768312986851,3.66727539917804E-05,0.0004158265952295
7.20609386629598E-05,-2.28530244230367E-05,-7.73411001088844E-05,0.000101829978928542,3.72875616902201E-05,0.00041791195418918
7.21309777572126E-05,-2.28269161901958E-05,-7.70501588799693E-05,9.98807946138332E-05,3.79045072182382E-05,0.000419999082635488
7.21996594505724E-05,-2.28003787736144E-05,-7.67577676327445E-05,9.79206450434108E-05,3.85236149513778E-05,0.00042208801219367
7.22669760878368E-05,-2.2773410663207E-05,-7.64639251054511E-05,9.59494134485085E-05,3.91449095785201E-05,0.000424178774508955
7.23329199320899E-05,-2.27460103316324E-05,-7.61686300143478E-05,9.39669812569667E-05,3.97684161076319E-05,0.000426271401244953
7.2397483163438E-05,-2.27181762340705E-05,-7.58718810536988E-05,9.19732280584786E-05,4.03941598716375E-05,0.000428365924081895
7.24606578777203E-05,-2.26899068079941E-05,-7.55736768957629E-05,8.99680315690009E-05,4.10221665344175E-05,0.00043046237471474
7.25224360851958E-05,-2.26612004729374E-05,-7.52740161907841E-05,8.7951267594307E-05,4.16524620969371E-05,0.00043256078485112
7.2582809709203E-05,-2.26320556302594E-05,-7.49728975669833E-05,8.59228099926573E-05,4.22850729035084E-05,0.000434661186209134
7.26417705847951E-05,-2.26024706629034E-05,-7.4670319630552E-05,8.38825306365639E-05,4.29200256481884E-05,0.000436763610514973
7.26993104573469E-05,-2.25724439351517E-05,-7.43662809656477E-05,8.18302993736242E-05,4.35573473813186E-05,0.000438868089500386
7.2755420981161E-05,-2.25419737923613E-05,-7.40607801342439E-05,7.97659839854962E-05,4.41970655164559E-05,0.000440974654901051
7.28100937179145E-05,-2.25110585607686E-05,-7.37538156767158E-05,7.76894501502847E-05,4.48392078362704E-05,0.000443083338449052
7.28633201353404E-05,-2.24796965471414E-05,-7.34453861109629E-05,7.5600561395207E-05,4.54838025009319E-05,0.000445194171876619
7.29150916056142E-05,-2.24478860385739E-05,-7.31354899329972E-05,7.34991790568564E-05,4.6130878054315E-05,0.000447307186908269
7.29653994038438E-05,-2.24156253022024E-05,-7.28241256168035E-05,7.13851622360624E-05,4.67804634315453E-05,0.000449422415258347
7.3014234706501E-05,-2.23829125849319E-05,-7.25112916143469E-05,6.92583677525418E-05,4.74325879664648E-05,0.000451539888627275
7.30615885898215E-05,-2.23497461131555E-05,-7.21969863555845E-05,6.71186500984038E-05,4.80872813992656E-05,0.000453659638697552
7.31074520281717E-05,-2.23161240924704E-05,-7.18812082484793E-05,6.49658613904797E-05,4.87445738843032E-05,0.000455781697129505
7.31518158923827E-05,-2.22820447073869E-05,-7.15639556790166E-05,6.27998513214398E-05,4.94044959980848E-05,0.000457906095556788
7.31946709480491E-05,-2.2247506121033E-05,-7.12452270112248E-05,6.06204671096681E-05,5.00670787474437E-05,0.000460032865581608
7.32360078537933E-05,-2.2212506474852E-05,-7.09250205871985E-05,5.84275534478553E-05,5.07323535779013E-05,0.00046216203876968
7.32758171594933E-05,-2.21770438882955E-05,-7.0603334727126E-05,5.62209524502741E-05,5.14003523822236E-05,0.000464293646644885
7.33140893044732E-05,-2.21411164585093E-05,-7.02801677293201E-05,5.4000503598696E-05,5.20711075091731E-05,0.000466427720683637
7.33508146156562E-05,-2.21047222600141E-05,-6.99555178702532E-05,5.17660436869098E-05,5.27446517724683E-05,0.000468564292308927
7.33859833056777E-05,-2.2067859344379E-05,-6.96293834045966E-05,0.0000495174067638001,5.34210184599496E-05,0.000470703392884044
7.341958547096E-05,-2.20305257398894E-05,-6.9301762565264E-05,4.72544240749379E-05,5.41002413429621E-05,0.000472845053705958
7.34516110897434E-05,-2.19927194512075E-05,-6.89726535634602E-05,4.49769240026425E-05,5.4782354685959E-05,0.000474989305998335
7.34820500200779E-05,-2.19544384590269E-05,-6.86420545887347E-05,4.26847320044645E-05,5.54673932563341E-05,0.000477136180904184
7.35108919977694E-05,-2.19156807197194E-05,-6.83099638090398E-05,4.037767055004E-05,5.6155392334487E-05,0.000479285709478114
7.35381266342827E-05,-2.18764441649757E-05,-6.79763793707953E-05,3.80555590562687E-05,5.68463877241319E-05,0.000481437922678176
7.35637434145986E-05,-2.1836726701438E-05,-6.76412993989583E-05,3.57182138207601E-05,5.75404157628526E-05,0.000483592851357282
7.35877316950238E-05,-2.17965262103254E-05,-6.73047219970996E-05,3.33654479534981E-05,5.82375133329159E-05,0.000485750526254169
7.36100807009533E-05,-2.17558405470519E-05,-6.69666452474856E-05,3.09970713066634E-05,5.89377178723466E-05,0.000487910977983902
7.36307795245831E-05,-2.17146675408371E-05,-6.66270672111684E-05,2.86128904025611E-05,5.96410673862753E-05,0.000490074237027878
7.36498171225631E-05,-2.16730049943266E-05,-6.6285985928259E-05,2.62127083607174E-05,6.03476004580103E-05,0.000492240333722214
7.36671823136435E-05,-2.16308506831103E-05,-6.59433994173234E-05,2.37963248173762E-05,6.10573562631748E-05,0.000494409298251277
7.36828637761754E-05,-2.15882023554218E-05,-6.55993056765547E-05,2.13635358539869E-05,6.17703745783607E-05,0.000496581160629506
7.36968500456504E-05,-2.154505773164E-05,-6.5253702683187E-05,1.89141339125177E-05,6.24866957960955E-05,0.000498755950693543
7.37091295121349E-05,-2.1501414503876E-05,-6.49065883938003E-05,1.64479077140555E-05,6.3206360937068E-05,0.000500933698088392
7.37196904176579E-05,-2.14572703355322E-05,-6.45579607444582E-05,1.39646421739916E-05,6.39294116632162E-05,0.000503114432254059
7.37285208535372E-05,-2.14126228608531E-05,-6.42078176508549E-05,1.1464118314841E-05,6.46558902911677E-05,0.000505298182411513
7.37356087576453E-05,-2.13674696844648E-05,-6.38561570084729E-05,8.94611317661924E-06,6.53858398060286E-05,0.00050748497754795
7.37409419116124E-05,-2.13218083809069E-05,-6.350297669275E-05,6.41039972469066E-06,6.61193038755288E-05,0.00050967484640133
7.37445079379631E-05,-2.12756364941525E-05,-6.31482745592584E-05,3.85674675500751E-06,6.68563268645273E-05,0.000511867817444144
7.3746294297188E-05,-2.122895153712E-05,-6.27920484438948E-05,1.28491879665009E-06,6.75969538498887E-05,0.0005140639188664
7.3746288284746E-05,-2.11817509911722E-05,-6.24342961630829E-05,-1.30532398842093E-06,6.83412306357358E-05,0.00051626317855777
7.37444770279952E-05,-2.11340323056069E-05,-6.20750155139879E-05,-3.91422590849706E-06,6.90892037690919E-05,0.000518465624088876
7.37408474830528E-05,-2.10857928971347E-05,-6.17142042747456E-05,-6.54203584823245E-06,6.98409205559245E-05,0.000520671282691676
7.37353864315787E-05,-2.10370301493467E-05,-6.13518602047038E-05,-9.18900737783755E-06,7.05964290776017E-05,0.000522880181238887
7.37280804774831E-05,-2.09877414121701E-05,-6.09879810446801E-05,-1.18553988654594E-05,7.1355778207778E-05,0.00052509234622243
7.37189160435545E-05,-2.09379240013118E-05,-6.06225645172331E-05,-1.45414735928565E-05,7.21190176297209E-05,0.000527307803730818
7.37078793680063E-05,-2.08875751976903E-05,-6.02556083269518E-05,-1.72474998744833E-05,0.0000728861978540998,0.000529526579425454
7.36949565009399E-05,-2.08366922468547E-05,-5.98871101607599E-05,-1.9973751180101E-05,7.36573702372461E-05,0.000531748698515767
7.36801333007203E-05,-2.07852723583909E-05,-5.95170676882391E-05,-2.27205062610377E-05,7.44325869999096E-05,0.000533974185733132
7.36633954302641E-05,-2.07333127053146E-05,-5.91454785619706E-05,-2.54880492802222E-05,7.52119012465221E-05,0.00053620306530351
7.36447283532345E-05,-2.0680810423451E-05,-5.87723404178955E-05,-2.82766699461273E-05,7.59953669849904E-05,0.000538435360918719
7.36241173301434E-05,-2.06277626108002E-05,-5.83976508756964E-05,-3.10866636507556E-05,7.67830391470347E-05,0.000540671095706281
7.36015474143545E-05,-2.05741663268885E-05,-5.80214075392004E-05,-3.39183316118117E-05,7.75749736090914E-05,0.000542910292197747
7.3577003447964E-05,-2.05200185920548E-05,-5.76436079964551E-05,-3.67719810217769E-05,7.83712272145876E-05,0.000545152972296894
7.35504700576936E-05,-2.04653163869716E-05,-5.72642498215723E-05,-3.96479251887652E-05,7.91718577926257E-05,0.000547399157239873
7.3521931650462E-05,-2.04100566516662E-05,-5.68833305733226E-05,-4.25464837193769E-05,7.99769242683976E-05,0.000549648867614985
7.34913724089723E-05,-2.03542362848287E-05,-5.65008477959441E-05,-4.54679826433106E-05,8.07864864763972E-05,0.000551902123205348
7.34587762873505E-05,-2.02978521434087E-05,-5.61167990216829E-05,-4.84127545782268E-05,8.16006055919271E-05,0.000554158942529527
7.34241270063163E-05,-2.0240901041356E-05,-5.57311817691957E-05,-5.13811388715121E-05,8.24193433450535E-05,0.000556419343373389
7.33874080485158E-05,-2.01833797494866E-05,-5.53439935448768E-05,-5.43734819617916E-05,8.32427628456943E-05,0.000558683344001948
7.33486026535673E-05,-2.01252849943382E-05,-5.4955231843083E-05,-5.7390137346803E-05,8.40709283469086E-05,0.000560950960853967
7.33076938131011E-05,-2.0066613457466E-05,-5.45648941473388E-05,-6.043146584316E-05,8.49039052603386E-05,0.000563222209411674
7.32646642655603E-05,-2.00073617745565E-05,-5.41729779305399E-05,-6.34978357835884E-05,8.57417601848535E-05,0.000565497104152118
7.32194964909073E-05,-1.99475265345917E-05,-5.37794806556602E-05,-6.6589623217733E-05,8.65845609344945E-05,0.000567775658495371
7.31721727052602E-05,-1.98871042790828E-05,-5.33843997770868E-05,-6.970721211267E-05,8.7432376566306E-05,0.000570057884744768
7.31226748552689E-05,-1.98260915011269E-05,-5.29877327409507E-05,-7.28509945679814E-05,8.82852774111905E-05,0.000572343794029668
7.30709846123711E-05,-1.97644846444893E-05,-5.2589476985821E-05,-7.60213710393674E-05,8.91433351041331E-05,0.000574633396245787
7.30170833670515E-05,-1.97022801028896E-05,-5.21896299448727E-05,-7.92187507554935E-05,9.00066225869647E-05,0.000576926699937391
7.29609522220231E-05,-1.96394742186892E-05,-5.17881890442201E-05,-8.24435524217707E-05,9.08752140925429E-05,0.000579223711879583
7.29025719868363E-05,-1.9576063282399E-05,-5.13851517072525E-05,-8.56962022786614E-05,9.17491854479663E-05,0.000581524438008619
7.2841923171736E-05,-1.95120435312869E-05,-5.09805153529887E-05,-8.89771361527212E-05,9.26286138701634E-05,0.000583828882955267
7.27789859807489E-05,-1.94474111484163E-05,-5.05742773973405E-05,-9.22867998100663E-05,9.35135780069555E-05,0.000586137049440098
7.27137403050758E-05,-1.93821622618614E-05,-5.01664352558445E-05,-9.56256488568445E-05,9.44041580086755E-05,0.000588448938491077
7.26461657159563E-05,-1.93162929434255E-05,-4.97569863434399E-05,-9.89941490131298E-05,9.53004355710811E-05,0.000590764549384813
7.2576241457626E-05,-1.9249799207638E-05,-4.93459280762479E-05,-0.000102392776394751,9.62024939720737E-05,0.000593083879553739
7.25039464400144E-05,-1.91826770106593E-05,-4.89332578729846E-05,-0.000105822017808445,9.71104181115766E-05,0.000595406924491227
7.24292592311648E-05,-1.91149222490931E-05,-4.85189731560525E-05,-0.000109282371060865,9.80242945521152E-05,0.000597733677654107
7.23521580495239E-05,-1.90465307588524E-05,-4.81030713532074E-05,-0.000112774345273754,9.89442115607777E-05,0.000600064130357982
7.22726207559447E-05,-1.89774983139377E-05,-4.76855498989391E-05,-0.000116298461212839,9.98702591528494E-05,0.000602398271668137
7.21906248455099E-05,-1.89078206252306E-05,-4.72664062362172E-05,-0.00011985525162626,0.000100802529135461,0.000604736088284264
7.21061474390767E-05,-1.88374933392228E-05,-4.68456378181042E-05,-0.000123445261596376,0.000101741115154026,0.000607077564419729
7.20191652745702E-05,-1.876651203671E-05,-4.64232421094521E-05,-0.000127069048904853,0.000102686112739427,0.000609422681675742
7.19296546980745E-05,-1.86948722314992E-05,-4.59992165889576E-05,-0.000130727184408056,0.000103637619356239,0.00061177141890679
7.18375916545563E-05,-1.86225693689984E-05,-4.55735587508238E-05,-0.000134420252430086,0.000104595734453452,0.000614123752082038
7.17429516784409E-05,-1.85495988248751E-05,-4.51462661071341E-05,-0.000138148851164938,0.000105560559515559,0.000616479654136067
7.16457098837931E-05,-1.84759559035909E-05,-4.47173361898161E-05,-0.000141913593097906,0.000106532198116063,0.000618839094815287
7.15458409542533E-05,-1.84016358369402E-05,-4.42867665529608E-05,-0.000145715105439689,0.000107510755972379,0.000621202040513972
7.14433191326678E-05,-1.83266337825504E-05,-4.38545547752603E-05,-0.000149554030577276,0.000108496341002187,0.000623568454102754
7.13381182103402E-05,-1.82509448222993E-05,-4.34206984623154E-05,-0.000153431026544108,0.000109489063382224,0.000625938294749251
7.12302115160704E-05,-1.81745639607774E-05,-4.29851952495747E-05,-0.000157346767501183,0.00011048903560778,0.000628311517725532
7.11195719047335E-05,-1.80974861236218E-05,-4.2548042804907E-05,-0.000161301944243472,0.000111496372555094,0.000630688074209748
7.10061717455596E-05,-1.80197061558492E-05,-4.21092388315677E-05,-0.000165297264721482,0.000112511191545195,0.000633067911074632
7.08899829100471E-05,-1.79412188201448E-05,-4.16687810713163E-05,-0.000169333454583062,0.000113533612409756,0.000635450970664967
7.0770976759424E-05,-1.78620187950585E-05,-4.12266673074366E-05,-0.000173411257738299,0.000114563757559529,0.000637837190564992
7.06491241318457E-05,-1.77821006732442E-05,-4.07828953684343E-05,-0.000177531436941854,0.000115601752053816,0.000640226503349881
7.05243953290448E-05,-1.77014589595596E-05,-4.03374631314005E-05,-0.000181694774401682,0.000116647723673312,0.000642618836326922
7.03967601026173E-05,-1.76200880691594E-05,-3.98903685258156E-05,-0.000185902072409583,0.000117701802994677,0.000645014111260731
7.02661876398648E-05,-1.75379823255365E-05,-3.94416095375499E-05,-0.000190154153997025,0.000118764123467356,0.000647412244084228
7.01326465490956E-05,-1.74551359584613E-05,-3.899118421281E-05,-0.000194451863618518,0.000119834821493598,0.000649813144595136
6.99961048445949E-05,-1.73715431019606E-05,-3.85390906628226E-05,-0.000198796067856762,0.000120914036509804,0.000652216716131146
6.98565299309427E-05,-1.72871977921424E-05,-3.80853270682288E-05,-0.000203187656162518,0.000122001911071467,0.000654622855232833
6.97138885868836E-05,-1.72020939650101E-05,-3.76298916839806E-05,-0.000207627541620143,0.000123098590940532,0.000657031451283643
6.9568146948511E-05,-1.71162254541279E-05,-3.71727828440391E-05,-0.000212116661748997,0.000124204225176453,0.000659442386133364
6.94192704925282E-05,-1.70295859886025E-05,-3.67139989683513E-05,-0.000216655979319028,0.0001253189662252,0.000661855533690688
6.92672240176404E-05,-1.69421691902439E-05,-3.62535385660992E-05,-0.000221246483236693,0.000126442970021249,0.000664270759511259
6.91119716266107E-05,-1.68539685714104E-05,-3.57914002432614E-05,-0.000225889189429967,0.000127576396082687,0.00066668792034368
6.89534767070428E-05,-1.67649775324105E-05,-3.53275827084902E-05,-0.000230585141789491,0.000128719407614381,0.00066910686365899
6.87917019116162E-05,-1.66751893588995E-05,-3.4862084779698E-05,-0.000235335413144596,0.000129872171613652,0.00067152742715052
6.86266091376781E-05,-1.65845972192306E-05,-3.4394905391141E-05,-0.000240141106279442,0.000131034858978851,0.000673949438205024
6.84581595060174E-05,-1.64931941616741E-05,-3.39260436006015E-05,-0.000245003354994921,0.000132207644622241,0.000676372713344306
6.82863133389829E-05,-1.64009731116121E-05,-3.34554985972483E-05,-0.000249923325213142,0.000133390707585642,0.000678797057631681
6.81110301377701E-05,-1.63079268686234E-05,-3.29832697097818E-05,-0.000254902216129913,0.00013458423116029,0.000681222264045375
6.79322685588998E-05,-1.62140481034901E-05,-3.25093564150549E-05,-0.000259941261417294,0.000135788403010335,0.000683648112813915
6.77499863898434E-05,-1.6119329355117E-05,-3.20337583471693E-05,-0.000265041730478628,0.000137003415300267,0.000686074370711952
6.75641405237806E-05,-1.60237630273719E-05,-3.15564753071298E-05,-0.000270204929756777,0.000138229464826351,0.000688500790314079
6.73746869333183E-05,-1.59273413857774E-05,-3.10775072727571E-05,-0.000275432204103297,0.000139466753152726,0.000690927109203407
6.71815806434575E-05,-1.58300565542192E-05,-3.05968544097187E-05,-0.000280724938202808,0.0001407154867507,0.000693353049130999
6.69847757033296E-05,-1.57319005114428E-05,-3.01145170826085E-05,-0.000286084558066062,0.000141975877143448,0.000695778315125697
6.67842251569827E-05,-1.5632865087506E-05,-2.963049586694E-05,-0.000291512532587439,0.000143248141054741,0.000698202594547714
6.65798810130286E-05,-1.55329419601078E-05,-2.91447915617327E-05,-0.000297010375171844,0.000144532500562536,0.000700625556083708
6.63716942131943E-05,-1.54321226508398E-05,-2.86574052029624E-05,-0.000302579645437914,0.0001458291832566,0.000703046848679741
6.61596145995426E-05,-1.53303985212661E-05,-2.81683380774862E-05,-0.000308221950997607,0.00014713842240204,0.00070546610040655
6.5943590880551E-05,-1.52277607689483E-05,-2.76775917380695E-05,-0.000313938949317311,0.00014846045710679,0.000707882917252999
6.57235705958069E-05,-1.51242004233223E-05,-2.71851680191331E-05,-0.000319732349665733,0.000149795532494526,0.00071029688184284
6.54995000793317E-05,-1.50197083414588E-05,-2.66910690534477E-05,-0.000325603915152588,0.000151143899882528,0.000712707552069209
6.52713244214414E-05,-1.49142752036932E-05,-2.61952972897782E-05,-0.000331555464863242,0.00015250581696481,0.000715114459640796
6.5038987429161E-05,-1.4807891509157E-05,-2.56978555117182E-05,-0.000337588876090791,0.000153881548000117,0.000717517108532106
6.48024315849119E-05,-1.47005475711146E-05,-2.5198746857338E-05,-0.000343706086680664,0.000155271364005774,0.000719914973335117
6.45615980036727E-05,-1.45922335122263E-05,-2.46979748403127E-05,-0.000349909097481062,0.00015667554295617,0.000722307497498931
6.43164263883277E-05,-1.44829392596397E-05,-2.41955433721641E-05,-0.000356199974913918,0.000158094369986871,0.000724694091453782
6.40668549832011E-05,-1.4372654539945E-05,-2.36914567858773E-05,-0.000362580853669717,0.000159528137603914,0.000727074130609065
6.38128205259144E-05,-1.42613688740866E-05,-2.31857198614286E-05,-0.000369053939527879,0.000160977145896881,0.000729446953213861
6.35542581960406E-05,-1.41490715716026E-05,-2.26783378504827E-05,-0.000375621512345498,0.000162441702763918,0.000731811858083136
6.32911015640254E-05,-1.40357517257519E-05,-2.21693165074532E-05,-0.000382285929131364,0.00016392212412827,0.000734168102145043
6.30232825355288E-05,-1.39213982074435E-05,-2.16586621175938E-05,-0.000389049627334805,0.000165418734173099,0.000736514897841742
6.27507312946219E-05,-1.38059996595242E-05,-2.11463815293226E-05,-0.000395915128267311,0.000166931865574164,0.000738851410337611
6.247337624431E-05,-1.36895444907979E-05,-2.06324821880783E-05,-0.000402885040701819,0.000168461859738216,0.000741176754533794
6.21911439444768E-05,-1.35720208698723E-05,-2.01169721722921E-05,-0.000409962064653537,0.000170009067045497,0.000743489991871007
6.19039590472207E-05,-1.34534167188696E-05,-1.95998602318116E-05,-0.000417148995350531,0.000171573847095441,0.000745790126903938
6.16117442291969E-05,-1.33337197068956E-05,-1.90811558284804E-05,-0.000424448727411898,0.000173156568955962,0.000748076103630596
6.13144201211513E-05,-1.32129172434062E-05,-1.8560869179666E-05,-0.000431864259233882,0.000174757611414842,0.000750346801553226
6.10119052342481E-05,-1.30909964713615E-05,-1.80390113044674E-05,-0.000439398697605215,0.000176377363232792,0.000752601031452289
6.07041158831253E-05,-1.29679442602131E-05,-1.7515594072996E-05,-0.000447055262561416,0.00017801622339747,0.000754837530848803
6.03909661054752E-05,-1.28437471987055E-05,-1.69906302588914E-05,-0.000454837292489513,0.000179674601377228,0.000757054959127397
6.00723675780814E-05,-1.27183915875406E-05,-1.64641335955064E-05,-0.000462748249500411,0.000181352917373181,0.000759251892295275
5.97482295288396E-05,-1.25918634317924E-05,-1.59361188355536E-05,-0.000470791725084423,0.000183051602569081,0.000761426817343003
5.94184586449376E-05,-1.2464148433225E-05,-1.54066018151297E-05,-0.000478971446061654,0.000184771099375929,0.000763578126174658
5.90829589767004E-05,-1.23352319824051E-05,-1.48755995219581E-05,-0.000487291280848755,0.000186511861670472,0.000765704109070617
5.87416318369876E-05,-1.22050991506589E-05,-1.43431301683768E-05,-0.000495755246057299,0.000188274355024964,0.000767802947641928
5.83943756958678E-05,-1.20737346818666E-05,-1.38092132693762E-05,-0.000504367513442797,0.000190059056925783,0.000769872707231361
5.80410860704438E-05,-1.19411229841476E-05,-1.32738697262798E-05,-0.000513132417222252,0.000191866456977107,0.00077191132871299
5.76816554092527E-05,-1.18072481213327E-05,-1.27371219160242E-05,-0.000522054461787094,0.000193697057087895,0.000773916619637416
5.73159729713773E-05,-1.1672093804392E-05,-1.21989937871527E-05,-0.000531138329822987,0.000195551371636144,0.000775886244661615
5.6943924699665E-05,-1.1535643382718E-05,-1.16595109625608E-05,-0.00054038889086651,0.000197429927607091,0.000777817715200216
5.65653930878669E-05,-1.13978798353322E-05,-1.1118700849752E-05,-0.000549811210319594,0.000199333264699758,0.000779708378226829
