x,y,z,vx,vy,vz
-2.5132478151856E-05,3.37750476154645E-06,-7.27851557240146E-06,-0.000494791908675177,-0.00013503267241599,-0.00165501708001384
-2.546018225545281E-05,3.281624141916650E-06,-8.423010375835309E-06,-4.494373459344019E-04,-1.410038619708874E-04,-1.640953284709992E-03
-2.575729332068524E-05,3.181798328751639E-06,-9.557399429220423E-06,-4.066602057388892E-04,-1.464035339760378E-04,-1.625946986619730E-03
-2.602555170047055E-05,3.078406536559600E-06,-1.068109651327778E-05,-3.663178971003465E-04,-1.512819225649088E-04,-1.610189954662203E-03
-2.626659910528099E-05,2.971794473558911E-06,-1.179363873409527E-05,-3.282693252082260E-04,-1.556853105706385E-04,-1.593846263087664E-03
-2.648198039939567E-05,2.862277046201164E-06,-1.289466856892782E-05,-2.923769441448389E-04,-1.596561417373836E-04,-1.577055796257812E-03
-2.667314658391573E-05,2.750140966345313E-06,-1.398391818183302E-05,-2.585081759646335E-04,-1.632331993201208E-04,-1.559937429291727E-03
-2.684145859742835E-05,2.635647223974562E-06,-1.506119580858411E-05,-2.265363382473363E-04,-1.664518250747914E-04,-1.542591873954913E-03
-2.698819161975128E-05,2.519033392261882E-06,-1.612637405171037E-05,-1.963411937057595E-04,-1.693441585955334E-04,-1.525104186818538E-03
-2.711453965574894E-05,2.400515765768916E-06,-1.717937979045176E-05,-1.678092214180247E-04,-1.719393838975123E-04,-1.507545970603387E-03
-2.722162023224607E-05,2.280291327735955E-06,-1.822018551931759E-05,-1.408336822510085E-04,-1.742639737942145E-04,-1.489977291968558E-03
-2.731047908603110E-05,2.158539550302290E-06,-1.924880192816130E-05,-1.153145361826967E-04,-1.763419258668680E-04,-1.472448344094029E-03
-2.738209475621488E-05,2.035424034959057E-06,-2.026527155647554E-05,-9.115825596057247E-05,-1.781949861370240E-04,-1.455000882540305E-03
-2.743738302125650E-05,1.911094002626101E-06,-2.126966337402871E-05,-6.827757096108764E-05,-1.798428582203865E-04,-1.437669461655891E-03
-2.747720114147464E-05,1.785685643853884E-06,-2.226206815824770E-05,-4.659116678228466E-05,-1.813033969184683E-04,-1.420482496831365E-03
-2.750235188323918E-05,1.659323340075407E-06,-2.324259455552085E-05,-2.602335959301527E-05,-1.825927860187301E-04,-1.403463175560643E-03
-2.751358731242204E-05,1.532120766789749E-06,-2.421136572868999E-05,-6.503759219597858E-06,-1.837257006195489E-04,-1.386630237820666E-03
-2.751161235298922E-05,1.404181889207953E-06,-2.516851650640455E-05,1.203306892662137E-05,-1.847154546468411E-04,-1.369998643879089E-03
-2.749708811255788E-05,1.275601860349069E-06,-2.611419096179150E-05,2.964793593675551E-05,-1.855741344396014E-04,-1.353580145378397E-03
-2.747063498088873E-05,1.146467830921545E-06,-2.704854035816952E-05,4.639735060449038E-05,-1.863127193931372E-04,-1.337383773473038E-03
-2.743283551007557E-05,1.016859679620318E-06,-2.797172140844394E-05,6.233382652035817E-05,-1.869411906917500E-04,-1.321416255933767E-03
-2.738423708697167E-05,8.868506717524908E-07,-2.888389480250709E-05,7.750617309489536E-05,-1.874686291592540E-04,-1.305682373482290E-03
-2.732535440942110E-05,7.565080534006428E-07,-2.978522396358197E-05,9.195976946766011E-05,-1.879033032221060E-04,-1.290185264170629E-03
-2.725667177834193E-05,6.258935876593502E-07,-3.067587400011942E-05,1.057368209284410E-04,-1.882527479275590E-04,-1.274926683358524E-03
-2.717864521779253E-05,4.950640388474996E-07,-3.155601082471653E-05,1.188765979541496E-04,-1.885238358962851E-04,-1.259907225750784E-03
-2.709170443495800E-05,3.640716100116730E-07,-3.242580041567669E-05,1.314156582968462E-04,-1.887228410209869E-04,-1.245126515016397E-03
-2.699625463160823E-05,2.329643384963239E-07,-3.328540820037873E-05,1.433880527813337E-04,-1.888554956534843E-04,-1.230583365704096E-03
-2.689267817806890E-05,1.017864538644565E-07,-3.413499854265067E-05,1.548255156125961E-04,-1.889270419551689E-04,-1.216275921478081E-03
-2.678133616015935E-05,-2.942129799352787E-08,-3.497473431892727E-05,1.657576400753436E-04,-1.889422780211724E-04,-1.202201773107108E-03
-2.666256980892325E-05,-1.606213611277359E-07,-3.580477657017529E-05,1.762120405462802E-04,-1.889055993280496E-04,-1.188358059136255E-03
-2.653670182233463E-05,-2.917791031004294E-07,-3.662528421845132E-05,1.862145017467386E-04,-1.888210359987234E-04,-1.174741551741166E-03
-2.640403758752192E-05,-4.228625731131722E-07,-3.743641383856276E-05,1.957891161483314E-04,-1.886922863270566E-04,-1.161348729898586E-03
-2.626486631142854E-05,-5.538422822319354E-07,-3.823831947667302E-05,2.049584104142129E-04,-1.885227469576614E-04,-1.148175841695381E-03
-2.611946206722893E-05,-6.846910035124156E-07,-3.903115250886299E-05,2.137434617186558E-04,-1.883155400742776E-04,-1.135218957332812E-03
-2.596808476324978E-05,-8.153835900597321E-07,-3.981506153366118E-05,2.221640047417521E-04,-1.880735379119743E-04,-1.122474014156819E-03
-2.581098104060922E-05,-9.458968092635218E-07,-4.059019229341064E-05,2.302385300869853E-04,-1.877993848742728E-04,-1.109936854852535E-03
-2.564838510528550E-05,-1.076209191633843E-06,-4.135668762007243E-05,2.379843748192101E-04,-1.874955175057313E-04,-1.097603259777179E-03
-2.548051949985912E-05,-1.206300892827635E-06,-4.211468740169234E-05,2.454178057706769E-04,-1.871641825432463E-04,-1.085468974265584E-03
-2.530759581974001E-05,-1.336153567601915E-06,-4.286432856629415E-05,2.525540962141437E-04,-1.868074532450118E-04,-1.073529731623287E-03
-2.512981537829140E-05,-1.465750254560377E-06,-4.360574508042305E-05,2.594075964554942E-04,-1.864272441744327E-04,-1.061781272420252E-03
-2.494736982489406E-05,-1.595075270676375E-06,-4.433906795995744E-05,2.659917988540595E-04,-1.860253245970366E-04,-1.050219360611272E-03
-2.476044171965618E-05,-1.724114114678958E-06,-4.506442529114632E-05,2.723193977372516E-04,-1.856033306313184E-04,-1.038839796934747E-03
-2.456920506816383E-05,-1.852853378481127E-06,-4.578194226012027E-05,2.784023446372743E-04,-1.851627762792535E-04,-1.027638429977870E-03
-2.437382581938251E-05,-1.981280665912000E-06,-4.649174118937439E-05,2.842518992415986E-04,-1.847050634487058E-04,-1.016611165241830E-03
-2.417446232956019E-05,-2.109384518088271E-06,-4.719394157993620E-05,2.898786764155145E-04,-1.842314910679676E-04,-1.005753972493914E-03
-2.397126579474391E-05,-2.237154344826191E-06,-4.788866015811693E-05,2.952926896243156E-04,-1.837432633820093E-04,-9.950628916534281E-04
-2.376438065430494E-05,-2.364580361554139E-06,-4.857601092590355E-05,3.005033910544013E-04,-1.832414975105465E-04,-9.845340374239725E-04
-2.355394496766842E-05,-2.491653531238507E-06,-4.925610521418607E-05,3.055197087066580E-04,-1.827272303396209E-04,-9.741636028551304E-04
-2.334009076626209E-05,-2.618365510882768E-06,-4.992905173813289E-05,3.103500807117518E-04,-1.822014248109000E-04,-9.639478619912788E-04
-2.312294438253313E-05,-2.744708602201820E-06,-5.059495665412847E-05,3.150024870952752E-04,-1.816649756662476E-04,-9.538831717434239E-04
-2.290262675773041E-05,-2.870675706111574E-06,-5.125392361777551E-05,3.194844792008915E-04,-1.811187146991870E-04,-9.439659731011953E-04
-2.267925373001179E-05,-2.996260280707717E-06,-5.190605384253933E-05,3.238032069615589E-04,-1.805634155595984E-04,-9.341927917859682E-04
-2.245293630430964E-05,-3.121456302438127E-06,-5.255144615867728E-05,3.279654441924547E-04,-1.799997981532903E-04,-9.245602384321484E-04
-2.222378090527225E-05,-3.246258230200823E-06,-5.319019707215229E-05,3.319776120642213E-04,-1.794285326738836E-04,-9.150650083716356E-04
-2.199188961449408E-05,-3.370660972124009E-06,-5.382240082327792E-05,3.358458009014997E-04,-1.788502433007043E-04,-9.057038810861088E-04
-2.175736039315083E-05,-3.494659854807014E-06,-5.444814944488397E-05,3.395757904392763E-04,-1.782655115930355E-04,-8.964737193828222E-04
-2.152028729106775E-05,-3.618250594820906E-06,-5.506753281982798E-05,3.431730686582516E-04,-1.776748796080866E-04,-8.873714683418593E-04
-2.128076064316880E-05,-3.741429272285658E-06,-5.568063873770825E-05,3.466428493101264E-04,-1.770788527673662E-04,-8.783941540761076E-04
-2.103886725418085E-05,-3.864192306356993E-06,-5.628755295066123E-05,3.499900882343209E-04,-1.764779024937480E-04,-8.695388823394294E-04
-2.079469057239921E-05,-3.986536432470806E-06,-5.688835922814853E-05,3.532194985590921E-04,-1.758724686393751E-04,-8.608028370135035E-04
-2.054831085325937E-05,-4.108458681206314E-06,-5.748313941065877E-05,3.563355648722358E-04,-1.752629617226237E-04,-8.521832784994806E-04
-2.029980531340302E-05,-4.229956358641186E-06,-5.807197346226594E-05,3.593425564394634E-04,-1.746497649906209E-04,-8.436775420368501E-04
-2.004924827587433E-05,-4.351027028082768E-06,-5.865493952200073E-05,3.622445395420858E-04,-1.740332363222625E-04,-8.352830359686712E-04
-1.979671130703502E-05,-4.471668493069419E-06,-5.923211395400335E-05,3.650453889997415E-04,-1.734137099852799E-04,-8.269972399695118E-04
-1.954226334574297E-05,-4.591878781544962E-06,-5.980357139643687E-05,3.677487989385366E-04,-1.727914982596548E-04,-8.188177032500090E-04
-1.928597082529865E-05,-4.711656131117344E-06,-6.036938480914903E-05,3.703582928600597E-04,-1.721668929385512E-04,-8.107420427498586E-04
-1.902789778862720E-05,-4.830998975320062E-06,-6.092962552007822E-05,3.728772330622607E-04,-1.715401667169141E-04,-8.027679413292196E-04
-1.876810599712946E-05,-4.949905930801574E-06,-6.148436327040532E-05,3.753088294590976E-04,-1.709115744769723E-04,-7.948931459669430E-04
-1.850665503360450E-05,-5.068375785374085E-06,-6.203366625845879E-05,3.776561478421199E-04,-1.702813544790512E-04,-7.871154659726698E-04
-1.824360239961711E-05,-5.186407486858645E-06,-6.257760118238469E-05,3.799221176237462E-04,-1.696497294653548E-04,-7.794327712186661E-04
-1.797900360765725E-05,-5.304000132668577E-06,-6.311623328159710E-05,3.821095390988714E-04,-1.690169076837017E-04,-7.718429903962410E-04
-1.771291226841412E-05,-5.421152960077906E-06,-6.364962637702746E-05,3.842210902585818E-04,-1.683830838375870E-04,-7.643441093007180E-04
-1.744538017346497E-05,-5.537865337125667E-06,-6.417784291019371E-05,3.862593331871450E-04,-1.677484399683898E-04,-7.569341691481679E-04
-1.717645737365779E-05,-5.654136754110848E-06,-6.470094398111233E-05,3.882267200710402E-04,-1.671131462750423E-04,-7.496112649264627E-04
-1.690619225344807E-05,-5.769966815636256E-06,-6.521898938507778E-05,3.901255988466040E-04,-1.664773618760254E-04,-7.423735437826423E-04
-1.663463160143187E-05,-5.885355233162818E-06,-6.573203764833513E-05,3.919582185108509E-04,-1.658412355181397E-04,-7.352192034481104E-04
-1.636182067730116E-05,-6.000301818038791E-06,-6.624014606267247E-05,3.937267341181793E-04,-1.652049062361274E-04,-7.281464907027560E-04
-1.608780327543218E-05,-6.114806474971071E-06,-6.674337071896060E-05,3.954332114839782E-04,-1.645685039668800E-04,-7.211536998787483E-04
-1.581262178530350E-05,-6.228869195908266E-06,-6.724176653966745E-05,3.970796316145927E-04,-1.639321501216580E-04,-7.142391714044483E-04
-1.553631724892747E-05,-6.342490054307474E-06,-6.773538731037547E-05,3.986678948816704E-04,-1.632959581194629E-04,-7.074012903886269E-04
-1.525892941546667E-05,-6.455669199758822E-06,-6.822428571032974E-05,4.001998249575972E-04,-1.626600338844517E-04,-7.006384852449610E-04
-1.498049679319594E-05,-6.568406852943713E-06,-6.870851334204478E-05,4.016771725275153E-04,-1.620244763100427E-04,-6.939492263565959E-04
-1.470105669895994E-05,-6.680703300904521E-06,-6.918812075999788E-05,4.031016187923039E-04,-1.613893776921537E-04,-6.873320247804129E-04
-1.442064530526674E-05,-6.792558892605074E-06,-6.966315749843616E-05,4.044747787758689E-04,-1.607548241338151E-04,-6.807854309905085E-04
-1.413929768514915E-05,-6.903974034762791E-06,-7.013367209832455E-05,4.057982044491468E-04,-1.601208959232245E-04,-6.743080336602903E-04
-1.385704785491673E-05,-7.014949187934682E-06,-7.059971213346123E-05,4.070733876823481E-04,-1.594876678871466E-04,-6.678984584825095E-04
-1.357392881491426E-05,-7.125484862840726E-06,-7.106132423578653E-05,4.083017630361615E-04,-1.588552097214110E-04,-6.615553670264754E-04
-1.328997258839480E-05,-7.235581616909268E-06,-7.151855411991100E-05,4.094847104018953E-04,-1.582235863001285E-04,-6.552774556316499E-04
-1.300521025860914E-05,-7.345240051030205E-06,-7.197144660688746E-05,4.106235574998415E-04,-1.575928579651174E-04,-6.490634543367716E-04
-1.271967200420692E-05,-7.454460806502695E-06,-7.242004564725151E-05,4.117195822445168E-04,-1.569630807969208E-04,-6.429121258436296E-04
-1.243338713303912E-05,-7.563244562165041E-06,-7.286439434335418E-05,4.127740149848398E-04,-1.563343068686874E-04,-6.368222645145851E-04
-1.214638411444613E-05,-7.671592031695288E-06,-7.330453497100990E-05,4.137880406267660E-04,-1.557065844840964E-04,-6.307926954029227E-04
-1.185869061011047E-05,-7.779503961071812E-06,-7.374050900048220E-05,4.147628006453930E-04,-1.550799584004142E-04,-6.248222733151051E-04
-1.157033350354879E-05,-7.886981126183947E-06,-7.417235711682904E-05,4.156993949930831E-04,-1.544544700376931E-04,-6.189098819040040E-04
-1.128133892831300E-05,-7.994024330583350E-06,-7.460011923962887E-05,4.165988839097189E-04,-1.538301576750461E-04,-6.130544327921794E-04
-1.099173229496665E-05,-8.100634403367431E-06,-7.502383454210812E-05,4.174622896408040E-04,-1.532070566348629E-04,-6.072548647242894E-04
-1.070153831689865E-05,-8.206812197186752E-06,-7.544354146968984E-05,4.182905980687488E-04,-1.525851994557704E-04,-6.015101427477185E-04
-1.041078103503278E-05,-8.312558586368861E-06,-7.585927775798292E-05,4.190847602623382E-04,-1.519646160550813E-04,-5.958192574205282E-04
-1.011948384148829E-05,-8.417874465151472E-06,-7.627108045023051E-05,4.198456939490528E-04,-1.513453338814219E-04,-5.901812240458454E-04
-9.827669502243502E-06,-8.522760746018428E-06,-7.667898591423565E-05,4.205742849146199E-04,-1.507273780581811E-04,-5.845950819318251E-04
-9.535360178851652E-06,-8.627218358132254E-06,-7.708302985878167E-05,4.212713883338932E-04,-1.501107715183758E-04,-5.790598936763353E-04
-9.242577449255171E-06,-8.731248245857562E-06,-7.748324734956417E-05,4.219378300368988E-04,-1.494955351314860E-04,-5.735747444755404E-04
-8.949342327742268E-06,-8.834851367369886E-06,-7.787967282465088E-05,4.225744077136491E-04,-1.488816878227760E-04,-5.681387414555701E-04
-8.655675284087097E-06,-8.938028693344916E-06,-7.827234010948528E-05,4.231818920611003E-04,-1.482692466855795E-04,-5.627510130264901E-04
-8.361596261912601E-06,-9.040781205723393E-06,-7.866128243144898E-05,4.237610278754211E-04,-1.476582270869954E-04,-5.574107082578071E-04
-8.067124696312956E-06,-9.143109896547233E-06,-7.904653243399778E-05,4.243125350925460E-04,-1.470486427674085E-04,-5.521169962747634E-04
-7.772279530770555E-06,-9.245015766862742E-06,-7.942812219038548E-05,4.248371097798066E-04,-1.464405059342232E-04,-5.468690656747006E-04
-7.477079233400576E-06,-9.346499825687006E-06,-7.980608321698914E-05,4.253354250812641E-04,-1.458338273501690E-04,-5.416661239627909E-04
-7.181541812554435E-06,-9.447563089033823E-06,-8.018044648624901E-05,4.258081321192099E-04,-1.452286164165165E-04,-5.365073970064570E-04
-6.885684831811734E-06,-9.548206578995758E-06,-8.055124243923590E-05,4.262558608541522E-04,-1.446248812515146E-04,-5.313921285078259E-04
-6.589525424388782E-06,-9.648431322879072E-06,-8.091850099785826E-05,4.266792209054716E-04,-1.440226287643438E-04,-5.263195794935776E-04
-6.293080306990271E-06,-9.748238352388554E-06,-8.128225157672086E-05,4.270788023347977E-04,-1.434218647248577E-04,-5.212890278215784E-04
-5.996365793129321E-06,-9.847628702859382E-06,-8.164252309464651E-05,4.274551763940404E-04,-1.428225938293685E-04,-5.162997677037006E-04
-5.699397805939807E-06,-9.946603412533364E-06,-8.199934398587185E-05,4.278088962398958E-04,-1.422248197627142E-04,-5.113511092442590E-04
-5.402191890503638E-06,-1.004516352187707E-05,-8.235274221092789E-05,4.281404976165433E-04,-1.416285452568318E-04,-5.064423779935078E-04
-5.104763225714514E-06,-1.014331007293945E-05,-8.270274526721552E-05,4.284504995081499E-04,-1.410337721460436E-04,-5.015729145156641E-04
-4.807126635698603E-06,-1.024104410874683E-05,-8.304938019928597E-05,4.287394047627072E-04,-1.404405014192519E-04,-4.967420739709436E-04
-4.509296600811520E-06,-1.033836667273306E-05,-8.339267360883568E-05,4.290077006886389E-04,-1.398487332692262E-04,-4.919492257111091E-04
-4.211287268230067E-06,-1.043527880820297E-05,-8.373265166442496E-05,4.292558596255376E-04,-1.392584671391511E-04,-4.871937528880548E-04
-3.913112462156233E-06,-1.053178155782721E-05,-8.406934011092909E-05,4.294843394903106E-04,-1.386697017665974E-04,-4.824750520749617E-04
-3.614785693650109E-06,-1.062787596316686E-05,-8.440276427873068E-05,4.296935842999472E-04,-1.380824352250656E-04,-4.777925328995809E-04
-3.316320170107563E-06,-1.072356306422599E-05,-8.473294909266137E-05,4.298840246720485E-04,-1.374966649632409E-04,-4.731456176892139E-04
-3.017728804397723E-06,-1.081884389903075E-05,-8.505991908070101E-05,4.300560783042025E-04,-1.369123878420949E-04,-4.685337411269780E-04
-2.719024223674618E-06,-1.091371950323357E-05,-8.538369838244186E-05,4.302101504332255E-04,-1.363296001699537E-04,-4.639563499189566E-04
-2.420218777876600E-06,-1.100819090974095E-05,-8.570431075732538E-05,4.303466342752352E-04,-1.357482977356516E-04,-4.594129024718527E-04
-2.121324547926561E-06,-1.110225914836372E-05,-8.602177959265865E-05,4.304659114474711E-04,-1.351684758398775E-04,-4.549028685807748E-04
-1.822353353645296E-06,-1.119592524548845E-05,-8.633612791141745E-05,4.305683523727267E-04,-1.345901293248166E-04,-4.504257291268000E-04
-1.523316761389815E-06,-1.128919022376881E-05,-8.664737837984253E-05,4.306543166672126E-04,-1.340132526021844E-04,-4.459809757839715E-04
-1.224226091427831E-06,-1.138205510183600E-05,-8.695555331483566E-05,4.307241535126272E-04,-1.334378396797413E-04,-4.415681107354012E-04
-9.250924250591333E-07,-1.147452089402694E-05,-8.726067469116157E-05,4.307782020131682E-04,-1.328638841863748E-04,-4.371866463981587E-04
-6.259266114940688E-07,-1.156658861012955E-05,-8.756276414846182E-05,4.308167915381837E-04,-1.322913793958274E-04,-4.328361051566423E-04
-3.267392744988577E-07,-1.165825925514395E-05,-8.786184299808630E-05,4.308402420511216E-04,-1.317203182491461E-04,-4.285160191041364E-04
-2.754081881705205E-08,-1.174953382905885E-05,-8.815793222974814E-05,4.308488644254042E-04,-1.311506933759235E-04,-4.242259297922729E-04
2.716585636239971E-07,-1.184041332664234E-05,-8.845105251800716E-05,4.308429607478219E-04,-1.305824971143971E-04,-4.199653879881231E-04
5.708488877131931E-07,-1.193089873724621E-05,-8.874122422858733E-05,4.308228246100098E-04,-1.300157215304697E-04,-4.157339534386571E-04
8.700203693541788E-07,-1.202099104462313E-05,-8.902846742453307E-05,4.307887413885422E-04,-1.294503584357089E-04,-4.115311946423195E-04
1.169163419854528E-06,-1.211069122675601E-05,-8.931280187220934E-05,4.307409885141528E-04,-1.288863994043818E-04,-4.073566886274752E-04
1.468268640498258E-06,-1.220000025569886E-05,-8.959424704715022E-05,4.306798357305643E-04,-1.283238357895772E-04,-4.032100207374933E-04
1.767326817294616E-06,-1.228891909742851E-05,-8.987282213976041E-05,4.306055453433837E-04,-1.277626587384634E-04,-3.990907844222418E-04
2.066328915896376E-06,-1.237744871170671E-05,-9.014854606087420E-05,4.305183724595016E-04,-1.272028592067296E-04,-3.949985810357763E-04
2.365266076681221E-06,-1.246559005195192E-05,-9.042143744717592E-05,4.304185652174078E-04,-1.266444279722537E-04,-3.909330196400134E-04
2.664129609990020E-06,-1.255334406512037E-05,-9.069151466648619E-05,4.303063650088176E-04,-1.260873556480376E-04,-3.868937168141867E-04
2.962910991516103E-06,-1.264071169159585E-05,-9.095879582291770E-05,4.301820066919842E-04,-1.255316326944495E-04,-3.828802964698921E-04
3.261601857839889E-06,-1.272769386508781E-05,-9.122329876190449E-05,4.300457187970529E-04,-1.249772494308098E-04,-3.788923896715338E-04
3.560194002103459E-06,-1.281429151253718E-05,-9.148504107510835E-05,4.298977237237963E-04,-1.244241960463547E-04,-3.749296344619931E-04
3.858679369819887E-06,-1.290050555402973E-05,-9.174404010520591E-05,4.297382379320539E-04,-1.238724626106111E-04,-3.709916756933439E-04
4.157050054812384E-06,-1.298633690271637E-05,-9.200031295055990E-05,4.295674721251845E-04,-1.233220390832134E-04,-3.670781648624502E-04
4.455298295278494E-06,-1.307178646474004E-05,-9.225387646977786E-05,4.293856314268218E-04,-1.227729153231908E-04,-3.631887599512822E-04
4.753416469974791E-06,-1.315685513916901E-05,-9.250474728616156E-05,4.291929155512160E-04,-1.222250810977538E-04,-3.593231252717976E-04
5.051397094517727E-06,-1.324154381793596E-05,-9.275294179205026E-05,4.289895189674239E-04,-1.216785260906050E-04,-3.554809313152376E-04
5.349232817796432E-06,-1.332585338578275E-05,-9.299847615306080E-05,4.287756310576038E-04,-1.211332399097995E-04,-3.516618546056932E-04
5.646916418493464E-06,-1.340978472021054E-05,-9.324136631222740E-05,4.285514362696556E-04,-1.205892120951781E-04,-3.478655775578042E-04
5.944440801709669E-06,-1.349333869143483E-05,-9.348162799404409E-05,4.283171142644371E-04,-1.200464321253944E-04,-3.440917883384546E-04
6.241798995689447E-06,-1.357651616234532E-05,-9.371927670841243E-05,4.280728400577770E-04,-1.195048894245591E-04,-3.403401807323383E-04
6.538984148642898E-06,-1.365931798847023E-05,-9.395432775449718E-05,4.278187841574942E-04,-1.189645733685175E-04,-3.366104540112678E-04
6.835989525661446E-06,-1.374174501794488E-05,-9.418679622449242E-05,4.275551126956234E-04,-1.184254732907831E-04,-3.329023128071076E-04
7.132808505723671E-06,-1.382379809148421E-05,-9.441669700730080E-05,4.272819875560399E-04,-1.178875784881413E-04,-3.292154669882161E-04
7.429434578788228E-06,-1.390547804235918E-05,-9.464404479212799E-05,4.269995664976646E-04,-1.173508782259424E-04,-3.255496315392840E-04
7.725861342970848E-06,-1.398678569637666E-05,-9.486885407199496E-05,4.267080032734251E-04,-1.168153617430985E-04,-3.219045264444618E-04
8.022082501802512E-06,-1.406772187186274E-05,-9.509113914717018E-05,4.264074477451390E-04,-1.162810182567996E-04,-3.182798765736733E-04
8.318091861566048E-06,-1.414828737964921E-05,-9.531091412852391E-05,4.260980459944791E-04,-1.157478369669636E-04,-3.146754115720125E-04
8.613883328708465E-06,-1.422848302306301E-05,-9.552819294080678E-05,4.257799404301734E-04,-1.152158070604325E-04,-3.110908657521307E-04
8.909450907326466E-06,-1.430830959791857E-05,-9.574298932585461E-05,4.254532698915842E-04,-1.146849177149296E-04,-3.075259779895174E-04
9.204788696722678E-06,-1.438776789251275E-05,-9.595531684572150E-05,4.251181697488072E-04,-1.141551581027869E-04,-3.039804916205865E-04
9.499890889030222E-06,-1.446685868762237E-05,-9.616518888574311E-05,4.247747719994232E-04,-1.136265173944573E-04,-3.004541543434806E-04
9.794751766903349E-06,-1.454558275650401E-05,-9.637261865753195E-05,4.244232053620299E-04,-1.130989847618200E-04,-2.969467181215097E-04
1.008936570127194E-05,-1.462394086489615E-05,-9.657761920190650E-05,4.240635953666760E-04,-1.125725493812910E-04,-2.934579390891425E-04
1.038372714915778E-05,-1.470193377102332E-05,-9.678020339175596E-05,4.236960644423148E-04,-1.120472004367473E-04,-2.899875774604731E-04
1.067783065155055E-05,-1.477956222560221E-05,-9.698038393484221E-05,4.233207320013879E-04,-1.115229271222756E-04,-2.865353974400871E-04
1.097167083134158E-05,-1.485682697184975E-05,-9.717817337654072E-05,4.229377145216479E-04,-1.109997186447522E-04,-2.831011671362541E-04
1.126524239131354E-05,-1.493372874549274E-05,-9.737358410252194E-05,4.225471256253218E-04,-1.104775642262646E-04,-2.796846584763765E-04
1.155854011218413E-05,-1.501026827477930E-05,-9.756662834137478E-05,4.221490761557130E-04,-1.099564531063816E-04,-2.762856471246257E-04
1.185155885070220E-05,-1.508644628049170E-05,-9.775731816717358E-05,4.217436742513366E-04,-1.094363745442789E-04,-2.729039124017015E-04
1.214429353779447E-05,-1.516226347596069E-05,-9.794566550199013E-05,4.213310254176787E-04,-1.089173178207294E-04,-2.695392372066492E-04
1.243673917676127E-05,-1.523772056708117E-05,-9.813168211835203E-05,4.209112325966658E-04,-1.083992722399622E-04,-2.661914079406752E-04
1.272889084151976E-05,-1.531281825232905E-05,-9.831537964164888E-05,4.204843962339265E-04,-1.078822271313993E-04,-2.628602144328999E-04
1.302074367489318E-05,-1.538755722277935E-05,-9.849676955248755E-05,4.200506143439269E-04,-1.073661718512743E-04,-2.595454498679911E-04
1.331229288694451E-05,-1.546193816212532E-05,-9.867586318899777E-05,4.196099825730548E-04,-1.068510957841405E-04,-2.562469107156237E-04
1.360353375335331E-05,-1.553596174669864E-05,-9.885267174908950E-05,4.191625942607256E-04,-1.063369883442719E-04,-2.529643966617098E-04
1.389446161383435E-05,-1.560962864549046E-05,-9.902720629266294E-05,4.187085404985819E-04,-1.058238389769646E-04,-2.496977105413499E-04
1.418507187059665E-05,-1.568293952017342E-05,-9.919947774377277E-05,4.182479101878520E-04,-1.053116371597419E-04,-2.464466582734528E-04
1.447535998684177E-05,-1.575589502512439E-05,-9.936949689274737E-05,4.177807900949343E-04,-1.048003724034690E-04,-2.432110487969776E-04
1.476532148530008E-05,-1.582849580744799E-05,-9.953727439826445E-05,4.173072649052683E-04,-1.042900342533803E-04,-2.399906940087496E-04
1.505495194680389E-05,-1.590074250700081E-05,-9.970282078938396E-05,4.168274172755520E-04,-1.037806122900257E-04,-2.367854087028056E-04
1.534424700889627E-05,-1.597263575641621E-05,-9.986614646753940E-05,4.163413278843644E-04,-1.032720961301384E-04,-2.335950105112242E-04
1.563320236447447E-05,-1.604417618112977E-05,-1.000272617084886E-04,4.158490754812460E-04,-1.027644754274280E-04,-2.304193198463991E-04
1.592181376046693E-05,-1.611536439940516E-05,-1.001861766642247E-04,4.153507369342929E-04,-1.022577398733039E-04,-2.272581598447136E-04
1.621007699654283E-05,-1.618620102236061E-05,-1.003429013648490E-04,4.148463872763128E-04,-1.017518791975310E-04,-2.241113563115779E-04
1.649798792385322E-05,-1.625668665399574E-05,-1.004974457204054E-04,4.143360997495938E-04,-1.012468831688225E-04,-2.209787376677887E-04
1.678554244380272E-05,-1.632682189121877E-05,-1.006498195226783E-04,4.138199458493319E-04,-1.007427415953714E-04,-2.178601348971761E-04
1.707273650685100E-05,-1.639660732387413E-05,-1.008000324469553E-04,4.132979953657631E-04,-1.002394443253252E-04,-2.147553814954994E-04
1.735956611134306E-05,-1.646604353477037E-05,-1.009480940537535E-04,4.127703164250426E-04,-9.973698124720515E-05,-2.116643134205598E-04
1.764602730236740E-05,-1.653513109970827E-05,-1.010940137905126E-04,4.122369755289148E-04,-9.923534229027480E-05,-2.085867690434924E-04
1.793211617064146E-05,-1.660387058750930E-05,-1.012378009932541E-04,4.116980375932121E-04,-9.873451742485806E-05,-2.055225891012085E-04
1.821782885142326E-05,-1.667226256004422E-05,-1.013794648882085E-04,4.111535659852226E-04,-9.823449666261124E-05,-2.024716166499539E-04
1.850316152344877E-05,-1.674030757226186E-05,-1.015190145934093E-04,4.106036225599642E-04,-9.773527005675025E-05,-1.994336970199538E-04
1.878811040789392E-05,-1.680800617221803E-05,-1.016564591202573E-04,4.100482676953999E-04,-9.723682770223570E-05,-1.964086777711138E-04
1.907267176736086E-05,-1.687535890110460E-05,-1.017918073750540E-04,4.094875603266294E-04,-9.673915973591786E-05,-1.933964086497483E-04
1.935684190488751E-05,-1.694236629327858E-05,-1.019250681605046E-04,4.089215579790908E-04,-9.624225633664354E-05,-1.903967415463088E-04
1.964061716297993E-05,-1.700902887629137E-05,-1.020562501771933E-04,4.083503168008034E-04,-9.574610772532685E-05,-1.874095304540847E-04
1.992399392266666E-05,-1.707534717091792E-05,-1.021853620250290E-04,4.077738915936829E-04,-9.525070416498559E-05,-1.844346314288498E-04
2.020696860257455E-05,-1.714132169118605E-05,-1.023124122046640E-04,4.071923358439595E-04,-9.475603596074512E-05,-1.814719025494300E-04
2.048953765802542E-05,-1.720695294440561E-05,-1.024374091188858E-04,4.066057017517257E-04,-9.426209345981131E-05,-1.785212038791669E-04
2.077169758015290E-05,-1.727224143119772E-05,-1.025603610739813E-04,4.060140402596434E-04,-9.376886705141415E-05,-1.755823974282533E-04
2.105344489503895E-05,-1.733718764552394E-05,-1.026812762810770E-04,4.054174010808359E-04,-9.327634716672356E-05,-1.726553471169180E-04
2.133477616286950E-05,-1.740179207471533E-05,-1.028001628574520E-04,4.048158327259896E-04,-9.278452427873879E-05,-1.697399187394367E-04
2.161568797710855E-05,-1.746605519950146E-05,-1.029170288278276E-04,4.042093825296922E-04,-9.229338890215282E-05,-1.668359799289475E-04
2.189617696369043E-05,-1.752997749403931E-05,-1.030318821256321E-04,4.035980966760296E-04,-9.180293159319304E-05,-1.639434001230497E-04
2.217623978022947E-05,-1.759355942594206E-05,-1.031447305942423E-04,4.029820202234644E-04,-9.131314294943940E-05,-1.610620505301658E-04
2.245587311524679E-05,-1.765680145630774E-05,-1.032555819882018E-04,4.023611971290199E-04,-9.082401360962131E-05,-1.581918040966457E-04
2.273507368741358E-05,-1.771970403974770E-05,-1.033644439744166E-04,4.017356702717882E-04,-9.033553425339428E-05,-1.553325354745953E-04
2.301383824481056E-05,-1.778226762441500E-05,-1.034713241333286E-04,4.011054814757864E-04,-8.984769560109744E-05,-1.524841209904090E-04
2.329216356420297E-05,-1.784449265203250E-05,-1.035762299600679E-04,4.004706715321770E-04,-8.936048841349304E-05,-1.496464386139894E-04
2.357004645033091E-05,-1.790637955792093E-05,-1.036791688655830E-04,3.998312802208756E-04,-8.887390349148861E-05,-1.468193679286356E-04
2.384748373521439E-05,-1.796792877102657E-05,-1.037801481777518E-04,3.991873463315611E-04,-8.838793167584309E-05,-1.440027901015832E-04
2.412447227747278E-05,-1.802914071394889E-05,-1.038791751424708E-04,3.985389076841085E-04,-8.790256384685744E-05,-1.411965878551795E-04
2.440100896165830E-05,-1.809001580296787E-05,-1.039762569247255E-04,3.978860011484605E-04,-8.741779092405078E-05,-1.384006454386771E-04
2.467709069760304E-05,-1.815055444807111E-05,-1.040714006096413E-04,3.972286626639548E-04,-8.693360386582279E-05,-1.356148486006309E-04
2.495271441977931E-05,-1.821075705298073E-05,-1.041646132035149E-04,3.965669272581237E-04,-8.644999366910310E-05,-1.328390845618835E-04
2.522787708667281E-05,-1.827062401517999E-05,-1.042559016348276E-04,3.959008290649802E-04,-8.596695136898839E-05,-1.300732419891224E-04
2.550257568016830E-05,-1.833015572593966E-05,-1.043452727552407E-04,3.952304013428079E-04,-8.548446803836794E-05,-1.273172109689970E-04
2.577680720494755E-05,-1.838935257034414E-05,-1.044327333405722E-04,3.945556764914665E-04,-8.500253478753813E-05,-1.245708829827795E-04
2.605056868789903E-05,-1.844821492731732E-05,-1.045182900917571E-04,3.938766860692291E-04,-8.452114276380666E-05,-1.218341508815571E-04
2.632385717753923E-05,-1.850674316964808E-05,-1.046019496357900E-04,3.931934608091637E-04,-8.404028315108704E-05,-1.191069088619423E-04
2.659666974344512E-05,-1.856493766401565E-05,-1.046837185266511E-04,3.925060306350725E-04,-8.355994716948378E-05,-1.163890524422878E-04
2.686900347569762E-05,-1.862279877101454E-05,-1.047636032462162E-04,3.918144246770012E-04,-8.308012607486894E-05,-1.136804784393939E-04
2.714085548433560E-05,-1.868032684517922E-05,-1.048416102051503E-04,3.911186712863309E-04,-8.260081115845056E-05,-1.109810849456965E-04
2.741222289882028E-05,-1.873752223500857E-05,-1.049177457437858E-04,3.904187980504648E-04,-8.212199374633324E-05,-1.082907713069241E-04
2.768310286750970E-05,-1.879438528298988E-05,-1.049920161329850E-04,3.897148318071194E-04,-8.164366519907159E-05,-1.056094381002110E-04
2.795349255714290E-05,-1.885091632562270E-05,-1.050644275749880E-04,3.890067986582340E-04,-8.116581691121678E-05,-1.029369871126572E-04
2.822338915233372E-05,-1.890711569344221E-05,-1.051349862042453E-04,3.882947239835067E-04,-8.068844031085666E-05,-1.002733213203236E-04
2.849278985507386E-05,-1.896298371104239E-05,-1.052036980882369E-04,3.875786324535684E-04,-8.021152685914986E-05,-9.761834486765128E-05
2.876169188424489E-05,-1.901852069709882E-05,-1.052705692282760E-04,3.868585480428048E-04,-7.973506804985418E-05,-9.497196304729562E-05
2.903009247513913E-05,-1.907372696439116E-05,-1.053356055602998E-04,3.861344940418356E-04,-7.925905540884968E-05,-9.233408228036472E-05
2.929798887898908E-05,-1.912860281982526E-05,-1.053988129556465E-04,3.854064930696612E-04,-7.878348049365669E-05,-8.970461009705256E-05
2.956537836250506E-05,-1.918314856445498E-05,-1.054601972218187E-04,3.846745670854842E-04,-7.830833489294917E-05,-8.708345511765753E-05
2.983225820742112E-05,-1.923736449350369E-05,-1.055197641032339E-04,3.839387374002165E-04,-7.783361022606366E-05,-8.447052703397705E-05
3.009862571004867E-05,-1.929125089638531E-05,-1.055775192819624E-04,3.831990246876789E-04,-7.735929814250403E-05,-8.186573659106944E-05
3.036447818083791E-05,-1.934480805672518E-05,-1.056334683784525E-04,3.824554489955027E-04,-7.688539032144244E-05,-7.926899556937430E-05
3.062981294394665E-05,-1.939803625238041E-05,-1.056876169522432E-04,3.817080297557397E-04,-7.641187847121658E-05,-7.668021676718299E-05
3.089462733681645E-05,-1.945093575546002E-05,-1.057399705026652E-04,3.809567857951899E-04,-7.593875432882361E-05,-7.409931398345094E-05
3.115891870975577E-05,-1.950350683234460E-05,-1.057905344695302E-04,3.802017353454529E-04,-7.546600965941079E-05,-7.152620200094382E-05
3.142268442553009E-05,-1.955574974370576E-05,-1.058393142338076E-04,3.794428960527117E-04,-7.499363625576325E-05,-6.896079656970977E-05
3.168592185895867E-05,-1.960766474452507E-05,-1.058863151182916E-04,3.786802849872540E-04,-7.452162593778895E-05,-6.640301439086998E-05
3.194862839651788E-05,-1.965925208411278E-05,-1.059315423882550E-04,3.779139186527399E-04,-7.404997055200098E-05,-6.385277310072052E-05
3.221080143595081E-05,-1.971051200612605E-05,-1.059750012520944E-04,3.771438129952205E-04,-7.357866197099752E-05,-6.130999125513785E-05
3.247243838588314E-05,-1.976144474858694E-05,-1.060166968619623E-04,3.763699834119150E-04,-7.310769209293944E-05,-5.877458831428134E-05
3.273353666544499E-05,-1.981205054389994E-05,-1.060566343143906E-04,3.755924447597528E-04,-7.263705284102589E-05,-5.624648462758570E-05
3.299409370389857E-05,-1.986232961886922E-05,-1.060948186509030E-04,3.748112113636840E-04,-7.216673616296780E-05,-5.372560141903692E-05
3.325410694027163E-05,-1.991228219471541E-05,-1.061312548586168E-04,3.740262970247681E-04,-7.169673403045958E-05,-5.121186077272501E-05
3.351357382299637E-05,-1.996190848709212E-05,-1.061659478708357E-04,3.732377150280423E-04,-7.122703843864916E-05,-4.870518561866744E-05
3.377249180955372E-05,-2.001120870610202E-05,-1.061989025676324E-04,3.724454781501783E-04,-7.075764140560628E-05,-4.620549971889701E-05
3.403085836612299E-05,-2.006018305631258E-05,-1.062301237764213E-04,3.716495986669298E-04,-7.028853497178940E-05,-4.371272765380813E-05
3.428867096723647E-05,-2.010883173677142E-05,-1.062596162725224E-04,3.708500883603783E-04,-6.981971119951112E-05,-4.122679480875583E-05
3.454592709543907E-05,-2.015715494102132E-05,-1.062873847797157E-04,3.700469585259807E-04,-6.935116217240231E-05,-3.874762736090168E-05
3.480262424095282E-05,-2.020515285711483E-05,-1.063134339707865E-04,3.692402199794233E-04,-6.888287999487502E-05,-3.627515226630113E-05
3.505875990134595E-05,-2.025282566762850E-05,-1.063377684680620E-04,3.684298830632882E-04,-6.841485679158421E-05,-3.380929724722681E-05
3.531433158120668E-05,-2.030017354967679E-05,-1.063603928439388E-04,3.676159576535345E-04,-6.794708470688834E-05,-3.134999077972267E-05
3.556933679182134E-05,-2.034719667492550E-05,-1.063813116214025E-04,3.667984531658007E-04,-6.747955590430905E-05,-2.889716208138364E-05
3.582377305085682E-05,-2.039389520960496E-05,-1.064005292745380E-04,3.659773785615310E-04,-6.701226256598974E-05,-2.645074109935592E-05
3.607763788204728E-05,-2.044026931452273E-05,-1.064180502290324E-04,3.651527423539303E-04,-6.654519689215330E-05,-2.401065849855305E-05
3.633092881488485E-05,-2.048631914507597E-05,-1.064338788626694E-04,3.643245526137512E-04,-6.607835110055893E-05,-2.157684565008289E-05
3.658364338431436E-05,-2.053204485126347E-05,-1.064480195058155E-04,3.634928169749180E-04,-6.561171742595817E-05,-1.914923461988092E-05
3.683577913043189E-05,-2.057744657769718E-05,-1.064604764418989E-04,3.626575426399900E-04,-6.514528811955007E-05,-1.672775815754542E-05
3.708733359818706E-05,-2.062252446361352E-05,-1.064712539078804E-04,3.618187363854682E-04,-6.467905544843559E-05,-1.431234968536997E-05
3.733830433708893E-05,-2.066727864288422E-05,-1.064803560947164E-04,3.609764045669493E-04,-6.421301169507132E-05,-1.190294328756908E-05
3.758868890091550E-05,-2.071170924402675E-05,-1.064877871478157E-04,3.601305531241301E-04,-6.374714915672239E-05,-9.499473699692674E-06
3.783848484742655E-05,-2.075581639021444E-05,-1.064935511674873E-04,3.592811875856647E-04,-6.328146014491471E-05,-7.101876298225407E-06
3.808768973807984E-05,-2.079960019928623E-05,-1.064976522093825E-04,3.584283130738795E-04,-6.281593698488650E-05,-4.710087090366739E-06
3.833630113775055E-05,-2.084306078375593E-05,-1.065000942849294E-04,3.575719343093467E-04,-6.235057201503913E-05,-2.324042703987928E-06
3.858431661445384E-05,-2.088619825082122E-05,-1.065008813617599E-04,3.567120556153218E-04,-6.188535758638727E-05,5.631962223790151E-08
3.883173373907038E-05,-2.092901270237221E-05,-1.065000173641314E-04,3.558486809220455E-04,-6.142028606200835E-05,2.431062048536308E-06
3.907855008507497E-05,-2.097150423499962E-05,-1.064975061733402E-04,3.549818137709147E-04,-6.095534981649131E-05,4.800246143566336E-06
3.932476322826785E-05,-2.101367294000257E-05,-1.064933516281292E-04,3.541114573185242E-04,-6.049054123538468E-05,7.163932893793108E-06
3.957037074650884E-05,-2.105551890339602E-05,-1.064875575250892E-04,3.532376143405822E-04,-6.002585271464394E-05,9.522182712701655E-06
3.981537021945423E-05,-2.109704220591781E-05,-1.064801276190534E-04,3.523602872357017E-04,-5.956127666007810E-05,1.187505544985536E-05
4.005975922829612E-05,-2.113824292303527E-05,-1.064710656234863E-04,3.514794780290706E-04,-5.909680548679566E-05,1.422261039980233E-05
4.030353535550434E-05,-2.117912112495154E-05,-1.064603752108654E-04,3.505951883760030E-04,-5.863243161864966E-05,1.656490631083281E-05
4.054669618457085E-05,-2.121967687661141E-05,-1.064480600130583E-04,3.497074195653732E-04,-5.816814748768204E-05,1.890200139359099E-05
4.078923929975637E-05,-2.125991023770682E-05,-1.064341236216926E-04,3.488161725229356E-04,-5.770394553356718E-05,2.123395332954397E-05
4.103116228583935E-05,-2.129982126268198E-05,-1.064185695885206E-04,3.479214478145319E-04,-5.723981820305453E-05,2.356081927931117E-05
4.127246272786713E-05,-2.133941000073809E-05,-1.064014014257784E-04,3.470232456491881E-04,-5.677575794941047E-05,2.588265589085691E-05
4.151313821090915E-05,-2.137867649583764E-05,-1.063826226065387E-04,3.461215658821034E-04,-5.631175723185918E-05,2.819951930754910E-05
4.175318631981231E-05,-2.141762078670841E-05,-1.063622365650589E-04,3.452164080175319E-04,-5.584780851502259E-05,3.051146517608678E-05
4.199260463895818E-05,-2.145624290684695E-05,-1.063402466971227E-04,3.443077712115605E-04,-5.538390426835936E-05,3.281854865429933E-05
4.223139075202215E-05,-2.149454288452183E-05,-1.063166563603776E-04,3.433956542747839E-04,-5.492003696560281E-05,3.512082441881985E-05
4.246954224173445E-05,-2.153252074277633E-05,-1.062914688746660E-04,3.424800556748788E-04,-5.445619908419781E-05,3.741834667263549E-05
4.270705668964281E-05,-2.157017649943088E-05,-1.062646875223516E-04,3.415609735390782E-04,-5.399238310473655E-05,3.971116915251714E-05
4.294393167587693E-05,-2.160751016708501E-05,-1.062363155486407E-04,3.406384056565485E-04,-5.352858151039311E-05,4.199934513633100E-05
4.318016477891450E-05,-2.164452175311899E-05,-1.062063561618983E-04,3.397123494806709E-04,-5.306478678635685E-05,4.428292745023449E-05
4.341575357534873E-05,-2.168121125969499E-05,-1.061748125339594E-04,3.387828021312275E-04,-5.260099141926450E-05,4.656196847575882E-05
4.365069563965749E-05,-2.171757868375789E-05,-1.061416878004353E-04,3.378497603964949E-04,-5.213718789663102E-05,4.883652015678056E-05
4.388498854397375E-05,-2.175362401703575E-05,-1.061069850610152E-04,3.369132207352458E-04,-5.167336870627892E-05,5.110663400638453E-05
4.411862985785743E-05,-2.178934724603973E-05,-1.060707073797628E-04,3.359731792786605E-04,-5.120952633576629E-05,5.337236111362004E-05
4.435161714806856E-05,-2.182474835206380E-05,-1.060328577854086E-04,3.350296318321494E-04,-5.074565327181325E-05,5.563375215015294E-05
4.458394797834165E-05,-2.185982731118390E-05,-1.059934392716377E-04,3.340825738770879E-04,-5.028174199972687E-05,5.789085737681528E-05
4.481561990916125E-05,-2.189458409425677E-05,-1.059524547973724E-04,3.331320005724646E-04,-4.981778500282445E-05,6.014372665005491E-05
4.504663049753860E-05,-2.192901866691839E-05,-1.059099072870510E-04,3.321779067564442E-04,-4.935377476185508E-05,6.239240942828681E-05
4.527697729678938E-05,-2.196313098958195E-05,-1.058657996309024E-04,3.312202869478468E-04,-4.888970375441953E-05,6.463695477814841E-05
4.550665785631239E-05,-2.199692101743553E-05,-1.058201346852153E-04,3.302591353475432E-04,-4.842556445438817E-05,6.687741138066050E-05
4.573566972136927E-05,-2.203038870043922E-05,-1.057729152726046E-04,3.292944458397689E-04,-4.796134933131711E-05,6.911382753729590E-05
4.596401043286501E-05,-2.206353398332202E-05,-1.057241441822722E-04,3.283262119933567E-04,-4.749705084986229E-05,7.134625117595762E-05
4.619167752712931E-05,-2.209635680557814E-05,-1.056738241702652E-04,3.273544270628895E-04,-4.703266146919153E-05,7.357472985686829E-05
4.641866853569880E-05,-2.212885710146304E-05,-1.056219579597282E-04,3.263790839897734E-04,-4.656817364239446E-05,7.579931077837269E-05
4.664498098509980E-05,-2.216103479998899E-05,-1.055685482411538E-04,3.254001754032332E-04,-4.610357981589025E-05,7.802004078265514E-05
4.687061239663194E-05,-2.219288982492021E-05,-1.055135976726268E-04,3.244176936212303E-04,-4.563887242883300E-05,8.023696636137331E-05
4.709556028615227E-05,-2.222442209476768E-05,-1.054571088800665E-04,3.234316306513032E-04,-4.517404391251480E-05,8.245013366121026E-05
4.731982216385995E-05,-2.225563152278338E-05,-1.053990844574640E-04,3.224419781913333E-04,-4.470908668976631E-05,8.465958848934622E-05
4.754339553408146E-05,-2.228651801695429E-05,-1.053395269671163E-04,3.214487276302349E-04,-4.424399317435484E-05,8.686537631885178E-05
4.776627789505626E-05,-2.231708147999584E-05,-1.052784389398561E-04,3.204518700485704E-04,-4.377875577037967E-05,8.906754229400398E-05
4.798846673872285E-05,-2.234732180934499E-05,-1.052158228752788E-04,3.194513962190928E-04,-4.331336687166484E-05,9.126613123552681E-05
4.820995955050518E-05,-2.237723889715290E-05,-1.051516812419651E-04,3.184472966072139E-04,-4.284781886114896E-05,9.346118764575768E-05
4.843075380909936E-05,-2.240683263027713E-05,-1.050860164777003E-04,3.174395613714002E-04,-4.238210411027216E-05,9.565275571374124E-05
4.865084698626061E-05,-2.243610289027348E-05,-1.050188309896901E-04,3.164281803634976E-04,-4.191621497836013E-05,9.784087932025205E-05
4.887023654659045E-05,-2.246504955338733E-05,-1.049501271547733E-04,3.154131431289832E-04,-4.145014381200488E-05,1.000256020427473E-04
4.908891994732398E-05,-2.249367249054458E-05,-1.048799073196304E-04,3.143944389071471E-04,-4.098388294444249E-05,1.022069671602514E-04
4.930689463811729E-05,-2.252197156734220E-05,-1.048081738009890E-04,3.133720566312030E-04,-4.051742469492746E-05,1.043850176581730E-04
4.952415806083497E-05,-2.254994664403825E-05,-1.047349288858265E-04,3.123459849283293E-04,-4.005076136810364E-05,1.065597962330565E-04
4.974070764933751E-05,-2.257759757554153E-05,-1.046601748315690E-04,3.113162121196397E-04,-3.958388525337177E-05,1.087313452972693E-04
4.995654082926880E-05,-2.260492421140081E-05,-1.045839138662867E-04,3.102827262200848E-04,-3.911678862425328E-05,1.108997069836252E-04
5.017165501784340E-05,-2.263192639579351E-05,-1.045061481888866E-04,3.092455149382846E-04,-3.864946373775047E-05,1.130649231499458E-04
5.038604762363378E-05,-2.265860396751409E-05,-1.044268799693022E-04,3.082045656762919E-04,-3.818190283370282E-05,1.152270353835618E-04
5.059971604635728E-05,-2.268495675996183E-05,-1.043461113486792E-04,3.071598655292877E-04,-3.771409813413939E-05,1.173860850057538E-04
5.081265767666292E-05,-2.271098460112829E-05,-1.042638444395595E-04,3.061114012852077E-04,-3.724604184262713E-05,1.195421130761349E-04
5.102486989591785E-05,-2.273668731358423E-05,-1.041800813260605E-04,3.050591594243014E-04,-3.677772614361510E-05,1.216951603969757E-04
5.123635007599354E-05,-2.276206471446611E-05,-1.040948240640532E-04,3.040031261186226E-04,-3.630914320177433E-05,1.238452675174737E-04
5.144709557905153E-05,-2.278711661546214E-05,-1.040080746813358E-04,3.029432872314526E-04,-3.584028516133333E-05,1.259924747379663E-04
5.165710375732881E-05,-2.281184282279783E-05,-1.039198351778057E-04,3.018796283166557E-04,-3.537114414540907E-05,1.281368221140907E-04
5.186637195292268E-05,-2.283624313722113E-05,-1.038301075256274E-04,3.008121346179670E-04,-3.490171225533331E-05,1.302783494608901E-04
5.207489749757512E-05,-2.286031735398702E-05,-1.037388936693983E-04,2.997407910682128E-04,-3.443198156997419E-05,1.324170963568680E-04
5.228267771245662E-05,-2.288406526284170E-05,-1.036461955263122E-04,2.986655822884638E-04,-3.396194414505287E-05,1.345531021479914E-04
5.248970990794933E-05,-2.290748664800629E-05,-1.035520149863183E-04,2.975864925871205E-04,-3.349159201245520E-05,1.366864059516435E-04
5.269599138342961E-05,-2.293058128815999E-05,-1.034563539122797E-04,2.965035059589310E-04,-3.302091717953824E-05,1.388170466605277E-04
5.290151942704984E-05,-2.295334895642288E-05,-1.033592141401273E-04,2.954166060839420E-04,-3.254991162843143E-05,1.409450629465227E-04
5.310629131551955E-05,-2.297578942033806E-05,-1.032605974790121E-04,2.943257763263816E-04,-3.207856731533241E-05,1.430704932644914E-04
5.331030431388559E-05,-2.299790244185348E-05,-1.031605057114548E-04,2.932309997334747E-04,-3.160687616979721E-05,1.451933758560415E-04
5.351355567531168E-05,-2.301968777730316E-05,-1.030589405934921E-04,2.921322590341901E-04,-3.113483009402483E-05,1.473137487532423E-04
5.371604264085683E-05,-2.304114517738791E-05,-1.029559038548215E-04,2.910295366379204E-04,-3.066242096213584E-05,1.494316497822957E-04
5.391776243925301E-05,-2.306227438715564E-05,-1.028513971989425E-04,2.899228146330932E-04,-3.018964061944515E-05,1.515471165671637E-04
5.411871228668174E-05,-2.308307514598105E-05,-1.027454223032963E-04,2.888120747857138E-04,-2.971648088172851E-05,1.536601865331524E-04
5.431888938654965E-05,-2.310354718754490E-05,-1.026379808194021E-04,2.876972985378397E-04,-2.924293353448279E-05,1.557708969104545E-04
5.451829092926294E-05,-2.312369023981268E-05,-1.025290743729915E-04,2.865784670059859E-04,-2.876899033217979E-05,1.578792847376494E-04
5.471691409200081E-05,-2.314350402501284E-05,-1.024187045641404E-04,2.854555609794610E-04,-2.829464299751351E-05,1.599853868651631E-04
5.491475603848754E-05,-2.316298825961445E-05,-1.023068729673986E-04,2.843285609186339E-04,-2.781988322064058E-05,1.620892399586880E-04
5.511181391876353E-05,-2.318214265430434E-05,-1.021935811319167E-04,2.831974469531304E-04,-2.734470265841383E-05,1.641908805025635E-04
5.530808486895491E-05,-2.320096691396370E-05,-1.020788305815708E-04,2.820621988799598E-04,-2.686909293360881E-05,1.662903448031180E-04
5.550356601104189E-05,-2.321946073764413E-05,-1.019626228150855E-04,2.809227961615707E-04,-2.639304563414296E-05,1.683876689919728E-04
5.569825445262576E-05,-2.323762381854318E-05,-1.018449593061532E-04,2.797792179238354E-04,-2.591655231228752E-05,1.704828890293097E-04
5.589214728669442E-05,-2.325545584397932E-05,-1.017258415035530E-04,2.786314429539629E-04,-2.543960448387168E-05,1.725760407071013E-04
5.608524159138644E-05,-2.327295649536636E-05,-1.016052708312658E-04,2.774794496983404E-04,-2.496219362747915E-05,1.746671596523056E-04
5.627753442975363E-05,-2.329012544818728E-05,-1.014832486885878E-04,2.763232162603008E-04,-2.448431118363661E-05,1.767562813300261E-04
5.646902284952199E-05,-2.330696237196752E-05,-1.013597764502420E-04,2.751627203978182E-04,-2.400594855399419E-05,1.788434410466364E-04
5.665970388285108E-05,-2.332346693024772E-05,-1.012348554664875E-04,2.739979395211295E-04,-2.352709710049757E-05,1.809286739528721E-04
5.684957454609165E-05,-2.333963878055583E-05,-1.011084870632262E-04,2.728288506902807E-04,-2.304774814455155E-05,1.830120150468880E-04
5.703863183954164E-05,-2.335547757437871E-05,-1.009806725421077E-04,2.716554306125994E-04,-2.256789296617506E-05,1.850934991772835E-04
5.722687274720028E-05,-2.337098295713302E-05,-1.008514131806323E-04,2.704776556400907E-04,-2.208752280314713E-05,1.871731610460958E-04
5.741429423652041E-05,-2.338615456813565E-05,-1.007207102322520E-04,2.692955017667570E-04,-2.160662885014391E-05,1.892510352117614E-04
5.760089325815897E-05,-2.340099204057345E-05,-1.005885649264684E-04,2.681089446258405E-04,-2.112520225786634E-05,1.913271560920461E-04
5.778666674572545E-05,-2.341549500147242E-05,-1.004549784689302E-04,2.669179594869882E-04,-2.064323413215834E-05,1.934015579669453E-04
5.797161161552839E-05,-2.342966307166621E-05,-1.003199520415275E-04,2.657225212533375E-04,-2.016071553311531E-05,1.954742749815536E-04
5.815572476631982E-05,-2.344349586576407E-05,-1.001834868024846E-04,2.645226044585227E-04,-1.967763747418275E-05,1.975453411489055E-04
5.833900307903763E-05,-2.345699299211812E-05,-1.000455838864505E-04,2.633181832636007E-04,-1.919399092124466E-05,1.996147903527869E-04
5.852144341654570E-05,-2.347015405279001E-05,-9.990624440458799E-05,2.621092314538959E-04,-1.870976679170168E-05,2.016826563505178E-04
5.870304262337189E-05,-2.348297864351692E-05,-9.976546944466038E-05,2.608957224357622E-04,-1.822495595353863E-05,2.037489727757073E-04
5.888379752544370E-05,-2.349546635367693E-05,-9.962326007111646E-05,2.596776292332622E-04,-1.773954922438119E-05,2.058137731409812E-04
5.906370492982161E-05,-2.350761676625369E-05,-9.947961732517359E-05,2.584549244847619E-04,-1.725353737054159E-05,2.078770908406822E-04
5.924276162443006E-05,-2.351942945780051E-05,-9.933454222489891E-05,2.572275804394401E-04,-1.676691110605302E-05,2.099389591535433E-04
5.942096437778588E-05,-2.353090399840363E-05,-9.918803576528871E-05,2.559955689537116E-04,-1.627966109169245E-05,2.119994112453349E-04
5.959830993872435E-05,-2.354203995164499E-05,-9.904009891834594E-05,2.547588614875628E-04,-1.579177793399176E-05,2.140584801714870E-04
5.977479503612254E-05,-2.355283687456411E-05,-9.889073263315599E-05,2.535174291007988E-04,-1.530325218423680E-05,2.161161988796844E-04
5.995041637862010E-05,-2.356329431761947E-05,-9.873993783596053E-05,2.522712424492003E-04,-1.481407433745411E-05,2.181726002124379E-04
6.012517065433734E-05,-2.357341182464902E-05,-9.858771543022975E-05,2.510202717805899E-04,-1.432423483138521E-05,2.202277169096305E-04
6.029905453059052E-05,-2.358318893283009E-05,-9.843406629673270E-05,2.497644869308060E-04,-1.383372404544795E-05,2.222815816110393E-04
6.047206465360433E-05,-2.359262517263845E-05,-9.827899129360596E-05,2.485038573195827E-04,-1.334253229968482E-05,2.243342268588330E-04
6.064419764822144E-05,-2.360172006780679E-05,-9.812249125642055E-05,2.472383519463353E-04,-1.285064985369792E-05,2.263856851000467E-04
6.081545011760918E-05,-2.361047313528232E-05,-9.796456699824714E-05,2.459679393858491E-04,-1.235806690557018E-05,2.284359886890322E-04
6.098581864296308E-05,-2.361888388518371E-05,-9.780521930971961E-05,2.446925877838702E-04,-1.186477359077272E-05,2.304851698898859E-04
6.115529978320741E-05,-2.362695182075716E-05,-9.764444895909683E-05,2.434122648525980E-04,-1.137075998105791E-05,2.325332608788542E-04
6.132389007469245E-05,-2.363467643833184E-05,-9.748225669232287E-05,2.421269378660756E-04,-1.087601608333790E-05,2.345802937467159E-04
6.149158603088866E-05,-2.364205722727442E-05,-9.731864323308556E-05,2.408365736554790E-04,-1.038053183854828E-05,2.366263005011427E-04
6.165838414207741E-05,-2.364909366994287E-05,-9.715360928287332E-05,2.395411386043015E-04,-9.884297120496586E-06,2.386713130690379E-04
6.182428087503843E-05,-2.365578524163944E-05,-9.698715552103050E-05,2.382405986434335E-04,-9.387301734695266E-06,2.407153632988533E-04
6.198927267273370E-05,-2.366213141056281E-05,-9.681928260481105E-05,2.369349192461339E-04,-8.889535417178881E-06,2.427584829628847E-04
6.215335595398796E-05,-2.366813163775945E-05,-9.664999116943060E-05,2.356240654228932E-04,-8.390987833305098E-06,2.448007037595461E-04
6.231652711316545E-05,-2.367378537707408E-05,-9.647928182811701E-05,2.343080017161854E-04,-7.891648576539200E-06,2.468420573156236E-04
6.247878251984308E-05,-2.367909207509937E-05,-9.630715517215929E-05,2.329866921951077E-04,-7.391507167221737E-06,2.488825751885073E-04
6.264011851847981E-05,-2.368405117112467E-05,-9.613361177095508E-05,2.316601004499047E-04,-6.890553051318973E-06,2.509222888684038E-04
6.280053142808215E-05,-2.368866209708397E-05,-9.595865217205650E-05,2.303281895863771E-04,-6.388775599155756E-06,2.529612297805276E-04
6.296001754186578E-05,-2.369292427750290E-05,-9.578227690121454E-05,2.289909222201710E-04,-5.886164104130436E-06,2.549994292872725E-04
6.311857312691316E-05,-2.369683712944485E-05,-9.560448646242194E-05,2.276482604709469E-04,-5.382707781411465E-06,2.570369186903629E-04
6.327619442382700E-05,-2.370040006245622E-05,-9.542528133795460E-05,2.263001659564260E-04,-4.878395766615275E-06,2.590737292329848E-04
6.343287764637964E-05,-2.370361247851066E-05,-9.524466198841143E-05,2.249465997863116E-04,-4.373217114465048E-06,2.611098921018977E-04
6.358861898115805E-05,-2.370647377195249E-05,-9.506262885275291E-05,2.235875225560827E-04,-3.867160797429966E-06,2.631454384295259E-04
6.374341458720460E-05,-2.370898332943904E-05,-9.487918234833802E-05,2.222228943406590E-04,-3.360215704344527E-06,2.651803992960303E-04
6.389726059565328E-05,-2.371114052988210E-05,-9.469432287095984E-05,2.208526746879336E-04,-2.852370639007512E-06,2.672148057313616E-04
6.405015310936142E-05,-2.371294474438840E-05,-9.450805079487973E-05,2.194768226121709E-04,-2.343614318760161E-06,2.692486887172924E-04
6.420208820253682E-05,-2.371439533619905E-05,-9.432036647286009E-05,2.180952965872689E-04,-1.833935373043115E-06,2.712820791894312E-04
6.435306192036010E-05,-2.371549166062799E-05,-9.413127023619567E-05,2.167080545398809E-04,-1.323322341931687E-06,2.733150080392159E-04
6.450307027860223E-05,-2.371623306499942E-05,-9.394076239474364E-05,2.153150538423960E-04,-8.117636746489784E-07,2.753475061158888E-04
6.465210926323714E-05,-2.371661888858420E-05,-9.374884323695214E-05,2.139162513057744E-04,-2.992477280563875E-07,2.773796042284517E-04
6.480017483004933E-05,-2.371664846253514E-05,-9.355551302988760E-05,2.125116031722356E-04,2.142372348789819E-07,2.794113331476012E-04
6.494726290423631E-05,-2.371632110982129E-05,-9.336077201926064E-05,2.111010651077961E-04,7.287030466405042E-07,2.814427236076454E-04
6.509336938000585E-05,-2.371563614516110E-05,-9.316462042945072E-05,2.096845921946533E-04,1.244161636742311E-06,2.834738063084001E-04
6.523849012016782E-05,-2.371459287495450E-05,-9.296705846352940E-05,2.082621389234144E-04,1.760625033334184E-06,2.855046119170663E-04
6.538262095572065E-05,-2.371319059721377E-05,-9.276808630328235E-05,2.068336591851641E-04,2.278105364831583E-06,2.875351710700873E-04
6.552575768543220E-05,-2.371142860149344E-05,-9.256770410923010E-05,2.053991062633715E-04,2.796614861571360E-06,2.895655143749862E-04
6.566789607541491E-05,-2.370930616881884E-05,-9.236591202064745E-05,2.039584328256300E-04,3.316165857493699E-06,2.915956724121838E-04
6.580903185869521E-05,-2.370682257161362E-05,-9.216271015558171E-05,2.025115909152283E-04,3.836770791850858E-06,2.936256757367959E-04
6.594916073477703E-05,-2.370397707362596E-05,-9.195809861086962E-05,2.010585319425492E-04,4.358442210943280E-06,2.956555548804110E-04
6.608827836919920E-05,-2.370076892985370E-05,-9.175207746215308E-05,1.995992066762914E-04,4.881192769883672E-06,2.976853403528466E-04
6.622638039308675E-05,-2.369719738646805E-05,-9.154464676389368E-05,1.981335652345122E-04,5.405035234389658E-06,2.997150626438860E-04
6.636346240269591E-05,-2.369326168073626E-05,-9.133580654938601E-05,1.966615570754867E-04,5.929982482605615E-06,3.017447522249934E-04
6.649951995895273E-05,-2.368896104094282E-05,-9.112555683076980E-05,1.951831309883791E-04,6.456047506954337E-06,3.037744395510081E-04
6.663454858698507E-05,-2.368429468630950E-05,-9.091389759904085E-05,1.936982350837230E-04,6.983243416019170E-06,3.058041550618177E-04
6.676854377564801E-05,-2.367926182691398E-05,-9.070082882406088E-05,1.922068167837066E-04,7.511583436457281E-06,3.078339291840087E-04
6.690150097704241E-05,-2.367386166360721E-05,-9.048635045456619E-05,1.907088228122581E-04,8.041080914944745E-06,3.098637923324963E-04
6.703341560602645E-05,-2.366809338792939E-05,-9.027046241817517E-05,1.892041991849276E-04,8.571749320154140E-06,3.118937749121303E-04
6.716428303972017E-05,-2.366195618202450E-05,-9.005316462139480E-05,1.876928911985607E-04,9.103602244765364E-06,3.139239073192800E-04
6.729409861700274E-05,-2.365544921855354E-05,-8.983445694962593E-05,1.861748434207596E-04,9.636653407510411E-06,3.159542199433941E-04
6.742285763800227E-05,-2.364857166060623E-05,-8.961433926716761E-05,1.846499996791271E-04,1.017091665525284E-05,3.179847431685386E-04
6.755055536357815E-05,-2.364132266161131E-05,-8.939281141722027E-05,1.831183030502884E-04,1.070640596510270E-05,3.200155073749094E-04
6.767718701479566E-05,-2.363370136524535E-05,-8.916987322188787E-05,1.815796958486862E-04,1.124313544656774E-05,3.220465429403210E-04
6.780274777239272E-05,-2.362570690534005E-05,-8.894552448217911E-05,1.800341196151439E-04,1.178111934374160E-05,3.240778802416702E-04
6.792723277623860E-05,-2.361733840578800E-05,-8.871976497800748E-05,1.784815151051919E-04,1.232037203752995E-05,3.261095496563735E-04
6.805063712478447E-05,-2.360859498044690E-05,-8.849259446819049E-05,1.769218222771517E-04,1.286090804791531E-05,3.281415815637786E-04
6.817295587450559E-05,-2.359947573304216E-05,-8.826401269044779E-05,1.753549802799721E-04,1.340274203626142E-05,3.301740063465496E-04
6.829418403933489E-05,-2.358997975706794E-05,-8.803401936139840E-05,1.737809274408120E-04,1.394588880765810E-05,3.322068543920234E-04
6.841431659008796E-05,-2.358010613568646E-05,-8.780261417655705E-05,1.721996012523648E-04,1.449036331330750E-05,3.342401560935389E-04
6.853334845387905E-05,-2.356985394162575E-05,-8.756979681032950E-05,1.706109383599170E-04,1.503618065295262E-05,3.362739418517368E-04
6.865127451352802E-05,-2.355922223707563E-05,-8.733556691600704E-05,1.690148745481369E-04,1.558335607734903E-05,3.383082420758297E-04
6.876808960695804E-05,-2.354821007358191E-05,-8.709992412576014E-05,1.674113447275848E-04,1.613190499078092E-05,3.403430871848415E-04
6.888378852658380E-05,-2.353681649193898E-05,-8.686286805063119E-05,1.658002829209411E-04,1.668184295362228E-05,3.423785076088153E-04
6.899836601869004E-05,-2.352504052208044E-05,-8.662439828052641E-05,1.641816222489429E-04,1.723318568494438E-05,3.444145337899890E-04
6.911181678280024E-05,-2.351288118296800E-05,-8.638451438420704E-05,1.625552949160243E-04,1.778594906517051E-05,3.464511961839378E-04
6.922413547103525E-05,-2.350033748247850E-05,-8.614321590927964E-05,1.609212321956531E-04,1.834014913877914E-05,3.484885252606820E-04
6.933531668746157E-05,-2.348740841728900E-05,-8.590050238218574E-05,1.592793644153556E-04,1.889580211705653E-05,3.505265515057590E-04
6.944535498742920E-05,-2.347409297276003E-05,-8.565637330819063E-05,1.576296209414238E-04,1.945292438089996E-05,3.525653054212600E-04
6.955424487689863E-05,-2.346039012281675E-05,-8.541082817137158E-05,1.559719301632963E-04,2.001153248367279E-05,3.546048175268276E-04
6.966198081175706E-05,-2.344629882982822E-05,-8.516386643460528E-05,1.543062194776052E-04,2.057164315411236E-05,3.566451183606155E-04
6.976855719712320E-05,-2.343181804448456E-05,-8.491548753955468E-05,1.526324152718823E-04,2.113327329929225E-05,3.586862384802073E-04
6.987396838664085E-05,-2.341694670567208E-05,-8.466569090665518E-05,1.509504429079138E-04,2.169644000763989E-05,3.607282084634943E-04
6.997820868176062E-05,-2.340168374034627E-05,-8.441447593510025E-05,1.492602267047379E-04,2.226116055201090E-05,3.627710589095098E-04
7.008127233100982E-05,-2.338602806340265E-05,-8.416184200282643E-05,1.475616899212748E-04,2.282745239282151E-05,3.648148204392194E-04
7.018315352925012E-05,-2.336997857754537E-05,-8.390778846649791E-05,1.458547547385803E-04,2.339533318124047E-05,3.668595236962651E-04
7.028384641692278E-05,-2.335353417315369E-05,-8.365231466149047E-05,1.441393422417145E-04,2.396482076244160E-05,3.689051993476618E-04
7.038334507928109E-05,-2.333669372814604E-05,-8.339541990187505E-05,1.424153724012159E-04,2.453593317891871E-05,3.709518780844446E-04
7.048164354560990E-05,-2.331945610784186E-05,-8.313710348040087E-05,1.406827640541701E-04,2.510868867386420E-05,3.729995906222647E-04
7.057873578843175E-05,-2.330182016482104E-05,-8.287736466847810E-05,1.389414348848651E-04,2.568310569461278E-05,3.750483677019329E-04
7.067461572269953E-05,-2.328378473878089E-05,-8.261620271616029E-05,1.371913014050205E-04,2.625920289615207E-05,3.770982400899079E-04
7.076927720497517E-05,-2.326534865639076E-05,-8.235361685212633E-05,1.354322789335820E-04,2.683699914470142E-05,3.791492385787277E-04
7.086271403259420E-05,-2.324651073114406E-05,-8.208960628366224E-05,1.336642815760686E-04,2.741651352136073E-05,3.812013939873822E-04
7.095491994281578E-05,-2.322726976320774E-05,-8.182417019664271E-05,1.318872222034628E-04,2.799776532583097E-05,3.832547371616243E-04
7.104588861195790E-05,-2.320762453926919E-05,-8.155730775551237E-05,1.301010124306306E-04,2.858077408020797E-05,3.853092989742178E-04
7.113561365451749E-05,-2.318757383238043E-05,-8.128901810326702E-05,1.283055625942607E-04,2.916555953285137E-05,3.873651103251192E-04
7.122408862227496E-05,-2.316711640179967E-05,-8.101930036143468E-05,1.265007817303091E-04,2.975214166233050E-05,3.894222021415907E-04
7.131130700338294E-05,-2.314625099282999E-05,-8.074815363005659E-05,1.246865775509384E-04,3.034054068144906E-05,3.914806053782432E-04
7.139726222143882E-05,-2.312497633665530E-05,-8.047557698766826E-05,1.228628564209366E-04,3.093077704135051E-05,3.935403510170036E-04
7.148194763454075E-05,-2.310329115017336E-05,-8.020156949128051E-05,1.210295233336035E-04,3.152287143570609E-05,3.956014700670074E-04
7.156535653432667E-05,-2.308119413582587E-05,-7.992613017636066E-05,1.191864818860898E-04,3.211684480498763E-05,3.976639935644101E-04
7.164748214499604E-05,-2.305868398142559E-05,-7.964925805681381E-05,1.173336342541754E-04,3.271271834082705E-05,3.997279525721163E-04
7.172831762231384E-05,-2.303575935998037E-05,-7.937095212496443E-05,1.154708811664715E-04,3.331051349046477E-05,4.017933781794227E-04
7.180785605259652E-05,-2.301241892951410E-05,-7.909121135153816E-05,1.135981218780316E-04,3.391025196128925E-05,4.038603015015711E-04
7.188609045167926E-05,-2.298866133288439E-05,-7.881003468564398E-05,1.117152541433562E-04,3.451195572546991E-05,4.059287536792087E-04
7.196301376386447E-05,-2.296448519759714E-05,-7.852742105475677E-05,1.098221741887735E-04,3.511564702468563E-05,4.079987658777514E-04
7.203861886085071E-05,-2.293988913561762E-05,-7.824336936470038E-05,1.079187766841816E-04,3.572134837495137E-05,4.100703692866462E-04
7.211289854064187E-05,-2.291487174317833E-05,-7.795787849963122E-05,1.060049547141333E-04,3.632908257154531E-05,4.121435951185285E-04
7.218584552643599E-05,-2.288943160058331E-05,-7.767094732202247E-05,1.040805997482470E-04,3.693887269403897E-05,4.142184746082710E-04
7.225745246549332E-05,-2.286356727200887E-05,-7.738257467264902E-05,1.021456016109241E-04,3.755074211143298E-05,4.162950390119183E-04
7.232771192798305E-05,-2.283727730530090E-05,-7.709275937057316E-05,1.001998484503553E-04,3.816471448740108E-05,4.183733196055036E-04
7.239661640580834E-05,-2.281056023176828E-05,-7.680150021313113E-05,9.824322670679646E-05,3.878081378564526E-05,4.204533476837426E-04
7.246415831140902E-05,-2.278341456597269E-05,-7.650879597592067E-05,9.627562108009216E-05,3.939906427536462E-05,4.225351545585988E-04
7.253032997654144E-05,-2.275583880551450E-05,-7.621464541278956E-05,9.429691449642874E-05,4.001949053684110E-05,4.246187715577161E-04
7.259512365103503E-05,-2.272783143081479E-05,-7.591904725582531E-05,9.230698807429361E-05,4.064211746714481E-05,4.267042300227115E-04
7.265853150152485E-05,-2.269939090489332E-05,-7.562200021534611E-05,9.030572108961973E-05,4.126697028596233E-05,4.287915613073244E-04
7.272054561015976E-05,-2.267051567314244E-05,-7.532350297989306E-05,8.829299094009214E-05,4.189407454155089E-05,4.308807967754142E-04
7.278115797328537E-05,-2.264120416309683E-05,-7.502355421622395E-05,8.626867310859329E-05,4.252345611682178E-05,4.329719677988014E-04
7.284036050010143E-05,-2.261145478419891E-05,-7.472215256930844E-05,8.423264112576268E-05,4.315514123555641E-05,4.350651057549451E-04
7.289814501129279E-05,-2.258126592755995E-05,-7.441929666232508E-05,8.218476653164606E-05,4.378915646875835E-05,4.371602420244503E-04
7.295450323763349E-05,-2.255063596571671E-05,-7.411498509666000E-05,8.012491883640807E-05,4.442552874114499E-05,4.392574079883971E-04
7.300942681856318E-05,-2.251956325238349E-05,-7.380921645190755E-05,7.805296548008183E-05,4.506428533778243E-05,4.413566350254856E-04
7.306290730073530E-05,-2.248804612219954E-05,-7.350198928587305E-05,7.596877179132775E-05,4.570545391086741E-05,4.434579545089873E-04
7.311493613653618E-05,-2.245608289047174E-05,-7.319330213457761E-05,7.387220094517314E-05,4.634906248666015E-05,4.455613978034958E-04
7.316550468257455E-05,-2.242367185291233E-05,-7.288315351226543E-05,7.176311391970320E-05,4.699513947257198E-05,4.476669962614679E-04
7.321460419814049E-05,-2.239081128537177E-05,-7.257154191141338E-05,6.964136945167281E-05,4.764371366441216E-05,4.497747812195461E-04
7.326222584363323E-05,-2.235749944356642E-05,-7.225846580274344E-05,6.750682399100790E-05,4.829481425379779E-05,4.518847839946533E-04
7.330836067895695E-05,-2.232373456280106E-05,-7.194392363523773E-05,6.535933165416364E-05,4.894847083573142E-05,4.539970358798497E-04
7.335299966188379E-05,-2.228951485768609E-05,-7.162791383615665E-05,6.319874417630606E-05,4.960471341635079E-05,4.561115681399426E-04
7.339613364638318E-05,-2.225483852184927E-05,-7.131043481106007E-05,6.102491086228218E-05,5.026357242085531E-05,4.582284120068364E-04
7.343775338091681E-05,-2.221970372764190E-05,-7.099148494383187E-05,5.883767853634279E-05,5.092507870161407E-05,4.603475986746146E-04
7.347784950669809E-05,-2.218410862583929E-05,-7.067106259670800E-05,5.663689149058073E-05,5.158926354646040E-05,4.624691592943396E-04
7.351641255591547E-05,-2.214805134533547E-05,-7.034916611030826E-05,5.442239143204613E-05,5.225615868717794E-05,4.645931249685588E-04
7.355343294991849E-05,-2.211152999283182E-05,-7.002579380367197E-05,5.219401742849892E-05,5.292579630818348E-05,4.667195267455052E-04
7.358890099736571E-05,-2.207454265251972E-05,-6.970094397429777E-05,4.995160585275740E-05,5.359820905541206E-05,4.688483956129782E-04
7.362280689233348E-05,-2.203708738575689E-05,-6.937461489818788E-05,4.769499032560028E-05,5.427343004540981E-05,4.709797624918907E-04
7.365514071238455E-05,-2.199916223073733E-05,-6.904680482989682E-05,4.542400165717813E-05,5.495149287464030E-05,4.731136582294684E-04
7.368589241659547E-05,-2.196076520215481E-05,-6.871751200258507E-05,4.313846778688855E-05,5.563243162901036E-05,4.752501135920853E-04
7.371505184354162E-05,-2.192189429085954E-05,-6.838673462807783E-05,4.083821372166789E-05,5.631628089362138E-05,4.773891592577203E-04
7.374260870923896E-05,-2.188254746350810E-05,-6.805447089692913E-05,3.852306147265051E-05,5.700307576275254E-05,4.795308258080176E-04
7.376855260504109E-05,-2.184272266220630E-05,-6.772071897849157E-05,3.619282999014499E-05,5.769285185008233E-05,4.816751437199330E-04
7.379287299549060E-05,-2.180241780414485E-05,-6.738547702099212E-05,3.384733509687470E-05,5.838564529915518E-05,4.838221433569488E-04
7.381555921612344E-05,-2.176163078122770E-05,-6.704874315161404E-05,3.148638941942856E-05,5.908149279410005E-05,4.859718549598376E-04
7.383660047122506E-05,-2.172035945969285E-05,-6.671051547658543E-05,2.910980231786540E-05,5.978043157060818E-05,4.881243086369540E-04
7.385598583153699E-05,-2.167860167972541E-05,-6.637079208127478E-05,2.671737981341375E-05,6.048249942717731E-05,4.902795343540349E-04
7.387370423191251E-05,-2.163635525506279E-05,-6.602957103029359E-05,2.430892451420652E-05,6.118773473663002E-05,4.924375619234849E-04
7.388974446892013E-05,-2.159361797259179E-05,-6.568685036760682E-05,2.188423553898778E-05,6.189617645791414E-05,4.945984209931242E-04
7.390409519839326E-05,-2.155038759193738E-05,-6.534262811665119E-05,1.944310843872668E-05,6.260786414819313E-05,4.967621410343750E-04
7.391674493292474E-05,-2.150666184504297E-05,-6.499690228046200E-05,1.698533511607111E-05,6.332283797523499E-05,4.989287513298602E-04
7.392768203930473E-05,-2.146243843574202E-05,-6.464967084180868E-05,1.451070374257118E-05,6.404113873010828E-05,5.010982809603890E-04
7.393689473590022E-05,-2.141771503932069E-05,-6.430093176333966E-05,1.201899867359989E-05,6.476280784019425E-05,5.032707587913008E-04
7.394437108997468E-05,-2.137248930207131E-05,-6.395068298773694E-05,9.510000360895921E-06,6.548788738252413E-05,5.054462134581372E-04
7.395009901494614E-05,-2.132675884083656E-05,-6.359892243788085E-05,6.983485262650373E-06,6.621642009745135E-05,5.076246733516142E-04
7.395406626758195E-05,-2.128052124254392E-05,-6.324564801702549E-05,4.439225751056416E-06,6.694844940266837E-05,5.098061666018589E-04
7.395626044512839E-05,-2.123377406373038E-05,-6.289085760898540E-05,1.876990017237845E-06,6.768401940757836E-05,5.119907210618799E-04
7.395666898237341E-05,-2.118651483005696E-05,-6.253454907833395E-05,-7.034580265308165E-07,6.842317492803220E-05,5.141783642902345E-04
7.395527914864040E-05,-2.113874103581292E-05,-6.217672027061410E-05,-3.302358847403307E-06,6.916596150144171E-05,5.163691235328556E-04
7.395207804471119E-05,-2.109045014340929E-05,-6.181736901256207E-05,-5.919957395433814E-06,6.991242540228033E-05,5.185630257039997E-04
7.394705259967611E-05,-2.104163958286153E-05,-6.145649311234454E-05,-8.556503210040159E-06,7.066261365798280E-05,5.207600973662754E-04
7.394018956770910E-05,-2.099230675126101E-05,-6.109409035981006E-05,-1.121225052955953E-05,7.141657406525590E-05,5.229603647097083E-04
7.393147552476562E-05,-2.094244901223503E-05,-6.073015852675533E-05,-1.388745840400231E-05,7.217435520681259E-05,5.251638535297980E-04
7.392089686520105E-05,-2.089206369539498E-05,-6.036469536720716E-05,-1.658239081111368E-05,7.293600646854246E-05,5.273705892045203E-04
7.390843979830741E-05,-2.084114809577255E-05,-5.999769861772066E-05,-1.929731677585698E-05,7.370157805713158E-05,5.295805966702230E-04
7.389409034476585E-05,-2.078969947324346E-05,-5.962916599769463E-05,-2.203251049343735E-05,7.447112101814568E-05,5.317939003963650E-04
7.387783433301240E-05,-2.073771505193848E-05,-5.925909520970497E-05,-2.478825145598890E-05,7.524468725459059E-05,5.340105243590426E-04
7.385965739551445E-05,-2.068519201964140E-05,-5.888748393985678E-05,-2.756482458305352E-05,7.602232954596481E-05,5.362304920132453E-04
7.383954496495535E-05,-2.063212752717362E-05,-5.851432985815629E-05,-3.036252035598469E-05,7.680410156781924E-05,5.384538262637806E-04
7.381748227032413E-05,-2.057851868776489E-05,-5.813963061890342E-05,-3.318163495641497E-05,7.759005791183983E-05,5.406805494348037E-04
7.379345433290772E-05,-2.052436257641006E-05,-5.776338386110605E-05,-3.602247040893140E-05,7.838025410646926E-05,5.429106832378848E-04
7.376744596218252E-05,-2.046965622921115E-05,-5.738558720891687E-05,-3.888533472810922E-05,7.917474663808465E-05,5.451442487385443E-04
7.373944175160236E-05,-2.041439664270464E-05,-5.700623827209421E-05,-4.177054207005996E-05,7.997359297274841E-05,5.473812663211792E-04
7.370942607427956E-05,-2.035858077317343E-05,-5.662533464648760E-05,-4.467841288865706E-05,8.077685157855043E-05,5.496217556523056E-04
7.367738307855582E-05,-2.030220553594302E-05,-5.624287391454969E-05,-4.760927409660819E-05,8.158458194856006E-05,5.518657356420314E-04
7.364329668345960E-05,-2.024526780466155E-05,-5.585885364587533E-05,-5.056345923155117E-05,8.239684462440721E-05,5.541132244036761E-04
7.360715057404623E-05,-2.018776441056333E-05,-5.547327139776955E-05,-5.354130862735720E-05,8.321370122051246E-05,5.563642392114425E-04
7.356892819661732E-05,-2.012969214171518E-05,-5.508612471584554E-05,-5.654316959083330E-05,8.403521444898682E-05,5.586187964560474E-04
7.352861275381545E-05,-2.007104774224529E-05,-5.469741113465421E-05,-5.956939658402360E-05,8.486144814522247E-05,5.608769115982076E-04
7.348618719959029E-05,-2.001182791155414E-05,-5.430712817834683E-05,-6.262035141231780E-05,8.569246729419663E-05,5.631385991198756E-04
7.344163423403199E-05,-1.995202930350676E-05,-5.391527336137231E-05,-6.569640341858398E-05,8.652833805751132E-05,5.654038724731114E-04
7.339493629806765E-05,-1.989164852560606E-05,-5.352184418921091E-05,-6.879792968355217E-05,8.736912780119292E-05,5.676727440264723E-04
7.334607556801628E-05,-1.983068213814655E-05,-5.312683815914601E-05,-7.192531523268486E-05,8.821490512427574E-05,5.699452250087954E-04
7.329503394999795E-05,-1.976912665334790E-05,-5.273025276107589E-05,-7.507895324978101E-05,8.906573988819537E-05,5.722213254502395E-04
7.324179307419202E-05,-1.970697853446782E-05,-5.233208547836749E-05,-7.825924529757061E-05,8.992170324701778E-05,5.745010541204491E-04
7.318633428893977E-05,-1.964423419489371E-05,-5.193233378875404E-05,-8.146660154556823E-05,9.078286767853156E-05,5.767844184636907E-04
7.312863865468621E-05,-1.958088999721230E-05,-5.153099516527895E-05,-8.470144100546588E-05,9.164930701623158E-05,5.790714245308084E-04
7.306868693775564E-05,-1.951694225225683E-05,-5.112806707728805E-05,-8.796419177435761E-05,9.252109648222305E-05,5.813620769078331E-04
7.300645960395559E-05,-1.945238721813105E-05,-5.072354699147259E-05,-9.125529128610171E-05,9.339831272107646E-05,5.836563786410727E-04
7.294193681200318E-05,-1.938722109920935E-05,-5.031743237296560E-05,-9.457518657113948E-05,9.428103383466453E-05,5.859543311585001E-04
7.287509840676815E-05,-1.932144004511235E-05,-4.990972068649416E-05,-9.792433452510446E-05,9.516933941801386E-05,5.882559341872453E-04
7.280592391232608E-05,-1.925504014965726E-05,-4.950040939759032E-05,-1.013032021865705E-04,9.606331059620451E-05,5.905611856669877E-04
7.273439252481552E-05,-1.918801744978218E-05,-4.908949597386376E-05,-1.047122670243035E-04,9.696303006235275E-05,5.928700816590308E-04
7.266048310509220E-05,-1.912036792444371E-05,-4.867697788633904E-05,-1.081520172343975E-04,9.786858211671266E-05,5.951826162508327E-04
7.258417417117339E-05,-1.905208749348697E-05,-4.826285261086090E-05,-1.116229520476937E-04,9.878005270693404E-05,5.974987814557484E-04
7.250544389046503E-05,-1.898317201648721E-05,-4.784711762957086E-05,-1.151255820479002E-04,9.969752946951539E-05,5.998185671077290E-04
7.242427007176410E-05,-1.891361729156230E-05,-4.742977043245877E-05,-1.186604295008476E-04,1.006211017724917E-04,6.021419607507056E-04
7.234063015702845E-05,-1.884341905415507E-05,-4.701080851899313E-05,-1.222280286953374E-04,1.015508607593989E-04,6.044689475223725E-04
7.225450121290561E-05,-1.877257297578465E-05,-4.659022939983415E-05,-1.258289262960613E-04,1.024868993945575E-04,6.067995100320631E-04
7.216585992201228E-05,-1.870107466276595E-05,-4.616803059863376E-05,-1.294636817090928E-04,1.034293125097199E-04,6.091336282323983E-04
7.207468257395550E-05,-1.862891965489621E-05,-4.574420965392697E-05,-1.331328674604726E-04,1.043781968521278E-04,6.114712792843654E-04
7.198094505608612E-05,-1.855610342410773E-05,-4.531876412111940E-05,-1.368370695884403E-04,1.053336511340267E-04,6.138124374154643E-04
7.188462284397508E-05,-1.848262137308560E-05,-4.489169157457573E-05,-1.405768880498850E-04,1.062957760836874E-04,6.161570737705383E-04
7.178569099160227E-05,-1.840846883384954E-05,-4.446298960981449E-05,-1.443529371416194E-04,1.072646744979846E-04,6.185051562548814E-04
7.168412412124753E-05,-1.833364106629868E-05,-4.403265584581455E-05,-1.481658459371093E-04,1.082404512965867E-04,6.208566493691900E-04
7.157989641307279E-05,-1.825813325671806E-05,-4.360068792743923E-05,-1.520162587393205E-04,1.092232135778098E-04,6.232115140358993E-04
7.147298159438392E-05,-1.818194051624580E-05,-4.316708352798409E-05,-1.559048355503807E-04,1.102130706761942E-04,6.255697074164183E-04
7.136335292856045E-05,-1.810505787929969E-05,-4.273184035185502E-05,-1.598322525587827E-04,1.112101342218595E-04,6.279311827187437E-04
7.125098320364058E-05,-1.802748030196184E-05,-4.229495613738338E-05,-1.637992026448979E-04,1.122145182017013E-04,6.302958889949047E-04
7.113584472054855E-05,-1.794920266032030E-05,-4.185642865978549E-05,-1.678063959056008E-04,1.132263390224893E-04,6.326637709276516E-04
7.101790928095083E-05,-1.787021974876606E-05,-4.141625573427423E-05,-1.718545601988496E-04,1.142457155759334E-04,6.350347686057673E-04
7.089714817472696E-05,-1.779052627824425E-05,-4.097443521933073E-05,-1.759444417091098E-04,1.152727693057828E-04,6.374088172873403E-04
7.077353216704018E-05,-1.771011687445799E-05,-4.053096502014495E-05,-1.800768055345494E-04,1.163076242770279E-04,6.397858471502938E-04
7.064703148499249E-05,-1.762898607602339E-05,-4.008584309223399E-05,-1.842524362969851E-04,1.173504072472750E-04,6.421657830294220E-04
7.051761580384793E-05,-1.754712833257429E-05,-3.963906744524809E-05,-1.884721387756085E-04,1.184012477403677E-04,6.445485441391356E-04
7.038525423280717E-05,-1.746453800281499E-05,-3.919063614697426E-05,-1.927367385655698E-04,1.194602781223303E-04,6.469340437810652E-04
7.024991530031585E-05,-1.738120935251951E-05,-3.874054732754852E-05,-1.970470827625591E-04,1.205276336797102E-04,6.493221890356159E-04
7.011156693888812E-05,-1.729713655247546E-05,-3.828879918388821E-05,-2.014040406745778E-04,1.216034527004003E-04,6.517128804365078E-04
6.997017646942603E-05,-1.721231367637103E-05,-3.783538998435646E-05,-2.058085045621594E-04,1.226878765570228E-04,6.541060116272706E-04
6.982571058501477E-05,-1.712673469862306E-05,-3.738031807367188E-05,-2.102613904083619E-04,1.237810497929597E-04,6.565014689985923E-04
6.967813533417226E-05,-1.704039349214448E-05,-3.692358187807695E-05,-2.147636387199265E-04,1.248831202111169E-04,6.588991313053479E-04
6.952741610353131E-05,-1.695328382604913E-05,-3.646517991077993E-05,-2.193162153610680E-04,1.259942389655097E-04,6.612988692620549E-04
6.937351759993087E-05,-1.686539936329194E-05,-3.600511077768541E-05,-2.239201124214433E-04,1.271145606557640E-04,6.637005451154150E-04
6.921640383189225E-05,-1.677673365824247E-05,-3.554337318343023E-05,-2.285763491199250E-04,1.282442434246233E-04,6.661040121925101E-04
6.905603809045475E-05,-1.668728015418966E-05,-3.507996593774196E-05,-2.332859727458956E-04,1.293834490585601E-04,6.685091144231236E-04
6.889238292934410E-05,-1.659703218077560E-05,-3.461488796213855E-05,-2.380500596398701E-04,1.305323430915876E-04,6.709156858345464E-04
6.872540014444569E-05,-1.650598295135608E-05,-3.414813829698892E-05,-2.428697162153536E-04,1.316910949123724E-04,6.733235500171175E-04
6.855505075255330E-05,-1.641412556028559E-05,-3.367971610895537E-05,-2.477460800239438E-04,1.328598778747477E-04,6.757325195586214E-04
6.838129496936250E-05,-1.632145298012432E-05,-3.320962069884013E-05,-2.526803208657998E-04,1.340388694117327E-04,6.781423954455333E-04
6.820409218667656E-05,-1.622795805876476E-05,-3.273785150985995E-05,-2.576736419477132E-04,1.352282511531584E-04,6.805529664289569E-04
6.802340094879090E-05,-1.613363351647537E-05,-3.226440813637378E-05,-2.627272810911452E-04,1.364282090470086E-04,6.829640083529468E-04
6.783917892802053E-05,-1.603847194285857E-05,-3.178929033309079E-05,-2.678425119927211E-04,1.376389334845788E-04,6.853752834427384E-04
6.765138289933326E-05,-1.594246579372059E-05,-3.131249802478731E-05,-2.730206455398155E-04,1.388606194295605E-04,6.877865395502260E-04
6.745996871404930E-05,-1.584560738785016E-05,-3.083403131656342E-05,-2.782630311840086E-04,1.400934665511560E-04,6.901975093538363E-04
6.726489127256615E-05,-1.574788890370336E-05,-3.035389050467187E-05,-2.835710583753515E-04,1.413376793613294E-04,6.926079095097308E-04
6.706610449606551E-05,-1.564930237599178E-05,-2.987207608795433E-05,-2.889461580605437E-04,1.425934673562955E-04,6.950174397510428E-04
6.686356129715657E-05,-1.554983969217081E-05,-2.938858877992221E-05,-2.943898042483046E-04,1.438610451623509E-04,6.974257819316056E-04
6.665721354940800E-05,-1.544949258882516E-05,-2.890342952152192E-05,-2.999035156454077E-04,1.451406326861427E-04,6.998325990103605E-04
6.644701205571814E-05,-1.534825264794848E-05,-2.841659949462720E-05,-3.054888573670441E-04,1.464324552694723E-04,7.022375339723422E-04
6.623290651547057E-05,-1.524611129311385E-05,-2.792810013630401E-05,-3.111474427253965E-04,1.477367438487217E-04,7.046402086818231E-04
6.601484549041920E-05,-1.514305978553196E-05,-2.743793315389687E-05,-3.168809351005257E-04,1.490537351189859E-04,7.070402226628552E-04
6.579277636924442E-05,-1.503908921999361E-05,-2.694610054098858E-05,-3.226910498979129E-04,1.503836717029881E-04,7.094371518020780E-04
6.556664533071832E-05,-1.493419052069325E-05,-2.645260459428950E-05,-3.285795565972537E-04,1.517268023248419E-04,7.118305469682536E-04
6.533639730541409E-05,-1.482835443693016E-05,-2.595744793151599E-05,-3.345482808973653E-04,1.530833819887155E-04,7.142199325425559E-04
6.510197593589112E-05,-1.472157153868385E-05,-2.546063351032243E-05,-3.405991069623599E-04,1.544536721624391E-04,7.166048048531582E-04
6.486332353528339E-05,-1.461383221206019E-05,-2.496216464835549E-05,-3.467339797745331E-04,1.558379409660795E-04,7.189846305071473E-04
6.462038104421533E-05,-1.450512665460488E-05,-2.446204504450462E-05,-3.529549075997426E-04,1.572364633654871E-04,7.213588446122247E-04
6.437308798596467E-05,-1.439544487048082E-05,-2.396027880142811E-05,-3.592639645713914E-04,1.586495213707990E-04,7.237268488800394E-04
6.412138241978795E-05,-1.428477666550591E-05,-2.345687044943990E-05,-3.656632933994922E-04,1.600774042398548E-04,7.260880096023240E-04
6.386520089231918E-05,-1.417311164204783E-05,-2.295182497184873E-05,-3.721551082116723E-04,1.615204086864501E-04,7.284416554902727E-04
6.360447838694781E-05,-1.406043919377267E-05,-2.244514783184823E-05,-3.787416975333875E-04,1.629788390933215E-04,7.307870753667972E-04
6.333914827107646E-05,-1.394674850024395E-05,-2.193684500106389E-05,-3.854254274150432E-04,1.644530077297095E-04,7.331235157004251E-04
6.306914224115374E-05,-1.383202852136912E-05,-2.142692298987108E-05,-3.922087447141773E-04,1.659432349733046E-04,7.354501779686430E-04
6.279439026537142E-05,-1.371626799169034E-05,-2.091538887960713E-05,-3.990941805413458E-04,1.674498495363239E-04,7.377662158374467E-04
6.251482052390916E-05,-1.359945541451709E-05,-2.040225035680997E-05,-4.060843538788609E-04,1.689731886954017E-04,7.400707321427080E-04
6.223035934660343E-05,-1.348157905589775E-05,-1.988751574962638E-05,-4.131819753820738E-04,1.705135985249096E-04,7.423627756577195E-04
6.194093114791031E-05,-1.336262693842825E-05,-1.937119406654406E-05,-4.203898513734673E-04,1.720714341332332E-04,7.446413376298964E-04
6.164645835902452E-05,-1.324258683489565E-05,-1.885329503761435E-05,-4.277108880404222E-04,1.736470599014418E-04,7.469053480681090E-04
6.134686135700930E-05,-1.312144626175539E-05,-1.833382915834543E-05,-4.351480958481624E-04,1.752408497236744E-04,7.491536717604599E-04
6.104205839078363E-05,-1.299919247244125E-05,-1.781280773646097E-05,-4.427045941800458E-04,1.768531872484444E-04,7.513851040005008E-04
6.073196550380420E-05,-1.287581245050766E-05,-1.729024294173474E-05,-4.503836162180758E-04,1.784844661199163E-04,7.535983659978798E-04
6.041649645327098E-05,-1.275129290260480E-05,-1.676614785912943E-05,-4.581885140772395E-04,1.801350902180499E-04,7.557920999472082E-04
6.009556262567493E-05,-1.262562025128767E-05,-1.624053654548665E-05,-4.661227642080523E-04,1.818054738963144E-04,7.579648637265122E-04
5.976907294849642E-05,-1.249878062766139E-05,-1.571342409003626E-05,-4.741899730824870E-04,1.834960422154639E-04,7.601151251939577E-04
5.943693379785216E-05,-1.237075986386600E-05,-1.518482667901555E-05,-4.823938831793041E-04,1.852072311716165E-04,7.622412560485940E-04
5.909904890187675E-05,-1.224154348540544E-05,-1.465476166471395E-05,-4.907383792856606E-04,1.869394879166011E-04,7.643415252176066E-04
5.875531923961325E-05,-1.211111670332685E-05,-1.412324763928612E-05,-4.992274951327678E-04,1.886932709682128E-04,7.664140917289754E-04
5.840564293517426E-05,-1.197946440625817E-05,-1.359030451370620E-05,-5.078654203842795E-04,1.904690504076490E-04,7.684569970244679E-04
5.804991514692176E-05,-1.184657115231397E-05,-1.305595360226868E-05,-5.166565079970240E-04,1.922673080609812E-04,7.704681566635004E-04
5.768802795140028E-05,-1.171242116088181E-05,-1.252021771307766E-05,-5.256052819746314E-04,1.940885376610294E-04,7.724453513635374E-04
5.731987022174282E-05,-1.157699830430422E-05,-1.198312124500551E-05,-5.347164455355448E-04,1.959332449854611E-04,7.743862173173152E-04
5.694532750025435E-05,-1.144028609947441E-05,-1.144469029164551E-05,-5.439948897178337E-04,1.978019479663011E-04,7.762882357211977E-04
5.656428186486122E-05,-1.130226769936740E-05,-1.090495275283127E-05,-5.534457024441188E-04,1.996951767653156E-04,7.781487214423447E-04
5.617661178909886E-05,-1.116292588453246E-05,-1.036393845434786E-05,-5.630741780707730E-04,2.016134738089064E-04,7.799648107450141E-04
5.578219199529271E-05,-1.102224305457754E-05,-9.821679276518295E-06,-5.728858274463306E-04,2.035573937751980E-04,7.817334479881327E-04
5.538089330056990E-05,-1.088020121968160E-05,-9.278209292412778E-06,-5.828863885047169E-04,2.055275035249125E-04,7.834513711971754E-04
5.497258245532136E-05,-1.073678199217720E-05,-8.733564916498997E-06,-5.930818374194317E-04,2.075243819663713E-04,7.851150964032598E-04
5.455712197371544E-05,-1.059196657825293E-05,-8.187785064630004E-06,-6.034784003451698E-04,2.095486198435294E-04,7.867209006310823E-04
5.413436995584601E-05,-1.044573576983339E-05,-7.640911326352697E-06,-6.140825657734513E-04,2.116008194342909E-04,7.882648034047416E-04
5.370417990107945E-05,-1.029806993670398E-05,-7.092988150615607E-06,-6.249010975286205E-04,2.136815941444573E-04,7.897425466264646E-04
5.326640051214678E-05,-1.014894901895871E-05,-6.544063046060763E-06,-6.359410484299479E-04,2.157915679804710E-04,7.911495726675836E-04
5.282087548950974E-05,-9.998352519861812E-06,-5.994186797201909E-06,-6.472097746444464E-04,2.179313748815985E-04,7.924810004936141E-04
5.236744331551322E-05,-9.846259499228222E-06,-5.443413697921737E-06,-6.587149507532505E-04,2.201016578892941E-04,7.937315996257179E-04
5.190593702782112E-05,-9.692648567444742E-06,-4.891801803865552E-06,-6.704645855518593E-04,2.223030681281366E-04,7.948957617189524E-04
5.143618398162006E-05,-9.537497880272733E-06,-4.339413205469644E-06,-6.824670386010174E-04,2.245362635688658E-04,7.959674695132158E-04
5.095800560006511E-05,-9.380785134595133E-06,-3.786314323541474E-06,-6.947310375402698E-04,2.268019075395823E-04,7.969402628853651E-04
5.047121711243560E-05,-9.222487565295965E-06,-3.232576229507822E-06,-7.072656961700033E-04,2.291006669460055E-04,7.978072017002548E-04
4.997562727946734E-05,-9.062581943489656E-06,-2.678274992668673E-06,-7.200805332997325E-04,2.314332101557156E-04,7.985608251239945E-04
4.947103810533314E-05,-8.901044576351122E-06,-2.123492057041573E-06,-7.331854923500894E-04,2.338002044943807E-04,7.991931070240992E-04
4.895724453575604E-05,-8.737851308836432E-06,-1.568314650656632E-06,-7.465909616829329E-04,2.362023132939487E-04,7.996954070378820E-04
4.843403414176313E-05,-8.572977527628674E-06,-1.012836230469574E-06,-7.603077956175904E-04,2.386401924234757E-04,8.000584168418428E-04
4.790118678862405E-05,-8.406398167695444E-06,-4.571569664033169E-07,-7.743473360707371E-04,2.411144862224537E-04,8.002721011002862E-04
4.735847428956978E-05,-8.238087721904316E-06,9.861573158827395E-08,-7.887214347319054E-04,2.436258227439397E-04,8.003256325102488E-04
4.680566004395942E-05,-8.068020254211925E-06,6.543666391126671E-07,-8.034424756549963E-04,2.461748082001741E-04,8.002073202912373E-04
4.624249865965858E-05,-7.896169417022606E-06,1.209972090786558E-06,-8.185233981070903E-04,2.487620204863695E-04,7.999045313914089E-04
4.566873555951948E-05,-7.722508473405568E-06,1.765299296203819E-06,-8.339777194677105E-04,2.513880016385332E-04,7.994036035957297E-04
4.508410657201635E-05,-7.547010324967465E-06,2.320205592489512E-06,-8.498195579124766E-04,2.540532490580813E-04,7.986897496253015E-04
4.448833750629874E-05,-7.369647546302528E-06,2.874537626836777E-06,-8.660636545423953E-04,2.567582053090523E-04,7.977469512093937E-04
4.388114371219070E-05,-7.190392427087875E-06,3.428130461675196E-06,-8.827253945309183E-04,2.595032462622576E-04,7.965578419916286E-04
4.326222962599732E-05,-7.009217023060808E-06,3.980806594282982E-06,-8.998208267517689E-04,2.622886673239567E-04,7.951035779981193E-04
4.263128830339807E-05,-6.826093217311601E-06,4.532374881721250E-06,-9.173666812170374E-04,2.651146674436987E-04,7.933636942470594E-04
4.198800094122649E-05,-6.640992793554370E-06,5.082629360926180E-06,-9.353803834918408E-04,2.679813305457776E-04,7.913159459153152E-04
4.133203639058205E-05,-6.453887523305342E-06,5.631347952632907E-06,-9.538800650524669E-04,2.708886039700661E-04,7.889361322971936E-04
4.066305066451862E-05,-6.264749269208698E-06,6.178291036511879E-06,-9.728845683114949E-04,2.738362734394009E-04,7.861979015933124E-04
3.998068644454085E-05,-6.073550107112598E-06,6.723199883462545E-06,-9.924134447363104E-04,2.768239339905265E-04,7.830725343535079E-04
3.928457259135340E-05,-5.880262469920610E-06,7.265794929419119E-06,-1.012486944125094E-03,2.798509562119731E-04,7.795287031679338E-04
3.857432366680155E-05,-5.684859316736751E-06,7.805773873268696E-06,-1.033125992662629E-03,2.829164470229748E-04,7.755322059571376E-04
3.784953947577266E-05,-5.487314331397275E-06,8.342809579554743E-06,-1.054352156840086E-03,2.860192041001829E-04,7.710456699589279E-04
3.710980463907387E-05,-5.287602155152859E-06,8.876547764534682E-06,-1.076187589667695E-03,2.891576629107702E-04,7.660282232537711E-04
3.635468821104827E-05,-5.085698659046235E-06,9.406604441879701E-06,-1.098654954812169E-03,2.923298351385755E-04,7.604351304213367E-04
3.558374335905116E-05,-4.881581262440333E-06,9.932563101858048E-06,-1.121777323322221E-03,2.955332370910275E-04,7.542173886935896E-04
3.479650712600885E-05,-4.675229305210494E-06,1.045397159525192E-05,-1.145578036430454E-03,2.987648064454586E-04,7.473212807862195E-04
3.399250030228264E-05,-4.466624482343226E-06,1.097033869056329E-05,-1.170080526496611E-03,3.020208054309509E-04,7.396878804810910E-04
3.317122743915017E-05,-4.255751351107657E-06,1.148113027033132E-05,-1.195308086437471E-03,3.052967082433627E-04,7.312525070411867E-04
3.233217704361749E-05,-4.042597922609728E-06,1.198576512971546E-05,-1.221283575916852E-03,3.085870701549893E-04,7.219441247263679E-04
3.147482200325676E-05,-3.827156351429770E-06,1.248361033804400E-05,-1.248029050082784E-03,3.118853754064615E-04,7.116846841258168E-04
3.059862030063502E-05,-3.609423739206568E-06,1.297397612200704E-05,-1.275565293669571E-03,3.151838605600199E-04,7.003884028436917E-04
2.970301609002153E-05,-3.389403070487137E-06,1.345611022789335E-05,-1.303911239758762E-03,3.184733095578916E-04,6.879609844199631E-04
2.878744122484188E-05,-3.167104301925240E-06,1.392919172016509E-05,-1.333083248345820E-03,3.217428162820017E-04,6.742987764414080E-04
2.785131734324270E-05,-2.942545628983452E-06,1.439232417532634E-05,-1.363094215030508E-03,3.249795099772311E-04,6.592878718669604E-04
2.689405864162575E-05,-2.715754957650660E-06,1.484452823427998E-05,-1.393952474606874E-03,3.281682385210949E-04,6.428031620092895E-04
2.591507549259911E-05,-2.486771612270869E-06,1.528473348427068E-05,-1.425660458091456E-03,3.312912042617819E-04,6.247073558368710E-04
2.491377909492752E-05,-2.255648314276654E-06,1.571176965452710E-05,-1.458213054899727E-03,3.343275470993832E-04,6.048499888702748E-04
2.388958737908104E-05,-2.022453470237878E-06,1.612435712974609E-05,-1.491595624705028E-03,3.372528697911873E-04,5.830664566724761E-04
2.284193243297577E-05,-1.787273810862791E-06,1.652109681506989E-05,-1.525781596453206E-03,3.400387013200258E-04,5.591771236674178E-04
2.177026975814244E-05,-1.550217424949938E-06,1.690045942833432E-05,-1.560729585850922E-03,3.426518958524538E-04,5.329865788172884E-04
2.067408971580930E-05,-1.311417233084164E-06,1.726077435403285E-05,-1.596379958667333E-03,3.450539677096985E-04,5.042831367307019E-04
1.955293157310341E-05,-1.071034944092580E-06,1.760021827341156E-05,-1.632650767338709E-03,3.472003673815157E-04,4.728387172871058E-04
1.840640060795203E-05,-8.292655315227765E-07,1.791680389196582E-05,-1.669432995523377E-03,3.490397105772370E-04,4.384092799326031E-04
1.723418877109581E-05,-5.863422557714965E-07,1.820836922554484E-05,-1.706585063514696E-03,3.505129824240137E-04,4.007360410402345E-04
1.603609942534779E-05,-3.425422374753521E-07,1.847256808558774E-05,-1.743926582375763E-03,3.515527531082643E-04,3.595477637124946E-04
1.481207667182408E-05,-9.819255621438495E-08,1.870686262812251E-05,-1.781231403595739E-03,3.520824604732227E-04,3.145644768092641E-04
1.356223971066963E-05,1.463231983204993E-07,1.890851910283318E-05,-1.818220102895490E-03,3.520158401552858E-04,2.655030483052840E-04
1.228692254354296E-05,3.905580620104843E-07,1.907460825510508E-05,-1.854552171459973E-03,3.512566151143397E-04,2.120850969170412E-04
1.098671907371204E-05,6.339947483407448E-07,1.920201218334113E-05,-1.889818374716119E-03,3.496985932156374E-04,1.540477579224197E-04
9.662533258494599E-06,8.760389632855877E-07,1.928743980876138E-05,-1.923533983489445E-03,3.472263613394431E-04,9.115779783439773E-05
8.315633378185539E-06,1.116013473788926E-06,1.932745342625471E-05,-1.955133881666957E-03,3.437168018944310E-04,2.322946146320465E-05
6.947708673385227E-06,1.353153587324590E-06,1.931850899480853E-05,-1.983970888288134E-03,3.390416830367390E-04,-4.985381170851246E-05
5.560925559205334E-06,1.586604876189490E-06,1.925701278351920E-05,-2.009318953556999E-03,3.330715727595346E-04,-1.281140955730357E-04
4.157979385185322E-06,1.815424140812593E-06,1.913939657207462E-05,-2.030383114610136E-03,3.256812798459899E-04,-2.114510560355272E-04
2.742136380688264E-06,2.038584711878862E-06,1.896221265495445E-05,-2.046318104389524E-03,3.167569095245878E-04,-2.996132237039181E-04
1.317259211606406E-06,2.254987187412304E-06,1.872224827769734E-05,-2.056257140950677E-03,3.062044201191815E-04,-3.921713218690904E-04
-1.121912106835032E-07,2.463476525404153E-06,1.841665678093684E-05,-2.059351532698238E-03,2.939592745253631E-04,-4.884975434607115E-04
-1.541184981924372E-06,2.662866007933082E-06,1.804309973924820E-05,-2.054820231704432E-03,2.799964197787565E-04,-5.877554135322372E-04
-2.964189545352390E-06,2.851967930750705E-06,1.759989108536356E-05,-2.042006421458876E-03,2.643394612072026E-04,-6.889049515034106E-04
-4.375276330218348E-06,3.029629982187104E-06,1.708613120105795E-05,-2.020435942217870E-03,2.470676270725432E-04,-7.907268890483659E-04
-5.768266571129282E-06,3.194775266605092E-06,1.650181703830404E-05,-1.989870396667555E-03,2.283190694233219E-04,-8.918675046526653E-04
-7.136909819371650E-06,3.346442992198407E-06,1.584791433774390E-05,-1.950346852809868E-03,2.082893205094716E-04,-9.909023598662609E-04
-8.475083189979376E-06,3.483826220681960E-06,1.512638049976278E-05,-1.902196790499602E-03,1.872243480245596E-04,-1.086413480278899E-03
-9.776995081330376E-06,3.606302985708713E-06,1.434013163239614E-05,-1.846039540359398E-03,1.654085335772134E-04,-1.177071302491165E-03
-1.103737515488129E-05,3.713457639173717E-06,1.349295401852263E-05,-1.782749531367845E-03,1.431488278924440E-04,-1.261711048126035E-03
-1.225163346994475E-05,3.805090422779389E-06,1.258936736504790E-05,-1.713401198283845E-03,1.207570516775866E-04,-1.339393748137049E-03
-1.341597572355926E-05,3.881214758743944E-06,1.163445314744223E-05,-1.639199150415716E-03,9.853260133602227E-05,-1.409444875792925E-03
-1.452746762574196E-05,3.942043278348162E-06,1.063366486950597E-05,-1.561403158612074E-03,7.674761136355474E-05,-1.471467674282927E-03
-1.558404812567319E-05,3.987964837800616E-06,9.592637556234940E-06,-1.481257301162128E-03,5.563601285843551E-05,-1.525332593827900E-03
-1.658449706741581E-05,4.019515494196863E-06,8.517011552110485E-06,-1.399930564153024E-03,3.538711803423527E-05,-1.571147667116187E-03
-1.752836689384381E-05,4.037346574687340E-06,7.412281603416779E-06,-1.318473145615275E-03,1.614358473478273E-05,-1.609216498847404E-03
-1.841588986593723E-05,4.042192656889448E-06,6.283677404253108E-06,-1.237789592365824E-03,-1.996957435721882E-06,-1.639990762011597E-03
-1.924787213205393E-05,4.034841659666641E-06,5.136077297845328E-06,-1.158627402419441E-03,-1.897763686454516E-05,-1.664023071330971E-03
-2.002558443730118E-05,4.016108507563765E-06,3.973953308691791E-06,-1.081578179633915E-03,-3.477648991282712E-05,-1.681924428340831E-03
-2.075065697835787E-05,3.986813130706787E-06,2.801343395132024E-06,-1.007087817444032E-03,-4.939996442188122E-05,-1.694328645255615E-03
-2.142498346560805E-05,3.947762987906659E-06,1.621845693977767E-06,-9.354722945200140E-04,-6.287648824851965E-05,-1.701864623200406E-03
-2.205063725018517E-05,3.899739890586929E-06,4.386293319456034E-07,-8.669362001082227E-04,-7.525057412260993E-05,-1.705136252863945E-03
-2.262980061411546E-05,3.843490654116814E-06,-7.455432036719159E-07,-8.015918156917057E-04,-8.657771972128627E-05,-1.704709035857636E-03
-2.316470706092718E-05,3.779720983187979E-06,-1.928286391693239E-06,-7.394772834900928E-04,-9.692019849458656E-05,-1.701102218125955E-03
-2.365759563956485E-05,3.709091973045232E-06,-3.107558088974720E-06,-6.805729917945699E-04,-1.063437256332252E-04,-1.694785176143189E-03
-2.411067589778742E-05,3.632218644447008E-06,-4.281624570749665E-06,-6.248157649246969E-04,-1.149149176526938E-04,-1.686176900798188E-03
-2.452610189309609E-05,3.549669999488234E-06,-5.449026000177256E-06,-5.721107637735189E-04,-1.226994324507431E-04,-1.675647603216058E-03
-2.490595369958691E-05,3.461970167933937E-06,-6.608543519852718E-06,-5.223412033456696E-04,-1.297606683937801E-04,-1.663521667251633E-03
-2.525222496590794E-05,3.369600296609256E-06,-7.759168686778262E-06,-4.753761046136575E-04,-1.361589068498849E-04,-1.650081363107174E-03
-2.556681525012377E-05,3.273000910324043E-06,-8.900075624161786E-06,-4.310763463444882E-04,-1.419507958483220E-04,-1.635570899854141E-03
-2.585152604631870E-05,3.172574538333270E-06,-1.003059601784949E-05,-3.892992904867921E-04,-1.471890886690897E-04,-1.620200526523389E-03
-2.610805960325950E-05,3.068688454510400E-06,-1.115019692047748E-05,-3.499022389126225E-04,-1.519225673829657E-04,-1.604150492870351E-03
-2.633801980520258E-05,2.961677422755446E-06,-1.225846122266938E-05,-3.127449513772259E-04,-1.561960961736806E-04,-1.587574755849909E-03
-2.654291453336792E-05,2.851846372916534E-06,-1.335507059108963E-05,-2.776914220419670E-04,-1.600507620170104E-04,-1.570604371164661E-03
-2.672415905225349E-05,2.739472958184698E-06,-1.443979064458734E-05,-2.446110793625821E-04,-1.635240708125687E-04,-1.553350545805729E-03
-2.688308006877940E-05,2.624809964037045E-06,-1.551245813189622E-05,-2.133795440782832E-04,-1.666501754882954E-04,-1.535907351513998E-03
-2.702092019641029E-05,2.508087552724500E-06,-1.657296987992561E-05,-1.838790536055565E-04,-1.694601191821119E-04,-1.518354114008530E-03
-2.713884262358564E-05,2.389515337201356E-06,-1.762127329525169E-05,-1.559986386790797E-04,-1.719820816495142E-04,-1.500757501354752E-03
-2.723793583872006E-05,2.269284285241262E-06,-1.865735821929803E-05,-1.296341194578707E-04,-1.742416208427566E-04,-1.483173339008437E-03
-2.731921830526331E-05,2.147568459051303E-06,-1.968124995739494E-05,-1.046879731565619E-04,-1.762619044185586E-04,-1.465648180358384E-03
-2.738364301208128E-05,2.024526598587398E-06,-2.069300332181864E-05,-8.106911310315384E-05,-1.780639279788828E-04,-1.448220661060687E-03
-2.743210184864929E-05,1.900303558455378E-06,-2.169269754804655E-05,-5.869260948680654E-05,-1.796667183147110E-04,-1.430922663849134E-03
-2.746542977283096E-05,1.775031609105058E-06,-2.268043196125861E-05,-3.747937449497614E-05,-1.810875209503742E-04,-1.413780318321139E-03
-2.748440875264926E-05,1.648831613252383E-06,-2.365632228629119E-05,-1.735582865344599E-05,-1.823419719887072E-04,-1.396814857768405E-03
-2.748977147348529E-05,1.521814088291646E-06,-2.462049750871778E-05,1.746439361146688E-06,-1.834442547218227E-04,-1.380043352657677E-03
-2.748220480939803E-05,1.394080165027163E-06,-2.557309720751459E-05,1.989101064864523E-05,-1.844072417644490E-04,-1.363479337998269E-03
-2.746235306239863E-05,1.265722452463514E-06,-2.651426929096399E-05,3.713696561324583E-05,-1.852426236359368E-04,-1.347133349631727E-03
-2.743082097704946E-05,1.136825817717428E-06,-2.744416807718344E-05,5.353920095107691E-05,-1.859610247998953E-04,-1.331013382480355E-03
-2.738817654008905E-05,1.007468089402787E-06,-2.836295266908862E-05,6.914873145169465E-05,-1.865721081939744E-04,-1.315125282006598E-03
-2.733495357621766E-05,8.777206921269531E-07,-2.927078558085518E-05,8.401297507488083E-05,-1.870846692662136E-04,-1.299473078560903E-03
-2.727165415195021E-05,7.476492190440549E-07,-3.016783157917468E-05,9.817602057409207E-05,-1.875067204928345E-04,-1.284059272919584E-03
-2.719875079973567E-05,6.173139487530103E-07,-3.105425670794105E-05,1.116788775213453E-04,-1.878455672954518E-04,-1.268885080119775E-03
-2.711668857449115E-05,4.867703122128526E-07,-3.193022746957206E-05,1.245597090000804E-04,-1.881078762105269E-04,-1.253950637667247E-03
-2.702588695440941E-05,3.560693147794197E-07,-3.279591014007380E-05,1.368540475149950E-04,-1.882997360953934E-04,-1.239255183306056E-03
-2.692674159744788E-05,2.252579179466518E-07,-3.365147019828916E-05,1.485949948536046E-04,-1.884267130866395E-04,-1.224797206778782E-03
-2.681962596435403E-05,9.437938490190803E-08,-3.449707185261475E-05,1.598134067483394E-04,-1.884938999602087E-04,-1.210574579355903E-03
-2.670489281846850E-05,-3.652640642413907E-08,-3.533287765089703E-05,1.705380632494305E-04,-1.885059604796019E-04,-1.196584664357732E-03
-2.658287561190526E-05,-1.674226795190181E-07,-3.615904816128818E-05,1.807958257421772E-04,-1.884671692597993E-04,-1.182824411418922E-03
-2.645388976705989E-05,-2.982755017146848E-07,-3.697574171360818E-05,1.906117815384046E-04,-1.883814476203256E-04,-1.169290436842183E-03
-2.631823386175834E-05,-4.290535502430575E-07,-3.778311419226652E-05,2.000093769492936E-04,-1.882523958513439E-04,-1.155979092044323E-03
-2.617619072573994E-05,-5.597278995639533E-07,-3.858131887308398E-05,2.090105397114862E-04,-1.880833222717000E-04,-1.142886521805226E-03
-2.602802845557810E-05,-6.902718278573124E-07,-3.937050629745388E-05,2.176357915950322E-04,-1.878772694172341E-04,-1.130008713781319E-03
-2.587400135458275E-05,-8.206606407936342E-07,-4.015082417822171E-05,2.259043519737475E-04,-1.876370376611694E-04,-1.117341540533037E-03
-2.571435080370422E-05,-9.508715108945684E-07,-4.092241733246514E-05,2.338342330883573E-04,-1.873652065356637E-04,-1.104880795135085E-03
-2.554930606896846E-05,-1.080883330972121E-06,-4.168542763704399E-05,2.414423276821698E-04,-1.870641539943604E-04,-1.092622221284384E-03
-2.537908505051892E-05,-1.210676580292248E-06,-4.243999400337818E-05,2.487444896392113E-04,-1.867360738296715E-04,-1.080561538689287E-03
-2.520389497791965E-05,-1.340233202248816E-06,-4.318625236841590E-05,2.557556082065943E-04,-1.863829914352740E-04,-1.068694464411670E-03
-2.502393305598656E-05,-1.469536492458845E-06,-4.392433569918663E-05,2.624896763369474E-04,-1.860067780836078E-04,-1.057016730737874E-03
-2.483938706505654E-05,-1.598570996301355E-06,-4.465437400870438E-05,2.689598536433352E-04,-1.856091638697586E-04,-1.045524100072809E-03
-2.465043591927675E-05,-1.727322415021480E-06,-4.537649438130522E-05,2.751785244184238E-04,-1.851917494567602E-04,-1.034212377281670E-03
-2.445725018619577E-05,-1.855777519610116E-06,-4.609082100577620E-05,2.811573511317639E-04,-1.847560167428154E-04,-1.023077419843978E-03
-2.425999257066345E-05,-1.983924071748521E-06,-4.679747521486824E-05,2.869073237839452E-04,-1.843033385580299E-04,-1.012115146133493E-03
-2.405881836579448E-05,-2.111750751177895E-06,-4.749657552998731E-05,2.924388054639538E-04,-1.838349874867831E-04,-1.001321542093665E-03
-2.385387587352089E-05,-2.239247088917159E-06,-4.818823771003251E-05,2.977615744262271E-04,-1.833521439016746E-04,-9.906926665407449E-04
-2.364530679704832E-05,-2.366403405808588E-06,-4.887257480349890E-05,3.028848629765049E-04,-1.828559032859242E-04,-9.802246552943233E-04
-2.343324660733931E-05,-2.493210755921513E-06,-4.954969720309227E-05,3.078173934304820E-04,-1.823472829130567E-04,-9.699137243074056E-04
-2.321782488557123E-05,-2.619660874389571E-06,-5.021971270221361E-05,3.125674113863150E-04,-1.818272279455358E-04,-9.597561719442518E-04
-2.299916564335677E-05,-2.745746129297532E-06,-5.088272655276703E-05,3.171427165310729E-04,-1.812966170076447E-04,-9.497483805337253E-04
-2.277738762236870E-05,-2.871459477270130E-06,-5.153884152382724E-05,3.215506911820887E-04,-1.807562672822279E-04,-9.398868173082358E-04
-2.255260457487702E-05,-2.996794422448024E-06,-5.218815796077344E-05,3.257983267467334E-04,-1.802069391758592E-04,-9.301680348231539E-04
-2.232492552658529E-05,-3.121744978565295E-06,-5.283077384455824E-05,3.298922482682387E-04,-1.796493405924876E-04,-9.205886709384655E-04
-2.209445502304097E-05,-3.246305633869359E-06,-5.346678485083241E-05,3.338387372107238E-04,-1.790841308515937E-04,-9.111454484331238E-04
-2.186129336079336E-05,-3.370471318647864E-06,-5.409628440869219E-05,3.376437526234008E-04,-1.785119242832960E-04,-9.018351743127957E-04
-2.162553680437968E-05,-3.494237375148566E-06,-5.471936375885470E-05,3.413129508119394E-04,-1.779332935296387E-04,-8.926547388632713E-04
-2.138727779013456E-05,-3.617599529697453E-06,-5.533611201110092E-05,3.448517036340474E-04,-1.773487725784235E-04,-8.836011144945189E-04
-2.114660511774079E-05,-3.740553866837777E-06,-5.594661620085458E-05,3.482651155263827E-04,-1.767588595533801E-04,-8.746713544140752E-04
-2.090360413036763E-05,-3.863096805328394E-06,-5.655096134479033E-05,3.515580393608615E-04,-1.761640192821704E-04,-8.658625911630143E-04
-2.065835688417811E-05,-3.985225075853966E-06,-5.714923049538587E-05,3.547350912201845E-04,-1.755646856616621E-04,-8.571720350430292E-04
-2.041094230792674E-05,-4.106935700312473E-06,-5.774150479435113E-05,3.578006641748945E-04,-1.749612638380556E-04,-8.485969724590863E-04
-2.016143635331455E-05,-4.228225972557053E-06,-5.832786352488340E-05,3.607589411374412E-04,-1.743541322177923E-04,-8.401347641985844E-04
-1.990991213671789E-05,-4.349093440479783E-06,-5.890838416271058E-05,3.636139068624929E-04,-1.737436443236785E-04,-8.317828436648985E-04
-1.965644007286162E-05,-4.469535889334506E-06,-5.948314242589645E-05,3.663693591570530E-04,-1.731301305093193E-04,-8.235387150805448E-04
-1.940108800096489E-05,-4.589551326204511E-06,-6.005221232339128E-05,3.690289193587556E-04,-1.725138995437502E-04,-8.153999516729176E-04
-1.914392130384864E-05,-4.709137965528743E-06,-6.061566620231982E-05,3.715960421359816E-04,-1.718952400770674E-04,-8.073641938535665E-04
-1.888500302045872E-05,-4.828294215607356E-06,-6.117357479400534E-05,3.740740246591228E-04,-1.712744219968788E-04,-7.994291474002717E-04
-1.862439395222506E-05,-4.947018666013942E-06,-6.172600725873444E-05,3.764660151883746E-04,-1.706516976845113E-04,-7.915925816496922E-04
-1.836215276364754E-05,-5.065310075847711E-06,-6.227303122927240E-05,3.787750211198331E-04,-1.700273031791168E-04,-7.838523277070793E-04
-1.809833607747122E-05,-5.183167362764246E-06,-6.281471285314279E-05,3.810039165283823E-04,-1.694014592570931E-04,-7.762062766784431E-04
-1.783299856478770E-05,-5.300589592728442E-06,-6.335111683368843E-05,3.831554492428364E-04,-1.687743724335890E-04,-7.686523779296002E-04
-1.756619303037620E-05,-5.417575970437673E-06,-6.388230646993391E-05,3.852322474860496E-04,-1.681462358922675E-04,-7.611886373757112E-04
-1.729797049357560E-05,-5.534125830367375E-06,-6.440834369527157E-05,3.872368261101765E-04,-1.675172303489725E-04,-7.538131158041989E-04
-1.702838026495894E-05,-5.650238628394946E-06,-6.492928911499522E-05,3.891715924549515E-04,-1.668875248544554E-04,-7.465239272333333E-04
-1.675747001906303E-05,-5.765913933961313E-06,-6.544520204270682E-05,3.910388518547376E-04,-1.662572775408798E-04,-7.393192373082395E-04
-1.648528586340875E-05,-5.881151422732648E-06,-6.595614053562276E-05,3.928408128181422E-04,-1.656266363164265E-04,-7.321972617356350E-04
-1.621187240403165E-05,-5.995950869727578E-06,-6.646216142880674E-05,3.945795919022198E-04,-1.649957395119526E-04,-7.251562647582181E-04
-1.593727280772782E-05,-6.110312142877882E-06,-6.696332036835727E-05,3.962572183016324E-04,-1.643647164833370E-04,-7.181945576692991E-04
-1.566152886120629E-05,-6.224235196993060E-06,-6.745967184357766E-05,3.978756381716385E-04,-1.637336881728369E-04,-7.113104973679840E-04
-1.538468102732669E-05,-6.337720068101398E-06,-6.795126921815679E-05,3.994367187023917E-04,-1.631027676325125E-04,-7.045024849549877E-04
-1.510676849858916E-05,-6.450766868142164E-06,-6.843816476038886E-05,4.009422519607572E-04,-1.624720605125269E-04,-6.977689643689462E-04
-1.482782924803265E-05,-6.563375779985470E-06,-6.892040967246005E-05,4.023939585146810E-04,-1.618416655168995E-04,-6.911084210629363E-04
-1.454790007768779E-05,-6.675547052758006E-06,-6.939805411883002E-05,4.037934908540660E-04,-1.612116748290881E-04,-6.845193807207630E-04
-1.426701666472098E-05,-6.787280997454487E-06,-6.987114725373549E-05,4.051424366211136E-04,-1.605821745095824E-04,-6.780004080124651E-04
-1.398521360539784E-05,-6.898577982816075E-06,-7.033973724784313E-05,4.064423216621734E-04,-1.599532448675207E-04,-6.715501053883888E-04
-1.370252445698605E-05,-7.009438431458387E-06,-7.080387131407812E-05,4.076946129122933E-04,-1.593249608081848E-04,-6.651671119111041E-04
-1.341898177771009E-05,-7.119862816232939E-06,-7.126359573265442E-05,4.089007211228850E-04,-1.586973921580807E-04,-6.588501021243757E-04
-1.313461716486338E-05,-7.229851656807026E-06,-7.171895587533235E-05,4.100620034421950E-04,-1.580706039691839E-04,-6.525977849583513E-04
-1.284946129117699E-05,-7.339405516448068E-06,-7.216999622892807E-05,4.111797658576061E-04,-1.574446568038051E-04,-6.464089026700949E-04
-1.256354393953771E-05,-7.448524998999438E-06,-7.261676041809944E-05,4.122552655081766E-04,-1.568196070014207E-04,-6.402822298185616E-04
-1.227689403614307E-05,-7.557210746035703E-06,-7.305929122743165E-05,4.132897128752557E-04,-1.561955069287119E-04,-6.342165722730969E-04
-1.198953968217524E-05,-7.665463434185993E-06,-7.349763062284579E-05,4.142842738584833E-04,-1.555724052139634E-04,-6.282107662545285E-04
-1.170150818407113E-05,-7.773283772615036E-06,-7.393181977235247E-05,4.152400717439970E-04,-1.549503469668830E-04,-6.222636774079135E-04
-1.141282608246119E-05,-7.880672500652069E-06,-7.436189906617227E-05,4.161581890712113E-04,-1.543293739848302E-04,-6.163741999060072E-04
-1.112351917984536E-05,-7.987630385558508E-06,-7.478790813624401E-05,4.170396694041199E-04,-1.537095249463639E-04,-6.105412555825195E-04
-1.083361256707047E-05,-8.094158220425870E-06,-7.520988587514112E-05,4.178855190126774E-04,-1.530908355929572E-04,-6.047637930942377E-04
-1.054313064866973E-05,-8.200256822196006E-06,-7.562787045441605E-05,4.186967084694579E-04,-1.524733388996612E-04,-5.990407871111029E-04
-1.025209716712141E-05,-8.305927029796229E-06,-7.604189934239149E-05,4.194741741664533E-04,-1.518570652354481E-04,-5.933712375333411E-04
-9.960535226080630E-06,-8.411169702382399E-06,-7.645200932141724E-05,4.202188197565585E-04,-1.512420425139068E-04,-5.877541687347694E-04
-9.668467312634999E-06,-8.515985717683496E-06,-7.685823650461037E-05,4.209315175240061E-04,-1.506282963349206E-04,-5.821886288314105E-04
-9.375915318632066E-06,-8.620375970441612E-06,-7.726061635209595E-05,4.216131096877397E-04,-1.500158501179078E-04,-5.766736889745720E-04
-9.082900561123868E-06,-8.724341370941710E-06,-7.765918368676525E-05,4.222644096414656E-04,-1.494047252271697E-04,-5.712084426675645E-04
-8.789443801971290E-06,-8.827882843625828E-06,-7.805397270956730E-05,4.228862031338903E-04,-1.487949410898472E-04,-5.657920051052549E-04
-8.495565266648618E-06,-8.931001325786767E-06,-7.844501701434955E-05,4.234792493924333E-04,-1.481865153069589E-04,-5.604235125356720E-04
-8.201284662286475E-06,-9.033697766336625E-06,-7.883234960226269E-05,4.240442821935003E-04,-1.475794637579531E-04,-5.551021216429034E-04
-7.906621194989215E-06,-9.135973124645787E-06,-7.921600289574400E-05,4.245820108822176E-04,-1.469738006991848E-04,-5.498270089505449E-04
-7.611593586460928E-06,-9.237828369448317E-06,-7.959600875209342E-05,4.250931213443479E-04,-1.463695388566937E-04,-5.445973702449866E-04
-7.316220089972362E-06,-9.339264477809894E-06,-7.997239847665582E-05,4.255782769329461E-04,-1.457666895136380E-04,-5.394124200178396E-04
-7.020518505699347E-06,-9.440282434154713E-06,-8.034520283562249E-05,4.260381193521608E-04,-1.451652625927141E-04,-5.342713909268315E-04
-6.724506195461692E-06,-9.540883229347962E-06,-8.071445206846447E-05,4.264732695004413E-04,-1.445652667338684E-04,-5.291735332745208E-04
-6.428200096889999E-06,-9.641067859830725E-06,-8.108017590000992E-05,4.268843282752798E-04,-1.439667093675893E-04,-5.241181145041981E-04
-6.131616737046393E-06,-9.740837326804319E-06,-8.144240355217717E-05,4.272718773414899E-04,-1.433695967840482E-04,-5.191044187123687E-04
-5.834772245523848E-06,-9.840192635461276E-06,-8.180116375537481E-05,4.276364798649097E-04,-1.427739341983380E-04,-5.141317461772260E-04
-5.537682367047477E-06,-9.939134794260348E-06,-8.215648475957974E-05,4.279786812133036E-04,-1.421797258120457E-04,-5.091994129025503E-04
-5.240362473599993E-06,-1.003766481424306E-05,-8.250839434510368E-05,4.282990096261384E-04,-1.415869748713758E-04,-5.043067501764839E-04
-4.942827576092391E-06,-1.013578370838949E-05,-8.285691983305827E-05,4.285979768548128E-04,-1.409956837220316E-04,-4.994531041446544E-04
-4.645092335599851E-06,-1.023349249101107E-05,-8.320208809552852E-05,4.288760787748270E-04,-1.404058538610441E-04,-4.946378353971359E-04
-4.347171074181865E-06,-1.033079217717842E-05,-8.354392556546421E-05,4.291337959712989E-04,-1.398174859857288E-04,-4.898603185687570E-04
-4.049077785304620E-06,-1.042768378218217E-05,-8.388245824629810E-05,4.293715942991508E-04,-1.392305800399386E-04,-4.851199419522817E-04
-3.750826143882786E-06,-1.052416832102509E-05,-8.421771172129989E-05,4.295899254192200E-04,-1.386451352577701E-04,-4.804161071240058E-04
-3.452429515957037E-06,-1.062024680794362E-05,-8.454971116267443E-05,4.297892273114740E-04,-1.380611502048704E-04,-4.757482285813288E-04
-3.153900968022782E-06,-1.071592025595738E-05,-8.487848134041215E-05,4.299699247664482E-04,-1.374786228174834E-04,-4.711157333918784E-04
-2.855253276024880E-06,-1.081118967644505E-05,-8.520404663089983E-05,4.301324298559618E-04,-1.368975504393644E-04,-4.665180608537768E-04
-2.556498934032378E-06,-1.090605607874509E-05,-8.552643102529916E-05,4.302771423841102E-04,-1.363179298566865E-04,-4.619546621666579E-04
-2.257650162606625E-06,-1.100052046978018E-05,-8.584565813770045E-05,4.304044503194786E-04,-1.357397573310506E-04,-4.574250001130547E-04
-1.958718916875507E-06,-1.109458385370379E-05,-8.616175121305856E-05,4.305147302094697E-04,-1.351630286307080E-04,-4.529285487497931E-04
-1.659716894325906E-06,-1.118824723156798E-05,-8.647473313491797E-05,4.306083475775926E-04,-1.345877390600962E-04,-4.484647931090392E-04
-1.360655542325965E-06,-1.128151160101111E-05,-8.678462643293340E-05,4.306856573045122E-04,-1.340138834877817E-04,-4.440332289086648E-04
-1.061546065388138E-06,-1.137437795596436E-05,-8.709145329019253E-05,4.307470039936191E-04,-1.334414563728992E-04,-4.396333622716019E-04
-7.623994321835433E-07,-1.146684728637622E-05,-8.739523555034676E-05,4.307927223218379E-04,-1.328704517901713E-04,-4.352647094538749E-04
-4.632263823176291E-07,-1.155892057795381E-05,-8.769599472455610E-05,4.308231373763559E-04,-1.323008634535860E-04,-4.309267965810086E-04
-1.640374328766986E-07,-1.165059881192023E-05,-8.799375199825381E-05,4.308385649779175E-04,-1.317326847388078E-04,-4.266191593925201E-04
1.351571152455882E-07,-1.174188296478704E-05,-8.828852823773636E-05,4.308393119912969E-04,-1.311659087043904E-04,-4.223413429942158E-04
4.343471712330363E-07,-1.183277400814110E-05,-8.858034399658393E-05,4.308256766235313E-04,-1.306005281118568E-04,-4.180929016180243E-04
7.335228484347535E-07,-1.192327290844493E-05,-8.886921952191673E-05,4.307979487104651E-04,-1.300365354447098E-04,-4.138733983891051E-04
1.032674458648071E-06,-1.201338062684996E-05,-8.915517476049206E-05,4.307564099921292E-04,-1.294739229264290E-04,-4.096824050999843E-04
1.331792506588969E-06,-1.210309811902195E-05,-8.943822936464682E-05,4.307013343774528E-04,-1.289126825375108E-04,-4.055195019914761E-04
1.630867684542761E-06,-1.219242633497787E-05,-8.971840269809024E-05,4.306329881987800E-04,-1.283528060316012E-04,-4.013842775401598E-04
1.929890867188118E-06,-1.228136621893373E-05,-8.999571384155120E-05,4.305516304566394E-04,-1.277942849507723E-04,-3.972763282521880E-04
2.228853106587809E-06,-1.236991870916272E-05,-9.027018159828448E-05,4.304575130551946E-04,-1.272371106399861E-04,-3.931952584632128E-04
2.527745627339836E-06,-1.245808473786315E-05,-9.054182449944020E-05,4.303508810287802E-04,-1.266812742607900E-04,-3.891406801442228E-04
2.826559821882897E-06,-1.254586523103558E-05,-9.081066080930035E-05,4.302319727599093E-04,-1.261267668042849E-04,-3.851122127130914E-04
3.125287245950391E-06,-1.263326110836880E-05,-9.107670853038640E-05,4.301010201891191E-04,-1.255735791034038E-04,-3.811094828516458E-04
3.423919614167416E-06,-1.272027328313403E-05,-9.133998540844177E-05,4.299582490170050E-04,-1.250217018445375E-04,-3.771321243280715E-04
3.722448795785454E-06,-1.280690266208702E-05,-9.160050893729274E-05,4.298038788987740E-04,-1.244711255785419E-04,-3.731797778244743E-04
4.020866810549655E-06,-1.289315014537761E-05,-9.185829636359132E-05,4.296381236316351E-04,-1.239218407311591E-04,-3.692520907694289E-04
4.319165824693857E-06,-1.297901662646625E-05,-9.211336469144361E-05,4.294611913353270E-04,-1.233738376128828E-04,-3.653487171753495E-04
4.617338147058670E-06,-1.306450299204728E-05,-9.236573068692675E-05,4.292732846260718E-04,-1.228271064282971E-04,-3.614693174805214E-04
4.915376225328155E-06,-1.314961012197847E-05,-9.261541088249781E-05,4.290746007842260E-04,-1.222816372849161E-04,-3.576135583956439E-04
5.213272642380826E-06,-1.323433888921653E-05,-9.286242158129761E-05,4.288653319158920E-04,-1.217374202015496E-04,-3.537811127547332E-04
5.511020112750847E-06,-1.331869015975829E-05,-9.310677886135251E-05,4.286456651087370E-04,-1.211944451162205E-04,-3.499716593702454E-04
5.808611479195493E-06,-1.340266479258723E-05,-9.334849857967691E-05,4.284157825822571E-04,-1.206527018936555E-04,-3.461848828922815E-04
6.106039709365111E-06,-1.348626363962505E-05,-9.358759637627952E-05,4.281758618327124E-04,-1.201121803323719E-04,-3.424204736717427E-04
6.403297892571926E-06,-1.356948754568806E-05,-9.382408767807576E-05,4.279260757729497E-04,-1.195728701713815E-04,-3.386781276273075E-04
6.700379236654244E-06,-1.365233734844805E-05,-9.405798770270924E-05,4.276665928673172E-04,-1.190347610965295E-04,-3.349575461161098E-04
6.997277064932692E-06,-1.373481387839750E-05,-9.428931146228452E-05,4.273975772618699E-04,-1.184978427464893E-04,-3.312584358079966E-04
7.293984813255298E-06,-1.381691795881879E-05,-9.451807376701390E-05,4.271191889100514E-04,-1.179621047184288E-04,-3.275805085632540E-04
7.590496027128339E-06,-1.389865040575725E-05,-9.474428922878037E-05,4.268315836940323E-04,-1.174275365733659E-04,-3.239234813136894E-04
7.886804358929978E-06,-1.398001202799786E-05,-9.496797226461920E-05,4.265349135418769E-04,-1.168941278412278E-04,-3.202870759469639E-04
8.182903565203885E-06,-1.406100362704528E-05,-9.518913710012019E-05,4.262293265407013E-04,-1.163618680256308E-04,-3.166710191940731E-04
8.478787504030075E-06,-1.414162599710722E-05,-9.540779777275298E-05,4.259149670459789E-04,-1.158307466083930E-04,-3.130750425198765E-04
8.774450132470374E-06,-1.422187992508074E-05,-9.562396813511725E-05,4.255919757871436E-04,-1.153007530537941E-04,-3.094988820165811E-04
9.069885504085967E-06,-1.430176619054154E-05,-9.583766185812004E-05,4.252604899696343E-04,-1.147718768125947E-04,-3.059422783000851E-04
9.365087766524616E-06,-1.438128556573584E-05,-9.604889243408199E-05,4.249206433735149E-04,-1.142441073258278E-04,-3.024049764090957E-04
9.660051159175218E-06,-1.446043881557493E-05,-9.625767317977448E-05,4.245725664488041E-04,-1.137174340283726E-04,-2.988867257069325E-04
9.954770010887450E-06,-1.453922669763203E-05,-9.646401723938955E-05,4.242163864076373E-04,-1.131918463523229E-04,-2.953872797859353E-04
1.024923873775436E-05,-1.461764996214152E-05,-9.666793758744417E-05,4.238522273133820E-04,-1.126673337301591E-04,-2.919063963743955E-04
1.054345184095580E-05,-1.469570935200019E-05,-9.686944703162089E-05,4.234802101668212E-04,-1.121438855977345E-04,-2.884438372459344E-04
1.083740390466076E-05,-1.477340560277066E-05,-9.706855821554631E-05,4.231004529895140E-04,-1.116214913970846E-04,-2.849993681312536E-04
1.113108959398659E-05,-1.485073944268649E-05,-9.726528362150907E-05,4.227130709044392E-04,-1.111001405790681E-04,-2.815727586321854E-04
1.142450365301338E-05,-1.492771159265927E-05,-9.745963557311891E-05,4.223181762140226E-04,-1.105798226058484E-04,-2.781637821379740E-04
1.171764090285154E-05,-1.500432276628724E-05,-9.765162623790843E-05,4.219158784756442E-04,-1.100605269532232E-04,-2.747722157437194E-04
1.201049623976109E-05,-1.508057366986554E-05,-9.784126762987885E-05,4.215062845747183E-04,-1.095422431128093E-04,-2.713978401709208E-04
1.230306463332080E-05,-1.515646500239790E-05,-9.802857161199138E-05,4.210894987954345E-04,-1.090249605940909E-04,-2.680404396900544E-04
1.259534112464569E-05,-1.523199745560974E-05,-9.821354989860543E-05,4.206656228892459E-04,-1.085086689263365E-04,-2.646998020451274E-04
1.288732082465134E-05,-1.530717171396253E-05,-9.839621405786520E-05,4.202347561411842E-04,-1.079933576603927E-04,-2.613757183801480E-04
1.317899891236352E-05,-1.538198845466938E-05,-9.857657551403574E-05,4.197969954340813E-04,-1.074790163703593E-04,-2.580679831674549E-04
1.347037063327168E-05,-1.545644834771168E-05,-9.875464554978999E-05,4.193524353107725E-04,-1.069656346551524E-04,-2.547763941378527E-04
1.376143129772505E-05,-1.553055205585693E-05,-9.893043530844782E-05,4.189011680343519E-04,-1.064532021399614E-04,-2.515007522124987E-04
1.405217627936977E-05,-1.560430023467740E-05,-9.910395579616838E-05,4.184432836465507E-04,-1.059417084776039E-04,-2.482408614364912E-04
1.434260101362612E-05,-1.567769353256976E-05,-9.927521788409696E-05,4.179788700243034E-04,-1.054311433497845E-04,-2.449965289141091E-04
1.463270099620424E-05,-1.575073259077560E-05,-9.944423231046738E-05,4.175080129345666E-04,-1.049214964682619E-04,-2.417675647456549E-04
1.492247178165747E-05,-1.582341804340263E-05,-9.961100968266109E-05,4.170307960874508E-04,-1.044127575759290E-04,-2.385537819658554E-04
1.521190898197193E-05,-1.589575051744666E-05,-9.977556047922401E-05,4.165473011877241E-04,-1.039049164478097E-04,-2.353549964837750E-04
1.550100826519134E-05,-1.596773063281428E-05,-9.993789505184216E-05,4.160576079847444E-04,-1.033979628919775E-04,-2.321710270241974E-04
1.578976535407603E-05,-1.603935900234603E-05,-1.000980236272771E-04,4.155617943208741E-04,-1.028918867503982E-04,-2.290016950704354E-04
1.607817602479500E-05,-1.611063623184030E-05,-1.002559563092621E-04,4.150599361784293E-04,-1.023866778997026E-04,-2.258468248085269E-04
1.636623610565010E-05,-1.618156292007757E-05,-1.004117030803600E-04,4.145521077252138E-04,-1.018823262518901E-04,-2.227062430727783E-04
1.665394147583138E-05,-1.625213965884524E-05,-1.005652738037839E-04,4.140383813586856E-04,-1.013788217549693E-04,-2.195797792926177E-04
1.694128806420264E-05,-1.632236703296285E-05,-1.007166782251811E-04,4.135188277488024E-04,-1.008761543935357E-04,-2.164672654407195E-04
1.722827184811629E-05,-1.639224562030763E-05,-1.008659259743816E-04,4.129935158795912E-04,-1.003743141892927E-04,-2.133685359823673E-04
1.751488885225660E-05,-1.646177599184047E-05,-1.010130265671120E-04,4.124625130894828E-04,-9.987329120151643E-05,-2.102834278260183E-04
1.780113514751064E-05,-1.653095871163215E-05,-1.011579894066751E-04,4.119258851104553E-04,-9.937307552746806E-05,-2.072117802750367E-04
1.808700684986588E-05,-1.659979433688983E-05,-1.013008237855968E-04,4.113836961060231E-04,-9.887365730275609E-05,-2.041534349805639E-04
1.837250011933393E-05,-1.666828341798382E-05,-1.014415388872402E-04,4.108360087081123E-04,-9.837502670165126E-05,-2.011082358954940E-04
1.865761115889934E-05,-1.673642649847450E-05,-1.015801437873888E-04,4.102828840528567E-04,-9.787717393735601E-05,-1.980760292295240E-04
1.894233621349303E-05,-1.680422411513946E-05,-1.017166474557979E-04,4.097243818153517E-04,-9.738008926223120E-05,-1.950566634052493E-04
1.922667156898946E-05,-1.687167679800074E-05,-1.018510587577168E-04,4.091605602433985E-04,-9.688376296798190E-05,-1.920499890152763E-04
1.951061355122687E-05,-1.693878507035220E-05,-1.019833864553810E-04,4.085914761902729E-04,-9.638818538580440E-05,-1.890558587803244E-04
1.979415852504995E-05,-1.700554944878703E-05,-1.021136392094757E-04,4.080171851465486E-04,-9.589334688649641E-05,-1.860741275082900E-04
2.007730289337434E-05,-1.707197044322521E-05,-1.022418255805713E-04,4.074377412710065E-04,-9.539923788053226E-05,-1.831046520542472E-04
2.036004309627221E-05,-1.713804855694115E-05,-1.023679540305316E-04,4.068531974206588E-04,-9.490584881810476E-05,-1.801472912813606E-04
2.064237561007847E-05,-1.720378428659122E-05,-1.024920329238949E-04,4.062636051799162E-04,-9.441317018913560E-05,-1.772019060226836E-04
2.092429694651687E-05,-1.726917812224137E-05,-1.026140705292290E-04,4.056690148889252E-04,-9.392119252325565E-05,-1.742683590438211E-04
2.120580365184555E-05,-1.733423054739469E-05,-1.027340750204602E-04,4.050694756711016E-04,-9.342990638975689E-05,-1.713465150064323E-04
2.148689230602143E-05,-1.739894203901889E-05,-1.028520544781781E-04,4.044650354598865E-04,-9.293930239751715E-05,-1.684362404325511E-04
2.176755952188289E-05,-1.746331306757381E-05,-1.029680168909151E-04,4.038557410247468E-04,-9.244937119489938E-05,-1.655374036697036E-04
2.204780194435029E-05,-1.752734409703876E-05,-1.030819701564022E-04,4.032416379964462E-04,-9.196010346962638E-05,-1.626498748568009E-04
2.232761624964376E-05,-1.759103558493981E-05,-1.031939220828013E-04,4.026227708916078E-04,-9.147148994863253E-05,-1.597735258907870E-04
2.260699914451783E-05,-1.765438798237698E-05,-1.033038803899150E-04,4.019991831365906E-04,-9.098352139789356E-05,-1.569082303940220E-04
2.288594736551239E-05,-1.771740173405128E-05,-1.034118527103733E-04,4.013709170907009E-04,-9.049618862223548E-05,-1.540538636823827E-04
2.316445767821956E-05,-1.778007727829158E-05,-1.035178465907993E-04,4.007380140687586E-04,-9.000948246512387E-05,-1.512103027340597E-04
2.344252687656600E-05,-1.784241504708143E-05,-1.036218694929523E-04,4.001005143630385E-04,-8.952339380843436E-05,-1.483774261590352E-04
2.372015178211027E-05,-1.790441546608561E-05,-1.037239287948510E-04,3.994584572646055E-04,-8.903791357220545E-05,-1.455551141692227E-04
2.399732924335475E-05,-1.796607895467652E-05,-1.038240317918759E-04,3.988118810840612E-04,-8.855303271437451E-05,-1.427432485492523E-04
2.427405613507184E-05,-1.802740592596045E-05,-1.039221856978509E-04,3.981608231717205E-04,-8.806874223049781E-05,-1.399417126278844E-04
2.455032935764392E-05,-1.808839678680359E-05,-1.040183976461066E-04,3.975053199372344E-04,-8.758503315345552E-05,-1.371503912500370E-04
2.482614583641674E-05,-1.814905193785782E-05,-1.041126746905231E-04,3.968454068686762E-04,-8.710189655314237E-05,-1.343691707494092E-04
2.510150252106596E-05,-1.820937177358631E-05,-1.042050238065549E-04,3.961811185511060E-04,-8.661932353614484E-05,-1.315979389216881E-04
2.537639638497635E-05,-1.826935668228890E-05,-1.042954518922366E-04,3.955124886846299E-04,-8.613730524540547E-05,-1.288365849983221E-04
2.565082442463332E-05,-1.832900704612724E-05,-1.043839657691716E-04,3.948395501019677E-04,-8.565583285987509E-05,-1.260849996208485E-04
2.592478365902660E-05,-1.838832324114961E-05,-1.044705721835020E-04,3.941623347855443E-04,-8.517489759415359E-05,-1.233430748157595E-04
2.619827112906548E-05,-1.844730563731562E-05,-1.045552778068621E-04,3.934808738841176E-04,-8.469449069811981E-05,-1.206107039698951E-04
2.647128389700560E-05,-1.850595459852053E-05,-1.046380892373148E-04,3.927951977289575E-04,-8.421460345655121E-05,-1.178877818063485E-04
2.674381904588666E-05,-1.856427048261938E-05,-1.047190130002711E-04,3.921053358495874E-04,-8.373522718873380E-05,-1.151742043608717E-04
2.701587367898107E-05,-1.862225364145080E-05,-1.047980555493934E-04,3.914113169891023E-04,-8.325635324806296E-05,-1.124698689587689E-04
2.728744491925295E-05,-1.867990442086055E-05,-1.048752232674840E-04,3.907131691190742E-04,-8.277797302163557E-05,-1.097746741922663E-04
2.755852990882747E-05,-1.873722316072480E-05,-1.049505224673560E-04,3.900109194540568E-04,-8.230007792983396E-05,-1.070885198983454E-04
2.782912580847001E-05,-1.879421019497308E-05,-1.050239593926912E-04,3.893045944657018E-04,-8.182265942590222E-05,-1.044113071370297E-04
2.809922979707509E-05,-1.885086585161097E-05,-1.050955402188813E-04,3.885942198964956E-04,-8.134570899551509E-05,-1.017429381701133E-04
2.836883907116466E-05,-1.890719045274243E-05,-1.051652710538558E-04,3.878798207731292E-04,-8.086921815634012E-05,-9.908331644032000E-05
2.863795084439553E-05,-1.896318431459193E-05,-1.052331579388943E-04,3.871614214195100E-04,-8.039317845759329E-05,-9.643234655088401E-05
2.890656234707579E-05,-1.901884774752613E-05,-1.052992068494261E-04,3.864390454694258E-04,-7.991758147958849E-05,-9.378993424554056E-05
2.917467082568982E-05,-1.907418105607538E-05,-1.053634236958149E-04,3.857127158788703E-04,-7.944241883328129E-05,-9.115598638891759E-05
2.944227354243179E-05,-1.912918453895480E-05,-1.054258143241307E-04,3.849824549380403E-04,-7.896768215980732E-05,-8.853041094731837E-05
2.970936777474740E-05,-1.918385848908507E-05,-1.054863845169083E-04,3.842482842830116E-04,-7.849336313001541E-05,-8.591311696988609E-05
2.997595081488356E-05,-1.923820319361295E-05,-1.055451399938930E-04,3.835102249071047E-04,-7.801945344399610E-05,-8.330401457014102E-05
3.024201996944592E-05,-1.929221893393136E-05,-1.056020864127729E-04,3.827682971719462E-04,-7.754594483060544E-05,-8.070301490788162E-05
3.050757255896391E-05,-1.934590598569924E-05,-1.056572293698999E-04,3.820225208182358E-04,-7.707282904698471E-05,-7.811003017144095E-05
3.077260591746325E-05,-1.939926461886099E-05,-1.057105744009977E-04,3.812729149762260E-04,-7.660009787807594E-05,-7.552497356028993E-05
3.103711739204553E-05,-1.945229509766563E-05,-1.057621269818578E-04,3.805194981759216E-04,-7.612774313613385E-05,-7.294775926797944E-05
3.130110434247488E-05,-1.950499768068558E-05,-1.058118925290244E-04,3.797622883570077E-04,-7.565575666023410E-05,-7.037830246541325E-05
3.156456414077136E-05,-1.955737262083513E-05,-1.058598764004672E-04,3.790013028785118E-04,-7.518413031577828E-05,-6.781651928444402E-05
3.182749417081103E-05,-1.960942016538854E-05,-1.059060838962429E-04,3.782365585282077E-04,-7.471285599399576E-05,-6.526232680178499E-05
3.208989182793243E-05,-1.966114055599778E-05,-1.059505202591463E-04,3.774680715317676E-04,-7.424192561144256E-05,-6.271564302322993E-05
3.235175451854933E-05,-1.971253402871000E-05,-1.059931906753499E-04,3.766958575616695E-04,-7.377133110949749E-05,-6.017638686817425E-05
3.261307965976960E-05,-1.976360081398453E-05,-1.060341002750329E-04,3.759199317458644E-04,-7.330106445385569E-05,-5.764447815443038E-05
3.287386467902003E-05,-1.981434113670963E-05,-1.060732541330002E-04,3.751403086762119E-04,-7.283111763401967E-05,-5.511983758333059E-05
3.313410701367686E-05,-1.986475521621883E-05,-1.061106572692906E-04,3.743570024166875E-04,-7.236148266278809E-05,-5.260238672511075E-05
3.339380411070200E-05,-1.991484326630694E-05,-1.061463146497754E-04,3.735700265113688E-04,-7.189215157574241E-05,-5.009204800456854E-05
3.365295342628472E-05,-1.996460549524568E-05,-1.061802311867469E-04,3.727793939922062E-04,-7.142311643073142E-05,-4.758874468698989E-05
3.391155242548862E-05,-2.001404210579897E-05,-1.062124117394972E-04,3.719851173865822E-04,-7.095436930735389E-05,-4.509240086433762E-05
3.416959858190381E-05,-2.006315329523784E-05,-1.062428611148876E-04,3.711872087246656E-04,-7.048590230643945E-05,-4.260294144169627E-05
3.442708937730411E-05,-2.011193925535503E-05,-1.062715840679086E-04,3.703856795465649E-04,-7.001770754952769E-05,-4.012029212396740E-05
3.468402230130917E-05,-2.016040017247915E-05,-1.062985853022308E-04,3.695805409092864E-04,-6.954977717834570E-05,-3.764437940280967E-05
3.494039485105134E-05,-2.020853622748854E-05,-1.063238694707469E-04,3.687718033935008E-04,-6.908210335428405E-05,-3.517513054381829E-05
3.519620453084716E-05,-2.025634759582473E-05,-1.063474411761046E-04,3.679594771101237E-04,-6.861467825787138E-05,-3.271247357393839E-05
3.545144885187339E-05,-2.030383444750558E-05,-1.063693049712311E-04,3.671435717067140E-04,-6.814749408824756E-05,-3.025633726910726E-05
3.570612533184740E-05,-2.035099694713795E-05,-1.063894653598490E-04,3.663240963736942E-04,-6.768054306263557E-05,-2.780665114212014E-05
3.596023149471184E-05,-2.039783525393016E-05,-1.064079267969839E-04,3.655010598503972E-04,-6.721381741581213E-05,-2.536334543071486E-05
3.621376487032341E-05,-2.044434952170395E-05,-1.064246936894636E-04,3.646744704309432E-04,-6.674730939957717E-05,-2.292635108587024E-05
3.646672299414567E-05,-2.049053989890609E-05,-1.064397703964095E-04,3.638443359699517E-04,-6.628101128222213E-05,-2.049559976031383E-05
3.671910340694580E-05,-2.053640652861971E-05,-1.064531612297202E-04,3.630106638880895E-04,-6.581491534799717E-05,-1.807102379723404E-05
3.697090365449510E-05,-2.058194954857517E-05,-1.064648704545468E-04,3.621734611774627E-04,-6.534901389657733E-05,-1.565255621919260E-05
3.722212128727321E-05,-2.062716909116057E-05,-1.064749022897610E-04,3.613327344068516E-04,-6.488329924252769E-05,-1.324013071723253E-05
3.747275386017593E-05,-2.067206528343192E-05,-1.064832609084157E-04,3.604884897267957E-04,-6.441776371476749E-05,-1.083368164017772E-05
3.772279893222645E-05,-2.071663824712292E-05,-1.064899504381979E-04,3.596407328745294E-04,-6.395239965603329E-05,-8.433143984119792E-06
3.797225406629005E-05,-2.076088809865437E-05,-1.064949749618750E-04,3.587894691787736E-04,-6.348719942234124E-05,-6.038453382088159E-06
3.822111682879202E-05,-2.080481494914319E-05,-1.064983385177331E-04,3.579347035643850E-04,-6.302215538244833E-05,-3.649546093899423E-06
3.846938478943874E-05,-2.084841890441112E-05,-1.065000451000092E-04,3.570764405568662E-04,-6.255725991731275E-05,-1.266358996182179E-06
3.871705552094193E-05,-2.089170006499296E-05,-1.065000986593159E-04,3.562146842867406E-04,-6.209250541955338E-05,1.111170427426523E-06
3.896412659874581E-05,-2.093465852614450E-05,-1.064985031030595E-04,3.553494384937937E-04,-6.162788429290826E-05,3.483104095916743E-06
3.921059560075719E-05,-2.097729437785006E-05,-1.064952622958518E-04,3.544807065311840E-04,-6.116338895169226E-05,5.849503340376832E-06
3.945646010707838E-05,-2.101960770482962E-05,-1.064903800599151E-04,3.536084913694264E-04,-6.069901182025375E-05,8.210428913303740E-06
3.970171769974280E-05,-2.106159858654565E-05,-1.064838601754805E-04,3.527327956002500E-04,-6.023474533243036E-05,1.056594099775586E-05
3.994636596245323E-05,-2.110326709720944E-05,-1.064757063811805E-04,3.518536214403338E-04,-5.977058193100385E-05,1.291609921635176E-05
4.019040248032267E-05,-2.114461330578718E-05,-1.064659223744352E-04,3.509709707349218E-04,-5.930651406715395E-05,1.526096264011808E-05
4.043382483961753E-05,-2.118563727600559E-05,-1.064545118118318E-04,3.500848449613195E-04,-5.884253419991131E-05,1.760058979718971E-05
4.067663062750342E-05,-2.122633906635715E-05,-1.064414783094995E-04,3.491952452322760E-04,-5.837863479560935E-05,1.993503868136549E-05
4.091881743179299E-05,-2.126671873010503E-05,-1.064268254434765E-04,3.483021722992515E-04,-5.791480832733525E-05,2.226436676052229E-05
4.116038284069626E-05,-2.130677631528753E-05,-1.064105567500735E-04,3.474056265555740E-04,-5.745104727437977E-05,2.458863098489063E-05
4.140132444257290E-05,-2.134651186472226E-05,-1.063926757262296E-04,3.465056080394856E-04,-5.698734412168602E-05,2.690788779519456E-05
4.164163982568670E-05,-2.138592541600983E-05,-1.063731858298634E-04,3.456021164370833E-04,-5.652369135929721E-05,2.922219313065875E-05
4.188132657796202E-05,-2.142501700153721E-05,-1.063520904802190E-04,3.446951510851521E-04,-5.606008148180316E-05,3.153160243688549E-05
4.212038228674216E-05,-2.146378664848071E-05,-1.063293930582054E-04,3.437847109738958E-04,-5.559650698778571E-05,3.383617067360439E-05
4.235880453854957E-05,-2.150223437880854E-05,-1.063050969067318E-04,3.428707947495661E-04,-5.513296037926287E-05,3.613595232229721E-05
4.259659091884795E-05,-2.154036020928301E-05,-1.062792053310370E-04,3.419534007169901E-04,-5.466943416113178E-05,3.843100139370069E-05
4.283373901180590E-05,-2.157816415146233E-05,-1.062517215990136E-04,3.410325268420012E-04,-5.420592084061027E-05,4.072137143518962E-05
4.307024640006242E-05,-2.161564621170205E-05,-1.062226489415271E-04,3.401081707537716E-04,-5.374241292667718E-05,4.300711553804285E-05
4.330611066449383E-05,-2.165280639115605E-05,-1.061919905527307E-04,3.391803297470504E-04,-5.327890292951120E-05,4.528828634459439E-05
4.354132938398232E-05,-2.168964468577720E-05,-1.061597495903740E-04,3.382490007843075E-04,-5.281538335992837E-05,4.756493605527225E-05
4.377590013518589E-05,-2.172616108631764E-05,-1.061259291761078E-04,3.373141804977852E-04,-5.235184672881795E-05,4.983711643552699E-05
4.400982049230975E-05,-2.176235557832855E-05,-1.060905323957838E-04,3.363758651914587E-04,-5.188828554657682E-05,5.210487882265254E-05
4.424308802687897E-05,-2.179822814215970E-05,-1.060535622997494E-04,3.354340508429075E-04,-5.142469232254230E-05,5.436827413250125E-05
4.447570030751246E-05,-2.183377875295847E-05,-1.060150219031384E-04,3.344887331050975E-04,-5.096105956442319E-05,5.662735286609539E-05
4.470765489969815E-05,-2.186900738066851E-05,-1.059749141861563E-04,3.335399073080774E-04,-5.049737977772918E-05,5.888216511613728E-05
4.493894936556928E-05,-2.190391399002806E-05,-1.059332420943622E-04,3.325875684605875E-04,-5.003364546519844E-05,6.113276057341997E-05
4.516958126368181E-05,-2.193849854056778E-05,-1.058900085389452E-04,3.316317112515854E-04,-4.956984912622332E-05,6.337918853314055E-05
4.539954814879289E-05,-2.197276098660826E-05,-1.058452163969974E-04,3.306723300516871E-04,-4.910598325627412E-05,6.562149790111805E-05
4.562884757164020E-05,-2.200670127725708E-05,-1.057988685117817E-04,3.297094189145258E-04,-4.864204034632096E-05,6.785973719991782E-05
4.585747707872232E-05,-2.204031935640548E-05,-1.057509676929964E-04,3.287429715780293E-04,-4.817801288225343E-05,7.009395457488425E-05
4.608543421207991E-05,-2.207361516272463E-05,-1.057015167170345E-04,3.277729814656169E-04,-4.771389334429826E-05,7.232419780008379E-05
4.631271650907767E-05,-2.210658862966151E-05,-1.056505183272400E-04,3.267994416873163E-04,-4.724967420643462E-05,7.455051428415981E-05
4.653932150218708E-05,-2.213923968543436E-05,-1.055979752341593E-04,3.258223450408021E-04,-4.678534793580729E-05,7.677295107610139E-05
4.676524671876983E-05,-2.217156825302771E-05,-1.055438901157892E-04,3.248416840123568E-04,-4.632090699213732E-05,7.899155487092741E-05
4.699048968086190E-05,-2.220357425018707E-05,-1.054882656178207E-04,3.238574507777542E-04,-4.585634382713033E-05,8.120637201528790E-05
4.721504790495818E-05,-2.223525758941308E-05,-1.054311043538788E-04,3.228696372030665E-04,-4.539165088388226E-05,8.341744851298414E-05
4.743891890179769E-05,-2.226661817795540E-05,-1.053724089057593E-04,3.218782348453969E-04,-4.492682059628250E-05,8.562483003040914E-05
4.766210017614924E-05,-2.229765591780606E-05,-1.053121818236603E-04,3.208832349535363E-04,-4.446184538841429E-05,8.782856190191012E-05
4.788458922659752E-05,-2.232837070569247E-05,-1.052504256264119E-04,3.198846284685463E-04,-4.399671767395241E-05,9.002868913507449E-05
4.810638354532960E-05,-2.235876243306997E-05,-1.051871428017007E-04,3.188824060242692E-04,-4.353142985555794E-05,9.222525641594081E-05
4.832748061792172E-05,-2.238883098611395E-05,-1.051223358062915E-04,3.178765579477646E-04,-4.306597432427004E-05,9.441830811413629E-05
4.854787792312640E-05,-2.241857624571160E-05,-1.050560070662453E-04,3.168670742596737E-04,-4.260034345889474E-05,9.660788828794217E-05
4.876757293265972E-05,-2.244799808745320E-05,-1.049881589771336E-04,3.158539446745123E-04,-4.213452962539052E-05,9.879404068928848E-05
4.898656311098885E-05,-2.247709638162296E-05,-1.049187939042498E-04,3.148371586008924E-04,-4.166852517625064E-05,1.009768087686795E-04
4.920484591511965E-05,-2.250587099318946E-05,-1.048479141828163E-04,3.138167051416725E-04,-4.120232244988218E-05,1.031562356800512E-04
4.942241879438440E-05,-2.253432178179567E-05,-1.047755221181894E-04,3.127925730940387E-04,-4.073591376998157E-05,1.053323642855624E-04
4.963927919022949E-05,-2.256244860174851E-05,-1.047016199860596E-04,3.117647509495148E-04,-4.026929144490663E-05,1.075052371603201E-04
4.985542453600319E-05,-2.259025130200796E-05,-1.046262100326500E-04,3.107332268939033E-04,-3.980244776704489E-05,1.096748965970412E-04
5.007085225674326E-05,-2.261772972617575E-05,-1.045492944749102E-04,3.096979888071573E-04,-3.933537501217824E-05,1.118413846106514E-04
5.028555976896451E-05,-2.264488371248366E-05,-1.044708755007081E-04,3.086590242631834E-04,-3.886806543884365E-05,1.140047429428221E-04
5.049954448044619E-05,-2.267171309378124E-05,-1.043909552690180E-04,3.076163205295762E-04,-3.840051128768995E-05,1.161650130664476E-04
5.071280379001913E-05,-2.269821769752322E-05,-1.043095359101052E-04,3.065698645672837E-04,-3.793270478083049E-05,1.183222361900620E-04
5.092533508735270E-05,-2.272439734575640E-05,-1.042266195257090E-04,3.055196430302060E-04,-3.746463812119170E-05,1.204764532621994E-04
5.113713575274137E-05,-2.275025185510608E-05,-1.041422081892209E-04,3.044656422647245E-04,-3.699630349185720E-05,1.226277049756962E-04
5.134820315689102E-05,-2.277578103676208E-05,-1.040563039458612E-04,3.034078483091645E-04,-3.652769305540760E-05,1.247760317719371E-04
5.155853466070476E-05,-2.280098469646425E-05,-1.039689088128519E-04,3.023462468931895E-04,-3.605879895325570E-05,1.269214738450478E-04
5.176812761506841E-05,-2.282586263448753E-05,-1.038800247795872E-04,3.012808234371287E-04,-3.558961330497703E-05,1.290640711460326E-04
5.197697936063537E-05,-2.285041464562660E-05,-1.037896538078006E-04,3.002115630512360E-04,-3.512012820763561E-05,1.312038633868594E-04
5.218508722761107E-05,-2.287464051917994E-05,-1.036977978317299E-04,2.991384505348828E-04,-3.465033573510478E-05,1.333408900444938E-04
5.239244853553672E-05,-2.289854003893355E-05,-1.036044587582787E-04,2.980614703756827E-04,-3.418022793738300E-05,1.354751903648816E-04
5.259906059307254E-05,-2.292211298314410E-05,-1.035096384671753E-04,2.969806067485487E-04,-3.370979683990446E-05,1.376068033668818E-04
5.280492069778023E-05,-2.294535912452162E-05,-1.034133388111297E-04,2.958958435146840E-04,-3.323903444284444E-05,1.397357678461510E-04
5.301002613590477E-05,-2.296827823021177E-05,-1.033155616159866E-04,2.948071642205039E-04,-3.276793272041914E-05,1.418621223789792E-04
5.321437418215538E-05,-2.299087006177750E-05,-1.032163086808767E-04,2.937145520964917E-04,-3.229648362018001E-05,1.439859053260794E-04
5.341796209948577E-05,-2.301313437518032E-05,-1.031155817783652E-04,2.926179900559855E-04,-3.182467906230238E-05,1.461071548363306E-04
5.362078713887341E-05,-2.303507092076105E-05,-1.030133826545974E-04,2.915174606938983E-04,-3.135251093886813E-05,1.482259088504755E-04
5.382284653909793E-05,-2.305667944322005E-05,-1.029097130294421E-04,2.904129462853695E-04,-3.087997111314250E-05,1.503422051047739E-04
5.402413752651862E-05,-2.307795968159693E-05,-1.028045745966324E-04,2.893044287843484E-04,-3.040705141884466E-05,1.524560811346126E-04
5.422465731485083E-05,-2.309891136924983E-05,-1.026979690239037E-04,2.881918898221094E-04,-2.993374365941203E-05,1.545675742780721E-04
5.442440310494135E-05,-2.311953423383409E-05,-1.025898979531299E-04,2.870753107056981E-04,-2.946003960725815E-05,1.566767216794522E-04
5.462337208454271E-05,-2.313982799728045E-05,-1.024803630004563E-04,2.859546724163094E-04,-2.898593100302393E-05,1.587835602927553E-04
5.482156142808632E-05,-2.315979237577274E-05,-1.023693657564309E-04,2.848299556075951E-04,-2.851140955482221E-05,1.608881268851297E-04
5.501896829645438E-05,-2.317942707972503E-05,-1.022569077861328E-04,2.837011406039029E-04,-2.803646693747532E-05,1.629904580402737E-04
5.521558983675056E-05,-2.319873181375823E-05,-1.021429906292985E-04,2.825682073984450E-04,-2.756109479174565E-05,1.650905901618003E-04
5.541142318206943E-05,-2.321770627667616E-05,-1.020276158004457E-04,2.814311356513962E-04,-2.708528472355895E-05,1.671885594765629E-04
5.560646545126443E-05,-2.323635016144112E-05,-1.019107847889953E-04,2.802899046879219E-04,-2.660902830322018E-05,1.692844020379451E-04
5.580071374871462E-05,-2.325466315514884E-05,-1.017924990593899E-04,2.791444934961339E-04,-2.613231706462186E-05,1.713781537291122E-04
5.599416516408978E-05,-2.327264493900294E-05,-1.016727600512118E-04,2.779948807249751E-04,-2.565514250444460E-05,1.734698502662269E-04
5.618681677211420E-05,-2.329029518828881E-05,-1.015515691792975E-04,2.768410446820320E-04,-2.517749608134980E-05,1.755595272016300E-04
5.637866563232880E-05,-2.330761357234691E-05,-1.014289278338500E-04,2.756829633312742E-04,-2.469936921516408E-05,1.776472199269852E-04
5.656970878885172E-05,-2.332459975454553E-05,-1.013048373805499E-04,2.745206142907206E-04,-2.422075328605562E-05,1.797329636763906E-04
5.675994327013724E-05,-2.334125339225295E-05,-1.011792991606635E-04,2.733539748300316E-04,-2.374163963370183E-05,1.818167935294556E-04
5.694936608873302E-05,-2.335757413680903E-05,-1.010523144911490E-04,2.721830218680271E-04,-2.326201955644852E-05,1.838987444143455E-04
5.713797424103555E-05,-2.337356163349624E-05,-1.009238846647605E-04,2.710077319701289E-04,-2.278188431046010E-05,1.859788511107929E-04
5.732576470704385E-05,-2.338921552151001E-05,-1.007940109501504E-04,2.698280813457270E-04,-2.230122510886072E-05,1.880571482530782E-04
5.751273445011126E-05,-2.340453543392861E-05,-1.006626945919690E-04,2.686440458454701E-04,-2.182003312086627E-05,1.901336703329771E-04
5.769888041669540E-05,-2.341952099768231E-05,-1.005299368109627E-04,2.674556009584778E-04,-2.133829947090676E-05,1.922084517026790E-04
5.788419953610606E-05,-2.343417183352198E-05,-1.003957388040698E-04,2.662627218094751E-04,-2.085601523773915E-05,1.942815265776739E-04
5.806868872025119E-05,-2.344848755598706E-05,-1.002601017445146E-04,2.650653831558478E-04,-2.037317145355022E-05,1.963529290396101E-04
5.825234486338068E-05,-2.346246777337294E-05,-1.001230267818990E-04,2.638635593846184E-04,-1.988975910304941E-05,1.984226930391221E-04
5.843516484182817E-05,-2.347611208769759E-05,-9.998451504229291E-05,2.626572245093402E-04,-1.940576912255126E-05,2.004908523986304E-04
5.861714551375056E-05,-2.348942009466773E-05,-9.984456762832222E-05,2.614463521669116E-04,-1.892119239904738E-05,2.025574408151125E-04
5.879828371886530E-05,-2.350239138364417E-05,-9.970318561925480E-05,2.602309156143058E-04,-1.843601976926761E-05,2.046224918628460E-04
5.897857627818540E-05,-2.351502553760664E-05,-9.956037007108489E-05,2.590108877252187E-04,-1.795024201873019E-05,2.066860389961247E-04
5.915801999375212E-05,-2.352732213311784E-05,-9.941612201661547E-05,2.577862409866306E-04,-1.746384988078066E-05,2.087481155519470E-04
5.933661164836512E-05,-2.353928074028691E-05,-9.927044246553879E-05,2.565569474952840E-04,-1.697683403561931E-05,2.108087547526790E-04
5.951434800531028E-05,-2.355090092273217E-05,-9.912333240451504E-05,2.553229789540731E-04,-1.648918510931689E-05,2.128679897086901E-04
5.969122580808490E-05,-2.356218223754317E-05,-9.897479279724925E-05,2.540843066683464E-04,-1.600089367281830E-05,2.149258534209639E-04
5.986724178012028E-05,-2.357312423524210E-05,-9.882482458456630E-05,2.528409015421200E-04,-1.551195024093412E-05,2.169823787836830E-04
6.004239262450173E-05,-2.358372645974439E-05,-9.867342868448425E-05,2.515927340742006E-04,-1.502234527131955E-05,2.190375985867900E-04
6.021667502368578E-05,-2.359398844831874E-05,-9.852060599228583E-05,2.503397743542174E-04,-1.453206916344061E-05,2.210915455185222E-04
6.039008563921459E-05,-2.360390973154626E-05,-9.836635738058818E-05,2.490819920585606E-04,-1.404111225752735E-05,2.231442521679241E-04
6.056262111142760E-05,-2.361348983327905E-05,-9.821068369941090E-05,2.478193564462267E-04,-1.354946483351369E-05,2.251957510273342E-04
6.073427805917018E-05,-2.362272827059789E-05,-9.805358577624231E-05,2.465518363545676E-04,-1.305711710996364E-05,2.272460744948495E-04
6.090505307949929E-05,-2.363162455376929E-05,-9.789506441610407E-05,2.452794001949435E-04,-1.256405924298371E-05,2.292952548767662E-04
6.107494274738614E-05,-2.364017818620172E-05,-9.773512040161410E-05,2.440020159482771E-04,-1.207028132512104E-05,2.313433243899977E-04
6.124394361541572E-05,-2.364838866440107E-05,-9.757375449304779E-05,2.427196511605083E-04,-1.157577338424711E-05,2.333903151644696E-04
6.141205221348309E-05,-2.365625547792537E-05,-9.741096742839761E-05,2.414322729379474E-04,-1.108052538242664E-05,2.354362592454933E-04
6.157926504848644E-05,-2.366377810933866E-05,-9.724675992343104E-05,2.401398479425258E-04,-1.058452721477139E-05,2.374811885961161E-04
6.174557860401684E-05,-2.367095603416413E-05,-9.708113267174688E-05,2.388423423869416E-04,-1.008776870827851E-05,2.395251350994508E-04
6.191098934004452E-05,-2.367778872083639E-05,-9.691408634482997E-05,2.375397220297000E-04,-9.590239620653151E-06,2.415681305609833E-04
6.207549369260175E-05,-2.368427563065295E-05,-9.674562159210431E-05,2.362319521700447E-04,-9.091929639115016E-06,2.436102067108582E-04
6.223908807346207E-05,-2.369041621772483E-05,-9.657573904098457E-05,2.349189976427805E-04,-8.592828379188451E-06,2.456513952061445E-04
6.240176886981597E-05,-2.369620992892636E-05,-9.640443929692606E-05,2.336008228129840E-04,-8.092925383475787E-06,2.476917276330795E-04
6.256353244394280E-05,-2.370165620384412E-05,-9.623172294347317E-05,2.322773915706012E-04,-7.592210120413542E-06,2.497312355092922E-04
6.272437513287891E-05,-2.370675447472497E-05,-9.605759054230622E-05,2.309486673249297E-04,-7.090671983011142E-06,2.517699502860064E-04
6.288429324808192E-05,-2.371150416642326E-05,-9.588204263328684E-05,2.296146129989836E-04,-6.588300287571786E-06,2.538079033502230E-04
6.304328307509105E-05,-2.371590469634710E-05,-9.570507973450179E-05,2.282751910237395E-04,-6.085084272395065E-06,2.558451260268829E-04
6.320134087318336E-05,-2.371995547440371E-05,-9.552670234230535E-05,2.269303633322604E-04,-5.581013096460970E-06,2.578816495810088E-04
6.335846287502592E-05,-2.372365590294392E-05,-9.534691093136013E-05,2.255800913536972E-04,-5.076075838094884E-06,2.599175052198277E-04
6.351464528632375E-05,-2.372700537670567E-05,-9.516570595467655E-05,2.242243360071631E-04,-4.570261493613146E-06,2.619527240948735E-04
6.366988428546348E-05,-2.373000328275655E-05,-9.498308784365075E-05,2.228630576954815E-04,-4.063558975948797E-06,2.639873373040702E-04
6.382417602315257E-05,-2.373264900043546E-05,-9.479905700810108E-05,2.214962162988023E-04,-3.555957113257073E-06,2.660213758937942E-04
6.397751662205411E-05,-2.373494190129325E-05,-9.461361383630324E-05,2.201237711680864E-04,-3.047444647500213E-06,2.680548708609191E-04
6.412990217641704E-05,-2.373688134903232E-05,-9.442675869502392E-05,2.187456811184546E-04,-2.538010233011163E-06,2.700878531548387E-04
6.428132875170166E-05,-2.373846669944528E-05,-9.423849192955308E-05,2.173619044223989E-04,-2.027642435035695E-06,2.721203536794726E-04
6.443179238420041E-05,-2.373969730035260E-05,-9.404881386373483E-05,2.159723988028535E-04,-1.516329728252519E-06,2.741524032952506E-04
6.458128908065383E-05,-2.374057249153916E-05,-9.385772479999696E-05,2.145771214261230E-04,-1.004060495270889E-06,2.761840328210793E-04
6.472981481786144E-05,-2.374109160468980E-05,-9.366522501937912E-05,2.131760288946649E-04,-4.908230251052384E-07,2.782152730362877E-04
6.487736554228769E-05,-2.374125396332379E-05,-9.347131478155956E-05,2.117690772397235E-04,2.339448837363957E-08,2.802461546825545E-04
6.502393716966267E-05,-2.374105888272821E-05,-9.327599432488072E-05,2.103562219138123E-04,5.386039480113889E-07,2.822767084658152E-04
6.516952558457755E-05,-2.374050566989023E-05,-9.307926386637330E-05,2.089374177830426E-04,1.054817354967353E-06,2.843069650581500E-04
6.531412664007463E-05,-2.373959362342826E-05,-9.288112360177917E-05,2.075126191192942E-04,1.572046810336843E-06,2.863369550996520E-04
6.545773615723194E-05,-2.373832203352202E-05,-9.268157370557292E-05,2.060817795922259E-04,2.090304516798941E-06,2.883667092002754E-04
6.560034992474223E-05,-2.373669018184139E-05,-9.248061433098218E-05,2.046448522611219E-04,2.609602780290388E-06,2.903962579416643E-04
6.574196369848617E-05,-2.373469734147408E-05,-9.227824561000662E-05,2.032017895665720E-04,3.129954011706116E-06,2.924256318789609E-04
6.588257320109977E-05,-2.373234277685223E-05,-9.207446765343575E-05,2.017525433219805E-04,3.651370728626999E-06,2.944548615425939E-04
6.602217412153588E-05,-2.372962574367763E-05,-9.186928055086546E-05,2.002970647049020E-04,4.173865557075416E-06,2.964839774400470E-04
6.616076211461953E-05,-2.372654548884585E-05,-9.166268437071334E-05,1.988353042481988E-04,4.697451233299210E-06,2.985130100576059E-04
6.629833280059712E-05,-2.372310125036904E-05,-9.145467916023284E-05,1.973672118310188E-04,5.222140605584679E-06,3.005419898620854E-04
6.643488176467923E-05,-2.371929225729748E-05,-9.124526494552612E-05,1.958927366695868E-04,5.747946636099208E-06,3.025709473025352E-04
6.657040455657708E-05,-2.371511772963989E-05,-9.103444173155588E-05,1.944118273078080E-04,6.274882402764204E-06,3.045999128119244E-04
6.670489669003224E-05,-2.371057687828233E-05,-9.082220950215591E-05,1.929244316076791E-04,6.802961101158977E-06,3.066289168088046E-04
6.683835364233976E-05,-2.370566890490587E-05,-9.060856822004053E-05,1.914304967395016E-04,7.332196046456255E-06,3.086579896989511E-04
6.697077085386432E-05,-2.370039300190284E-05,-9.039351782681291E-05,1.899299691718954E-04,7.862600675390008E-06,3.106871618769822E-04
6.710214372754947E-05,-2.369474835229169E-05,-9.017705824297225E-05,1.884227946616060E-04,8.394188548256311E-06,3.127164637279551E-04
6.723246762841963E-05,-2.368873412963054E-05,-8.995918936791989E-05,1.869089182431024E-04,8.926973350947944E-06,3.147459256289402E-04
6.736173788307487E-05,-2.368234949792920E-05,-8.973991107996430E-05,1.853882842179616E-04,9.460968897023491E-06,3.167755779505708E-04
6.748994977917819E-05,-2.367559361155978E-05,-8.951922323632502E-05,1.838608361440330E-04,9.996189129811685E-06,3.188054510585696E-04
6.761709856493523E-05,-2.366846561516586E-05,-8.929712567313557E-05,1.823265168243794E-04,1.053264812455178E-05,3.208355753152512E-04
6.774317944856618E-05,-2.366096464357012E-05,-8.907361820544527E-05,1.807852682959906E-04,1.107036009057076E-05,3.228659810809991E-04
6.786818759776983E-05,-2.365308982168044E-05,-8.884870062722009E-05,1.792370318182614E-04,1.160933937349816E-05,3.248966987157178E-04
6.799211813917947E-05,-2.364484026439449E-05,-8.862237271134248E-05,1.776817478612325E-04,1.214960045751941E-05,3.269277585802593E-04
6.811496615781062E-05,-2.363621507650270E-05,-8.839463420961026E-05,1.761193560935861E-04,1.269115796766844E-05,3.289591910378223E-04
6.823672669650024E-05,-2.362721335258966E-05,-8.816548485273445E-05,1.745497953703927E-04,1.323402667216058E-05,3.309910264553250E-04
6.835739475533742E-05,-2.361783417693383E-05,-8.793492435033626E-05,1.729730037206017E-04,1.377822148476653E-05,3.330232952047495E-04
6.847696529108529E-05,-2.360807662340567E-05,-8.770295239094311E-05,1.713889183342716E-04,1.432375746722832E-05,3.350560276644584E-04
6.859543321659388E-05,-2.359793975536398E-05,-8.746956864198376E-05,1.697974755495331E-04,1.487064983171833E-05,3.370892542204811E-04
6.871279340020397E-05,-2.358742262555064E-05,-8.723477274978249E-05,1.681986108392786E-04,1.541891394334216E-05,3.391230052677709E-04
6.882904066514147E-05,-2.357652427598343E-05,-8.699856433955258E-05,1.665922587975726E-04,1.596856532268656E-05,3.411573112114307E-04
6.894416978890235E-05,-2.356524373784725E-05,-8.676094301538873E-05,1.649783531257765E-04,1.651961964841318E-05,3.431922024679068E-04
6.905817550262783E-05,-2.355358003138335E-05,-8.652190836025886E-05,1.633568266183801E-04,1.707209275989939E-05,3.452277094661503E-04
6.917105249046953E-05,-2.354153216577688E-05,-8.628145993599501E-05,1.617276111485342E-04,1.762600065992716E-05,3.472638626487445E-04
6.928279538894462E-05,-2.352909913904239E-05,-8.603959728328346E-05,1.600906376532767E-04,1.818135951742113E-05,3.493006924729975E-04
6.939339878628046E-05,-2.351627993790750E-05,-8.579631992165419E-05,1.584458361184453E-04,1.873818567023687E-05,3.513382294119989E-04
6.950285722174875E-05,-2.350307353769466E-05,-8.555162734946953E-05,1.567931355632686E-04,1.929649562800071E-05,3.533765039556401E-04
6.961116518498880E-05,-2.348947890220079E-05,-8.530551904391214E-05,1.551324640246290E-04,1.985630607500211E-05,3.554155466115954E-04
6.971831711531982E-05,-2.347549498357502E-05,-8.505799446097235E-05,1.534637485409887E-04,2.041763387313988E-05,3.574553879062646E-04
6.982430740104186E-05,-2.346112072219429E-05,-8.480905303543486E-05,1.517869151359716E-04,2.098049606492354E-05,3.594960583856746E-04
6.992913037872528E-05,-2.344635504653685E-05,-8.455869418086477E-05,1.501018888015915E-04,2.154490987653095E-05,3.615375886163384E-04
7.003278033248839E-05,-2.343119687305368E-05,-8.430691728959307E-05,1.484085934811194E-04,2.211089272092371E-05,3.635800091860712E-04
7.013525149326315E-05,-2.341564510603763E-05,-8.405372173270161E-05,1.467069520515804E-04,2.267846220102148E-05,3.656233507047613E-04
7.023653803804850E-05,-2.339969863749043E-05,-8.379910686000750E-05,1.449968863058709E-04,2.324763611293681E-05,3.676676438050943E-04
7.033663408915120E-05,-2.338335634698734E-05,-8.354307200004703E-05,1.432783169344878E-04,2.381843244927171E-05,3.697129191432290E-04
7.043553371341377E-05,-2.336661710153959E-05,-8.328561646005916E-05,1.415511635068588E-04,2.439086940247747E-05,3.717592073994233E-04
7.053323092142943E-05,-2.334947975545435E-05,-8.302673952596858E-05,1.398153444522649E-04,2.496496536827934E-05,3.738065392786087E-04
7.062971966674352E-05,-2.333194315019243E-05,-8.276644046236839E-05,1.380707770403450E-04,2.554073894916742E-05,3.758549455109106E-04
7.072499384504136E-05,-2.331400611422339E-05,-8.250471851250243E-05,1.363173773611711E-04,2.611820895795544E-05,3.779044568521132E-04
7.081904729332203E-05,-2.329566746287827E-05,-8.224157289824737E-05,1.345550603048843E-04,2.669739442140907E-05,3.799551040840669E-04
7.091187378905788E-05,-2.327692599819972E-05,-8.197700282009438E-05,1.327837395408808E-04,2.727831458394531E-05,3.820069180150357E-04
7.100346704933944E-05,-2.325778050878956E-05,-8.171100745713080E-05,1.310033274965350E-04,2.786098891140481E-05,3.840599294799821E-04
7.109382073000539E-05,-2.323822976965366E-05,-8.144358596702144E-05,1.292137353354497E-04,2.844543709489868E-05,3.861141693407884E-04
7.118292842475724E-05,-2.321827254204416E-05,-8.117473748598985E-05,1.274148729352201E-04,2.903167905473183E-05,3.881696684864105E-04
7.127078366425839E-05,-2.319790757329891E-05,-8.090446112879951E-05,1.256066488646999E-04,2.961973494440447E-05,3.902264578329623E-04
7.135737991521726E-05,-2.317713359667813E-05,-8.063275598873491E-05,1.237889703607559E-04,3.020962515469374E-05,3.922845683237279E-04
7.144271057945406E-05,-2.315594933119819E-05,-8.035962113758276E-05,1.219617433044984E-04,3.080137031781755E-05,3.943440309290995E-04
7.152676899295092E-05,-2.313435348146247E-05,-8.008505562561316E-05,1.201248721969743E-04,3.139499131168237E-05,3.964048766464362E-04
7.160954842488485E-05,-2.311234473748924E-05,-7.980905848156098E-05,1.182782601343072E-04,3.199050926421727E-05,3.984671364998431E-04
7.169104207664337E-05,-2.308992177453651E-05,-7.953162871260736E-05,1.164218087822721E-04,3.258794555779625E-05,4.005308415398658E-04
7.177124308082217E-05,-2.306708325292376E-05,-7.925276530436149E-05,1.145554183502880E-04,3.318732183375093E-05,4.025960228430969E-04
7.185014450020458E-05,-2.304382781785055E-05,-7.897246722084269E-05,1.126789875648142E-04,3.378865999697602E-05,4.046627115116926E-04
7.192773932672230E-05,-2.302015409921179E-05,-7.869073340446285E-05,1.107924136421344E-04,3.439198222062971E-05,4.067309386727942E-04
7.200402048039704E-05,-2.299606071140986E-05,-7.840756277600931E-05,1.088955922605111E-04,3.499731095093146E-05,4.088007354778507E-04
7.207898080826261E-05,-2.297154625316326E-05,-7.812295423462824E-05,1.069884175316950E-04,3.560466891205952E-05,4.108721331018404E-04
7.215261308326696E-05,-2.294660930731185E-05,-7.783690665780859E-05,1.050707819717714E-04,3.621407911115077E-05,4.129451627423848E-04
7.222491000315378E-05,-2.292124844061858E-05,-7.754941890136674E-05,1.031425764713251E-04,3.682556484340541E-05,4.150198556187523E-04
7.229586418932309E-05,-2.289546220356765E-05,-7.726048979943180E-05,1.012036902649065E-04,3.743914969729909E-05,4.170962429707465E-04
7.236546818567044E-05,-2.286924913015903E-05,-7.697011816443182E-05,9.925401089977890E-05,3.805485755990533E-05,4.191743560574747E-04
7.243371445740411E-05,-2.284260773769918E-05,-7.667830278708081E-05,9.729342420392761E-05,3.867271262233091E-05,4.212542261559909E-04
7.250059538983981E-05,-2.281553652658798E-05,-7.638504243636679E-05,9.532181425331116E-05,3.929273938526716E-05,4.233358845598092E-04
7.256610328717244E-05,-2.278803398010187E-05,-7.609033585954093E-05,9.333906333833273E-05,3.991496266466010E-05,4.254193625772819E-04
7.263023037122423E-05,-2.276009856417281E-05,-7.579418178210786E-05,9.134505192951093E-05,4.053940759750248E-05,4.275046915298359E-04
7.269296878016876E-05,-2.273172872716334E-05,-7.549657890781720E-05,8.933965864232730E-05,4.116609964775087E-05,4.295919027500630E-04
7.275431056723032E-05,-2.270292289963745E-05,-7.519752591865655E-05,8.732276020122770E-05,4.179506461237103E-05,4.316810275796564E-04
7.281424769935793E-05,-2.267367949412713E-05,-7.489702147484594E-05,8.529423140275376E-05,4.242632862751485E-05,4.337720973671885E-04
7.287277205587342E-05,-2.264399690489467E-05,-7.459506421483383E-05,8.325394507777981E-05,4.305991817483229E-05,4.358651434657219E-04
7.292987542709306E-05,-2.261387350769051E-05,-7.429165275529491E-05,8.120177205283010E-05,4.369586008792192E-05,4.379601972302481E-04
7.298554951292194E-05,-2.258330765950655E-05,-7.398678569112970E-05,7.913758111045004E-05,4.433418155892355E-05,4.400572900149453E-04
7.303978592142045E-05,-2.255229769832479E-05,-7.368046159546609E-05,7.706123894860448E-05,4.497491014525682E-05,4.421564531702485E-04
7.309257616734232E-05,-2.252084194286132E-05,-7.337267901966303E-05,7.497261013907519E-05,4.561807377650952E-05,4.442577180397234E-04
7.314391167064335E-05,-2.248893869230546E-05,-7.306343649331648E-05,7.287155708482853E-05,4.626370076147958E-05,4.463611159567365E-04
7.319378375496014E-05,-2.245658622605384E-05,-7.275273252426764E-05,7.075793997632372E-05,4.691181979537493E-05,4.484666782409122E-04
7.324218364605821E-05,-2.242378280343959E-05,-7.244056559861385E-05,6.863161674673075E-05,4.756245996717532E-05,4.505744361943677E-04
7.328910247024851E-05,-2.239052666345628E-05,-7.212693418072208E-05,6.649244302602616E-05,4.821565076716042E-05,4.526844210977162E-04
7.333453125277174E-05,-2.235681602447653E-05,-7.181183671324535E-05,6.434027209393385E-05,4.887142209460882E-05,4.547966642058298E-04
7.337846091614951E-05,-2.232264908396530E-05,-7.149527161714214E-05,6.217495483167674E-05,4.952980426567235E-05,4.569111967433494E-04
7.342088227850165E-05,-2.228802401818757E-05,-7.117723729169900E-05,5.999633967250428E-05,5.019082802143053E-05,4.590280498999326E-04
7.346178605182867E-05,-2.225293898191045E-05,-7.085773211455660E-05,5.780427255095928E-05,5.085452453613011E-05,4.611472548252277E-04
7.350116284025856E-05,-2.221739210809943E-05,-7.053675444173933E-05,5.559859685084655E-05,5.152092542561462E-05,4.632688426235616E-04
7.353900313825695E-05,-2.218138150760871E-05,-7.021430260768870E-05,5.337915335186433E-05,5.219006275594918E-05,4.653928443483300E-04
7.357529732879987E-05,-2.214490526886554E-05,-6.989037492530076E-05,5.114578017485825E-05,5.286196905224593E-05,4.675192909960760E-04
7.361003568150780E-05,-2.210796145754826E-05,-6.956496968596770E-05,4.889831272565622E-05,5.353667730769558E-05,4.696482135002444E-04
7.364320835074040E-05,-2.207054811625810E-05,-6.923808515962399E-05,4.663658363744107E-05,5.421422099281083E-05,4.717796427245964E-04
7.367480537365055E-05,-2.203266326418439E-05,-6.890971959479708E-05,4.436042271161621E-05,5.489463406488740E-05,4.739136094562717E-04
7.370481666819691E-05,-2.199430489676322E-05,-6.857987121866321E-05,4.206965685711826E-05,5.557795097768890E-05,4.760501443984798E-04
7.373323203111372E-05,-2.195547098532916E-05,-6.824853823710829E-05,3.976411002812868E-05,5.626420669136168E-05,4.781892781628075E-04
7.376004113583673E-05,-2.191615947676019E-05,-6.791571883479432E-05,3.744360316013493E-05,5.695343668258607E-05,4.803310412611221E-04
7.378523353038428E-05,-2.187636829311533E-05,-6.758141117523158E-05,3.510795410428971E-05,5.764567695497086E-05,4.824754640970555E-04
7.380879863519203E-05,-2.183609533126506E-05,-6.724561340085690E-05,3.275697756001533E-05,5.834096404969757E-05,4.846225769570486E-04
7.383072574090036E-05,-2.179533846251424E-05,-6.690832363311823E-05,3.039048500579792E-05,5.903933505642193E-05,4.867724100009373E-04
7.385100400609304E-05,-2.175409553221735E-05,-6.656953997256602E-05,2.800828462811455E-05,5.974082762443962E-05,4.889249932520595E-04
7.386962245498590E-05,-2.171236435938593E-05,-6.622926049895155E-05,2.561018124843412E-05,6.044547997412392E-05,4.910803565868615E-04
7.388656997506407E-05,-2.167014273628789E-05,-6.588748327133273E-05,2.319597624823067E-05,6.115333090864317E-05,4.932385297239813E-04
7.390183531466645E-05,-2.162742842803869E-05,-6.554420632818762E-05,2.076546749194556E-05,6.186441982596578E-05,4.953995422127862E-04
7.391540708051603E-05,-2.158421917218401E-05,-6.519942768753612E-05,1.831844924783277E-05,6.257878673116148E-05,4.975634234213382E-04
7.392727373519436E-05,-2.154051267827378E-05,-6.485314534707022E-05,1.585471210661882E-05,6.329647224900704E-05,4.997302025237636E-04
7.393742359455884E-05,-2.149630662742740E-05,-6.450535728429329E-05,1.337404289790658E-05,6.401751763690557E-05,5.018999084869977E-04
7.394584482510116E-05,-2.145159867188978E-05,-6.415606145666870E-05,1.087622460424944E-05,6.474196479812838E-05,5.040725700568772E-04
7.395252544124514E-05,-2.140638643457818E-05,-6.380525580177839E-05,8.361036272819570E-06,6.546985629538895E-05,5.062482157435515E-04
7.395745330258252E-05,-2.136066750861943E-05,-6.345293823749185E-05,5.828252924591163E-06,6.620123536475873E-05,5.084268738061788E-04
7.396061611104464E-05,-2.131443945687738E-05,-6.309910666214591E-05,3.277645460956498E-06,6.693614592993485E-05,5.106085722368780E-04
7.396200140800849E-05,-2.126769981147033E-05,-6.274375895473602E-05,7.089805676896356E-07,6.767463261687022E-05,5.127933387438982E-04
7.396159657133502E-05,-2.122044607327818E-05,-6.238689297511941E-05,-1.877979383830799E-06,6.841674076877667E-05,5.149812007339737E-04
7.395938881233794E-05,-2.117267571143897E-05,-6.202850656423089E-05,-4.483476438231635E-06,6.916251646151239E-05,5.171721852938228E-04
7.395536517268091E-05,-2.112438616283471E-05,-6.166859754431175E-05,-7.107757160683406E-06,6.991200651936512E-05,5.193663191707540E-04
7.394951252120112E-05,-2.107557483156596E-05,-6.130716371915248E-05,-9.751072744465986E-06,7.066525853124293E-05,5.215636287523353E-04
7.394181755065705E-05,-2.102623908841517E-05,-6.094420287434988E-05,-1.241367912166460E-05,7.142232086728500E-05,5.237641400450850E-04
7.393226677439829E-05,-2.097637627029822E-05,-6.057971277757944E-05,-1.509583707710325E-05,7.218324269590501E-05,5.259678786521366E-04
7.392084652295502E-05,-2.092598367970404E-05,-6.021369117888350E-05,-1.779781236562677E-05,7.294807400128031E-05,5.281748697498300E-04
7.390754294054493E-05,-2.087505858412188E-05,-5.984613581097607E-05,-2.051987583284712E-05,7.371686560130048E-05,5.303851380631779E-04
7.389234198149497E-05,-2.082359821545601E-05,-5.947704438956514E-05,-2.326230353947425E-05,7.448966916598936E-05,5.325987078401557E-04
7.387522940657553E-05,-2.077159976942738E-05,-5.910641461369322E-05,-2.602537688935630E-05,7.526653723641495E-05,5.348156028247560E-04
7.385619077924435E-05,-2.071906040496207E-05,-5.873424416609709E-05,-2.880938276135946E-05,7.604752324410244E-05,5.370358462287520E-04
7.383521146179751E-05,-2.066597724356596E-05,-5.836053071358751E-05,-3.161461364522244E-05,7.683268153096576E-05,5.392594607021055E-04
7.381227661142461E-05,-2.061234736868549E-05,-5.798527190745015E-05,-3.444136778152648E-05,7.762206736977374E-05,5.414864683019552E-04
7.378737117616530E-05,-2.055816782505397E-05,-5.760846538386841E-05,-3.728994930592725E-05,7.841573698516764E-05,5.437168904601176E-04
7.376047989076415E-05,-2.050343561802307E-05,-5.723010876436941E-05,-4.016066839780107E-05,7.921374757524726E-05,5.459507479490275E-04
7.373158727242065E-05,-2.044814771287913E-05,-5.685019965629421E-05,-4.305384143346415E-05,8.001615733374330E-05,5.481880608460420E-04
7.370067761643124E-05,-2.039230103414392E-05,-5.646873565329337E-05,-4.596979114413004E-05,8.082302547279466E-05,5.504288484960295E-04
7.366773499171994E-05,-2.033589246485932E-05,-5.608571433584916E-05,-4.890884677877744E-05,8.163441224634965E-05,5.526731294721584E-04
7.363274323625407E-05,-2.027891884585547E-05,-5.570113327182559E-05,-5.187134427210754E-05,8.245037897421087E-05,5.549209215347983E-04
7.359568595234155E-05,-2.022137697500214E-05,-5.531499001704771E-05,-5.485762641777766E-05,8.327098806674426E-05,5.571722415884389E-04
7.355654650180603E-05,-2.016326360644253E-05,-5.492728211591153E-05,-5.786804304710590E-05,8.409630305027354E-05,5.594271056365301E-04
7.351530800103594E-05,-2.010457544980936E-05,-5.453800710202605E-05,-6.090295121344950E-05,8.492638859318189E-05,5.616855287341392E-04
7.347195331590344E-05,-2.004530916942242E-05,-5.414716249888895E-05,-6.396271538246849E-05,8.576131053274369E-05,5.639475249383154E-04
7.342646505654921E-05,-1.998546138346739E-05,-5.375474582059759E-05,-6.704770762849512E-05,8.660113590270974E-05,5.662131072560486E-04
7.337882557202858E-05,-1.992502866315506E-05,-5.336075457259702E-05,-7.015830783723904E-05,8.744593296167034E-05,5.684822875896992E-04
7.332901694481472E-05,-1.986400753186076E-05,-5.296518625246679E-05,-7.329490391506810E-05,8.829577122222152E-05,5.707550766797729E-04
7.327702098515412E-05,-1.980239446424308E-05,-5.256803835074848E-05,-7.645789200511523E-05,8.915072148096046E-05,5.730314840449045E-04
7.322281922526949E-05,-1.974018588534157E-05,-5.216930835181588E-05,-7.964767671047240E-05,9.001085584933709E-05,5.753115179189088E-04
7.316639291340519E-05,-1.967737816965271E-05,-5.176899373479000E-05,-8.286467132474464E-05,9.087624778539012E-05,5.775951851847485E-04
7.310772300770993E-05,-1.961396764018343E-05,-5.136709197450099E-05,-8.610929807024852E-05,9.174697212639621E-05,5.798824913052610E-04
7.304679016995120E-05,-1.954995056748177E-05,-5.096360054249941E-05,-8.938198834415271E-05,9.262310512246262E-05,5.821734402504753E-04
7.298357475905606E-05,-1.948532316864373E-05,-5.055851690811915E-05,-9.268318297287094E-05,9.350472447109425E-05,5.844680344213440E-04
7.291805682447226E-05,-1.942008160629591E-05,-5.015183853959463E-05,-9.601333247503188E-05,9.439190935276749E-05,5.867662745697015E-04
7.285021609934361E-05,-1.935422198755297E-05,-4.974356290523496E-05,-9.937289733336509E-05,9.528474046754414E-05,5.890681597142531E-04
7.278003199349340E-05,-1.928774036294935E-05,-4.933368747465789E-05,-1.027623482758573E-04,9.618330007276016E-05,5.913736870523840E-04
7.270748358620927E-05,-1.922063272534444E-05,-4.892220972008649E-05,-1.061821665665494E-04,9.708767202182496E-05,5.936828518675688E-04
7.263254961882261E-05,-1.915289500880035E-05,-4.850912711771173E-05,-1.096328443063623E-04,9.799794180416841E-05,5.959956474321475E-04
7.255520848707550E-05,-1.908452308743163E-05,-4.809443714912431E-05,-1.131148847443554E-04,9.891419658637412E-05,5.983120649052210E-04
7.247543823326775E-05,-1.901551277422591E-05,-4.767813730281903E-05,-1.166288025998435E-04,9.983652525453862E-05,6.006320932254039E-04
7.239321653817632E-05,-1.894585981983471E-05,-4.726022507577570E-05,-1.201751243958142E-04,1.007650184578980E-04,6.029557189981582E-04
7.230852071273918E-05,-1.887555991133354E-05,-4.684069797512006E-05,-1.237543888041107E-04,1.016997686537644E-04,6.052829263774149E-04
7.222132768949524E-05,-1.880460867095028E-05,-4.641955351986914E-05,-1.273671470028670E-04,1.026408701538170E-04,6.076136969411720E-04
7.213161401377158E-05,-1.873300165476094E-05,-4.599678924276506E-05,-1.310139630467027E-04,1.035884191717930E-04,6.099480095607398E-04
7.203935583460915E-05,-1.866073435135185E-05,-4.557240269220206E-05,-1.346954142502125E-04,1.045425138726263E-04,6.122858402632850E-04
7.194452889541723E-05,-1.858780218044713E-05,-4.514639143425133E-05,-1.384120915853076E-04,1.055032544230830E-04,6.146271620873033E-04
7.184710852434713E-05,-1.851420049150049E-05,-4.471875305478881E-05,-1.421646000929954E-04,1.064707430439440E-04,6.169719449306273E-04
7.174706962437461E-05,-1.843992456225030E-05,-4.428948516173127E-05,-1.459535593102111E-04,1.074450840637890E-04,6.193201553905544E-04
7.164438666308056E-05,-1.836496959723665E-05,-4.385858538738622E-05,-1.497796037123434E-04,1.084263839744345E-04,6.216717565956517E-04
7.153903366211872E-05,-1.828933072627937E-05,-4.342605139092171E-05,-1.536433831721304E-04,1.094147514880826E-04,6.240267080287689E-04
7.143098418635878E-05,-1.821300300291574E-05,-4.299188086096220E-05,-1.575455634356333E-04,1.104102975962410E-04,6.263849653407606E-04
7.132021133269285E-05,-1.813598140279666E-05,-4.255607151831717E-05,-1.614868266160294E-04,1.114131356304711E-04,6.287464801543890E-04
7.120668771849262E-05,-1.805826082203996E-05,-4.211862111884947E-05,-1.654678717060054E-04,1.124233813250297E-04,6.311111998578429E-04
7.109038546970394E-05,-1.797983607553956E-05,-4.167952745649088E-05,-1.694894151095672E-04,1.134411528814671E-04,6.334790673872764E-04
7.097127620856512E-05,-1.790070189522906E-05,-4.123878836641261E-05,-1.735521911941279E-04,1.144665710352492E-04,6.358500209977286E-04
7.084933104093458E-05,-1.782085292829832E-05,-4.079640172835920E-05,-1.776569528637742E-04,1.154997591244712E-04,6.382239940217493E-04
7.072452054321270E-05,-1.774028373536162E-05,-4.035236547015443E-05,-1.818044721546596E-04,1.165408431607364E-04,6.406009146150089E-04
7.059681474884228E-05,-1.765898878857580E-05,-3.990667757138870E-05,-1.859955408535216E-04,1.175899519022706E-04,6.429807054881249E-04
7.046618313437114E-05,-1.757696246970679E-05,-3.945933606729760E-05,-1.902309711403695E-04,1.186472169293505E-04,6.453632836238889E-04
7.033259460505969E-05,-1.749419906814303E-05,-3.901033905284224E-05,-1.945115962564429E-04,1.197127727221229E-04,6.477485599790215E-04
7.019601748001551E-05,-1.741069277885391E-05,-3.855968468700228E-05,-1.988382711986007E-04,1.207867567408956E-04,6.501364391695289E-04
7.005641947683623E-05,-1.732643770029157E-05,-3.810737119729344E-05,-2.032118734413565E-04,1.218693095089823E-04,6.525268191386695E-04
6.991376769574102E-05,-1.724142783223434E-05,-3.765339688452196E-05,-2.076333036878439E-04,1.229605746981892E-04,6.549195908064760E-04
6.976802860317009E-05,-1.715565707356980E-05,-3.719776012778919E-05,-2.121034866510590E-04,1.240606992170276E-04,6.573146376997043E-04
6.961916801483084E-05,-1.706911922001558E-05,-3.674045938976022E-05,-2.166233718668023E-04,1.251698333017464E-04,6.597118355610087E-04
6.946715107816789E-05,-1.698180796177607E-05,-3.628149322221161E-05,-2.211939345398130E-04,1.262881306102748E-04,6.621110519360559E-04
6.931194225423372E-05,-1.689371688113267E-05,-3.582086027187381E-05,-2.258161764246731E-04,1.274157483191709E-04,6.645121457372063E-04
6.915350529893481E-05,-1.680483944996581E-05,-3.535855928658516E-05,-2.304911267431400E-04,1.285528472236743E-04,6.669149667822939E-04
6.899180324362778E-05,-1.671516902720630E-05,-3.489458912177535E-05,-2.352198431396571E-04,1.296995918409612E-04,6.693193553069361E-04
6.882679837503808E-05,-1.662469885621381E-05,-3.442894874729710E-05,-2.400034126768860E-04,1.308561505167047E-04,6.717251414486937E-04
6.865845221447293E-05,-1.653342206208027E-05,-3.396163725462647E-05,-2.448429528732054E-04,1.320226955350434E-04,6.741321447012827E-04
6.848672549629857E-05,-1.644133164885555E-05,-3.349265386445306E-05,-2.497396127842260E-04,1.331994032320646E-04,6.765401733369150E-04
6.831157814565063E-05,-1.634842049669322E-05,-3.302199793468308E-05,-2.546945741304872E-04,1.343864541129081E-04,6.789490237947038E-04
6.813296925534458E-05,-1.625468135891362E-05,-3.254966896887952E-05,-2.597090524736156E-04,1.355840329726015E-04,6.813584800329248E-04
6.795085706195198E-05,-1.616010685898171E-05,-3.207566662516539E-05,-2.647842984433582E-04,1.367923290207340E-04,6.837683128427630E-04
6.776519892100617E-05,-1.606468948739695E-05,-3.159999072561757E-05,-2.699215990180318E-04,1.380115360100821E-04,6.861782791210016E-04
6.757595128129945E-05,-1.596842159849248E-05,-3.112264126618092E-05,-2.751222788610781E-04,1.392418523692959E-04,6.885881210989248E-04
6.738306965823180E-05,-1.587129540714077E-05,-3.064361842713373E-05,-2.803877017165602E-04,1.404834813397584E-04,6.909975655245029E-04
6.718650860616919E-05,-1.577330298536258E-05,-3.016292258413837E-05,-2.857192718666014E-04,1.417366311167279E-04,6.934063227947114E-04
6.698622168976737E-05,-1.567443625883660E-05,-2.968055431991273E-05,-2.911184356539340E-04,1.430015149948717E-04,6.958140860345991E-04
6.678216145421467E-05,-1.557468700330628E-05,-2.919651443656071E-05,-2.965866830729083E-04,1.442783515182989E-04,6.982205301194652E-04
6.657427939434529E-05,-1.547404684088102E-05,-2.871080396860268E-05,-3.021255494325050E-04,1.455673646351969E-04,7.006253106362275E-04
6.636252592257153E-05,-1.537250723622825E-05,-2.822342419674950E-05,-3.077366170950948E-04,1.468687838571701E-04,7.030280627797656E-04
6.614685033558116E-05,-1.527005949265324E-05,-2.773437666246686E-05,-3.134215172949088E-04,1.481828444233784E-04,7.054284001796963E-04
6.592720077974304E-05,-1.516669474806326E-05,-2.724366318337995E-05,-3.191819320404110E-04,1.495097874695624E-04,7.078259136526845E-04
6.570352421516128E-05,-1.506240397081254E-05,-2.675128586957189E-05,-3.250195961050083E-04,1.508498602020377E-04,7.102201698750122E-04
6.547576637831491E-05,-1.495717795542480E-05,-2.625724714083336E-05,-3.309362991107929E-04,1.522033160767293E-04,7.126107099697077E-04
6.524387174321681E-05,-1.485100731818954E-05,-2.576154974492485E-05,-3.369338877102868E-04,1.535704149833057E-04,7.149970480020879E-04
6.500778348102193E-05,-1.474388249262878E-05,-2.526419677691726E-05,-3.430142678714496E-04,1.549514234344592E-04,7.173786693770704E-04
6.476744341801132E-05,-1.463579372483050E-05,-2.476519169968181E-05,-3.491794072715206E-04,1.563466147603616E-04,7.197550291310778E-04
6.452279199187424E-05,-1.452673106864527E-05,-2.426453836560481E-05,-3.554313378055954E-04,1.577562693083054E-04,7.221255501107722E-04
6.427376820620656E-05,-1.441668438074240E-05,-2.376224103960901E-05,-3.617721582161859E-04,1.591806746475175E-04,7.244896210302187E-04
6.402030958313919E-05,-1.430564331552216E-05,-2.325830442356890E-05,-3.682040368503830E-04,1.606201257791060E-04,7.268465943973860E-04
6.376235211400548E-05,-1.419359731988035E-05,-2.275273368221412E-05,-3.747292145516330E-04,1.620749253510689E-04,7.291957843001294E-04
6.349983020795152E-05,-1.408053562782187E-05,-2.224553447062237E-05,-3.813500076935572E-04,1.635453838782580E-04,7.315364640409790E-04
6.323267663838817E-05,-1.396644725491986E-05,-2.173671296341046E-05,-3.880688113636813E-04,1.650318199671473E-04,7.338678636091454E-04
6.296082248717751E-05,-1.385132099261712E-05,-2.122627588574118E-05,-3.948881027054135E-04,1.665345605452104E-04,7.361891669771714E-04
6.268419708644121E-05,-1.373514540236676E-05,-2.071423054627226E-05,-4.018104444271000E-04,1.680539410946504E-04,7.384995092085713E-04
6.240272795787116E-05,-1.361790880960902E-05,-2.020058487218380E-05,-4.088384884875131E-04,1.695903058901638E-04,7.407979733616169E-04
6.211634074941674E-05,-1.349959929758184E-05,-1.968534744643122E-05,-4.159749799676780E-04,1.711440082403464E-04,7.430835871731285E-04
6.182495916921555E-05,-1.338020470096247E-05,-1.916852754738267E-05,-4.232227611395288E-04,1.727154107322597E-04,7.453553195047051E-04
6.152850491662719E-05,-1.325971259933847E-05,-1.865013519101218E-05,-4.305847757425005E-04,1.743048854785818E-04,7.476120765322653E-04
6.122689761022153E-05,-1.313811031050628E-05,-1.813018117583416E-05,-4.380640734798108E-04,1.759128143666514E-04,7.498526976580533E-04
6.092005471256478E-05,-1.301538488359648E-05,-1.760867713077962E-05,-4.456638147468674E-04,1.775395893085842E-04,7.520759511223770E-04
6.060789145163753E-05,-1.289152309202520E-05,-1.708563556623120E-05,-4.533872756049545E-04,1.791856124914942E-04,7.542805292902723E-04
6.029032073870964E-05,-1.276651142627211E-05,-1.656106992845199E-05,-4.612378530140988E-04,1.808512966266800E-04,7.564650435860018E-04
5.996725308248703E-05,-1.264033608648605E-05,-1.603499465766279E-05,-4.692190703398002E-04,1.825370651964434E-04,7.586280190457823E-04
5.963859649933480E-05,-1.251298297492060E-05,-1.550742525004409E-05,-4.773345831491286E-04,1.842433526969831E-04,7.607678884563633E-04
5.930425641937001E-05,-1.238443768820275E-05,-1.497837832396241E-05,-4.855881853125352E-04,1.859706048755519E-04,7.628829860440181E-04
5.896413558820613E-05,-1.225468550943957E-05,-1.444787169074654E-05,-4.939838154286027E-04,1.877192789597738E-04,7.649715406751367E-04
5.861813396411837E-05,-1.212371140016897E-05,-1.391592443036735E-05,-5.025255635898615E-04,1.894898438766823E-04,7.670316685258756E-04
5.826614861038673E-05,-1.199149999216276E-05,-1.338255697240588E-05,-5.112176785087209E-04,1.912827804586589E-04,7.690613651741980E-04
5.790807358255957E-05,-1.185803557909221E-05,-1.284779118272826E-05,-5.200645750235004E-04,1.930985816330111E-04,7.710584970630734E-04
5.754379981036677E-05,-1.172330210806862E-05,-1.231165045632351E-05,-5.290708420054914E-04,1.949377525914305E-04,7.730207922785517E-04
5.717321497399627E-05,-1.158728317107453E-05,-1.177415981680103E-05,-5.382412506889173E-04,1.968008109349919E-04,7.749458305808262E-04
5.679620337443248E-05,-1.144996199630407E-05,-1.123534602308986E-05,-5.475807634465791E-04,1.986882867896992E-04,7.768310326201886E-04
5.641264579753897E-05,-1.131132143943501E-05,-1.069523768393139E-05,-5.570945430348628E-04,2.006007228868272E-04,7.786736482628822E-04
5.602241937155095E-05,-1.117134397485911E-05,-1.015386538081187E-05,-5.667879623326117E-04,2.025386746014408E-04,7.804707439442004E-04
5.562539741762588E-05,-1.103001168690234E-05,-9.611261800041291E-06,-5.766666145991131E-04,2.045027099414826E-04,7.822191889576616E-04
5.522144929308275E-05,-1.088730626107246E-05,-9.067461874752049E-06,-5.867363242770784E-04,2.064934094786745E-04,7.839156405796173E-04
5.481044022694244E-05,-1.074320897537757E-05,-8.522502937663833E-06,-5.970031583669705E-04,2.085113662111730E-04,7.855565279181000E-04
5.439223114736319E-05,-1.059770069176705E-05,-7.976424885542846E-06,-6.074734383992943E-04,2.105571853464076E-04,7.871380343629614E-04
5.396667850054663E-05,-1.045076184775485E-05,-7.429270356373028E-06,-6.181537530314671E-04,2.126314839908035E-04,7.886560785012461E-04
5.353363406067143E-05,-1.030237244829491E-05,-6.881084920356557E-06,-6.290509712955325E-04,2.147348907310935E-04,7.901062933471143E-04
5.309294473039390E-05,-1.015251205798999E-05,-6.331917285971059E-06,-6.401722565222036E-04,2.168680450896307E-04,7.914840037192937E-04
5.264445233143708E-05,-1.000115979372835E-05,-5.781819522433180E-06,-6.515250809653811E-04,2.190315968334676E-04,7.927842015807883E-04
5.218799338477438E-05,-9.848294317857518E-06,-5.230847300053804E-06,-6.631172411492785E-04,2.212262051139181E-04,7.940015191351565E-04
5.172339887989875E-05,-9.693893832022223E-06,-4.679060150120788E-06,-6.749568739574076E-04,2.234525374097954E-04,7.951301994508364E-04
5.125049403265692E-05,-9.537936071813089E-06,-4.126521746112519E-06,-6.870524734787508E-04,2.257112682434544E-04,7.961640643594266E-04
5.076909803111884E-05,-9.380398302396017E-06,-3.573300208231806E-06,-6.994129086212116E-04,2.280030776340659E-04,7.970964793451904E-04
5.027902376894795E-05,-9.221257315318619E-06,-3.019468433456864E-06,-7.120474414955914E-04,2.303286492471073E-04,7.979203151109581E-04
4.978007756573863E-05,-9.060489426720698E-06,-2.465104453537070E-06,-7.249657465645339E-04,2.326886681927592E-04,7.986279054696194E-04
4.927205887379458E-05,-8.898070477211095E-06,-1.910291823618508E-06,-7.381779305396443E-04,2.350838184185945E-04,7.992110011700441E-04
4.875475997083851E-05,-8.733975833714024E-06,-1.355120044471377E-06,-7.516945529958098E-04,2.375147796334789E-04,7.996607192210057E-04
4.822796563817079E-05,-8.568180393635155E-06,-7.996850216117207E-07,-7.655266476539429E-04,2.399822236897715E-04,7.999674872258997E-04
4.769145282383619E-05,-8.400658591752180E-06,-2.440895649676510E-07,-7.796857442611542E-04,2.424868103394873E-04,8.001209821840765E-04
4.714499029041615E-05,-8.231384410297690E-06,3.115560668600647E-07,-7.941838909697542E-04,2.450291822668031E-04,8.001100631507053E-04
4.658833824714429E-05,-8.060331392775206E-06,8.671335732465149E-07,-8.090336770823070E-04,2.476099592838206E-04,7.999226970754283E-04
4.602124796614874E-05,-7.887472662133824E-06,1.422515964104311E-06,-8.242482559877648E-04,2.502297315584917E-04,7.995458770597571E-04
4.544346138276435E-05,-7.712780944025086E-06,1.977566852804017E-06,-8.398413680617515E-04,2.528890517226160E-04,7.989655321832359E-04
4.485471068003634E-05,-7.536228595979587E-06,2.532139683274407E-06,-8.558273632401995E-04,2.555884256833219E-04,7.981664279478066E-04
4.425471785776552E-05,-7.357787643473151E-06,3.086076884405217E-06,-8.722212228971692E-04,2.583283019328558E-04,7.971320562774672E-04
4.364319428673363E-05,-7.177429824006135E-06,3.639208944094198E-06,-8.890385805616358E-04,2.611090591181034E-04,7.958445138850772E-04
4.301984024911004E-05,-6.995126640498376E-06,4.191353394407698E-06,-9.062957408904404E-04,2.639309915922412E-04,7.942843676789138E-04
4.238434446649371E-05,-6.810849425510425E-06,4.742313698349477E-06,-9.240096961707791E-04,2.667942926252896E-04,7.924305057272381E-04
4.173638361760836E-05,-6.624569418044275E-06,5.291878027645293E-06,-9.421981394498076E-04,2.696990348969869E-04,7.902599721287598E-04
4.107562184836727E-05,-6.436257854959379E-06,5.839817919739490E-06,-9.608794731742028E-04,2.726451478330074E-04,7.877477839497957E-04
4.040171027788788E-05,-6.245886079369275E-06,6.385886800852750E-06,-9.800728119603581E-04,2.756323912725839E-04,7.848667281848480E-04
3.971428650510197E-05,-6.053425668768510E-06,6.929818360455498E-06,-9.997979777959769E-04,2.786603248703109E-04,7.815871364766421E-04
3.901297412191787E-05,-5.858848586087961E-06,7.471324760858184E-06,-1.020075485583660E-03,2.817282725352635E-04,7.778766350957274E-04
3.829738224050202E-05,-5.662127357399977E-06,8.010094663797968E-06,-1.040926516461463E-03,2.848352810942967E-04,7.736998674313200E-04
3.756710504422299E-05,-5.463235280605244E-06,8.545791053904096E-06,-1.062372875756019E-03,2.879800722308819E-04,7.690181859889565E-04
3.682172137422167E-05,-5.262146670145449E-06,9.078048836748659E-06,-1.084436931718505E-03,2.911609865932383E-04,7.637893106344012E-04
3.606079436653264E-05,-5.058837143615961E-06,9.606472186839116E-06,-1.107141530336062E-03,2.943759187827092E-04,7.579669495787739E-04
3.528387115830126E-05,-4.853283957119526E-06,1.013063161839780E-05,-1.130509880469420E-03,2.976222417220270E-04,7.515003793842384E-04
3.449048268605767E-05,-4.645466397326392E-06,1.065006074912955E-05,-1.154565402304021E-03,3.008967186599903E-04,7.443339801075982E-04
3.368014360439366E-05,-4.435366239511449E-06,1.116425272445053E-05,-1.179331530572686E-03,3.041954007910368E-04,7.364067216258900E-04
3.285235235994083E-05,-4.222968282350141E-06,1.167265626691691E-05,-1.204831462161608E-03,3.075135081527321E-04,7.276515972526116E-04
3.200659146351076E-05,-4.008260971998508E-06,1.217467131296908E-05,-1.231087835489817E-03,3.108452911100139E-04,7.179950010233960E-04
3.114232801291140E-05,-3.791237129985636E-06,1.266964419676958E-05,-1.258122326390030E-03,3.141838693429542E-04,7.073560455985779E-04
3.025901453062991E-05,-3.571894801733979E-06,1.315686233910883E-05,-1.285955142045714E-03,3.175210448291481E-04,6.956458187231389E-04
2.935609019464933E-05,-3.350238245114851E-06,1.363554839843318E-05,-1.314604390783539E-03,3.208470848623741E-04,6.827665777713695E-04
2.843298255757425E-05,-3.126279081353677E-06,1.410485384150235E-05,-1.344085301115158E-03,3.241504706939950E-04,6.686108843100500E-04
2.748910986944821E-05,-2.900037633816634E-06,1.456385189367468E-05,-1.374409258316541E-03,3.274176069531096E-04,6.530606841381980E-04
2.652388414364885E-05,-2.671544483704282E-06,1.501152983425595E-05,-1.405582621009556E-03,3.306324866441315E-04,6.359863432928212E-04
2.553671513353261E-05,-2.440842275374071E-06,1.544678061194314E-05,-1.437605273713306E-03,3.337763063103211E-04,6.172456575506261E-04
2.452701542049419E-05,-2.207987807774064E-06,1.586839377075742E-05,-1.470468864309753E-03,3.368270259988980E-04,5.966828626421167E-04
2.349420685207404E-05,-1.973054452064260E-06,1.627504570009319E-05,-1.504154668133055E-03,3.397588691273348E-04,5.741276855185199E-04
2.243772861165842E-05,-1.736134938565699E-06,1.666528925632215E-05,-1.538631013513944E-03,3.425417584575952E-04,5.493944945306068E-04
2.135704724861893E-05,-1.497344558161342E-06,1.703754285121372E-05,-1.573850198039406E-03,3.451406864491970E-04,5.222816294049708E-04
2.025166904804139E-05,-1.256824823371592E-06,1.739007916851004E-05,-1.609744822023819E-03,3.475150217075588E-04,4.925710216582546E-04
1.912115516981199E-05,-1.014747631396453E-06,1.772101375942438E-05,-1.646223468000189E-03,3.496177586292581E-04,4.600282537833205E-04
1.796514003315643E-05,-7.713199638717918E-07,1.802829388648827E-05,-1.683165665734628E-03,3.513947253785900E-04,4.244032521413998E-04
1.678335345742091E-05,-5.267891438012462E-07,1.830968813940421E-05,-1.720416105979358E-03,3.527837768655975E-04,3.854318643182718E-04
1.557564708183518E-05,-2.814486463352649E-07,1.856277754252696E-05,-1.757778109141283E-03,3.537140153961629E-04,3.428386357506772E-04
1.434202556017824E-05,-3.564442333694652E-08,1.878494911602261E-05,-1.795006425207740E-03,3.541051030850503E-04,2.963411693671941E-04
1.308268293857129E-05,2.102183520357949E-07,1.897339314283475E-05,-1.831799548089080E-03,3.538667576816266E-04,2.456565187013029E-04
1.179804444710249E-05,4.556682895323385E-07,1.912510572572773E-05,-1.867791881046627E-03,3.528985572290564E-04,1.905101166478337E-04
1.048881363307764E-05,7.001608039350907E-07,1.923689857582741E-05,-1.902546298610398E-03,3.510902177398818E-04,1.306477581650860E-04
9.156024295479324E-06,9.430715523250528E-07,1.930541832161224E-05,-1.935547917510026E-03,3.483225483774219E-04,6.585110549323945E-05
7.801096008202193E-06,1.183690838447671E-06,1.932717790597503E-05,-1.966200206176949E-03,3.444693236440856E-04,-4.042971653273186E-06
6.425891117700454E-06,1.421219710203712E-06,1.929860275847846E-05,-1.993824900481868E-03,3.394003303830633E-04,-7.911921901397263E-05
5.032769972796862E-06,1.654768652593870E-06,1.921609426624671E-05,-2.017667493083580E-03,3.329858323565645E-04,-1.593574938933149E-04
3.624639849064413E-06,1.883359926705105E-06,1.907611246856308E-05,-2.036910226482584E-03,3.251026257093918E-04,-2.446041863475122E-04
2.204991708472100E-06,2.105934680032537E-06,1.887527871010698E-05,-2.050694407491185E-03,3.156417128780189E-04,-3.345437712253731E-04
7.779178332566321E-07,2.321365895681088E-06,1.861049708729088E-05,-2.058153313072122E-03,3.045173854157443E-04,-4.286737637800471E-04
-6.518971554802623E-07,2.528477994167091E-06,1.827909089906280E-05,-2.058455836803134E-03,2.916771814884517E-04,-5.262873207517731E-04
-2.079218919373556E-06,2.726073401151985E-06,1.787894714321456E-05,-2.050859292242679E-03,2.771118077181692E-04,-6.264682735242927E-04
-3.498344845519895E-06,2.912965636472730E-06,1.740865881148065E-05,-2.034767594389046E-03,2.608637657276374E-04,-7.281031084664253E-04
-4.903226072473246E-06,3.088017521204147E-06,1.686765202173447E-05,-2.009788789064248E-03,2.430332162021918E-04,-8.299129902728681E-04
-6.287627040853853E-06,3.250182082450982E-06,1.625628373056052E-05,-1.975784233083293E-03,2.237796716155242E-04,-9.305062688156020E-04
-7.645313944476521E-06,3.398542877524598E-06,1.557589666667392E-05,-1.932901362544426E-03,2.033185157809329E-04,-1.028448344203297E-03
-8.970258249298593E-06,3.532350004202583E-06,1.482882159961432E-05,-1.881583431168970E-03,1.819120899687347E-04,-1.122342070768429E-03
-1.025683788805632E-05,3.651048202669079E-06,1.401832283641053E-05,-1.822552853570337E-03,1.598560209267046E-04,-1.210909119820646E-03
-1.150001789349615E-05,3.754294242489105E-06,1.314848992309218E-05,-1.756769195010020E-03,1.374623546172297E-04,-1.293061848755966E-03
-1.269549452242392E-05,3.841962100257830E-06,1.222408541969886E-05,-1.685367255790496E-03,1.150416426711452E-04,-1.367956662115948E-03
-1.383979191028716E-05,3.914135991755250E-06,1.125036378727974E-05,-1.609583877716971E-03,9.288623670983567E-05,-1.435023253455371E-03
-1.493030681313588E-05,3.971092783013043E-06,1.023287882528287E-05,-1.530683243377181E-03,7.125666829509025E-05,-1.493968491206423E-03
-1.596530354963600E-05,4.013276373355510E-06,9.177296480143625E-06,-1.449889450335620E-03,5.037227480772531E-05,-1.544757828752886E-03
-1.694386653595479E-05,4.041267161560617E-06,8.089226755410319E-06,-1.368332592394225E-03,3.040640371965791E-05,-1.587579998195305E-03
-1.786582103609996E-05,4.055749675881864E-06,6.974083934784872E-06,-1.287011386599290E-03,1.148580736537531E-05,-1.622801958706127E-03
-1.873163379864573E-05,4.057480997404735E-06,5.836979521866901E-06,-1.206772423413791E-03,-6.306636979250035E-06,-1.650920750637849E-03
-1.954230449776118E-05,4.047261920104481E-06,4.682648107375352E-06,-1.128303954744651E-03,-2.292694793302636E-05,-1.672517556267294E-03
-2.029925698232873E-05,4.025912049399952E-06,3.515403303593518E-06,-1.052140956240326E-03,-3.836383889977293E-05,-1.688217483382619E-03
-2.100423692031219E-05,3.994249375646948E-06,2.339119058880570E-06,-9.786778954363945E-04,-5.263215689868546E-05,-1.698656856715155E-03
-2.165922002651807E-05,3.953074341268112E-06,1.157230931973206E-06,-9.081859432653027E-04,-6.576658632806848E-05,-1.704458415488250E-03
-2.226633300411454E-05,3.903158069261812E-06,-2.724801802176546E-08,-8.408319981003357E-04,-7.781600766295424E-05,-1.706213875487081E-03
-2.282778775558761E-05,3.845234221101507E-06,-1.211701490761689E-06,-7.766976189945330E-04,-8.883870458240746E-05,-1.704472792739678E-03
-2.334582833745179E-05,3.779993870926091E-06,-2.393878295705141E-06,-7.157966399178195E-04,-9.889846865554826E-05,-1.699736469695494E-03
-2.382268947932204E-05,3.708082784085194E-06,-3.571857860921646E-06,-6.580907862685976E-04,-1.080615570130989E-04,-1.692455665187973E-03
-2.426056516536668E-05,3.630100539256756E-06,-4.744015149953797E-06,-6.035030191683983E-04,-1.163944062932419E-04,-1.683031011608087E-03
-2.466158568668509E-05,3.546601009555550E-06,-5.908986541381789E-06,-5.519286038558325E-04,-1.239619842400631E-04,-1.671815236480632E-03
-2.502780163266633E-05,3.458093802056295E-06,-7.065637668885895E-06,-5.032440616362200E-04,-1.308266581646912E-04,-1.659116485863768E-03
-2.536117343309256E-05,3.365046336284838E-06,-8.213033796320384E-06,-4.573142488662859E-04,-1.370474687376084E-04,-1.645202228652183E-03
-2.566356524484591E-05,3.267886314741057E-06,-9.350412995252475E-06,-4.139978368514505E-04,-1.426797123452577E-04,-1.630303372994394E-03
-2.593674216766089E-05,3.167004400024350E-06,-1.047716217992159E-05,-3.731514634884804E-04,-1.477747516773845E-04,-1.614618346385894E-03
-2.618236995461564E-05,3.062756963336753E-06,-1.159279591524309E-05,-3.346328056792415E-04,-1.523799900634036E-04,-1.598316982034598E-03
-2.640201654564630E-05,2.955468808893703E-06,-1.269693782846697E-05,-2.983027909244886E-04,-1.565389591981244E-04,-1.581544120336778E-03
-2.659715489254896E-05,2.845435809464547E-06,-1.378930440893092E-05,-2.640271333789486E-04,-1.602914818458817E-04,-1.564422880757644E-03
-2.676916666136200E-05,2.732927411430891E-06,-1.486969096093292E-05,-2.316773476894032E-04,-1.636738808579943E-04,-1.547057590742974E-03
-2.691934649425437E-05,2.618188984863469E-06,-1.593795947300947E-05,-2.011313650580450E-04,-1.667192135692527E-04,-1.529536378456969E-03
-2.704890659054435E-05,2.501444006481960E-06,-1.699402817623652E-05,-1.722738509614979E-04,-1.694575166358227E-04,-1.511933448319423E-03
-2.715898142799398E-05,2.382896072076293E-06,-1.803786257990789E-05,-1.449963029279170E-04,-1.719160509411669E-04,-1.494311064940353E-03
-2.725063249375944E-05,2.262730740926954E-06,-1.906946779189728E-05,-1.191969894794813E-04,-1.741195396119265E-04,-1.476721273935519E-03
-2.732485293177881E-05,2.141117218675070E-06,-2.008888195105881E-05,-9.478077736029530E-05,-1.760903947001577E-04,-1.459207388564886E-03
-2.738257204207555E-05,2.018209887511837E-06,-2.109617061882295E-05,-7.165888300804182E-05,-1.778489299090012E-04,-1.441805270095186E-03
-2.742465958924522E-05,1.894149693902662E-06,-2.209142199589596E-05,-4.974857541829133E-05,-1.794135580333151E-04,-1.424544427887288E-03
-2.745192989375481E-05,1.769065404651727E-06,-2.307474284723284E-05,-2.897285066222489E-05,-1.808009726874372E-04,-1.407448962878899E-03
-2.746514569181998E-05,1.643074742183837E-06,-2.404625503403324E-05,-9.260092977065930E-06,-1.820263145018231E-04,-1.390538375653728E-03
-2.746502175849535E-05,1.516285409645937E-06,-2.500609256536868E-05,9.456266761969678E-06,-1.831033223674445E-04,-1.373828257835456E-03
-2.745222829497993E-05,1.388796015936542E-06,-2.595439909424643E-05,2.723808751916625E-05,-1.840444705509288E-04,-1.357330883222749E-03
-2.742739408559993E-05,1.260696910147537E-06,-2.689132579356196E-05,4.414284423636186E-05,-1.848610926389099E-04,-1.341055712946007E-03
-2.739110943295318E-05,1.132070934212877E-06,-2.781702955662839E-05,6.022394013233313E-05,-1.855634933298066E-04,-1.325009827001989E-03
-2.734392888164307E-05,1.002994101846399E-06,-2.873167147494602E-05,7.553100299758896E-05,-1.861610490993956E-04,-1.309198292813237E-03
-2.728637374217549E-05,8.735362111456255E-07,-2.963541555273598E-05,9.011016430122557E-05,-1.866622987405901E-04,-1.293624479957767E-03
-2.721893442715233E-05,7.437613975592970E-07,-3.052842762364762E-05,1.040043206409456E-04,-1.870750247303688E-04,-1.278290328906190E-03
-2.714207261203323E-05,6.137286332748793E-07,-3.141087444008940E-05,1.172533775779405E-04,-1.874063263167519E-04,-1.263196580470688E-03
-2.705622323257705E-05,4.834921784851072E-07,-3.228292290994081E-05,1.298944762548491E-04,-1.876626851523176E-04,-1.248342971694032E-03
-2.696179633070828E-05,3.531019894423906E-07,-3.314473945908266E-05,1.419622034358160E-04,-1.878500242322908E-04,-1.233728403068703E-03
-2.685917876005228E-05,2.226040877071260E-07,-3.399648950132326E-05,1.534887857622649E-04,-1.879737608275508E-04,-1.219351081258416E-03
-2.674873576179716E-05,9.204089453932217E-08,-3.483833699997647E-05,1.645042691089252E-04,-1.880388540378531E-04,-1.205208640881118E-03
-2.663081242090834E-05,-3.854846602975132E-08,-3.567044410763332E-05,1.750366839691077E-04,-1.880498475292409E-04,-1.191298248389228E-03
-2.650573501207097E-05,-1.691278922807872E-07,-3.649297087261742E-05,1.851121978092507E-04,-1.880109079626435E-04,-1.177616690636916E-03
-2.637381224408616E-05,-2.996640552130564E-07,-3.730607500227795E-05,1.947552553202147E-04,-1.879258595682830E-04,-1.164160450344316E-03
-2.623533641081202E-05,-4.301261717417969E-07,-3.810991167469302E-05,2.039887074640894E-04,-1.877982152727486E-04,-1.150925770345142E-03
-2.609058445612917E-05,-5.604857984210183E-07,-3.890463339156819E-05,2.128339301759126E-04,-1.876312047423209E-04,-1.137908708228816E-03
-2.593981895982998E-05,-6.907166436650632E-07,-3.969038986615023E-05,2.213109335337774E-04,-1.874277996671088E-04,-1.125105182753795E-03
-2.578328905078216E-05,-8.207943966552668E-07,-4.046732794086095E-05,2.294384621613206E-04,-1.871907365755095E-04,-1.112511013209162E-03
-2.562123125320495E-05,-9.506965713080029E-07,-4.123559153011278E-05,2.372340875757011E-04,-1.869225374371150E-04,-1.100121952731473E-03
-2.545387027141840E-05,-1.080402363849736E-06,-4.199532158441553E-05,2.447142931434433E-04,-1.866255282841416E-04,-1.087933716438943E-03
-2.528141971798345E-05,-1.209892522695620E-06,-4.274665607243807E-05,2.518945522570022E-04,-1.863018560564480E-04,-1.075942005121441E-03
-2.510408278974177E-05,-1.339149229462710E-06,-4.348972997816432E-05,2.587894002973238E-04,-1.859535038529295E-04,-1.064142525119312E-03
-2.492205289588753E-05,-1.468155990068764E-06,-4.422467531069005E-05,2.654125009024853E-04,-1.855823047522521E-04,-1.052531004934009E-03
-2.473551424185693E-05,-1.596897534974556E-06,-4.495162112455703E-05,2.717767070199676E-04,-1.851899543482690E-04,-1.041103209036560E-03
-2.454464237250379E-05,-1.725359727722986E-06,-4.567069354882084E-05,2.778941171803650E-04,-1.847780221297935E-04,-1.029854949274097E-03
-2.434960467773835E-05,-1.853529481013423E-06,-4.638201582330703E-05,2.837761273933949E-04,-1.843479618204863E-04,-1.018782094218387E-03
-2.415056086354027E-05,-1.981394679625698E-06,-4.708570834073142E-05,2.894334790328944E-04,-1.839011207822491E-04,-1.007880576752065E-03
-2.394766339101287E-05,-2.108944109576097E-06,-4.778188869355151E-05,2.948763030459831E-04,-1.834387485745274E-04,-9.971464001469281E-04
-2.374105788592363E-05,-2.236167392948400E-06,-4.847067172457957E-05,3.001141607926051E-04,-1.829620047521618E-04,-9.865756428532025E-04
-2.353088352097219E-05,-2.363054927897339E-06,-4.915216958052936E-05,3.051560817951066E-04,-1.824719659757451E-04,-9.761644621882550E-04
-2.331727337284171E-05,-2.489597833370465E-06,-4.982649176779003E-05,3.100105986531862E-04,-1.819696325007230E-04,-9.659090970870545E-04
-2.310035475591994E-05,-2.615787898137980E-06,-5.049374520982526E-05,3.146857793573386E-04,-1.814559341046065E-04,-9.558058700542141E-04
-2.288024953442158E-05,-2.741617533759168E-06,-5.115403430568619E-05,3.191892572136202E-04,-1.809317355055501E-04,-9.458511884380879E-04
-2.265707441450219E-05,-2.867079731149098E-06,-5.180746098920421E-05,3.235282585740669E-04,-1.803978413201025E-04,-9.360415451307405E-04
-2.243094121782498E-05,-2.992168020440757E-06,-5.245412478849673E-05,3.277096285502295E-04,-1.798550006030812E-04,-9.263735187832487E-04
-2.220195713792397E-05,-3.116876433866074E-06,-5.309412288547684E-05,3.317398548719304E-04,-1.793039110081944E-04,-9.168437736134204E-04
-2.197022498059935E-05,-3.241199471404738E-06,-5.372755017510740E-05,3.356250900393597E-04,-1.787452226041678E-04,-9.074490588723356E-04
-2.173584338948250E-05,-3.365132068972642E-06,-5.435449932418301E-05,3.393711719038932E-04,-1.781795413776823E-04,-8.981862080268999E-04
-2.149890705781821E-05,-3.488669568942425E-06,-5.497506082946016E-05,3.429836428014258E-04,-1.776074324513434E-04,-8.890521377076364E-04
-2.125950692742947E-05,-3.611807692807210E-06,-5.558932307498757E-05,3.464677673514603E-04,-1.770294230421460E-04,-8.800438464640669E-04
-2.101773037575470E-05,-3.734542515815447E-06,-5.619737238851617E-05,3.498285490255900E-04,-1.764460051834229E-04,-8.711584133640852E-04
-2.077366139177878E-05,-3.856870443419943E-06,-5.679929309689132E-05,3.530707455802674E-04,-1.758576382310572E-04,-8.623929964685832E-04
-2.052738074161581E-05,-3.978788189397901E-06,-5.739516758035043E-05,3.561988834407891E-04,-1.752647511727501E-04,-8.537448312081423E-04
-2.027896612444393E-05,-4.100292755511212E-06,-5.798507632566593E-05,3.592172711161741E-04,-1.746677447573578E-04,-8.452112286847554E-04
-2.002849231943938E-05,-4.221381412587465E-06,-5.856909797808864E-05,3.621300117180046E-04,-1.740669934597099E-04,-8.367895739182121E-04
-1.977603132430853E-05,-4.342051682912392E-06,-5.914730939205912E-05,3.649410146502743E-04,-1.734628472948846E-04,-8.284773240538974E-04
-1.952165248597178E-05,-4.462301323833643E-06,-5.971978568066515E-05,3.676540065317978E-04,-1.728556334946234E-04,-8.202720065462609E-04
-1.926542262391250E-05,-4.582128312484240E-06,-6.028660026383285E-05,3.702725414077243E-04,-1.722456580574037E-04,-8.121712173300512E-04
-1.900740614666626E-05,-4.701530831541666E-06,-6.084782491524665E-05,3.728000103021263E-04,-1.716332071826376E-04,-8.041726189895448E-04
-1.874766516189120E-05,-4.820507255945458E-06,-6.140352980799969E-05,3.752396501594611E-04,-1.710185485985216E-04,-7.962739389343801E-04
-1.848625958042839E-05,-4.939056140502539E-06,-6.195378355898181E-05,3.775945522188881E-04,-1.704019327922049E-04,-7.884729675892109E-04
-1.822324721473186E-05,-5.057176208315211E-06,-6.249865327201697E-05,3.798676698619407E-04,-1.697835941501779E-04,-7.807675566031850E-04
-1.795868387202071E-05,-5.174866339972020E-06,-6.303820457976566E-05,3.820618259708645E-04,-1.691637520160794E-04,-7.731556170842103E-04
-1.769262344248132E-05,-5.292125563446451E-06,-6.357250168441077E-05,3.841797198320189E-04,-1.685426116724964E-04,-7.656351178620703E-04
-1.742511798282408E-05,-5.408953044652791E-06,-6.410160739714839E-05,3.862239336160687E-04,-1.679203652527559E-04,-7.582040837836749E-04
-1.715621779547848E-05,-5.525348078612470E-06,-6.462558317650666E-05,3.881969384642501E-04,-1.672971925881920E-04,-7.508605940430632E-04
-1.688597150369049E-05,-5.641310081187848E-06,-6.514448916551755E-05,3.901011002077537E-04,-1.666732619959038E-04,-7.436027805482019E-04
-1.661442612276828E-05,-5.756838581343721E-06,-6.565838422776774E-05,3.919386847452145E-04,-1.660487310115921E-04,-7.364288263261257E-04
-1.634162712770549E-05,-5.871933213899912E-06,-6.616732598235561E-05,3.937118631014137E-04,-1.654237470716772E-04,-7.293369639675491E-04
-1.606761851739603E-05,-5.986593712741057E-06,-6.667137083778198E-05,3.954227161885684E-04,-1.647984481485509E-04,-7.223254741117121E-04
-1.579244287563989E-05,-6.100819904452301E-06,-6.717057402480287E-05,3.970732392899959E-04,-1.641729633424925E-04,-7.153926839719177E-04
-1.551614142912638E-05,-6.214611702351947E-06,-6.766498962827240E-05,3.986653462844796E-04,-1.635474134334919E-04,-7.085369659019567E-04
-1.523875410256881E-05,-6.327969100894259E-06,-6.815467061800446E-05,4.002008736283209E-04,-1.629219113959550E-04,-7.017567360033939E-04
-1.496031957115348E-05,-6.440892170417609E-06,-6.863966887868126E-05,4.016815841108265E-04,-1.622965628790273E-04,-6.950504527735030E-04
-1.468087531045504E-05,-6.553381052214983E-06,-6.912003523883703E-05,4.031091703978440E-04,-1.616714666550507E-04,-6.884166157934827E-04
-1.440045764396069E-05,-6.665435953905522E-06,-6.959581949894455E-05,4.044852583769097E-04,-1.610467150384673E-04,-6.818537644564541E-04
-1.411910178833669E-05,-6.777057145087326E-06,-7.006707045863200E-05,4.058114103166088E-04,-1.604223942773014E-04,-6.753604767346358E-04
-1.383684189656179E-05,-6.888244953253175E-06,-7.053383594305712E-05,4.070891278518579E-04,-1.597985849191816E-04,-6.689353679850026E-04
-1.355371109904497E-05,-6.998999759952122E-06,-7.099616282846504E-05,4.083198548059976E-04,-1.591753621537145E-04,-6.625770897926638E-04
-1.326974154283700E-05,-7.109321997181113E-06,-7.145409706695585E-05,4.095049798598256E-04,-1.585527961328761E-04,-6.562843288511437E-04
-1.298496442903898E-05,-7.219212143991929E-06,-7.190768371048707E-05,4.106458390769996E-04,-1.579309522709650E-04,-6.500558058786997E-04
-1.269941004850439E-05,-7.328670723299732E-06,-7.235696693413587E-05,4.117437182945933E-04,-1.573098915255366E-04,-6.438902745697841E-04
-1.241310781592550E-05,-7.437698298880501E-06,-7.280199005864505E-05,4.127998553869887E-04,-1.566896706606355E-04,-6.377865205807318E-04
-1.212608630238936E-05,-7.546295472545463E-06,-7.324279557227629E-05,4.138154424107353E-04,-1.560703424935408E-04,-6.317433605487396E-04
-1.183837326648357E-05,-7.654462881481483E-06,-7.367942515199334E-05,4.147916276374936E-04,-1.554519561261478E-04,-6.257596411431980E-04
-1.154999568402725E-05,-7.762201195747105E-06,-7.411191968399747E-05,4.157295174817055E-04,-1.548345571620281E-04,-6.198342381484284E-04
-1.126097977649801E-05,-7.869511115914638E-06,-7.454031928363652E-05,4.166301783291948E-04,-1.542181879101319E-04,-6.139660555768879E-04
-1.097135103822188E-05,-7.976393370849320E-06,-7.496466331470839E-05,4.174946382724914E-04,-1.536028875760252E-04,-6.081540248119031E-04
-1.068113426238885E-05,-8.082848715617205E-06,-7.538499040817928E-05,4.183238887582969E-04,-1.529886924414895E-04,-6.023971037790109E-04
-1.039035356595348E-05,-8.188877929513950E-06,-7.580133848033605E-05,4.191188861521555E-04,-1.523756360332541E-04,-5.966942761449909E-04
-1.009903241347617E-05,-8.294481814207214E-06,-7.621374475039177E-05,4.198805532250684E-04,-1.517637492815713E-04,-5.910445505436954E-04
-9.807193639958019E-06,-8.399661191985846E-06,-7.662224575756267E-05,4.206097805664889E-04,-1.511530606692987E-04,-5.854469598277944E-04
-9.514859472718669E-06,-8.504416904109480E-06,-7.702687737763426E-05,4.213074279278505E-04,-1.505435963721026E-04,-5.799005603455750E-04
-9.222051552364189E-06,-8.608749809252584E-06,-7.742767483903357E-05,4.219743255005199E-04,-1.499353803903531E-04,-5.744044312419535E-04
-8.928790952889186E-06,-8.712660782037372E-06,-7.782467273842433E-05,4.226112751318240E-04,-1.493284346732453E-04,-5.689576737828791E-04
-8.635098200954960E-06,-8.816150711650348E-06,-7.821790505584069E-05,4.232190514825698E-04,-1.487227792356384E-04,-5.635594107023292E-04
-8.340993294383202E-06,-8.919220500537605E-06,-7.860740516937524E-05,4.237984031292679E-04,-1.481184322680737E-04,-5.582087855711192E-04
-8.046495719902583E-06,-9.021871063174276E-06,-7.899320586943592E-05,4.243500536140723E-04,-1.475154102404019E-04,-5.529049621867701E-04
-7.751624470183557E-06,-9.124103324903843E-06,-7.937533937258646E-05,4.248747024452633E-04,-1.469137279994169E-04,-5.476471239837023E-04
-7.456398060194770E-06,-9.225918220843285E-06,-7.975383733498396E-05,4.253730260509333E-04,-1.463133988608695E-04,-5.424344734630426E-04
-7.160834542912719E-06,-9.327316694850259E-06,-8.012873086542722E-05,4.258456786883700E-04,-1.457144346962085E-04,-5.372662316413571E-04
-6.864951524414589E-06,-9.428299698548800E-06,-8.050005053802852E-05,4.262932933114885E-04,-1.451168460143722E-04,-5.321416375176430E-04
-6.568766178382634E-06,-9.528868190410169E-06,-8.086782640452153E-05,4.267164823985176E-04,-1.445206420389335E-04,-5.270599475579331E-04
-6.272295260046968E-06,-9.629023134885763E-06,-8.123208800621709E-05,4.271158387420210E-04,-1.439258307808799E-04,-5.220204351968914E-04
-5.975555119592238E-06,-9.728765501589114E-06,-8.159286438561877E-05,4.274919362032087E-04,-1.433324191072939E-04,-5.170223903557961E-04
-5.678561715052340E-06,-9.828096264524236E-06,-8.195018409770906E-05,4.278453304323827E-04,-1.427404128061775E-04,-5.120651189763273E-04
-5.381330624716066E-06,-9.927016401357720E-06,-8.230407522091723E-05,4.281765595572505E-04,-1.421498166476538E-04,-5.071479425695998E-04
-5.083877059065451E-06,-1.002552689273213E-05,-8.265456536777914E-05,4.284861448407456E-04,-1.415606344417598E-04,-5.022701977798968E-04
-4.786215872267430E-06,-1.012362872161840E-05,-8.300168169529896E-05,4.287745913098955E-04,-1.409728690930323E-04,-4.974312359625828E-04
-4.488361573238409E-06,-1.022132287270512E-05,-8.334545091502267E-05,4.290423883571939E-04,-1.403865226520755E-04,-4.926304227756908E-04
-4.190328336300374E-06,-1.031861033182257E-05,-8.368589930283247E-05,4.292900103158491E-04,-1.398015963642876E-04,-4.878671377846979E-04
-3.892130011446202E-06,-1.041549208539970E-05,-8.402305270847117E-05,4.295179170102058E-04,-1.392180907159107E-04,-4.831407740800206E-04
-3.593780134231011E-06,-1.051196911995221E-05,-8.435693656480529E-05,4.297265542825642E-04,-1.386360054775607E-04,-4.784507379067778E-04
-3.295291935305517E-06,-1.060804242159998E-05,-8.468757589683514E-05,4.299163544975518E-04,-1.380553397453813E-04,-4.737964483063874E-04
-2.996678349606604E-06,-1.070371297561238E-05,-8.501499533045999E-05,4.300877370251422E-04,-1.374760919799591E-04,-4.691773367695762E-04
-2.697952025219591E-06,-1.079898176597973E-05,-8.533921910100615E-05,4.302411087033521E-04,-1.368982600431275E-04,-4.645928469004001E-04
-2.399125331925937E-06,-1.089384977500976E-05,-8.566027106152545E-05,4.303768642815950E-04,-1.363218412327800E-04,-4.600424340908853E-04
-2.100210369449527E-06,-1.098831798294751E-05,-8.597817469087130E-05,4.304953868456151E-04,-1.357468323158039E-04,-4.555255652059173E-04
-1.801218975413990E-06,-1.108238736761748E-05,-8.629295310155943E-05,4.305970482248753E-04,-1.351732295592432E-04,-4.510417182780150E-04
-1.502162733022968E-06,-1.117605890408688E-05,-8.660462904741998E-05,4.306822093832286E-04,-1.346010287597865E-04,-4.465903822116450E-04
-1.203052978474667E-06,-1.126933356434873E-05,-8.691322493104745E-05,4.307512207936559E-04,-1.340302252716771E-04,-4.421710564967411E-04
-9.039008081214745E-07,-1.136221231702392E-05,-8.721876281105485E-05,4.308044227978131E-04,-1.334608140331293E-04,-4.377832509311063E-04
-6.047170853849793E-07,-1.145469612708100E-05,-8.752126440913804E-05,4.308421459510919E-04,-1.328927895913367E-04,-4.334264853513896E-04
-3.055124474361874E-07,-1.154678595557300E-05,-8.782075111695612E-05,4.308647113538604E-04,-1.323261461261485E-04,-4.291002893723378E-04
-6.297311650331918E-09,-1.163848275939011E-05,-8.811724400283359E-05,4.308724309695173E-04,-1.317608774724874E-04,-4.248042021340352E-04
2.929181181547863E-07,-1.172978749102767E-05,-8.841076381828961E-05,4.308656079299593E-04,-1.311969771415767E-04,-4.205377720568571E-04
5.921238456883824E-07,-1.182070109836833E-05,-8.870133100439976E-05,4.308445368290303E-04,-1.306344383410443E-04,-4.163005566038677E-04
8.913100763560410E-07,-1.191122452447799E-05,-8.898896569799523E-05,4.308095040044943E-04,-1.300732539939610E-04,-4.120921220504089E-04
1.190467211621047E-06,-1.200135870741442E-05,-8.927368773770451E-05,4.307607878090442E-04,-1.295134167568729E-04,-4.079120432606331E-04
1.489585843550254E-06,-1.209110458004820E-05,-8.955551666984218E-05,4.306986588708338E-04,-1.289549190368818E-04,-4.037599034707414E-04
1.788656749537371E-06,-1.218046306989517E-05,-8.983447175414942E-05,4.306233803439959E-04,-1.283977530078233E-04,-3.996352940786995E-04
2.087670887196874E-06,-1.226943509895980E-05,-9.011057196939077E-05,4.305352081495874E-04,-1.278419106255927E-04,-3.955378144402116E-04
2.386619389422037E-06,-1.235802158358890E-05,-9.038383601881118E-05,4.304343912073777E-04,-1.272873836426621E-04,-3.914670716707397E-04
2.685493559600865E-06,-1.244622343433522E-05,-9.065428233545773E-05,4.303211716588804E-04,-1.267341636218333E-04,-3.874226804533646E-04
2.984284866983974E-06,-1.253404155583027E-05,-9.092192908736981E-05,4.301957850820039E-04,-1.261822419492653E-04,-3.834042628522920E-04
3.282984942198738E-06,-1.262147684666599E-05,-9.118679418264177E-05,4.300584606976835E-04,-1.256316098468159E-04,-3.794114481318143E-04
3.581585572904239E-06,-1.270853019928472E-05,-9.144889527436163E-05,4.299094215688351E-04,-1.250822583837328E-04,-3.754438725805463E-04
3.880078699581804E-06,-1.279520249987715E-05,-9.170824976542952E-05,4.297488847919574E-04,-1.245341784877274E-04,-3.715011793407585E-04
4.178456411456150E-06,-1.288149462828765E-05,-9.196487481325936E-05,4.295770616816937E-04,-1.239873609554652E-04,-3.675830182426399E-04
4.476710942542327E-06,-1.296740745792678E-05,-9.221878733436705E-05,4.293941579486478E-04,-1.234417964625020E-04,-3.636890456433256E-04
4.774834667813887E-06,-1.305294185569050E-05,-9.247000400884856E-05,4.292003738707358E-04,-1.228974755726940E-04,-3.598189242705343E-04
5.072820099487880E-06,-1.313809868188566E-05,-9.271854128475092E-05,4.289959044583434E-04,-1.223543887471107E-04,-3.559723230706629E-04
5.370659883422470E-06,-1.322287879016165E-05,-9.296441538233926E-05,4.287809396135432E-04,-1.218125263524744E-04,-3.521489170611928E-04
5.668346795623125E-06,-1.330728302744764E-05,-9.320764229826280E-05,4.285556642836166E-04,-1.212718786691520E-04,-3.483483871872672E-04
5.965873738853503E-06,-1.339131223389528E-05,-9.344823780962265E-05,4.283202586091128E-04,-1.207324358987209E-04,-3.445704201823053E-04
6.263233739347337E-06,-1.347496724282646E-05,-9.368621747794420E-05,4.280748980666671E-04,-1.201941881711312E-04,-3.408147084325200E-04
6.560419943617732E-06,-1.355824888068599E-05,-9.392159665305670E-05,4.278197536067906E-04,-1.196571255514851E-04,-3.370809498452168E-04
6.857425615360461E-06,-1.364115796699881E-05,-9.415439047688273E-05,4.275549917868322E-04,-1.191212380464526E-04,-3.333688477207490E-04
7.154244132447984E-06,-1.372369531433149E-05,-9.438461388713987E-05,4.272807748993075E-04,-1.185865156103409E-04,-3.296781106280153E-04
7.450868984011023E-06,-1.380586172825794E-05,-9.461228162095724E-05,4.269972610957777E-04,-1.180529481508375E-04,-3.260084522833844E-04
7.747293767604670E-06,-1.388765800732890E-05,-9.483740821840903E-05,4.267046045064557E-04,-1.175205255344405E-04,-3.223595914329397E-04
8.043512186456121E-06,-1.396908494304516E-05,-9.506000802596740E-05,4.264029553557061E-04,-1.169892375915940E-04,-3.187312517379376E-04
8.339518046791241E-06,-1.405014331983419E-05,-9.528009519987694E-05,4.260924600736014E-04,-1.164590741215423E-04,-3.151231616633796E-04
8.635305255237273E-06,-1.413083391503013E-05,-9.549768370945275E-05,4.257732614036869E-04,-1.159300248969170E-04,-3.115350543695986E-04
8.930867816299106E-06,-1.421115749885678E-05,-9.571278734030437E-05,4.254454985071018E-04,-1.154020796680713E-04,-3.079666676067672E-04
9.226199829906634E-06,-1.429111483441360E-05,-9.592541969748727E-05,4.251093070631966E-04,-1.148752281671727E-04,-3.044177436122351E-04
9.521295489030800E-06,-1.437070667766441E-05,-9.613559420858417E-05,4.247648193667820E-04,-1.143494601120667E-04,-3.008880290106096E-04
9.816149077366049E-06,-1.444993377742874E-05,-9.634332412671777E-05,4.244121644221361E-04,-1.138247652099236E-04,-2.973772747164926E-04
1.011075496707697E-05,-1.452879687537562E-05,-9.654862253349691E-05,4.240514680338949E-04,-1.133011331606781E-04,-2.938852358397936E-04
1.040510761660702E-05,-1.460729670601968E-05,-9.675150234189783E-05,4.236828528949429E-04,-1.127785536602718E-04,-2.904116715935392E-04
1.069920156854725E-05,-1.468543399671945E-05,-9.695197629908225E-05,4.233064386714162E-04,-1.122570164037099E-04,-2.869563452041026E-04
1.099303144756310E-05,-1.476320946767775E-05,-9.715005698915392E-05,4.229223420849267E-04,-1.117365110879394E-04,-2.835190238237801E-04
1.128659195837739E-05,-1.484062383194394E-05,-9.734575683585525E-05,4.225306769921110E-04,-1.112170274145586E-04,-2.800994784456426E-04
1.157987788380761E-05,-1.491767779541808E-05,-9.753908810520560E-05,4.221315544616015E-04,-1.106985550923662E-04,-2.766974838205941E-04
1.187288408285580E-05,-1.499437205685677E-05,-9.773006290808271E-05,4.217250828485169E-04,-1.101810838397572E-04,-2.733128183765701E-04
1.216560548884936E-05,-1.507070730788058E-05,-9.791869320274876E-05,4.213113678665611E-04,-1.096646033869739E-04,-2.699452641398124E-04
1.245803710763108E-05,-1.514668423298303E-05,-9.810499079732241E-05,4.208905126578189E-04,-1.091491034782187E-04,-2.665946066581581E-04
1.275017401579689E-05,-1.522230350954100E-05,-9.828896735219827E-05,4.204626178603316E-04,-1.086345738736355E-04,-2.632606349262826E-04
1.304201135897979E-05,-1.529756580782641E-05,-9.847063438241520E-05,4.200277816735323E-04,-1.081210043511658E-04,-2.599431413128389E-04
1.333354435017847E-05,-1.537247179101924E-05,-9.865000325997452E-05,4.195860999216192E-04,-1.076083847082867E-04,-2.566419214894374E-04
1.362476826812932E-05,-1.544702211522164E-05,-9.882708521610961E-05,4.191376661149389E-04,-1.070967047636347E-04,-2.533567743614120E-04
1.391567845572027E-05,-1.552121742947312E-05,-9.900189134350803E-05,4.186825715094514E-04,-1.065859543585230E-04,-2.500875020003201E-04
1.420627031844542E-05,-1.559505837576688E-05,-9.917443259848730E-05,4.182209051643454E-04,-1.060761233583562E-04,-2.468339095781253E-04
1.449653932289896E-05,-1.566854558906692E-05,-9.934471980312563E-05,4.177527539978674E-04,-1.055672016539469E-04,-2.435958053030158E-04
1.478648099530730E-05,-1.574167969732618E-05,-9.951276364734855E-05,4.172782028414293E-04,-1.050591791627406E-04,-2.403730003568087E-04
1.507609092009817E-05,-1.581446132150539E-05,-9.967857469097265E-05,4.167973344920523E-04,-1.045520458299525E-04,-2.371653088338961E-04
1.536536473850560E-05,-1.588689107559272E-05,-9.984216336570743E-05,4.163102297632075E-04,-1.040457916296197E-04,-2.339725476816883E-04
1.565429814720968E-05,-1.595896956662420E-05,-1.000035399771163E-04,4.158169675341061E-04,-1.035404065655743E-04,-2.307945366425112E-04
1.594288689700996E-05,-1.603069739470464E-05,-1.001627147065379E-04,4.153176247974946E-04,-1.030358806723404E-04,-2.276310981969161E-04
1.623112679153162E-05,-1.610207515302931E-05,-1.003196976129679E-04,4.148122767060050E-04,-1.025322040159592E-04,-2.244820575083625E-04
1.651901368596328E-05,-1.617310342790606E-05,-1.004744986349038E-04,4.143009966171093E-04,-1.020293666947452E-04,-2.213472423692344E-04
1.680654348582559E-05,-1.624378279877795E-05,-1.006271275921521E-04,4.137838561367267E-04,-1.015273588399769E-04,-2.182264831481528E-04
1.709371214576962E-05,-1.631411383824642E-05,-1.007775941875991E-04,4.132609251615276E-04,-1.010261706165256E-04,-2.151196127385484E-04
1.738051566840424E-05,-1.638409711209477E-05,-1.009259080089473E-04,4.127322719199794E-04,-1.005257922234255E-04,-2.120264665084578E-04
1.766695010315150E-05,-1.645373317931211E-05,-1.010720785304162E-04,4.121979630121749E-04,-1.000262138943865E-04,-2.089468822515117E-04
1.795301154512933E-05,-1.652302259211755E-05,-1.012161151144104E-04,4.116580634484859E-04,-9.952742589825457E-05,-2.058807001390785E-04
1.823869613406067E-05,-1.659196589598479E-05,-1.013580270131544E-04,4.111126366870779E-04,-9.902941853942071E-05,-2.028277626735351E-04
1.852400005320821E-05,-1.666056362966691E-05,-1.014978233702957E-04,4.105617446703269E-04,-9.853218215818160E-05,-1.997879146426309E-04
1.880891952833414E-05,-1.672881632522144E-05,-1.016355132224759E-04,4.100054478601712E-04,-9.803570713105419E-05,-1.967610030749164E-04
1.909345082668403E-05,-1.679672450803557E-05,-1.017711055008719E-04,4.094438052724358E-04,-9.753998387104667E-05,-1.937468771962070E-04
1.937759025599419E-05,-1.686428869685159E-05,-1.019046090327071E-04,4.088768745101603E-04,-9.704500282788765E-05,-1.907453883870540E-04
1.966133416352192E-05,-1.693150940379250E-05,-1.020360325427327E-04,4.083047117959645E-04,-9.655075448821583E-05,-1.877563901411948E-04
1.994467893509778E-05,-1.699838713438761E-05,-1.021653846546817E-04,4.077273720034817E-04,-9.605722937573202E-05,-1.847797380249567E-04
2.022762099419949E-05,-1.706492238759842E-05,-1.022926738926940E-04,4.071449086878896E-04,-9.556441805131539E-05,-1.818152896375876E-04
2.051015680104668E-05,-1.713111565584438E-05,-1.024179086827148E-04,4.065573741155686E-04,-9.507231111310569E-05,-1.788629045724903E-04
2.079228285171594E-05,-1.719696742502884E-05,-1.025410973538660E-04,4.059648192929137E-04,-9.458089919655312E-05,-1.759224443793340E-04
2.107399567727560E-05,-1.726247817456495E-05,-1.026622481397921E-04,4.053672939943280E-04,-9.409017297443750E-05,-1.729937725270216E-04
2.135529184293966E-05,-1.732764837740159E-05,-1.027813691799801E-04,4.047648467894233E-04,-9.360012315685817E-05,-1.700767543674894E-04
2.163616794724035E-05,-1.739247850004926E-05,-1.028984685210550E-04,4.041575250694521E-04,-9.311074049119623E-05,-1.671712571003164E-04
2.191662062121880E-05,-1.745696900260595E-05,-1.030135541180509E-04,4.035453750729956E-04,-9.262201576205032E-05,-1.642771497381232E-04
2.219664652763329E-05,-1.752112033878298E-05,-1.031266338356582E-04,4.029284419109306E-04,-9.213393979114735E-05,-1.613943030727391E-04
2.247624236018455E-05,-1.758493295593072E-05,-1.032377154494472E-04,4.023067695906978E-04,-9.164650343722950E-05,-1.585225896421170E-04
2.275540484275775E-05,-1.764840729506426E-05,-1.033468066470704E-04,4.016804010398922E-04,-9.115969759591854E-05,-1.556618836979770E-04
2.303413072868062E-05,-1.771154379088896E-05,-1.034539150294404E-04,4.010493781291974E-04,-9.067351319955874E-05,-1.528120611741600E-04
2.331241679999721E-05,-1.777434287182591E-05,-1.035590481118882E-04,4.004137416946831E-04,-9.018794121703934E-05,-1.499729996556724E-04
2.359025986675701E-05,-1.783680496003722E-05,-1.036622133252989E-04,3.997735315594855E-04,-8.970297265359775E-05,-1.471445783484040E-04
2.386765676631888E-05,-1.789893047145119E-05,-1.037634180172269E-04,3.991287865548891E-04,-8.921859855060430E-05,-1.443266780495030E-04
2.414460436266941E-05,-1.796071981578734E-05,-1.038626694529910E-04,3.984795445408276E-04,-8.873480998532964E-05,-1.415191811183893E-04
2.442109954575529E-05,-1.802217339658124E-05,-1.039599748167494E-04,3.978258424258214E-04,-8.825159807069554E-05,-1.387219714483913E-04
2.469713923082943E-05,-1.808329161120917E-05,-1.040553412125551E-04,3.971677161863695E-04,-8.776895395501008E-05,-1.359349344389907E-04
2.497272035781027E-05,-1.814407485091263E-05,-1.041487756653928E-04,3.965052008858101E-04,-8.728686882168786E-05,-1.331579569686577E-04
2.524783989065404E-05,-1.820452350082258E-05,-1.042402851221962E-04,3.958383306926669E-04,-8.680533388895616E-05,-1.303909273682640E-04
2.552249481673958E-05,-1.826463793998352E-05,-1.043298764528476E-04,3.951671388984956E-04,-8.632434040954777E-05,-1.276337353950583E-04
2.579668214626541E-05,-1.832441854137738E-05,-1.044175564511601E-04,3.944916579352462E-04,-8.584387967038104E-05,-1.248862722071898E-04
2.607039891165867E-05,-1.838386567194707E-05,-1.045033318358411E-04,3.938119193921534E-04,-8.536394299222798E-05,-1.221484303387657E-04
2.634364216699563E-05,-1.844297969261995E-05,-1.045872092514396E-04,3.931279540321700E-04,-8.488452172937095E-05,-1.194201036754315E-04
2.661640898743343E-05,-1.850176095833091E-05,-1.046691952692765E-04,3.924397918079568E-04,-8.440560726924859E-05,-1.167011874304577E-04
2.688869646865286E-05,-1.856020981804534E-05,-1.047492963883584E-04,3.917474618774403E-04,-8.392719103209151E-05,-1.139915781213242E-04
2.716050172631170E-05,-1.861832661478171E-05,-1.048275190362750E-04,3.910509926189517E-04,-8.344926447054829E-05,-1.112911735467866E-04
2.743182189550850E-05,-1.867611168563397E-05,-1.049038695700817E-04,3.903504116459588E-04,-8.297181906930241E-05,-1.085998727644153E-04
2.770265413025638E-05,-1.873356536179368E-05,-1.049783542771651E-04,3.896457458214016E-04,-8.249484634468038E-05,-1.059175760685941E-04
2.797299560296677E-05,-1.879068796857183E-05,-1.050509793760956E-04,3.889370212716438E-04,-8.201833784425183E-05,-1.032441849689681E-04
2.824284350394256E-05,-1.884747982542039E-05,-1.051217510174630E-04,3.882242634000505E-04,-8.154228514642170E-05,-1.005796021693292E-04
2.851219504088066E-05,-1.890394124595360E-05,-1.051906752846991E-04,3.875074969002018E-04,-8.106667986001520E-05,-9.792373154692948E-05
2.878104743838359E-05,-1.896007253796893E-05,-1.052577581948851E-04,3.867867457687534E-04,-8.059151362385574E-05,-9.527647813221099E-05
2.904939793747986E-05,-1.901587400346775E-05,-1.053230056995461E-04,3.860620333179534E-04,-8.011677810633641E-05,-9.263774808894318E-05
2.931724379515292E-05,-1.907134593867576E-05,-1.053864236854309E-04,3.853333821878247E-04,-7.964246500498517E-05,-9.000744869475722E-05
2.958458228387850E-05,-1.912648863406304E-05,-1.054480179752788E-04,3.846008143580223E-04,-7.916856604602423E-05,-8.738548832206812E-05
2.985141069117002E-05,-1.918130237436381E-05,-1.055077943285740E-04,3.838643511593737E-04,-7.869507298392389E-05,-8.477177641937545E-05
3.011772631913197E-05,-1.923578743859592E-05,-1.055657584422855E-04,3.831240132851121E-04,-7.822197760095115E-05,-8.216622349293354E-05
3.038352648402089E-05,-1.928994410007997E-05,-1.056219159515963E-04,3.823798208018091E-04,-7.774927170671333E-05,-7.956874108878241E-05
3.064880851581397E-05,-1.934377262645816E-05,-1.056762724306188E-04,3.816317931600166E-04,-7.727694713769717E-05,-7.697924177513103E-05
3.091356975778482E-05,-1.939727327971278E-05,-1.057288333930990E-04,3.808799492046238E-04,-7.680499575680334E-05,-7.439763912508446E-05
3.117780756608640E-05,-1.945044631618437E-05,-1.057796042931079E-04,3.801243071849382E-04,-7.633340945287696E-05,-7.182384769970697E-05
3.144151930934085E-05,-1.950329198658962E-05,-1.058285905257225E-04,3.793648847644973E-04,-7.586218014023405E-05,-6.925778303141320E-05
3.170470236823606E-05,-1.955581053603887E-05,-1.058757974276939E-04,3.786016990306179E-04,-7.539129975818438E-05,-6.669936160767964E-05
3.196735413512869E-05,-1.960800220405327E-05,-1.059212302781058E-04,3.778347665036897E-04,-7.492076027055079E-05,-6.414850085506921E-05
3.222947201365370E-05,-1.965986722458170E-05,-1.059648942990205E-04,3.770641031462203E-04,-7.445055366518515E-05,-6.160511912356143E-05
3.249105341833994E-05,-1.971140582601722E-05,-1.060067946561151E-04,3.762897243716377E-04,-7.398067195348125E-05,-5.906913567118133E-05
3.275209577423190E-05,-1.976261823121329E-05,-1.060469364593069E-04,3.755116450528556E-04,-7.351110716988476E-05,-5.654047064892014E-05
3.301259651651719E-05,-1.981350465749961E-05,-1.060853247633681E-04,3.747298795306093E-04,-7.304185137140032E-05,-5.401904508594099E-05
3.327255309015985E-05,-1.986406531669757E-05,-1.061219645685310E-04,3.739444416215662E-04,-7.257289663709606E-05,-5.150478087506333E-05
3.353196294953913E-05,-1.991430041513547E-05,-1.061568608210824E-04,3.731553446262174E-04,-7.210423506760558E-05,-4.899760075851943E-05
3.379082355809376E-05,-1.996421015366324E-05,-1.061900184139486E-04,3.723626013365553E-04,-7.163585878462763E-05,-4.649742831397697E-05
3.404913238797138E-05,-2.001379472766697E-05,-1.062214421872714E-04,3.715662240435437E-04,-7.116775993042345E-05,-4.400418794082170E-05
3.430688691968318E-05,-2.006305432708296E-05,-1.062511369289731E-04,3.707662245443832E-04,-7.069993066731209E-05,-4.151780484669409E-05
3.456408464176344E-05,-2.011198913641151E-05,-1.062791073753140E-04,3.699626141495796E-04,-7.023236317716365E-05,-3.903820503427451E-05
3.482072305043397E-05,-2.016059933473028E-05,-1.063053582114394E-04,3.691554036898172E-04,-6.976504966089061E-05,-3.656531528831119E-05
3.507679964927322E-05,-2.020888509570740E-05,-1.063298940719189E-04,3.683446035226443E-04,-6.929798233793738E-05,-3.409906316288552E-05
3.533231194888998E-05,-2.025684658761408E-05,-1.063527195412755E-04,3.675302235389734E-04,-6.883115344576805E-05,-3.163937696890956E-05
3.558725746660155E-05,-2.030448397333702E-05,-1.063738391545076E-04,3.667122731694017E-04,-6.836455523935253E-05,-2.918618576185032E-05
3.584163372611620E-05,-2.035179741039035E-05,-1.063932573976017E-04,3.658907613903548E-04,-6.789817999065107E-05,-2.673941932967606E-05
3.609543825721985E-05,-2.039878705092723E-05,-1.064109787080367E-04,3.650656967300592E-04,-6.743201998809727E-05,-2.429900818101944E-05
3.634866859546689E-05,-2.044545304175117E-05,-1.064270074752803E-04,3.642370872743468E-04,-6.696606753607967E-05,-2.186488353355299E-05
3.660132228187487E-05,-2.049179552432689E-05,-1.064413480412779E-04,3.634049406722946E-04,-6.650031495442181E-05,-1.943697730257195E-05
3.685339686262315E-05,-2.053781463479083E-05,-1.064540047009326E-04,3.625692641417045E-04,-6.603475457786109E-05,-1.701522208978016E-05
3.710488988875525E-05,-2.058351050396140E-05,-1.064649817025785E-04,3.617300644744260E-04,-6.556937875552617E-05,-1.459955117227446E-05
3.735579891588485E-05,-2.062888325734872E-05,-1.064742832484455E-04,3.608873480415253E-04,-6.510417985041321E-05,-1.218989849172322E-05
3.760612150390533E-05,-2.067393301516412E-05,-1.064819134951174E-04,3.600411207983051E-04,-6.463915023886074E-05,-9.786198643734898E-06
3.785585521670274E-05,-2.071865989232918E-05,-1.064878765539824E-04,3.591913882891767E-04,-6.417428231002343E-05,-7.388386867412372E-06
3.810499762187215E-05,-2.076306399848450E-05,-1.064921764916763E-04,3.583381556523891E-04,-6.370956846534456E-05,-4.996399035089125E-06
3.835354629043712E-05,-2.080714543799797E-05,-1.064948173305185E-04,3.574814276246172E-04,-6.324500111802743E-05,-2.610171642243296E-06
3.860149879657246E-05,-2.085090430997286E-05,-1.064958030489420E-04,3.566212085454128E-04,-6.278057269250546E-05,-2.296417975857911E-07
3.884885271732989E-05,-2.089434070825532E-05,-1.064951375819149E-04,3.557575023615208E-04,-6.231627562391126E-05,2.145252786681283E-06
3.909560563236678E-05,-2.093745472144172E-05,-1.064928248213570E-04,3.548903126310630E-04,-6.185210235754452E-05,4.514573804439519E-06
3.934175512367762E-05,-2.098024643288547E-05,-1.064888686165485E-04,3.540196425275934E-04,-6.138804534833872E-05,6.878382365065991E-06
3.958729877532839E-05,-2.102271592070354E-05,-1.064832727745328E-04,3.531454948440266E-04,-6.092409706032674E-05,9.236739002685411E-06
3.983223417319354E-05,-2.106486325778259E-05,-1.064760410605129E-04,3.522678719964420E-04,-6.046024996610533E-05,1.158970368526603E-05
4.007655890469555E-05,-2.110668851178476E-05,-1.064671771982412E-04,3.513867760277662E-04,-5.999649654629834E-05,1.393733582356263E-05
4.032027055854708E-05,-2.114819174515300E-05,-1.064566848704037E-04,3.505022086113372E-04,-5.953282928901890E-05,1.627969427990977E-05
4.056336672449552E-05,-2.118937301511614E-05,-1.064445677189976E-04,3.496141710543499E-04,-5.906924068933035E-05,1.861683737686858E-05
4.080584499306983E-05,-2.123023237369349E-05,-1.064308293457034E-04,3.487226643011885E-04,-5.860572324870594E-05,2.094882290572996E-05
4.104770295532978E-05,-2.127076986769914E-05,-1.064154733122507E-04,3.478276889366457E-04,-5.814226947448743E-05,2.327570813487751E-05
4.128893820261728E-05,-2.131098553874579E-05,-1.063985031407787E-04,3.469292451890307E-04,-5.767887187934228E-05,2.559754981801278E-05
4.152954832630989E-05,-2.135087942324832E-05,-1.063799223141904E-04,3.460273329331702E-04,-5.721552298071972E-05,2.791440420224602E-05
4.176953091757633E-05,-2.139045155242691E-05,-1.063597342765022E-04,3.451219516933012E-04,-5.675221530030541E-05,3.022632703605499E-05
4.200888356713402E-05,-2.142970195230975E-05,-1.063379424331870E-04,3.442131006458605E-04,-5.628894136347486E-05,3.253337357711479E-05
4.224760386500847E-05,-2.146863064373545E-05,-1.063145501515125E-04,3.433007786221709E-04,-5.582569369874540E-05,3.483559860000119E-05
4.248568940029454E-05,-2.150723764235504E-05,-1.062895607608741E-04,3.423849841110256E-04,-5.536246483722681E-05,3.713305640377021E-05
4.272313776091942E-05,-2.154552295863353E-05,-1.062629775531225E-04,3.414657152611744E-04,-5.489924731207048E-05,3.942580081941645E-05
4.295994653340732E-05,-2.158348659785120E-05,-1.062348037828859E-04,3.405429698837115E-04,-5.443603365791705E-05,4.171388521721265E-05
4.319611330264584E-05,-2.162112856010439E-05,-1.062050426678881E-04,3.396167454543672E-04,-5.397281641034262E-05,4.399736251393301E-05
4.343163565165375E-05,-2.165844884030597E-05,-1.061736973892602E-04,3.386870391157049E-04,-5.350958810530327E-05,4.627628517996252E-05
4.366651116135048E-05,-2.169544742818544E-05,-1.061407710918488E-04,3.377538476792254E-04,-5.304634127857803E-05,4.855070524629473E-05
4.390073741032681E-05,-2.173212430828858E-05,-1.061062668845180E-04,3.368171676273790E-04,-5.258306846521014E-05,5.082067431142024E-05
4.413431197461710E-05,-2.176847945997675E-05,-1.060701878404484E-04,3.358769951154874E-04,-5.211976219894660E-05,5.308624354810804E-05
4.436723242747274E-05,-2.180451285742579E-05,-1.060325369974293E-04,3.349333259735766E-04,-5.165641501167592E-05,5.534746371008202E-05
4.459949633913687E-05,-2.184022446962457E-05,-1.059933173581483E-04,3.339861557081223E-04,-5.119301943286405E-05,5.760438513859463E-05
4.483110127662025E-05,-2.187561426037307E-05,-1.059525318904750E-04,3.330354795037083E-04,-5.072956798898835E-05,5.985705776889989E-05
4.506204480347830E-05,-2.191068218828010E-05,-1.059101835277409E-04,3.320812922246000E-04,-5.026605320296967E-05,6.210553113662769E-05
4.529232447958917E-05,-2.194542820676070E-05,-1.058662751690147E-04,3.311235884162333E-04,-4.980246759360239E-05,6.434985438406150E-05
4.552193786093282E-05,-2.197985226403300E-05,-1.058208096793733E-04,3.301623623066211E-04,-4.933880367498229E-05,6.659007626632123E-05
4.575088249937105E-05,-2.201395430311478E-05,-1.057737898901686E-04,3.291976078076767E-04,-4.887505395593235E-05,6.882624515745337E-05
4.597915594242845E-05,-2.204773426181964E-05,-1.057252185992898E-04,3.282293185164571E-04,-4.841121093942630E-05,7.105840905643007E-05
4.620675573307409E-05,-2.208119207275271E-05,-1.056750985714221E-04,3.272574877163259E-04,-4.794726712200983E-05,7.328661559305916E-05
4.643367940950416E-05,-2.211432766330596E-05,-1.056234325383012E-04,3.262821083780367E-04,-4.748321499321945E-05,7.551091203380672E-05
4.665992450492513E-05,-2.214714095565319E-05,-1.055702231989629E-04,3.253031731607387E-04,-4.701904703499891E-05,7.773134528753408E-05
4.688548854733775E-05,-2.217963186674451E-05,-1.055154732199903E-04,3.243206744129051E-04,-4.655475572111310E-05,7.994796191115085E-05
4.711036905932160E-05,-2.221180030830047E-05,-1.054591852357557E-04,3.233346041731835E-04,-4.609033351655929E-05,8.216080811518573E-05
4.733456355782016E-05,-2.224364618680576E-05,-1.054013618486595E-04,3.223449541711727E-04,-4.562577287697575E-05,8.436992976927666E-05
4.755806955392650E-05,-2.227516940350250E-05,-1.053420056293651E-04,3.213517158281221E-04,-4.516106624804756E-05,8.657537240758193E-05
4.778088455266933E-05,-2.230636985438315E-05,-1.052811191170296E-04,3.203548802575582E-04,-4.469620606490958E-05,8.877718123411383E-05
4.800300605279950E-05,-2.233724743018295E-05,-1.052187048195319E-04,3.193544382658367E-04,-4.423118475154649E-05,9.097540112799637E-05
4.822443154657690E-05,-2.236780201637195E-05,-1.051547652136958E-04,3.183503803526220E-04,-4.376599472018976E-05,9.317007664864848E-05
4.844515851955755E-05,-2.239803349314668E-05,-1.050893027455109E-04,3.173426967112930E-04,-4.330062837071159E-05,9.536125204089428E-05
4.866518445038112E-05,-2.242794173542134E-05,-1.050223198303488E-04,3.163313772292786E-04,-4.283507809001552E-05,9.754897124000176E-05
4.888450681055845E-05,-2.245752661281857E-05,-1.049538188531766E-04,3.153164114883202E-04,-4.236933625142385E-05,9.973327787665129E-05
4.910312306425944E-05,-2.248678798965980E-05,-1.048838021687666E-04,3.142977887646642E-04,-4.190339521406157E-05,1.019142152818353E-04
4.932103066810089E-05,-2.251572572495521E-05,-1.048122721019029E-04,3.132754980291834E-04,-4.143724732223687E-05,1.040918264916908E-04
4.953822707093444E-05,-2.254433967239319E-05,-1.047392309475843E-04,3.122495279474290E-04,-4.097088490481803E-05,1.062661542522649E-04
4.975470971363461E-05,-2.257262968032941E-05,-1.046646809712243E-04,3.112198668796119E-04,-4.050430027460657E-05,1.084372410242169E-04
4.997047602888665E-05,-2.260059559177545E-05,-1.045886244088475E-04,3.101865028805159E-04,-4.003748572770664E-05,1.106051289874555E-04
5.018552344097447E-05,-2.262823724438699E-05,-1.045110634672831E-04,3.091494236993409E-04,-3.957043354289055E-05,1.127698600457139E-04
5.039984936556826E-05,-2.265555447045153E-05,-1.044320003243550E-04,3.081086167794777E-04,-3.910313598096016E-05,1.149314758310645E-04
5.061345120951212E-05,-2.268254709687572E-05,-1.043514371290691E-04,3.070640692582147E-04,-3.863558528410433E-05,1.170900177083728E-04
5.082632637061130E-05,-2.270921494517216E-05,-1.042693760017971E-04,3.060157679663763E-04,-3.816777367525195E-05,1.192455267796927E-04
5.103847223741926E-05,-2.273555783144587E-05,-1.041858190344577E-04,3.049636994278928E-04,-3.769969335742078E-05,1.213980438886042E-04
5.124988618902437E-05,-2.276157556638015E-05,-1.041007682906943E-04,3.039078498593033E-04,-3.723133651306173E-05,1.235476096244946E-04
5.146056559483628E-05,-2.278726795522216E-05,-1.040142258060505E-04,3.028482051691905E-04,-3.676269530339864E-05,1.256942643267838E-04
5.167050781437180E-05,-2.281263479776788E-05,-1.039261935881419E-04,3.017847509575480E-04,-3.629376186776329E-05,1.278380480890959E-04
5.187971019704039E-05,-2.283767588834669E-05,-1.038366736168255E-04,3.007174725150807E-04,-3.582452832292567E-05,1.299790007633762E-04
5.208817008192912E-05,-2.286239101580548E-05,-1.037456678443660E-04,2.996463548224370E-04,-3.535498676241926E-05,1.321171619639574E-04
5.229588479758704E-05,-2.288677996349230E-05,-1.036531781955996E-04,2.985713825493746E-04,-3.488512925586127E-05,1.342525710715728E-04
5.250285166180901E-05,-2.291084250923945E-05,-1.035592065680945E-04,2.974925400538583E-04,-3.441494784826769E-05,1.363852672373203E-04
5.270906798141882E-05,-2.293457842534622E-05,-1.034637548323096E-04,2.964098113810910E-04,-3.394443455936297E-05,1.385152893865766E-04
5.291453105205163E-05,-2.295798747856104E-05,-1.033668248317493E-04,2.953231802624769E-04,-3.347358138288435E-05,1.406426762228620E-04
5.311923815793571E-05,-2.298106943006322E-05,-1.032684183831164E-04,2.942326301145181E-04,-3.300238028588049E-05,1.427674662316595E-04
5.332318657167331E-05,-2.300382403544416E-05,-1.031685372764626E-04,2.931381440376424E-04,-3.253082320800446E-05,1.448896976841851E-04
5.352637355402079E-05,-2.302625104468808E-05,-1.030671832753353E-04,2.920397048149647E-04,-3.205890206080080E-05,1.470094086411137E-04
5.372879635366776E-05,-2.304835020215224E-05,-1.029643581169233E-04,2.909372949109801E-04,-3.158660872698663E-05,1.491266369562593E-04
5.393045220701539E-05,-2.307012124654669E-05,-1.028600635121986E-04,2.898308964701885E-04,-3.111393505972658E-05,1.512414202802116E-04
5.413133833795364E-05,-2.309156391091348E-05,-1.027543011460563E-04,2.887204913156521E-04,-3.064087288190144E-05,1.533537960639288E-04
5.433145195763759E-05,-2.311267792260537E-05,-1.026470726774526E-04,2.876060609474836E-04,-3.016741398537034E-05,1.554638015622883E-04
5.453079026426257E-05,-2.313346300326403E-05,-1.025383797395390E-04,2.864875865412662E-04,-2.969355013022635E-05,1.575714738375951E-04
5.472935044283822E-05,-2.315391886879776E-05,-1.024282239397952E-04,2.853650489464039E-04,-2.921927304404534E-05,1.596768497630501E-04
5.492712966496142E-05,-2.317404522935856E-05,-1.023166068601593E-04,2.842384286844036E-04,-2.874457442112792E-05,1.617799660261775E-04
5.512412508858797E-05,-2.319384178931885E-05,-1.022035300571554E-04,2.831077059470865E-04,-2.826944592173429E-05,1.638808591322132E-04
5.532033385780294E-05,-2.321330824724750E-05,-1.020889950620189E-04,2.819728605947302E-04,-2.779387917131189E-05,1.659795654074541E-04
5.551575310258984E-05,-2.323244429588542E-05,-1.019730033808200E-04,2.808338721541397E-04,-2.731786575971562E-05,1.680761210025697E-04
5.571037993859829E-05,-2.325124962212053E-05,-1.018555564945843E-04,2.796907198166481E-04,-2.684139724042055E-05,1.701705618958762E-04
5.590421146691039E-05,-2.326972390696228E-05,-1.017366558594111E-04,2.785433824360456E-04,-2.636446512972679E-05,1.722629238965741E-04
5.609724477380555E-05,-2.328786682551549E-05,-1.016163029065904E-04,2.773918385264369E-04,-2.588706090595658E-05,1.743532426479497E-04
5.628947693052381E-05,-2.330567804695375E-05,-1.014944990427161E-04,2.762360662600260E-04,-2.540917600864316E-05,1.764415536305412E-04
5.648090499302767E-05,-2.332315723449216E-05,-1.013712456497989E-04,2.750760434648281E-04,-2.493080183771144E-05,1.785278921652702E-04
5.667152600176221E-05,-2.334030404535957E-05,-1.012465440853754E-04,2.739117476223084E-04,-2.445192975265019E-05,1.806122934165393E-04
5.686133698141362E-05,-2.335711813077017E-05,-1.011203956826160E-04,2.727431558649463E-04,-2.397255107167559E-05,1.826947923952957E-04
5.705033494066596E-05,-2.337359913589458E-05,-1.009928017504303E-04,2.715702449737252E-04,-2.349265707088595E-05,1.847754239620627E-04
5.723851687195618E-05,-2.338974669983028E-05,-1.008637635735705E-04,2.703929913755465E-04,-2.301223898340735E-05,1.868542228299379E-04
5.742587975122730E-05,-2.340556045557146E-05,-1.007332824127329E-04,2.692113711405682E-04,-2.253128799853010E-05,1.889312235675605E-04
5.761242053767976E-05,-2.342104002997831E-05,-1.006013595046572E-04,2.680253599794658E-04,-2.204979526083576E-05,1.910064606020471E-04
5.779813617352075E-05,-2.343618504374561E-05,-1.004679960622235E-04,2.668349332406161E-04,-2.156775186931448E-05,1.930799682218967E-04
5.798302358371167E-05,-2.345099511137083E-05,-1.003331932745478E-04,2.656400659072030E-04,-2.108514887647253E-05,1.951517805798656E-04
5.816707967571345E-05,-2.346546984112149E-05,-1.001969523070753E-04,2.644407325942426E-04,-2.060197728742972E-05,1.972219316958131E-04
5.835030133922985E-05,-2.347960883500194E-05,-1.000592743016715E-04,2.632369075455301E-04,-2.011822805900660E-05,1.992904554595175E-04
5.853268544594859E-05,-2.349341168871951E-05,-9.992016037671183E-05,2.620285646305044E-04,-1.963389209880109E-05,2.013573856334636E-04
5.871422884928023E-05,-2.350687799165001E-05,-9.977961162716880E-05,2.608156773410311E-04,-1.914896026425442E-05,2.034227558556025E-04
5.889492838409485E-05,-2.352000732680256E-05,-9.963762912469779E-05,2.595982187881029E-04,-1.866342336170605E-05,2.054865996420829E-04
5.907478086645640E-05,-2.353279927078376E-05,-9.949421391772053E-05,2.583761616984562E-04,-1.817727214543749E-05,2.075489503899559E-04
5.925378309335464E-05,-2.354525339376123E-05,-9.934936703150697E-05,2.571494784111019E-04,-1.769049731670454E-05,2.096098413798524E-04
5.943193184243464E-05,-2.355736925942643E-05,-9.920308946825513E-05,2.559181408737716E-04,-1.720308952275801E-05,2.116693057786347E-04
5.960922387172384E-05,-2.356914642495682E-05,-9.905538220716926E-05,2.546821206392755E-04,-1.671503935585232E-05,2.137273766420213E-04
5.978565591935645E-05,-2.358058444097730E-05,-9.890624620453608E-05,2.534413888617730E-04,-1.622633735224211E-05,2.157840869171869E-04
5.996122470329536E-05,-2.359168285152102E-05,-9.875568239379925E-05,2.521959162929534E-04,-1.573697399116621E-05,2.178394694453369E-04
6.013592692105123E-05,-2.360244119398937E-05,-9.860369168563212E-05,2.509456732781262E-04,-1.524693969381906E-05,2.198935569642566E-04
6.030975924939895E-05,-2.361285899911135E-05,-9.845027496800864E-05,2.496906297522193E-04,-1.475622482230900E-05,2.219463821108370E-04
6.048271834409119E-05,-2.362293579090213E-05,-9.829543310627255E-05,2.484307552356846E-04,-1.426481967860345E-05,2.239979774235755E-04
6.065480083956916E-05,-2.363267108662099E-05,-9.813916694320487E-05,2.471660188303085E-04,-1.377271450346042E-05,2.260483753450531E-04
6.082600334867035E-05,-2.364206439672836E-05,-9.798147729908963E-05,2.458963892149271E-04,-1.327989947534626E-05,2.280976082243888E-04
6.099632246233335E-05,-2.365111522484223E-05,-9.782236497177795E-05,2.446218346410433E-04,-1.278636470933930E-05,2.301457083196694E-04
6.116575474929948E-05,-2.365982306769371E-05,-9.766183073675042E-05,2.433423229283464E-04,-1.229210025601904E-05,2.321927078003584E-04
6.133429675581137E-05,-2.366818741508189E-05,-9.749987534717779E-05,2.420578214601304E-04,-1.179709610034061E-05,2.342386387496805E-04
6.150194500530829E-05,-2.367620774982785E-05,-9.733649953398007E-05,2.407682971786109E-04,-1.130134216049425E-05,2.362835331669851E-04
6.166869599811818E-05,-2.368388354772789E-05,-9.717170400588393E-05,2.394737165801385E-04,-1.080482828674938E-05,2.383274229700873E-04
6.183454621114632E-05,-2.369121427750597E-05,-9.700548944947853E-05,2.381740457103078E-04,-1.030754426028307E-05,2.403703399975875E-04
6.199949209756061E-05,-2.369819940076530E-05,-9.683785652926974E-05,2.368692501589584E-04,-9.809479791992390E-06,2.424123160111684E-04
6.216353008647324E-05,-2.370483837193914E-05,-9.666880588773275E-05,2.355592950550689E-04,-9.310624521290561E-06,2.444533826978726E-04
6.232665658261894E-05,-2.371113063824072E-05,-9.649833814536312E-05,2.342441450615397E-04,-8.810968014886304E-06,2.464935716723575E-04
6.248886796602936E-05,-2.371707563961233E-05,-9.632645390072628E-05,2.329237643698641E-04,-8.310499765546211E-06,2.485329144791297E-04
6.265016059170393E-05,-2.372267280867353E-05,-9.615315373050546E-05,2.315981166946851E-04,-7.809209190839705E-06,2.505714425947599E-04
6.281053078927669E-05,-2.372792157066849E-05,-9.597843818954812E-05,2.302671652682370E-04,-7.307085631866229E-06,2.526091874300752E-04
6.296997486267940E-05,-2.373282134341245E-05,-9.580230781091084E-05,2.289308728346685E-04,-6.804118351964308E-06,2.546461803323331E-04
6.312848908980054E-05,-2.373737153723725E-05,-9.562476310590272E-05,2.275892016442458E-04,-6.300296535402078E-06,2.566824525873742E-04
6.328606972214031E-05,-2.374157155493597E-05,-9.544580456412730E-05,2.262421134474340E-04,-5.795609286048915E-06,2.587180354217550E-04
6.344271298446143E-05,-2.374542079170661E-05,-9.526543265352298E-05,2.248895694888543E-04,-5.290045626027739E-06,2.607529600048611E-04
6.359841507443575E-05,-2.374891863509489E-05,-9.508364782040199E-05,2.235315305011144E-04,-4.783594494347609E-06,2.627872574510001E-04
6.375317216228650E-05,-2.375206446493600E-05,-9.490045048948792E-05,2.221679566985103E-04,-4.276244745516172E-06,2.648209588214755E-04
6.390698039042612E-05,-2.375485765329550E-05,-9.471584106395184E-05,2.207988077705970E-04,-3.767985148131555E-06,2.668540951266401E-04
6.405983587308959E-05,-2.375729756440906E-05,-9.452981992544695E-05,2.194240428756259E-04,-3.258804383453256E-06,2.688866973279304E-04
6.421173469596314E-05,-2.375938355462143E-05,-9.434238743414183E-05,2.180436206338460E-04,-2.748691043951584E-06,2.709187963398815E-04
6.436267291580829E-05,-2.376111497232418E-05,-9.415354392875238E-05,2.166574991206666E-04,-2.237633631835215E-06,2.729504230321220E-04
6.451264656008108E-05,-2.376249115789252E-05,-9.396328972657224E-05,2.152656358596787E-04,-1.725620557556366E-06,2.749816082313501E-04
6.466165162654635E-05,-2.376351144362108E-05,-9.377162512350199E-05,2.138679878155330E-04,-1.212640138293140E-06,2.770123827232896E-04
6.480968408288713E-05,-2.376417515365859E-05,-9.357855039407689E-05,2.124645113866708E-04,-6.986805964085429E-07,2.790427772546269E-04
6.495673986630884E-05,-2.376448160394149E-05,-9.338406579149331E-05,2.110551623979057E-04,-1.837300578856713E-07,2.810728225349279E-04
6.510281488313833E-05,-2.376443010212643E-05,-9.318817154763392E-05,2.096398960928531E-04,3.322234492614252E-07,2.831025492385363E-04
6.524790500841758E-05,-2.376401994752173E-05,-9.299086787309141E-05,2.082186671262040E-04,8.491919966017368E-07,2.851319880064512E-04
6.539200608549202E-05,-2.376325043101761E-05,-9.279215495719106E-05,2.067914295558408E-04,1.367187756926672E-06,2.871611694481855E-04
6.553511392559327E-05,-2.376212083501532E-05,-9.259203296801193E-05,2.053581368347912E-04,1.886223005915359E-06,2.891901241436047E-04
6.567722430741629E-05,-2.376063043335514E-05,-9.239050205240682E-05,2.039187418030174E-04,2.406310123826440E-06,2.912188826447450E-04
6.581833297669071E-05,-2.375877849124313E-05,-9.218756233602102E-05,2.024731966790373E-04,2.927461597216910E-06,2.932474754776123E-04
6.595843564574633E-05,-2.375656426517672E-05,-9.198321392330969E-05,2.010214530513741E-04,3.449690020688597E-06,2.952759331439601E-04
6.609752799307261E-05,-2.375398700286906E-05,-9.177745689755414E-05,1.995634618698308E-04,3.973008098662875E-06,2.973042861230474E-04
6.623560566287201E-05,-2.375104594317213E-05,-9.157029132087684E-05,1.980991734365861E-04,4.497428647184219E-06,2.993325648733760E-04
6.637266426460714E-05,-2.374774031599860E-05,-9.136171723425522E-05,1.966285373971077E-04,5.022964595753223E-06,3.013607998344063E-04
6.650869937254146E-05,-2.374406934224237E-05,-9.115173465753434E-05,1.951515027308801E-04,5.549628989189728E-06,3.033890214282532E-04
6.664370652527355E-05,-2.374003223369786E-05,-9.094034358943831E-05,1.936680177419419E-04,6.077434989526704E-06,3.054172600613595E-04
6.677768122526471E-05,-2.373562819297794E-05,-9.072754400758062E-05,1.921780300492287E-04,6.606395877935571E-06,3.074455461261477E-04
6.691061893835976E-05,-2.373085641343050E-05,-9.051333586847331E-05,1.906814865767185E-04,7.136525056683618E-06,3.094739100026507E-04
6.704251509330095E-05,-2.372571607905368E-05,-9.029771910753501E-05,1.891783335433745E-04,7.667836051124250E-06,3.115023820601194E-04
6.717336508123486E-05,-2.372020636440970E-05,-9.008069363909788E-05,1.876685164528812E-04,8.200342511720764E-06,3.135309926586072E-04
6.730316425521198E-05,-2.371432643453724E-05,-8.986225935641344E-05,1.861519800831689E-04,8.734058216104398E-06,3.155597721505327E-04
6.743190792967910E-05,-2.370807544486244E-05,-8.964241613165736E-05,1.846286684757226E-04,9.268997071167396E-06,3.175887508822173E-04
6.755959137996403E-05,-2.370145254110836E-05,-8.942116381593316E-05,1.830985249246714E-04,9.805173115191870E-06,3.196179591953999E-04
6.768620984175281E-05,-2.369445685920302E-05,-8.919850223927483E-05,1.815614919656506E-04,1.034260052001525E-05,3.216474274287268E-04
6.781175851055902E-05,-2.368708752518586E-05,-8.897443121064855E-05,1.800175113644357E-04,1.088129359323314E-05,3.236771859192160E-04
6.793623254118514E-05,-2.367934365511273E-05,-8.874895051795325E-05,1.784665241053391E-04,1.142126678044034E-05,3.257072650036968E-04
6.805962704717578E-05,-2.367122435495922E-05,-8.852205992802028E-05,1.769084703793678E-04,1.196253466751104E-05,3.277376950202226E-04
6.818193710026257E-05,-2.366272872052247E-05,-8.829375918661207E-05,1.753432895721336E-04,1.250511198291886E-05,3.297685063094574E-04
6.830315772980061E-05,-2.365385583732131E-05,-8.806404801841984E-05,1.737709202515132E-04,1.304901360009780E-05,3.317997292160343E-04
6.842328392219622E-05,-2.364460478049479E-05,-8.783292612706039E-05,1.721913001550499E-04,1.359425453984486E-05,3.338313940898861E-04
6.854231062032590E-05,-2.363497461469895E-05,-8.760039319507195E-05,1.706043661770926E-04,1.414084997276546E-05,3.358635312875472E-04
6.866023272294620E-05,-2.362496439400198E-05,-8.736644888390917E-05,1.690100543556661E-04,1.468881522176237E-05,3.378961711734258E-04
6.877704508409441E-05,-2.361457316177751E-05,-8.713109283393722E-05,1.674082998590656E-04,1.523816576456942E-05,3.399293441210453E-04
6.889274251247989E-05,-2.360379995059629E-05,-8.689432466442501E-05,1.657990369721698E-04,1.578891723633070E-05,3.419630805142547E-04
6.900731977086571E-05,-2.359264378211589E-05,-8.665614397353765E-05,1.641821990824659E-04,1.634108543222656E-05,3.439974107484068E-04
6.912077157544053E-05,-2.358110366696865E-05,-8.641655033832802E-05,1.625577186657797E-04,1.689468631014728E-05,3.460323652315029E-04
6.923309259518047E-05,-2.356917860464778E-05,-8.617554331472762E-05,1.609255272717037E-04,1.744973599341557E-05,3.480679743853034E-04
6.934427745120075E-05,-2.355686758339150E-05,-8.593312243753665E-05,1.592855555087170E-04,1.800625077355906E-05,3.501042686464039E-04
6.945432071609686E-05,-2.354416958006523E-05,-8.568928722041332E-05,1.576377330289884E-04,1.856424711313378E-05,3.521412784672734E-04
6.956321691327509E-05,-2.353108356004186E-05,-8.544403715586250E-05,1.559819885128563E-04,1.912374164859999E-05,3.541790343172570E-04
6.967096051627219E-05,-2.351760847707994E-05,-8.519737171522365E-05,1.543182496529769E-04,1.968475119325143E-05,3.562175666835380E-04
6.977754594806382E-05,-2.350374327319986E-05,-8.494929034865811E-05,1.526464431381335E-04,2.024729274019926E-05,3.582569060720614E-04
6.988296758036178E-05,-2.348948687855794E-05,-8.469979248513576E-05,1.509664946366984E-04,2.081138346541198E-05,3.602970830084154E-04
6.998721973289945E-05,-2.347483821131835E-05,-8.444887753242110E-05,1.492783287797381E-04,2.137704073081262E-05,3.623381280386706E-04
7.009029667270554E-05,-2.345979617752288E-05,-8.419654487705874E-05,1.475818691437556E-04,2.194428208743448E-05,3.643800717301744E-04
7.019219261336563E-05,-2.344435967095851E-05,-8.394279388435834E-05,1.458770382330578E-04,2.251312527863692E-05,3.664229446723009E-04
7.029290171427135E-05,-2.342852757302274E-05,-8.368762389837912E-05,1.441637574617413E-04,2.308358824338245E-05,3.684667774771519E-04
7.039241807985691E-05,-2.341229875258654E-05,-8.343103424191377E-05,1.424419471352864E-04,2.365568911957666E-05,3.705116007802105E-04
7.049073575882275E-05,-2.339567206585509E-05,-8.317302421647209E-05,1.407115264317486E-04,2.422944624747243E-05,3.725574452409432E-04
7.058784874334597E-05,-2.337864635622599E-05,-8.291359310226407E-05,1.389724133825400E-04,2.480487817314001E-05,3.746043415433491E-04
7.068375096827718E-05,-2.336122045414515E-05,-8.265274015818270E-05,1.372245248527876E-04,2.538200365200439E-05,3.766523203964558E-04
7.077843631032371E-05,-2.334339317696015E-05,-8.239046462178645E-05,1.354677765212600E-04,2.596084165245170E-05,3.787014125347574E-04
7.087189858721863E-05,-2.332516332877107E-05,-8.212676570928143E-05,1.337020828598505E-04,2.654141135950625E-05,3.807516487185953E-04
7.096413155687538E-05,-2.330652970027874E-05,-8.186164261550335E-05,1.319273571126064E-04,2.712373217857983E-05,3.828030597344772E-04
7.105512891652766E-05,-2.328749106863041E-05,-8.159509451389921E-05,1.301435112742918E-04,2.770782373929509E-05,3.848556763953339E-04
7.114488430185437E-05,-2.326804619726263E-05,-8.132712055650893E-05,1.283504560684726E-04,2.829370589938474E-05,3.869095295407098E-04
7.123339128608897E-05,-2.324819383574155E-05,-8.105771987394680E-05,1.265481009251121E-04,2.888139874866843E-05,3.889646500368863E-04
7.132064337911332E-05,-2.322793271960027E-05,-8.078689157538287E-05,1.247363539576635E-04,2.947092261310917E-05,3.910210687769341E-04
7.140663402653529E-05,-2.320726157017345E-05,-8.051463474852441E-05,1.229151219396470E-04,3.006229805895116E-05,3.930788166806927E-04
7.149135660874995E-05,-2.318617909442900E-05,-8.024094845959728E-05,1.210843102806978E-04,3.065554589694121E-05,3.951379246946731E-04
7.157480443998399E-05,-2.316468398479677E-05,-7.996583175332750E-05,1.192438230020723E-04,3.125068718663556E-05,3.971984237918825E-04
7.165697076732288E-05,-2.314277491899425E-05,-7.968928365292294E-05,1.173935627115961E-04,3.184774324079433E-05,3.992603449715657E-04
7.173784876972048E-05,-2.312045055984922E-05,-7.941130316005518E-05,1.155334305780415E-04,3.244673562986577E-05,4.013237192588615E-04
7.181743155699058E-05,-2.309770955511915E-05,-7.913188925484173E-05,1.136633263049185E-04,3.304768618656241E-05,4.033885777043708E-04
7.189571216878016E-05,-2.307455053730752E-05,-7.885104089582846E-05,1.117831481036631E-04,3.365061701053151E-05,4.054549513836314E-04
7.197268357352366E-05,-2.305097212347675E-05,-7.856875701997255E-05,1.098927926662083E-04,3.425555047312213E-05,4.075228713964976E-04
7.204833866737813E-05,-2.302697291505786E-05,-7.828503654262579E-05,1.079921551369200E-04,3.486250922225114E-05,4.095923688664192E-04
7.212267027313854E-05,-2.300255149765670E-05,-7.799987835751854E-05,1.060811290838816E-04,3.547151618737080E-05,4.116634749396172E-04
7.219567113913303E-05,-2.297770644085664E-05,-7.771328133674418E-05,1.041596064695098E-04,3.608259458454026E-05,4.137362207841508E-04
7.226733393809743E-05,-2.295243629801781E-05,-7.742524433074431E-05,1.022274776204823E-04,3.669576792160380E-05,4.158106375888722E-04
7.233765126602867E-05,-2.292673960607257E-05,-7.713576616829475E-05,1.002846311969607E-04,3.731106000347842E-05,4.178867565622642E-04
7.240661564101663E-05,-2.290061488531742E-05,-7.684484565649229E-05,9.833095416108766E-05,3.792849493755345E-05,4.199646089311559E-04
7.247421950205375E-05,-2.287406063920096E-05,-7.655248158074246E-05,9.636633174473922E-05,3.854809713920529E-05,4.220442259393114E-04
7.254045520782211E-05,-2.284707535410812E-05,-7.625867270474831E-05,9.439064741651175E-05,3.916989133742988E-05,4.241256388458865E-04
7.260531503545715E-05,-2.281965749914037E-05,-7.596341777050025E-05,9.240378284792220E-05,3.979390258059626E-05,4.262088789237474E-04
7.266879117928781E-05,-2.279180552589187E-05,-7.566671549826721E-05,9.040561787879994E-05,4.042015624232405E-05,4.282939774576469E-04
7.273087574955221E-05,-2.276351786822156E-05,-7.536856458658903E-05,8.839603048184761E-05,4.104867802748826E-05,4.303809657422507E-04
7.279156077108854E-05,-2.273479294202095E-05,-7.506896371227031E-05,8.637489672634778E-05,4.167949397835454E-05,4.324698750800080E-04
7.285083818200030E-05,-2.270562914497772E-05,-7.476791153037580E-05,8.434209074099130E-05,4.231263048084842E-05,4.345607367788611E-04
7.290869983229561E-05,-2.267602485633480E-05,-7.446540667422741E-05,8.229748467580264E-05,4.294811427096195E-05,4.366535821497855E-04
7.296513748249956E-05,-2.264597843664502E-05,-7.416144775540305E-05,8.024094866313663E-05,4.358597244130131E-05,4.387484425041542E-04
7.302014280223924E-05,-2.261548822752113E-05,-7.385603336373724E-05,7.817235077771999E-05,4.422623244777918E-05,4.408453491509188E-04
7.307370736880075E-05,-2.258455255138117E-05,-7.354916206732394E-05,7.609155699571054E-05,4.486892211645558E-05,4.429443333936002E-04
7.312582266565725E-05,-2.255316971118898E-05,-7.324083241252132E-05,7.399843115274573E-05,4.551406965053120E-05,4.450454265270795E-04
7.317648008096769E-05,-2.252133799018981E-05,-7.293104292395899E-05,7.189283490095135E-05,4.616170363749718E-05,4.471486598341815E-04
7.322567090604522E-05,-2.248905565164097E-05,-7.261979210454761E-05,6.977462766488028E-05,4.681185305644558E-05,4.492540645820423E-04
7.327338633379467E-05,-2.245632093853725E-05,-7.230707843549111E-05,6.764366659635021E-05,4.746454728554476E-05,4.513616720182509E-04
7.331961745711821E-05,-2.242313207333116E-05,-7.199290037630164E-05,6.549980652814796E-05,4.811981610968417E-05,4.534715133667558E-04
7.336435526728855E-05,-2.238948725764780E-05,-7.167725636481756E-05,6.334289992656734E-05,4.877768972829305E-05,4.555836198235262E-04
7.340759065228869E-05,-2.235538467199416E-05,-7.136014481722437E-05,6.117279684274593E-05,4.943819876333773E-05,4.576980225519573E-04
7.344931439511745E-05,-2.232082247546294E-05,-7.104156412807902E-05,5.898934486276529E-05,5.010137426750246E-05,4.598147526780091E-04
7.348951717206000E-05,-2.228579880543047E-05,-7.072151267033771E-05,5.679238905647785E-05,5.076724773255861E-05,4.619338412850665E-04
7.352818955092226E-05,-2.225031177724888E-05,-7.039998879538730E-05,5.458177192502223E-05,5.143585109792753E-05,4.640553194085089E-04
7.356532198922851E-05,-2.221435948393220E-05,-7.007699083308061E-05,5.235733334698781E-05,5.210721675944234E-05,4.661792180299769E-04
7.360090483238104E-05,-2.217793999583624E-05,-6.975251709177585E-05,5.011891052318767E-05,5.278137757831398E-05,4.683055680713230E-04
7.363492831178104E-05,-2.214105136033234E-05,-6.942656585838029E-05,4.786633791999772E-05,5.345836689030741E-05,4.704344003882317E-04
7.366738254290953E-05,-2.210369160147448E-05,-6.909913539839857E-05,4.559944721121849E-05,5.413821851513356E-05,4.725657457634958E-04
7.369825752336748E-05,-2.206585871965993E-05,-6.877022395598575E-05,4.331806721841428E-05,5.482096676606313E-05,4.746996348999329E-04
7.372754313087392E-05,-2.202755069128309E-05,-6.843982975400537E-05,4.102202384968295E-05,5.550664645976840E-05,4.768360984129261E-04
7.375522912122099E-05,-2.198876546838239E-05,-6.810795099409295E-05,3.871114003680793E-05,5.619529292639949E-05,4.789751668225737E-04
7.378130512618468E-05,-2.194950097828021E-05,-6.777458585672492E-05,3.638523567074228E-05,5.688694201990153E-05,4.811168705454290E-04
7.380576065139034E-05,-2.190975512321538E-05,-6.743973250129359E-05,3.404412753537288E-05,5.758163012857972E-05,4.832612398858131E-04
7.382858507413142E-05,-2.186952577996846E-05,-6.710338906618818E-05,3.168762923951085E-05,5.827939418591916E-05,4.854083050266811E-04
7.384976764114042E-05,-2.182881079947921E-05,-6.676555366888244E-05,2.931555114705263E-05,5.898027168166667E-05,4.875580960200226E-04
7.386929746631073E-05,-2.178760800645646E-05,-6.642622440602906E-05,2.692770030525373E-05,5.968430067318222E-05,4.897106427767750E-04
7.388716352836788E-05,-2.174591519897985E-05,-6.608539935356126E-05,2.452388037105547E-05,6.039151979706759E-05,4.918659750562276E-04
7.390335466848903E-05,-2.170373014809349E-05,-6.574307656680197E-05,2.210389153540253E-05,6.110196828108016E-05,4.940241224548949E-04
7.391785958786915E-05,-2.166105059739121E-05,-6.539925408058085E-05,1.966753044548702E-05,6.181568595634024E-05,4.961851143948337E-04
7.393066684523244E-05,-2.161787426259322E-05,-6.505392990935969E-05,1.721459012485237E-05,6.253271326984024E-05,4.983489801113798E-04
7.394176485428756E-05,-2.157419883111400E-05,-6.470710204736649E-05,1.474485989128779E-05,6.325309129726458E-05,5.005157486402781E-04
7.395114188112501E-05,-2.153002196162117E-05,-6.435876846873876E-05,1.225812527244167E-05,6.397686175612934E-05,5.026854488041774E-04
7.395878604155510E-05,-2.148534128358508E-05,-6.400892712767631E-05,9.754167919079355E-06,6.470406701925109E-05,5.048581091984628E-04
7.396468529838486E-05,-2.144015439681903E-05,-6.365757595860428E-05,7.232765515908083E-06,6.543475012855439E-05,5.070337581763939E-04
7.396882745863213E-05,-2.139445887100964E-05,-6.330471287634658E-05,4.693691689889044E-06,6.616895480922815E-05,5.092124238335180E-04
7.397120017067511E-05,-2.134825224523741E-05,-6.295033577631050E-05,2.136715915953226E-06,6.690672548424113E-05,5.113941339913240E-04
7.397179092133552E-05,-2.130153202748698E-05,-6.259444253468299E-05,-4.383965799652176E-07,6.764810728922708E-05,5.135789161801033E-04
7.397058703289336E-05,-2.125429569414691E-05,-6.223703100863898E-05,-3.031884920667764E-06,6.839314608775080E-05,5.157667976209797E-04
7.396757566003159E-05,-2.120654068949880E-05,-6.187809903656266E-05,-5.643992680295590E-06,6.914188848696628E-05,5.179578052070711E-04
7.396274378670838E-05,-2.115826442519538E-05,-6.151764443828198E-05,-8.274967989895611E-06,6.989438185367893E-05,5.201519654837413E-04
7.395607822295506E-05,-2.110946427972718E-05,-6.115566501531735E-05,-1.092506364604895E-05,7.065067433082379E-05,5.223493046279007E-04
7.394756560159758E-05,-2.106013759787782E-05,-6.079215855114494E-05,-1.359453722266622E-05,7.141081485437266E-05,5.245498484263099E-04
7.393719237489910E-05,-2.101028169016722E-05,-6.042712281147547E-05,-1.628365118605804E-05,7.217485317068283E-05,5.267536222528416E-04
7.392494481112158E-05,-2.095989383228268E-05,-6.006055554454913E-05,-1.899267301339356E-05,7.294283985430112E-05,5.289606510446490E-04
7.391080899100389E-05,-2.090897126449747E-05,-5.969245448144749E-05,-2.172187531466420E-05,7.371482632623703E-05,5.311709592771909E-04
7.389477080415395E-05,-2.085751119107651E-05,-5.932281733642312E-05,-2.447153595827438E-05,7.449086487271943E-05,5.333845709380591E-04
7.387681594535233E-05,-2.080551077966882E-05,-5.895164180724782E-05,-2.724193820038602E-05,7.527100866445172E-05,5.356015094995501E-04
7.385692991076477E-05,-2.075296716068655E-05,-5.857892557558040E-05,-3.003337081814860E-05,7.605531177638084E-05,5.378217978899220E-04
7.383509799406072E-05,-2.069987742666993E-05,-5.820466630735485E-05,-3.284612824695185E-05,7.684382920799603E-05,5.400454584632733E-04
7.381130528243512E-05,-2.064623863163811E-05,-5.782886165318990E-05,-3.568051072184381E-05,7.763661690417399E-05,5.422725129679769E-04
7.378553665253057E-05,-2.059204779042516E-05,-5.745150924882114E-05,-3.853682442326269E-05,7.843373177658732E-05,5.445029825136007E-04
7.375777676625665E-05,-2.053730187800111E-05,-5.707260671555649E-05,-4.141538162723711E-05,7.923523172569411E-05,5.467368875362398E-04
7.372801006650339E-05,-2.048199782877753E-05,-5.669215166075646E-05,-4.431650086021567E-05,8.004117566332675E-05,5.489742477621843E-04
7.369622077274559E-05,-2.042613253589709E-05,-5.631014167834018E-05,-4.724050705869331E-05,8.085162353589909E-05,5.512150821698410E-04
7.366239287653450E-05,-2.036970285050691E-05,-5.592657434931849E-05,-5.018773173380909E-05,8.166663634825145E-05,5.534594089498235E-04
7.362651013687346E-05,-2.031270558101507E-05,-5.554144724235545E-05,-5.315851314109721E-05,8.248627618815375E-05,5.557072454631200E-04
7.358855607547386E-05,-2.025513749232983E-05,-5.515475791435958E-05,-5.615319645558061E-05,8.331060625148780E-05,5.579586081972452E-04
7.354851397188748E-05,-2.019699530508122E-05,-5.476650391110626E-05,-5.917213395240467E-05,8.413969086813053E-05,5.602135127202745E-04
7.350636685851151E-05,-2.013827569482430E-05,-5.437668276789283E-05,-6.221568519321676E-05,8.497359552856054E-05,5.624719736326569E-04
7.346209751546204E-05,-2.007897529122376E-05,-5.398529201022795E-05,-6.528421721850621E-05,8.581238691121151E-05,5.647340045166937E-04
7.341568846531186E-05,-2.001909067721921E-05,-5.359232915455693E-05,-6.837810474612848E-05,8.665613291059638E-05,5.669996178835678E-04
7.336712196768814E-05,-1.995861838817073E-05,-5.319779170902465E-05,-7.149773037624687E-05,8.750490266622747E-05,5.692688251177984E-04
7.331638001372559E-05,-1.989755491098395E-05,-5.280167717427805E-05,-7.464348480293518E-05,8.835876659235845E-05,5.715416364189919E-04
7.326344432037013E-05,-1.983589668321426E-05,-5.240398304431004E-05,-7.781576703269550E-05,8.921779640857481E-05,5.738180607407506E-04
7.320829632452852E-05,-1.977364009214949E-05,-5.200470680734683E-05,-8.101498461015623E-05,9.008206517126091E-05,5.760981057265955E-04
7.315091717705853E-05,-1.971078147387034E-05,-5.160384594678089E-05,-8.424155385122699E-05,9.095164730597212E-05,5.783817776427483E-04
7.309128773659460E-05,-1.964731711228810E-05,-5.120139794215167E-05,-8.749590008399972E-05,9.182661864074211E-05,5.806690813076130E-04
7.302938856320341E-05,-1.958324323815883E-05,-5.079736027017654E-05,-9.077845789769751E-05,9.270705644035595E-05,5.829600200177837E-04
7.296519991186370E-05,-1.951855602807344E-05,-5.039173040583432E-05,-9.408967139998666E-05,9.359303944162134E-05,5.852545954704011E-04
7.289870172576438E-05,-1.945325160342291E-05,-4.998450582350408E-05,-9.742999448298137E-05,9.448464788967082E-05,5.875528076816646E-04
7.282987362941480E-05,-1.938732602933794E-05,-4.957568399816197E-05,-1.007998910982853E-04,9.538196357532953E-05,5.898546549012999E-04
7.275869492156081E-05,-1.932077531360223E-05,-4.916526240663877E-05,-1.041998355414300E-04,9.628506987358407E-05,5.921601335227690E-04
7.268514456789987E-05,-1.925359540553872E-05,-4.875323852894151E-05,-1.076303127460864E-04,9.719405178318931E-05,5.944692379889958E-04
7.260920119358837E-05,-1.918578219486785E-05,-4.833960984964208E-05,-1.110918185884428E-04,9.810899596745138E-05,5.967819606933713E-04
7.253084307553395E-05,-1.911733151053712E-05,-4.792437385933629E-05,-1.145848602021614E-04,9.902999079622651E-05,5.990982918757841E-04
7.245004813446524E-05,-1.904823911952106E-05,-4.750752805617702E-05,-1.181099563043433E-04,9.995712638917663E-05,6.014182195134098E-04
7.236679392677134E-05,-1.897850072559065E-05,-4.708906994748501E-05,-1.216676375329538E-04,1.008904946603243E-04,6.037417292059774E-04
7.228105763610287E-05,-1.890811196805144E-05,-4.666899705144141E-05,-1.252584467961783E-04,1.018301893639508E-04,6.060688040552123E-04
7.219281606472602E-05,-1.883706842044918E-05,-4.624730689886613E-05,-1.288829396342046E-04,1.027763061418837E-04,6.083994245381382E-04
7.210204562462106E-05,-1.876536558924226E-05,-4.582399703508637E-05,-1.325416845939472E-04,1.037289425722197E-04,6.107335683739035E-04
7.200872232831587E-05,-1.869299891243969E-05,-4.539906502190009E-05,-1.362352636172562E-04,1.046881982195338E-04,6.130712103837736E-04
7.191282177944502E-05,-1.861996375820375E-05,-4.497250843963903E-05,-1.399642724431798E-04,1.056541746866226E-04,6.154123223439134E-04
7.181431916302452E-05,-1.854625542341610E-05,-4.454432488933674E-05,-1.437293210248729E-04,1.066269756678378E-04,6.177568728305562E-04
7.171318923543176E-05,-1.847186913220637E-05,-4.411451199500680E-05,-1.475310339617780E-04,1.076067070040607E-04,6.201048270571365E-04
7.160940631407981E-05,-1.839680003444187E-05,-4.368306740603710E-05,-1.513700509477317E-04,1.085934767393762E-04,6.224561467029328E-04
7.150294426677481E-05,-1.832104320417747E-05,-4.324998879970616E-05,-1.552470272356819E-04,1.095873951795036E-04,6.248107897327420E-04
7.139377650074473E-05,-1.824459363806416E-05,-4.281527388382804E-05,-1.591626341197372E-04,1.105885749520452E-04,6.271687102070755E-04
7.128187595132700E-05,-1.816744625371520E-05,-4.237892039953237E-05,-1.631175594353023E-04,1.115971310686139E-04,6.295298580823364E-04
7.116721507030249E-05,-1.808959588802840E-05,-4.194092612418690E-05,-1.671125080780923E-04,1.126131809889049E-04,6.318941790004008E-04
7.104976581386214E-05,-1.801103729546324E-05,-4.150128887446995E-05,-1.711482025428592E-04,1.136368446867788E-04,6.342616140669937E-04
7.092949963019239E-05,-1.793176514627141E-05,-4.106000650960091E-05,-1.752253834827025E-04,1.146682447184237E-04,6.366320996182071E-04
7.080638744666487E-05,-1.785177402467919E-05,-4.061707693473716E-05,-1.793448102898846E-04,1.157075062926683E-04,6.390055669744683E-04
7.068039965661494E-05,-1.777105842702031E-05,-4.017249810454640E-05,-1.835072616991125E-04,1.167547573435203E-04,6.413819421812218E-04
7.055150610569314E-05,-1.768961275981762E-05,-3.972626802696395E-05,-1.877135364143021E-04,1.178101286050041E-04,6.437611457355392E-04
7.041967607777308E-05,-1.760743133781193E-05,-3.927838476714497E-05,-1.919644537598894E-04,1.188737536883784E-04,6.461430922978216E-04
7.028487828039801E-05,-1.752450838193645E-05,-3.882884645162239E-05,-1.962608543578088E-04,1.199457691618135E-04,6.485276903877035E-04
7.014708082974814E-05,-1.744083801723497E-05,-3.837765127268170E-05,-2.006036008313182E-04,1.210263146326112E-04,6.509148420632077E-04
7.000625123510945E-05,-1.735641427072200E-05,-3.792479749296473E-05,-2.049935785369098E-04,1.221155328320555E-04,6.533044425821388E-04
6.986235638282414E-05,-1.727123106918318E-05,-3.747028345031498E-05,-2.094316963256116E-04,1.232135697029794E-04,6.556963800446351E-04
6.971536251970176E-05,-1.718528223691373E-05,-3.701410756287811E-05,-2.139188873350527E-04,1.243205744901424E-04,6.580905350157233E-04
6.956523523586921E-05,-1.709856149339328E-05,-3.655626833447180E-05,-2.184561098137394E-04,1.254366998335088E-04,6.604867801266468E-04
6.941193944703676E-05,-1.701106245089485E-05,-3.609676436024027E-05,-2.230443479790640E-04,1.265621018645269E-04,6.628849796536497E-04
6.925543937615591E-05,-1.692277861202581E-05,-3.563559433260946E-05,-2.276846129106503E-04,1.276969403055036E-04,6.652849890728117E-04
6.909569853444432E-05,-1.683370336719890E-05,-3.517275704756016E-05,-2.323779434807275E-04,1.288413785721799E-04,6.676866545894296E-04
6.893267970175107E-05,-1.674382999203068E-05,-3.470825141123728E-05,-2.371254073233134E-04,1.299955838796068E-04,6.700898126403381E-04
6.876634490623501E-05,-1.665315164466547E-05,-3.424207644691452E-05,-2.419281018440852E-04,1.311597273514304E-04,6.724942893674492E-04
6.859665540332708E-05,-1.656166136302199E-05,-3.377423130233531E-05,-2.467871552729190E-04,1.323339841326930E-04,6.748999000606674E-04
6.842357165394617E-05,-1.646935206196059E-05,-3.330471525745163E-05,-2.517037277611879E-04,1.335185335062602E-04,6.773064485682095E-04
6.824705330193701E-05,-1.637621653036822E-05,-3.283352773258445E-05,-2.566790125260218E-04,1.347135590129858E-04,6.797137266722133E-04
6.806705915069622E-05,-1.628224742815865E-05,-3.236066829703034E-05,-2.617142370438578E-04,1.359192485757279E-04,6.821215134273706E-04
6.788354713895187E-05,-1.618743728318524E-05,-3.188613667814092E-05,-2.668106642957351E-04,1.371357946273316E-04,6.845295744601539E-04
6.769647431565945E-05,-1.609177848806335E-05,-3.140993277090348E-05,-2.719695940669282E-04,1.383633942426925E-04,6.869376612260280E-04
6.750579681397566E-05,-1.599526329689968E-05,-3.093205664805270E-05,-2.771923643036589E-04,1.396022492750181E-04,6.893455102218489E-04
6.731146982426943E-05,-1.589788382192536E-05,-3.045250857074581E-05,-2.824803525297777E-04,1.408525664964032E-04,6.917528421504412E-04
6.711344756612738E-05,-1.579963203003005E-05,-2.997128899983541E-05,-2.878349773264750E-04,1.421145577428346E-04,6.941593610341245E-04
6.691168325930894E-05,-1.570049973919363E-05,-2.948839860777665E-05,-2.932576998782503E-04,1.433884400637398E-04,6.965647532737141E-04
6.670612909360384E-05,-1.560047861481253E-05,-2.900383829120784E-05,-2.987500255885590E-04,1.446744358761927E-04,6.989686866492593E-04
6.649673619754246E-05,-1.549956016591722E-05,-2.851760918424644E-05,-3.043135057687454E-04,1.459727731238857E-04,7.013708092584986E-04
6.628345460590665E-05,-1.539773574127773E-05,-2.802971267254501E-05,-3.099497394040849E-04,1.472836854409739E-04,7.037707483887001E-04
6.606623322598633E-05,-1.529499652539359E-05,-2.754015040815520E-05,-3.156603750009749E-04,1.486074123208937E-04,7.061681093172229E-04
6.584501980252381E-05,-1.519133353436480E-05,-2.704892432525074E-05,-3.214471125195508E-04,1.499441992902487E-04,7.085624740357691E-04
6.561976088128510E-05,-1.508673761164028E-05,-2.655603665676456E-05,-3.273117053962528E-04,1.512942980878518E-04,7.109533998929035E-04
6.539040177119404E-05,-1.498119942364013E-05,-2.606148995199853E-05,-3.332559626611307E-04,1.526579668489988E-04,7.133404181489864E-04
6.515688650496170E-05,-1.487470945524812E-05,-2.556528709526904E-05,-3.392817511549601E-04,1.540354702950397E-04,7.157230324371998E-04
6.491915779813997E-05,-1.476725800517072E-05,-2.506743132565585E-05,-3.453909978515350E-04,1.554270799282995E-04,7.181007171238388E-04
6.467715700652426E-05,-1.465883518115877E-05,-2.456792625792670E-05,-3.515856922908241E-04,1.568330742323818E-04,7.204729155604866E-04
6.443082408182624E-05,-1.454943089508832E-05,-2.406677590471555E-05,-3.578678891290090E-04,1.582537388778716E-04,7.228390382200889E-04
6.418009752553339E-05,-1.443903485789666E-05,-2.356398470003803E-05,-3.642397108117839E-04,1.596893669334267E-04,7.251984607082880E-04
6.392491434086727E-05,-1.432763657436992E-05,-2.305955752423379E-05,-3.707033503776686E-04,1.611402590822238E-04,7.275505216406576E-04
6.366520998274791E-05,-1.421522533777855E-05,-2.255349973043264E-05,-3.772610743984923E-04,1.626067238436894E-04,7.298945203757010E-04
6.340091830566631E-05,-1.410179022435695E-05,-2.204581717264806E-05,-3.839152260646293E-04,1.640890778004116E-04,7.322297145926156E-04
6.313197150936193E-05,-1.398732008762384E-05,-2.153651623561028E-05,-3.906682284230147E-04,1.655876458300841E-04,7.345553177018988E-04
6.285830008219598E-05,-1.387180355253979E-05,-2.102560386645922E-05,-3.975225877764517E-04,1.671027613422835E-04,7.368704960758437E-04
6.257983274210557E-05,-1.375522900949878E-05,-2.051308760842731E-05,-4.044808972532184E-04,1.686347665198250E-04,7.391743660848572E-04
6.229649637501697E-05,-1.363758460815062E-05,-1.999897563665222E-05,-4.115458405565234E-04,1.701840125643724E-04,7.414659909243081E-04
6.200821597058989E-05,-1.351885825105145E-05,-1.948327679627068E-05,-4.187201959039179E-04,1.717508599459033E-04,7.437443772152714E-04
6.171491455515685E-05,-1.339903758713981E-05,-1.896600064295660E-05,-4.260068401673688E-04,1.733356786555421E-04,7.460084713610584E-04
6.141651312171467E-05,-1.327811000503610E-05,-1.844715748607979E-05,-4.334087532253257E-04,1.749388484611705E-04,7.482571556398120E-04
6.111293055681660E-05,-1.315606262616382E-05,-1.792675843467606E-05,-4.409290225387729E-04,1.765607591651094E-04,7.504892440116659E-04
6.080408356420524E-05,-1.303288229769132E-05,-1.740481544643473E-05,-4.485708479639522E-04,1.782018108630328E-04,7.527034776170177E-04
6.048988658501721E-05,-1.290855558529364E-05,-1.688134137992704E-05,-4.563375468151719E-04,1.798624142031191E-04,7.548985199403173E-04
6.017025171438107E-05,-1.278306876573468E-05,-1.635635005031712E-05,-4.642325591918761E-04,1.815429906442717E-04,7.570729516114103E-04
5.984508861421988E-05,-1.265640781927066E-05,-1.582985628881782E-05,-4.722594535849471E-04,1.832439727120361E-04,7.592252648138686E-04
5.951430442205892E-05,-1.252855842187717E-05,-1.530187600617561E-05,-4.804219327780383E-04,1.849658042506119E-04,7.613538572668737E-04
5.917780365562809E-05,-1.239950593730314E-05,-1.477242626049340E-05,-4.887238400605963E-04,1.867089406690937E-04,7.634570257440463E-04
5.883548811303634E-05,-1.226923540895638E-05,-1.424152532972633E-05,-4.971691657701148E-04,1.884738491797687E-04,7.655329590891184E-04
5.848725676828338E-05,-1.213773155162710E-05,-1.370919278921522E-05,-5.057620541820748E-04,1.902610090259553E-04,7.675797306844799E-04
5.813300566186025E-05,-1.200497874305770E-05,-1.317544959465390E-05,-5.145068107669525E-04,1.920709116964671E-04,7.695952903243524E-04
5.777262778617714E-05,-1.187096101536927E-05,-1.264031817092215E-05,-5.234079098346206E-04,1.939040611233307E-04,7.715774554396130E-04
5.740601296554182E-05,-1.173566204635759E-05,-1.210382250725428E-05,-5.324700025874085E-04,1.957609738588655E-04,7.735239016160461E-04
5.703304773039750E-05,-1.159906515067476E-05,-1.156598825925593E-05,-5.416979256040254E-04,1.976421792276328E-04,7.754321523419913E-04
5.665361518551269E-05,-1.146115327091538E-05,-1.102684285832841E-05,-5.510967097774596E-04,1.995482194480759E-04,7.772995679149067E-04
5.626759487179978E-05,-1.132190896863056E-05,-1.048641562911096E-05,-5.606715897308379E-04,2.014796497178877E-04,7.791233334292059E-04
5.587486262142156E-05,-1.118131441529718E-05,-9.944737915608470E-06,-5.704280137360335E-04,2.034370382562347E-04,7.809004457597755E-04
5.547529040582802E-05,-1.103935138327503E-05,-9.401843216734093E-06,-5.803716541605215E-04,2.054209662949344E-04,7.826276994467288E-04
5.506874617634739E-05,-1.089600123679049E-05,-8.857767332065533E-06,-5.905084184685609E-04,2.074320280094861E-04,7.843016713771091E-04
5.465509369693731E-05,-1.075124492299183E-05,-8.312548518689779E-06,-6.008444608031928E-04,2.094708303794921E-04,7.859187041482876E-04
5.423419236868361E-05,-1.060506296312957E-05,-7.766227660095290E-06,-6.113861941757212E-04,2.115379929664259E-04,7.874748879855811E-04
5.380589704561554E-05,-1.045743544392361E-05,-7.218848448163794E-06,-6.221403032892318E-04,2.136341475948972E-04,7.889660410729787E-04
5.337005784138801E-05,-1.030834200918996E-05,-6.670457579417080E-06,-6.331137580222170E-04,2.157599379214731E-04,7.903876881406528E-04
5.292651992636375E-05,-1.015776185181106E-05,-6.121104966788483E-06,-6.443138275974118E-04,2.179160188727156E-04,7.917350371359283E-04
5.247512331461120E-05,-1.000567370614776E-05,-5.570843968315606E-06,-6.557480954593910E-04,2.201030559313182E-04,7.930029537853875E-04
5.201570264031840E-05,-9.852055841006840E-06,-5.019731634291640E-06,-6.674244748821836E-04,2.223217242460315E-04,7.941859338345365E-04
5.154808692310942E-05,-9.696886053295670E-06,-4.467828974569033E-06,-6.793512253249378E-04,2.245727075373675E-04,7.952780727276778E-04
5.107209932173890E-05,-9.540141662517013E-06,-3.915201247883183E-06,-6.915369695493199E-04,2.268566967668081E-04,7.962730324640040E-04
5.058755687563248E-05,-9.381799506280664E-06,-3.361918275257304E-06,-7.039907115065670E-04,2.291743885323011E-04,7.971640053360909E-04
5.009427023373807E-05,-9.221835937036633E-06,-2.808054779765050E-06,-7.167218549946304E-04,2.315264831471079E-04,7.979436742235301E-04
4.959204337015572E-05,-9.060226820266527E-06,-2.253690755167521E-06,-7.297402230762388E-04,2.339136823524468E-04,7.986041690769440E-04
4.908067328602423E-05,-8.896947534406857E-06,-1.698911866208897E-06,-7.430560782365162E-04,2.363366866066854E-04,7.991370191855697E-04
4.855994969716286E-05,-8.731972972820739E-06,-1.143809883653517E-06,-7.566801432434088E-04,2.387961918849246E-04,7.995331007744201E-04
4.802965470699804E-05,-8.565277548183926E-06,-5.884831574805380E-07,-7.706236226549265E-04,2.412928859124507E-04,7.997825794240984E-04
4.748956246435237E-05,-8.396835199708309E-06,-3.303713202454043E-08,-7.848982248932062E-04,2.438274437434935E-04,7.998748467469577E-04
4.693943880573831E-05,-8.226619403692299E-06,5.224150927335777E-07,-7.995161847756367E-04,2.464005225827053E-04,7.997984506866960E-04
4.637904088188776E-05,-8.054603187964226E-06,1.077752149056137E-06,-8.144902863564561E-04,2.490127557304612E-04,7.995410187337971E-04
4.580811676836576E-05,-7.880759150873928E-06,1.632843733329465E-06,-8.298338858868164E-04,2.516647455140490E-04,7.990891732655595E-04
4.522640506026837E-05,-7.705059485590984E-06,2.187549876165357E-06,-8.455609346454121E-04,2.543570550446344E-04,7.984284381257886E-04
4.463363445120030E-05,-7.527476010587998E-06,2.741720144302430E-06,-8.616860013231037E-04,2.570901986139830E-04,7.975431354545020E-04
4.402952329697572E-05,-7.347980207326744E-06,3.295192767159443E-06,-8.782242935607426E-04,2.598646305146733E-04,7.964162716611033E-04
4.341377916479879E-05,-7.166543266327136E-06,3.847793680079854E-06,-8.951916781362205E-04,2.626807320321857E-04,7.950294113042672E-04
4.278609836907252E-05,-6.983136142987687E-06,4.399335475398646E-06,-9.126046991704793E-04,2.655387963159221E-04,7.933625374971426E-04
4.214616549547464E-05,-6.797729624745896E-06,4.949616251448478E-06,-9.304805935677827E-04,2.684390107878724E-04,7.913938972963646E-04
4.149365291554676E-05,-6.610294411423146E-06,5.498418348491454E-06,-9.488373027168250E-04,2.713814366910998E-04,7.890998303569152E-04
4.082822029479692E-05,-6.420801210897305E-06,6.045506959303572E-06,-9.676934792487506E-04,2.743659853140635E-04,7.864545789415068E-04
4.014951409824610E-05,-6.229220852594621E-06,6.590628600739591E-06,-9.870684873667809E-04,2.773923903494215E-04,7.834300771628194E-04
3.945716709849575E-05,-6.035524421699042E-06,7.133509431054842E-06,-1.006982394918842E-03,2.804601757554931E-04,7.799957171102601E-04
3.875079789280412E-05,-5.839683417451573E-06,7.673853396046768E-06,-1.027455954965923E-03,2.835686183828676E-04,7.761180892717346E-04
3.803001043739088E-05,-5.641669939466225E-06,8.211340185193583E-06,-1.048510574088658E-03,2.867167045053048E-04,7.717606944086109E-04
3.729439360931333E-05,-5.441456906635516E-06,8.745622976904592E-06,-1.070168264053129E-03,2.899030792503629E-04,7.668836237843316E-04
3.654352080885809E-05,-5.239018313952705E-06,9.276325949755414E-06,-1.092451572700592E-03,2.931259877581038E-04,7.614432043929042E-04
3.577694961857260E-05,-5.034329533457178E-06,9.803041534168507E-06,-1.115383489006354E-03,2.963832067025366E-04,7.553916055962067E-04
3.499422153894633E-05,-4.827367666533414E-06,1.032532737643306E-05,-1.138987316136696E-03,2.996719645867736E-04,7.486764033782983E-04
3.419486182549206E-05,-4.618111955984652E-06,1.084270298427312E-05,-1.163286504979676E-03,3.029888489658473E-04,7.412400982888026E-04
3.337837945775262E-05,-4.406544267684069E-06,1.135464602042657E-05,-1.188304438989193E-03,3.063296984577175E-04,7.330195831155445E-04
3.254426727778463E-05,-4.192649653205060E-06,1.186058820798081E-05,-1.214064159207975E-03,3.096894770709223E-04,7.239455564540740E-04
3.169200234420127E-05,-3.976417006675263E-06,1.235991080865931E-05,-1.240588015963154E-03,3.130621280057728E-04,7.139418787044474E-04
3.082104655819210E-05,-3.757839831213466E-06,1.285193963306421E-05,-1.267897230890391E-03,3.164404036766837E-04,7.029248677272679E-04
2.993084763042641E-05,-3.536917132718712E-06,1.333593954033506E-05,-1.296011349567627E-03,3.198156682619348E-04,6.908025325716877E-04
2.902084047278645E-05,-3.313654461505550E-06,1.381110838417850E-05,-1.324947561056175E-03,3.231776686260125E-04,6.774737455358078E-04
2.809044911691251E-05,-3.088065125325076E-06,1.427657036330231E-05,-1.354719855992030E-03,3.265142690003378E-04,6.628273555844737E-04
2.713908928305659E-05,-2.860171600665733E-06,1.473136873769750E-05,-1.385337989501960E-03,3.298111443864744E-04,6.467412501595065E-04
2.616617174823320E-05,-2.630007172846341E-06,1.517445787895947E-05,-1.416806209137581E-03,3.330514273180351E-04,6.290813781003473E-04
2.517110669259988E-05,-2.397617839203828E-06,1.560469463426876E-05,-1.449121701300871E-03,3.362153024687678E-04,6.097007542971796E-04
2.415330923777978E-05,-2.163064513474232E-06,1.602082900153734E-05,-1.482272702474434E-03,3.392795437505033E-04,5.884384775149049E-04
2.311220643063703E-05,-1.926425572996761E-06,1.642149413987578E-05,-1.516236214361326E-03,3.422169891870371E-04,5.651188074065147E-04
2.204724597064922E-05,-1.687799793215605E-06,1.680519577790779E-05,-1.550975255470124E-03,3.449959502339111E-04,5.395503660960616E-04
2.095790702768453E-05,-1.447309715482169E-06,1.717030113626945E-05,-1.586435576875020E-03,3.475795546909587E-04,5.115255550175796E-04
1.984371354789692E-05,-1.205105493456081E-06,1.751502755443694E-05,-1.622541768584664E-03,3.499250263960067E-04,4.808203101862876E-04
1.870425049531437E-05,-9.613692591759952E-07,1.783743111123409E-05,-1.659192687775025E-03,3.519829111081147E-04,4.471943599156153E-04
1.753918352003815E-05,-7.163200403500949E-07,1.813539565908543E-05,-1.696256154829775E-03,3.536962671551285E-04,4.103921989790119E-04
1.634828257223347E-05,-4.702192432465663E-07,1.840662286070597E-05,-1.733562892871902E-03,3.549998524427267E-04,3.701450522969837E-04
1.513144998154113E-05,-2.233766877260997E-07,1.864862402930898E-05,-1.770899738118070E-03,3.558193572904801E-04,3.261741677199085E-04
1.388875347608309E-05,2.384286124429224E-08,1.885871483335911E-05,-1.808002230501554E-03,3.560707561974633E-04,2.781958468876320E-04
1.262046449934671E-05,2.710127820600267E-07,1.903401423364572E-05,-1.844546816432044E-03,3.556598816152408E-04,2.259286865778683E-04
1.132710196543957E-05,5.176375051720829E-07,1.917144936496113E-05,-1.880143068150813E-03,3.544823588473903E-04,1.691035450799049E-04
1.000948123589955E-05,7.631455526827096E-07,1.926776843439681E-05,-1.914326554120270E-03,3.524240814363758E-04,1.074767450442573E-04
8.668767563999412E-06,1.006883158159173E-06,1.931956404059724E-05,-1.946553282169051E-03,3.493624463465451E-04,4.084694189694464E-05
7.306532499479712E-06,1.248109079974818E-06,1.932330955344153E-05,-1.976196967116496E-03,3.451685995597692E-04,-3.092411861769190E-05
5.924810759928731E-06,1.485991400527441E-06,1.927541122899587E-05,-2.002550708727591E-03,3.397109520725682E-04,-1.078871081305180E-04
4.526153874785587E-06,1.719607276385844E-06,1.917227843464872E-05,-2.024834931296267E-03,3.328601951840265E-04,-1.899776363931630E-04
3.113675578929582E-06,1.947946735085954E-06,1.901041356656542E-05,-2.042213519325504E-03,3.244959502327963E-04,-2.769873577009255E-04
1.691082651983086E-06,2.169921651907459E-06,1.878652180570411E-05,-2.053819834975756E-03,3.145150107177315E-04,-3.685362492238658E-04
2.626839534402972E-07,2.384380922006939E-06,1.849763868954184E-05,-2.058793562612564E-03,3.028408637479479E-04,-4.640497134859594E-04
-1.166629821964979E-06,2.590132507551059E-06,1.814127061939522E-05,-2.056327980720613E-03,2.894338264871040E-04,-5.627450210222448E-04
-2.591442225584663E-06,2.785972445346288E-06,1.771554013872431E-05,-2.045725329287252E-03,2.743007522147181E-04,-6.636319101659431E-04
-4.005907126826969E-06,2.970720057256153E-06,1.721932463426268E-05,-2.026455658801698E-03,2.575029430511481E-04,-7.655315089032781E-04
-5.403884958405831E-06,3.143257599468593E-06,1.665237479654066E-05,-1.998212415153078E-03,2.391607759437118E-04,-8.671158701991919E-04
-6.779114116939897E-06,3.302571589917980E-06,1.601539858551997E-05,-1.960956729174848E-03,2.194537225047096E-04,-9.669673607411281E-04
-8.125406904733377E-06,3.447792301744865E-06,1.531009825412942E-05,-1.914942622604826E-03,1.986149771674456E-04,-1.063653409029004E-03
-9.436854620060715E-06,3.578227641991338E-06,1.453915236210404E-05,-1.860717472220910E-03,1.769207444728792E-04,-1.155808620532583E-03
-1.070802371047489E-05,3.693388001851883E-06,1.370614112458742E-05,-1.799095858022340E-03,1.546751920833488E-04,-1.242214084320613E-03
-1.193412517567472E-05,3.792999662303293E-06,1.281542066160336E-05,-1.731109489050215E-03,1.321928907208163E-04,-1.321863639259421E-03
-1.311114276542075E-05,3.877005781099749E-06,1.187195816906444E-05,-1.657940008915563E-03,1.097809952113550E-04,-1.394009096750521E-03
-1.423591123110406E-05,3.945555558295937E-06,1.088114430366185E-05,-1.580843999240516E-03,8.772335245683538E-05,-1.458180318760371E-03
-1.530614261123300E-05,3.998983536679786E-06,9.848600377979025E-06,-1.501079850429574E-03,6.626820115340996E-05,-1.514180484650982E-03
-1.632040477403263E-05,4.037781885214450E-06,8.779996353799635E-06,-1.419844522185056E-03,4.562034099536370E-05,-1.562060653238437E-03
-1.727806105056755E-05,4.062568835248804E-06,7.680891871734544E-06,-1.338225314445357E-03,2.593783334935349E-05,-1.602080031187969E-03
-1.817918222632171E-05,4.074056243375129E-06,6.556607793152348E-06,-1.257168560899837E-03,7.332646706548039E-06,-1.634658980482469E-03
-1.902444249564840E-05,4.073018698303493E-06,5.412131045049634E-06,-1.177464430150583E-03,-1.012572144215381E-05,-1.660331035480306E-03
-1.981500972836890E-05,4.060265862972297E-06,4.252051721961965E-06,-1.099745203262197E-03,-2.640472801046935E-05,-1.679698621073483E-03
-2.055243822473758E-05,4.036619013884379E-06,3.080528772756145E-06,-1.024493555027185E-03,-4.150236429771354E-05,-1.693395344926627E-03
-2.123856966751950E-05,4.002892118556301E-06,1.901279192049199E-06,-9.520573160672727E-04,-5.544061774055340E-05,-1.702056101576728E-03
-2.187544567084176E-05,3.959877330722740E-06,7.175852309816875E-07,-8.826676494540519E-04,-6.825935789528612E-05,-1.706294993422376E-03
-2.246523342918910E-05,3.908334486492349E-06,-4.676855641753664E-07,-8.164582666682189E-04,-8.001096407763483E-05,-1.706690290784316E-03
-2.301016457428671E-05,3.848984029594141E-06,-1.652051980754098E-06,-7.534840314618778E-04,-9.075583265217078E-05,-1.703775261039388E-03
-2.351248642913895E-05,3.782502744964602E-06,-2.833386068303797E-06,-6.937379369348312E-04,-1.005587755824137E-04,-1.698033591285013E-03
-2.397442432557580E-05,3.709521701567070E-06,-4.009878132123493E-06,-6.371659395906291E-04,-1.094862436154164E-04,-1.689898203799119E-03
-2.439815342426178E-05,3.630625867523459E-06,-5.180001778008633E-06,-5.836794885263458E-04,-1.176042669885027E-04,-1.679752431906199E-03
-2.478577844977364E-05,3.546354941124958E-06,-6.342480346795882E-06,-5.331658168886312E-04,-1.249769925016160E-04,-1.667932724793380E-03
-2.513931985043805E-05,3.457205025250147E-06,-7.496255569049393E-06,-4.854961941698871E-04,-1.316656983681486E-04,-1.654732246038931E-03
-2.546070505529807E-05,3.363630851361772E-06,-8.640458890620133E-06,-4.405323998266420E-04,-1.377281799565954E-04,-1.640404902830765E-03
-2.575176368913257E-05,3.266048328153257E-06,-9.774385649098796E-06,-3.981316948530814E-04,-1.432184152108300E-04,-1.625169483812100E-03
-2.601422579575956E-05,3.164837247531921E-06,-1.089747209732609E-05,-3.581505565347238E-04,-1.481864349551678E-04,-1.609213693060734E-03
-2.624972229553672E-05,3.060344027141264E-06,-1.200927515240052E-05,-3.204474155271446E-04,-1.526783386320990E-04,-1.592697949366255E-03
-2.645978705802200E-05,2.952884405131908E-06,-1.310945467930549E-05,-2.848846021731609E-04,-1.567364094192065E-04,-1.575758878576938E-03
-2.664586010288309E-05,2.842746030859700E-06,-1.419775808310190E-05,-2.513296758355010E-04,-1.603992938536613E-04,-1.558512467315234E-03
-2.680929155185182E-05,2.730190916151480E-06,-1.527400697162941E-05,-2.196562799341945E-04,-1.637022201207255E-04,-1.541056873255768E-03
-2.695134604380016E-05,2.615457727155628E-06,-1.633808565369042E-05,-1.897446377784534E-04,-1.666772362672456E-04,-1.523474904110560E-03
-2.707320739650343E-05,2.498763907821053E-06,-1.738993124990134E-05,-1.614817806695995E-04,-1.693534550760595E-04,-1.505836187377364E-03
-2.717598335512894E-05,2.380307633751899E-06,-1.842952521070113E-05,-1.347615800761775E-04,-1.717572964807034E-04,-1.488199057981887E-03
-2.726071031157306E-05,2.260269600393989E-06,-1.945688605564087E-05,-1.094846396099424E-04,-1.739127214841095E-04,-1.470612192804602E-03
-2.732835791281309E-05,2.138814652874828E-06,-2.047206316823515E-05,-8.555808960313294E-05,-1.758414538040405E-04,-1.453116020890903E-03
-2.737983350245640E-05,2.016093266845526E-06,-2.147513150021158E-05,-6.289531681653011E-05,-1.775631870948414E-04,-1.435743936713579E-03
-2.741598635934069E-05,1.892242890743502E-06,-2.246618705729449E-05,-4.141565373186580E-05,-1.790957767445290E-04,-1.418523341745345E-03
-2.743761171174336E-05,1.767389160296859E-06,-2.344534305536726E-05,-2.104404558843743E-05,-1.804554160398260E-04,-1.401476537176337E-03
-2.744545451660607E-05,1.641646996037896E-06,-2.441272665084787E-05,-1.710708458110662E-06,-1.816567970233604E-04,-1.384621488115202E-03
-2.744021300105837E-05,1.515121594240354E-06,-2.536847616238715E-05,1.664921208050869E-05,-1.827132567083822E-04,-1.367972477188990E-03
-2.742254196913130E-05,1.387909321155358E-06,-2.631273871264292E-05,3.409597495128941E-05,-1.836369095208648E-04,-1.351540663190719E-03
-2.739305588043513E-05,1.260098519774803E-06,-2.724566822902033E-05,5.068556570444525E-05,-1.844387669468812E-04,-1.335334558356795E-03
-2.735233171016223E-05,1.131770237654409E-06,-2.816742375104564E-05,6.647000379636039E-05,-1.851288454043185E-04,-1.319360436005326E-03
-2.730091160139471E-05,1.002998883620279E-06,-2.907816799960651E-05,8.149763326133069E-05,-1.857162633539832E-04,-1.303622678629817E-03
-2.723930532160125E-05,8.738528204881966E-07,-2.997806616979341E-05,9.581339588729021E-05,-1.862093286316368E-04,-1.288124075109990E-03
-2.716799253559245E-05,7.443949002604742E-07,-3.086728491464874E-05,1.094590866407078E-04,-1.866156169307273E-04,-1.272866074456379E-03
-2.708742490721556E-05,6.146829476406273E-07,-3.174599149189831E-05,1.224735915346312E-04,-1.869420423034703E-04,-1.257849002429503E-03
-2.699802804182062E-05,4.847701971267208E-07,-3.261435304981341E-05,1.348931084436828E-04,-1.871949204810128E-04,-1.243072246448690E-03
-2.690020328110325E-05,3.547056884117832E-07,-3.347253603182932E-05,1.467513515755857E-04,-1.873800257454341E-04,-1.228534413411800E-03
-2.679432936138836E-05,2.245346243340765E-07,-3.432070568251349E-05,1.580797404373061E-04,-1.875026420197879E-04,-1.214233464367980E-03
-2.668076394580928E-05,9.429869517964354E-08,-3.515902564000755E-05,1.689075742055878E-04,-1.875676087788418E-04,-1.200166829405702E-03
-2.655984504019247E-05,-3.596362725801320E-08,-3.598765760222571E-05,1.792621924420929E-04,-1.875793623235541E-04,-1.186331505623829E-03
-2.643189230180328E-05,-1.662168228139458E-07,-3.680676105593369E-05,1.891691230943413E-04,-1.875419729071268E-04,-1.172724140632120E-03
-2.629720824946040E-05,-2.964280805572286E-07,-3.761649305940314E-05,1.986522187040362E-04,-1.874591781498571E-04,-1.159341103668849E-03
-2.615607938289783E-05,-4.265670784270103E-07,-3.841700807067736E-05,2.077337817108413E-04,-1.873344131339420E-04,-1.146178546117756E-03
-2.600877721865058E-05,-5.566057827171995E-07,-3.920845781462928E-05,2.164346796971770E-04,-1.871708375277177E-04,-1.133232452946604E-03
-2.585555924916976E-05,-6.865182654572602E-07,-3.999099118297063E-05,2.247744513717930E-04,-1.869713600512729E-04,-1.120498686368270E-03
-2.569666983133590E-05,-8.162805379413095E-07,-4.076475416220769E-05,2.327714040394067E-04,-1.867386605616880E-04,-1.107973022836797E-03
-2.553234101003841E-05,-9.458703988402708E-07,-4.152988978525413E-05,2.404427032524907E-04,-1.864752100059973E-04,-1.095651184330283E-03
-2.536279328202316E-05,-1.075267295494602E-06,-4.228653810302379E-05,2.478044552907016E-04,-1.861832884630455E-04,-1.083528864735596E-03
-2.518823630477910E-05,-1.204452197130211E-06,-4.303483617285051E-05,2.548717830643861E-04,-1.858650014713975E-04,-1.071601752033169E-03
-2.500886955483709E-05,-1.333407478869512E-06,-4.377491806103165E-05,2.616588959916986E-04,-1.855222948190819E-04,-1.059865546880520E-03
-2.482488293948811E-05,-1.462116815524931E-06,-4.450691485717716E-05,2.681791543544900E-04,-1.851569679519240E-04,-1.048315978108050E-03
-2.463645736559164E-05,-1.590565084265008E-06,-4.523095469837709E-05,2.744451285964854E-04,-1.847706861403115E-04,-1.036948815567966E-03
-2.444376526883688E-05,-1.718738275335072E-06,-4.594716280148402E-05,2.804686539884456E-04,-1.843649915292007E-04,-1.025759880714995E-03
-2.424697110653746E-05,-1.846623410096365E-06,-4.665566150205121E-05,2.862608810489958E-04,-1.839413131828137E-04,-1.014745055244292E-03
-2.404623181678145E-05,-1.974208465720729E-06,-4.735657029867694E-05,2.918323220765362E-04,-1.835009762236024E-04,-1.003900288066377E-03
-2.384169724652317E-05,-2.101482305943342E-06,-4.805000590168578E-05,2.971928941170201E-04,-1.830452101545073E-04,-9.932216008598202E-04
-2.363351055098715E-05,-2.228434617334526E-06,-4.873608228523290E-05,3.023519586642545E-04,-1.825751564441588E-04,-9.827050924088531E-04
-2.342180856655794E-05,-2.355055850603988E-06,-4.941491074205108E-05,3.073183583636088E-04,-1.820918754463281E-04,-9.723469419042798E-04
-2.320672215914942E-05,-2.481337166497765E-06,-5.008659994017517E-05,3.121004509664351E-04,-1.815963527175183E-04,-9.621434113613147E-04
-2.298837654988344E-05,-2.607270385890151E-06,-5.075125598107784E-05,3.167061407609714E-04,-1.810895047899803E-04,-9.520908472866797E-04
-2.276689161975743E-05,-2.732847943710614E-06,-5.140898245873581E-05,3.211429076858450E-04,-1.805721844515598E-04,-9.421856817089800E-04
-2.254238219484404E-05,-2.858062846379535E-06,-5.205988051921944E-05,3.254178343143760E-04,-1.800451855785419E-04,-9.324244326705985E-04
-2.231495831344079E-05,-2.982908632457010E-06,-5.270404892046169E-05,3.295376308815562E-04,-1.795092475629883E-04,-9.228037042657538E-04
-2.208472547647363E-05,-3.107379336236302E-06,-5.334158409191749E-05,3.335086585107106E-04,-1.789650593718933E-04,-9.133201862976444E-04
-2.185178488235417E-05,-3.231469454038141E-06,-5.397258019387101E-05,3.373369507833139E-04,-1.784132632717653E-04,-9.039706536174821E-04
-2.161623364739485E-05,-3.355173912984214E-06,-5.459712917618953E-05,3.410282337831097E-04,-1.778544582489139E-04,-8.947519651994891E-04
-2.137816501279926E-05,-3.478488042048183E-06,-5.521532083635681E-05,3.445879447344689E-04,-1.772892031527506E-04,-8.856610629983865E-04
-2.113766853916536E-05,-3.601407545200574E-06,-5.582724287664929E-05,3.480212493447139E-04,-1.767180195867495E-04,-8.766949706293850E-04
-2.089483028936604E-05,-3.723928476480169E-06,-5.643298096034415E-05,3.513330579508408E-04,-1.761413945693335E-04,-8.678507919050548E-04
-2.064973300060496E-05,-3.846047216839233E-06,-5.703261876687022E-05,3.545280405626165E-04,-1.755597829848153E-04,-8.591257092585741E-04
-2.040245624638444E-05,-3.967760452623205E-06,-5.762623804583189E-05,3.576106408863172E-04,-1.749736098426061E-04,-8.505169820786465E-04
-2.015307658906608E-05,-4.089065155557529E-06,-5.821391866985245E-05,3.605850894063607E-04,-1.743832723611866E-04,-8.420219449777237E-04
-1.990166772365323E-05,-4.209958564125212E-06,-5.879573868619705E-05,3.634554155956880E-04,-1.737891418917905E-04,-8.336380060120187E-04
-1.964830061337770E-05,-4.330438166228575E-06,-5.937177436714745E-05,3.662254593199204E-04,-1.731915656953598E-04,-8.253626448690603E-04
-1.939304361762939E-05,-4.450501683037653E-06,-5.994210025911080E-05,3.688988814950031E-04,-1.725908685850830E-04,-8.171934110361759E-04
-1.913596261272792E-05,-4.570147053935838E-06,-6.050678923045325E-05,3.714791740531939E-04,-1.719873544457008E-04,-8.091279219612473E-04
-1.887712110599898E-05,-4.689372422480781E-06,-6.106591251805643E-05,3.739696692678333E-04,-1.713813076397483E-04,-8.011638612153093E-04
-1.861658034358417E-05,-4.808176123305291E-06,-6.161953977260097E-05,3.763735484832859E-04,-1.707729943099895E-04,-7.932989766650365E-04
-1.835439941238251E-05,-4.926556669889119E-06,-6.216773910258634E-05,3.786938502927523E-04,-1.701626635864709E-04,-7.855310786618352E-04
-1.809063533649314E-05,-5.044512743138103E-06,-6.271057711710050E-05,3.809334782032758E-04,-1.695505487058765E-04,-7.778580382531195E-04
-1.782534316850257E-05,-5.162043180712237E-06,-6.324811896735643E-05,3.830952078241777E-04,-1.689368680501900E-04,-7.702777854203582E-04
-1.755857607593574E-05,-5.279146967048873E-06,-6.378042838701557E-05,3.851816936123345E-04,-1.683218261110585E-04,-7.627883073476348E-04
-1.729038542316769E-05,-5.395823224031541E-06,-6.430756773132019E-05,3.871954752051206E-04,-1.677056143857018E-04,-7.553876467237224E-04
-1.702082084907223E-05,-5.512071202258709E-06,-6.482959801505916E-05,3.891389833694718E-04,-1.670884122097046E-04,-7.480739000800502E-04
-1.674993034066502E-05,-5.627890272870383E-06,-6.534657894939242E-05,3.910145455933550E-04,-1.664703875315792E-04,-7.408452161663914E-04
-1.647776030298064E-05,-5.743279919893685E-06,-6.585856897756101E-05,3.928243913439351E-04,-1.658516976335690E-04,-7.336997943656424E-04
-1.620435562540746E-05,-5.858239733071522E-06,-6.636562530951010E-05,3.945706570149053E-04,-1.652324898027914E-04,-7.266358831486584E-04
-1.592975974468862E-05,-5.972769401141171E-06,-6.686780395545311E-05,3.962553905837687E-04,-1.646129019564754E-04,-7.196517785697790E-04
-1.565401470478398E-05,-6.086868705532133E-06,-6.736515975840525E-05,3.978805559983163E-04,-1.639930632247389E-04,-7.127458228033811E-04
-1.537716121377467E-05,-6.200537514454864E-06,-6.785774642571512E-05,3.994480373101323E-04,-1.633730944940702E-04,-7.059164027215556E-04
-1.509923869798021E-05,-6.313775777354133E-06,-6.834561655962275E-05,4.009596425716526E-04,-1.627531089144175E-04,-6.991619485127962E-04
-1.482028535344696E-05,-6.426583519702667E-06,-6.882882168687266E-05,4.024171075121055E-04,-1.621332123725592E-04,-6.924809323414149E-04
-1.454033819495643E-05,-6.538960838112533E-06,-6.930741228740990E-05,4.038220990065565E-04,-1.615135039342106E-04,-6.858718670472517E-04
-1.425943310269261E-05,-6.650907895743347E-06,-6.978143782218696E-05,4.051762183512664E-04,-1.608940762571281E-04,-6.793333048851302E-04
-1.397760486669829E-05,-6.762424917987888E-06,-7.025094676010896E-05,4.064810043576299E-04,-1.602750159772949E-04,-6.728638363034057E-04
-1.369488722924263E-05,-6.873512188417126E-06,-7.071598660414393E-05,4.077379362761016E-04,-1.596564040701055E-04,-6.664620887608780E-04
-1.341131292521401E-05,-6.984170044967889E-06,-7.117660391662460E-05,4.089484365607134E-04,-1.590383161883203E-04,-6.601267255812726E-04
-1.312691372064571E-05,-7.094398876357648E-06,-7.163284434376750E-05,4.101138734840561E-04,-1.584208229784226E-04,-6.538564448444458E-04
-1.284172044947473E-05,-7.204199118711920E-06,-7.208475263943458E-05,4.112355636119122E-04,-1.578039903768862E-04,-6.476499783134306E-04
-1.255576304862847E-05,-7.313571252390858E-06,-7.253237268816188E-05,4.123147741461009E-04,-1.571878798877450E-04,-6.415060903964101E-04
-1.226907059152779E-05,-7.422515799002467E-06,-7.297574752747918E-05,4.133527251435131E-04,-1.565725488427538E-04,-6.354235771426889E-04
-1.198167132008992E-05,-7.531033318590797E-06,-7.341491936954401E-05,4.143505916187764E-04,-1.559580506453295E-04,-6.294012652717175E-04
-1.169359267530959E-05,-7.639124406988230E-06,-7.384992962211252E-05,4.153095055374896E-04,-1.553444349993752E-04,-6.234380112342217E-04
-1.140486132649207E-05,-7.746789693321716E-06,-7.428081890886924E-05,4.162305577065072E-04,-1.547317481240067E-04,-6.175327003044868E-04
-1.111550319920746E-05,-7.854029837663509E-06,-7.470762708913703E-05,4.171147995673232E-04,-1.541200329551267E-04,-6.116842457028529E-04
-1.082554350203162E-05,-7.960845528817572E-06,-7.513039327698789E-05,4.179632448982095E-04,-1.535093293347230E-04,-6.058915877474831E-04
-1.053500675213519E-05,-8.067237482233415E-06,-7.554915585977458E-05,4.187768714303926E-04,-1.528996741887019E-04,-6.001536930344798E-04
-1.024391679977865E-05,-8.173206438039666E-06,-7.596395251610246E-05,4.195566223832128E-04,-1.522911016940123E-04,-5.944695536454384E-04
-9.952296851768129E-06,-8.278753159190183E-06,-7.637482023326032E-05,4.203034079228914E-04,-1.516836434357580E-04,-5.888381863815411E-04
-9.660169493923384E-06,-8.383878429715993E-06,-7.678179532412829E-05,4.210181065492366E-04,-1.510773285549497E-04,-5.832586320233157E-04
-9.367556712606673E-06,-8.488583053076754E-06,-7.718491344358026E-05,4.217015664143429E-04,-1.504721838875004E-04,-5.777299546151995E-04
-9.074479915358362E-06,-8.592867850605867E-06,-7.758420960439802E-05,4.223546065770865E-04,-1.498682340950253E-04,-5.722512407740715E-04
-8.780959950682601E-06,-8.696733660043734E-06,-7.797971819271312E-05,4.229780181969788E-04,-1.492655017879683E-04,-5.668215990209366E-04
-8.487017127024023E-06,-8.800181334153986E-06,-7.837147298299254E-05,4.235725656707190E-04,-1.486640076415418E-04,-5.614401591349661E-04
-8.192671230974158E-06,-8.903211739417874E-06,-7.875950715258325E-05,4.241389877145839E-04,-1.480637705049327E-04,-5.561060715291229E-04
-7.897941544744128E-06,-9.005825754802272E-06,-7.914385329583054E-05,4.246779983955964E-04,-1.474648075041946E-04,-5.508185066466213E-04
-7.602846862938242E-06,-9.108024270597060E-06,-7.952454343778413E-05,4.251902881142381E-04,-1.468671341392207E-04,-5.455766543774923E-04
-7.307405508661212E-06,-9.209808187317904E-06,-7.990160904750601E-05,4.256765245413036E-04,-1.462707643751627E-04,-5.403797234945515E-04
-7.011635348989996E-06,-9.311178414670683E-06,-8.027508105099304E-05,4.261373535113384E-04,-1.456757107286387E-04,-5.352269411080848E-04
-6.715553809839596E-06,-9.412135870574073E-06,-8.064498984372722E-05,4.265733998749552E-04,-1.450819843490465E-04,-5.301175521385919E-04
-6.419177890250631E-06,-9.512681480236986E-06,-8.101136530286586E-05,4.269852683121895E-04,-1.444895950952831E-04,-5.250508188069482E-04
-6.122524176125001E-06,-9.612816175287769E-06,-8.137423679908360E-05,4.273735441089272E-04,-1.438985516081453E-04,-5.200260201413676E-04
-5.825608853434647E-06,-9.712540892952260E-06,-8.173363320807770E-05,4.277387938983170E-04,-1.433088613786741E-04,-5.150424515005697E-04
-5.528447720927059E-06,-9.811856575277967E-06,-8.208958292174758E-05,4.280815663689721E-04,-1.427205308126833E-04,-5.100994241125744E-04
-5.231056202350025E-06,-9.910764168401796E-06,-8.244211385905948E-05,4.284023929416581E-04,-1.421335652917008E-04,-5.051962646285692E-04
-4.933449358216930E-06,-1.000926462185892E-05,-8.279125347660623E-05,4.287017884160695E-04,-1.415479692305345E-04,-5.003323146913114E-04
-4.635641897132851E-06,-1.010735888793052E-05,-8.313702877887235E-05,4.289802515892039E-04,-1.409637461316619E-04,-4.955069305175487E-04
-4.337648186700674E-06,-1.020504792102822E-05,-8.347946632821375E-05,4.292382658467593E-04,-1.403808986366291E-04,-4.907194824939582E-04
-4.039482264025495E-06,-1.030233267711324E-05,-8.381859225456148E-05,4.294762997288975E-04,-1.397994285746341E-04,-4.859693547861243E-04
-3.741157845834655E-06,-1.039921411314841E-05,-8.415443226485826E-05,4.296948074716441E-04,-1.392193370084571E-04,-4.812559449600909E-04
-3.442688338229927E-06,-1.049569318658109E-05,-8.448701165223652E-05,4.298942295251229E-04,-1.386406242778917E-04,-4.765786636160417E-04
-3.144086846087513E-06,-1.059177085485552E-05,-8.481635530494606E-05,4.300749930497571E-04,-1.380632900408197E-04,-4.719369340336778E-04
-2.845366182120815E-06,-1.068744807495292E-05,-8.514248771503941E-05,4.302375123915084E-04,-1.374873333120648E-04,-4.673301918288797E-04
-2.546538875620149E-06,-1.078272580295773E-05,-8.546543298682257E-05,4.303821895371643E-04,-1.369127525001512E-04,-4.627578846212525E-04
-2.247617180882942E-06,-1.087760499364884E-05,-8.578521484507856E-05,4.305094145506330E-04,-1.363395454420862E-04,-4.582194717121716E-04
-1.948613085347280E-06,-1.097208660011415E-05,-8.610185664307089E-05,4.306195659911486E-04,-1.357677094362772E-04,-4.537144237729580E-04
-1.649538317441064E-06,-1.106617157338753E-05,-8.641538137033394E-05,4.307130113142463E-04,-1.351972412736887E-04,-4.492422225428274E-04
-1.350404354158455E-06,-1.115986086210675E-05,-8.672581166025684E-05,4.307901072563176E-04,-1.346281372673375E-04,-4.448023605362692E-04
-1.051222428374752E-06,-1.125315541219132E-05,-8.703316979746735E-05,4.308512002035132E-04,-1.340603932802174E-04,-4.403943407595258E-04
-7.520035359103059E-07,-1.134605616653928E-05,-8.733747772502192E-05,4.308966265457239E-04,-1.334940047517417E-04,-4.360176764358549E-04
-4.527584423535908E-07,-1.143856406474179E-05,-8.763875705140785E-05,4.309267130163275E-04,-1.329289667227847E-04,-4.316718907392664E-04
-1.534976896530998E-07,-1.153068004281471E-05,-8.793702905736352E-05,4.309417770183571E-04,-1.323652738593980E-04,-4.273565165364425E-04
1.457683975127365E-07,-1.162240503294613E-05,-8.823231470252206E-05,4.309421269377098E-04,-1.318029204752763E-04,-4.230710961365545E-04
4.450297055788075E-07,-1.171373996325920E-05,-8.852463463188399E-05,4.309280624439864E-04,-1.312419005530379E-04,-4.188151810487047E-04
7.442763261413631E-07,-1.180468575758921E-05,-8.881400918212398E-05,4.308998747795182E-04,-1.306822077643867E-04,-4.145883317467308E-04
1.043498550202821E-06,-1.189524333527440E-05,-8.910045838773675E-05,4.308578470371128E-04,-1.301238354892143E-04,-4.103901174411187E-04
1.342686862605682E-06,-1.198541361095968E-05,-8.938400198702699E-05,4.308022544270212E-04,-1.295667768337002E-04,-4.062201158577808E-04
1.641831936648235E-06,-1.207519749441250E-05,-8.966465942794796E-05,4.307333645336052E-04,-1.290110246474626E-04,-4.020779130234649E-04
1.940924628875059E-06,-1.216459589035045E-05,-8.994244987379330E-05,4.306514375621581E-04,-1.284565715398125E-04,-3.979631030575690E-04
2.239955974035638E-06,-1.225360969827971E-05,-9.021739220874646E-05,4.305567265763116E-04,-1.279034098951556E-04,-3.938752879701422E-04
2.538917180204687E-06,-1.234223981234402E-05,-9.048950504329189E-05,4.304494777264392E-04,-1.273515318875907E-04,-3.898140774658653E-04
2.837799624058081E-06,-1.243048712118345E-05,-9.075880671949218E-05,4.303299304694450E-04,-1.268009294947437E-04,-3.857790887538069E-04
3.136594846298538E-06,-1.251835250780260E-05,-9.102531531613494E-05,4.301983177803112E-04,-1.262515945108799E-04,-3.817699463627624E-04
3.435294547225440E-06,-1.260583684944757E-05,-9.128904865375349E-05,4.300548663557564E-04,-1.257035185593307E-04,-3.777862819619885E-04
3.733890582443450E-06,-1.269294101749140E-05,-9.155002429952469E-05,4.298997968103402E-04,-1.251566931042711E-04,-3.738277341871529E-04
4.032374958704779E-06,-1.277966587732747E-05,-9.180825957204782E-05,4.297333238653362E-04,-1.246111094618823E-04,-3.698939484713256E-04
4.330739829880196E-06,-1.286601228827043E-05,-9.206377154600767E-05,4.295556565306764E-04,-1.240667588109302E-04,-3.659845768808456E-04
4.628977493054065E-06,-1.295198110346425E-05,-9.231657705672542E-05,4.293669982802580E-04,-1.235236322027907E-04,-3.620992779559002E-04
4.927080384738897E-06,-1.303757316979712E-05,-9.256669270460029E-05,4.291675472208893E-04,-1.229817205709498E-04,-3.582377165556640E-04
5.225041077205094E-06,-1.312278932782274E-05,-9.281413485944526E-05,4.289574962551384E-04,-1.224410147400062E-04,-3.543995637078459E-04
5.522852274921742E-06,-1.320763041168765E-05,-9.305891966471975E-05,4.287370332383363E-04,-1.219015054342011E-04,-3.505844964625018E-04
5.820506811104471E-06,-1.329209724906442E-05,-9.330106304166227E-05,4.285063411299726E-04,-1.213631832854997E-04,-3.467921977499730E-04
6.117997644366569E-06,-1.337619066109021E-05,-9.354058069332574E-05,4.282655981397149E-04,-1.208260388412470E-04,-3.430223562428167E-04
6.415317855469698E-06,-1.345991146231056E-05,-9.377748810851839E-05,4.280149778682681E-04,-1.202900625714196E-04,-3.392746662216002E-04
6.712460644170694E-06,-1.354326046062810E-05,-9.401180056565262E-05,4.277546494432822E-04,-1.197552448754943E-04,-3.355488274444337E-04
7.009419326161093E-06,-1.362623845725582E-05,-9.424353313650466E-05,4.274847776505076E-04,-1.192215760889519E-04,-3.318445450201219E-04
7.306187330096132E-06,-1.370884624667481E-05,-9.447270068988727E-05,4.272055230603875E-04,-1.186890464894357E-04,-3.281615292848188E-04
7.602758194710139E-06,-1.379108461659614E-05,-9.469931789523801E-05,4.269170421502684E-04,-1.181576463025809E-04,-3.244994956820746E-04
7.899125566015315E-06,-1.387295434792669E-05,-9.492339922612534E-05,4.266194874224019E-04,-1.176273657075324E-04,-3.208581646461663E-04
8.195283194581048E-06,-1.395445621473864E-05,-9.514495896367482E-05,4.263130075179031E-04,-1.170981948421658E-04,-3.172372614886089E-04
8.491224932891012E-06,-1.403559098424262E-05,-9.536401119991757E-05,4.259977473268237E-04,-1.165701238080265E-04,-3.136365162877470E-04
8.786944732775391E-06,-1.411635941676405E-05,-9.558056984106309E-05,4.256738480944904E-04,-1.160431426750016E-04,-3.100556637813294E-04
9.082436642915708E-06,-1.419676226572275E-05,-9.579464861069853E-05,4.253414475242547E-04,-1.155172414857369E-04,-3.064944432619751E-04
9.377694806419789E-06,-1.427680027761546E-05,-9.600626105291625E-05,4.250006798767893E-04,-1.149924102598120E-04,-3.029525984754393E-04
9.672713458464529E-06,-1.435647419200120E-05,-9.621542053537179E-05,4.246516760660664E-04,-1.144686389976858E-04,-2.994298775215930E-04
9.967486924004191E-06,-1.443578474148934E-05,-9.642214025227392E-05,4.242945637521419E-04,-1.139459176844230E-04,-2.959260327580326E-04
1.026200961554207E-05,-1.451473265173007E-05,-9.662643322730867E-05,4.239294674308683E-04,-1.134242362932130E-04,-2.924408207062390E-04
1.055627603096342E-05,-1.459331864140739E-05,-9.682831231649905E-05,4.235565085206510E-04,-1.129035847886910E-04,-2.889740019602069E-04
1.085028075142763E-05,-1.467154342223424E-05,-9.702779021100215E-05,4.231758054463588E-04,-1.123839531300715E-04,-2.855253410974700E-04
1.114401843931772E-05,-1.474940769894975E-05,-9.722487943984529E-05,4.227874737204964E-04,-1.118653312741023E-04,-2.820946065924486E-04
1.143748383624531E-05,-1.482691216931854E-05,-9.741959237260271E-05,4.223916260217380E-04,-1.113477091778492E-04,-2.786815707320500E-04
1.173067176110917E-05,-1.490405752413184E-05,-9.761194122201450E-05,4.219883722709223E-04,-1.108310768013187E-04,-2.752860095334523E-04
1.202357710820575E-05,-1.498084444721039E-05,-9.780193804654912E-05,4.215778197046005E-04,-1.103154241099263E-04,-2.719077026640078E-04
1.231619484538997E-05,-1.505727361540904E-05,-9.798959475291104E-05,4.211600729462265E-04,-1.098007410768195E-04,-2.685464333632014E-04
1.260852001228459E-05,-1.513334569862287E-05,-9.817492309849484E-05,4.207352340750773E-04,-1.092870176850604E-04,-2.652019883666024E-04
1.290054771853675E-05,-1.520906135979477E-05,-9.835793469378721E-05,4.203034026929833E-04,-1.087742439296766E-04,-2.618741578317521E-04
1.319227314212004E-05,-1.528442125492448E-05,-9.853864100471818E-05,4.198646759889493E-04,-1.082624098195855E-04,-2.585627352659275E-04
1.348369152768081E-05,-1.535942603307879E-05,-9.871705335496268E-05,4.194191488017410E-04,-1.077515053793987E-04,-2.552675174557283E-04
1.377479818492720E-05,-1.543407633640313E-05,-9.889318292819402E-05,4.189669136805098E-04,-1.072415206511123E-04,-2.519883043984321E-04
1.406558848705963E-05,-1.550837280013412E-05,-9.906704077029008E-05,4.185080609435253E-04,-1.067324456956886E-04,-2.487248992350659E-04
1.435605786924147E-05,-1.558231605261328E-05,-9.923863779149381E-05,4.180426787350838E-04,-1.062242705945342E-04,-2.454771081851453E-04
1.464620182710854E-05,-1.565590671530174E-05,-9.940798476852882E-05,4.175708530806548E-04,-1.057169854508794E-04,-2.422447404830317E-04
1.493601591531639E-05,-1.572914540279581E-05,-9.957509234667141E-05,4.170926679403292E-04,-1.052105803910645E-04,-2.390276083158611E-04
1.522549574612407E-05,-1.580203272284346E-05,-9.973997104177995E-05,4.166082052606269E-04,-1.047050455657365E-04,-2.358255267629994E-04
1.551463698801337E-05,-1.587456927636162E-05,-9.990263124228287E-05,4.161175450247216E-04,-1.042003711509611E-04,-2.326383137369801E-04
1.580343536434235E-05,-1.594675565745415E-05,-1.000630832111260E-04,4.156207653011377E-04,-1.036965473492535E-04,-2.294657899258825E-04
1.609188665203224E-05,-1.601859245343056E-05,-1.002213370876803E-04,4.151179422909705E-04,-1.031935643905328E-04,-2.263077787371089E-04
1.637998668028656E-05,-1.609008024482537E-05,-1.003774028896114E-04,4.146091503736816E-04,-1.026914125330032E-04,-2.231641062425208E-04
1.666773132934163E-05,-1.616121960541801E-05,-1.005312905147112E-04,4.140944621515168E-04,-1.021900820639646E-04,-2.200346011248971E-04
1.695511652924738E-05,-1.623201110225331E-05,-1.006830097426926E-04,4.135739484925948E-04,-1.016895633005584E-04,-2.169190946256754E-04
1.724213825867776E-05,-1.630245529566243E-05,-1.008325702369486E-04,4.130476785727089E-04,-1.011898465904486E-04,-2.138174204939414E-04
1.752879254376958E-05,-1.637255273928433E-05,-1.009799815462766E-04,4.125157199158883E-04,-1.006909223124438E-04,-2.107294149366316E-04
1.781507545698927E-05,-1.644230398008755E-05,-1.011252531065682E-04,4.119781384337569E-04,-1.001927808770618E-04,-2.076549165699143E-04
1.810098311602642E-05,-1.651170955839243E-05,-1.012683942424653E-04,4.114349984637325E-04,-9.969541272703935E-05,-2.045937663717183E-04
1.838651168271355E-05,-1.658077000789362E-05,-1.014094141689849E-04,4.108863628061029E-04,-9.919880833779062E-05,-2.015458076353756E-04
1.867165736197120E-05,-1.664948585568299E-05,-1.015483219931104E-04,4.103322927600167E-04,-9.870295821781593E-05,-1.985108859243488E-04
1.895641640077770E-05,-1.671785762227263E-05,-1.016851267153532E-04,4.097728481584243E-04,-9.820785290906373E-05,-1.954888490280122E-04
1.924078508716276E-05,-1.678588582161829E-05,-1.018198372312831E-04,4.092080874020030E-04,-9.771348298724788E-05,-1.924795469184597E-04
1.952475974922437E-05,-1.685357096114285E-05,-1.019524623330296E-04,4.086380674920998E-04,-9.721983906212237E-05,-1.894828317083090E-04
1.980833675416819E-05,-1.692091354176010E-05,-1.020830107107540E-04,4.080628440627233E-04,-9.672691177771563E-05,-1.864985576094778E-04
2.009151250736888E-05,-1.698791405789857E-05,-1.022114909540928E-04,4.074824714116147E-04,-9.623469181252628E-05,-1.835265808929036E-04
2.037428345145260E-05,-1.705457299752554E-05,-1.023379115535746E-04,4.068970025304289E-04,-9.574316987968231E-05,-1.805667598491830E-04
2.065664606540031E-05,-1.712089084217114E-05,-1.024622809020084E-04,4.063064891340527E-04,-9.525233672706536E-05,-1.776189547501047E-04
2.093859686367100E-05,-1.718686806695251E-05,-1.025846072958470E-04,4.057109816890878E-04,-9.476218313740189E-05,-1.746830278110540E-04
2.122013239534454E-05,-1.725250514059803E-05,-1.027048989365236E-04,4.051105294415256E-04,-9.427269992832276E-05,-1.717588431542640E-04
2.150124924328336E-05,-1.731780252547156E-05,-1.028231639317635E-04,4.045051804436383E-04,-9.378387795239284E-05,-1.688462667728914E-04
2.178194402331264E-05,-1.738276067759669E-05,-1.029394102968710E-04,4.038949815801116E-04,-9.329570809711210E-05,-1.659451664958963E-04
2.206221338341831E-05,-1.744738004668103E-05,-1.030536459559926E-04,4.032799785934422E-04,-9.280818128488950E-05,-1.630554119537027E-04
2.234205400296250E-05,-1.751166107614040E-05,-1.031658787433561E-04,4.026602161086230E-04,-9.232128847299117E-05,-1.601768745446217E-04
2.262146259191586E-05,-1.757560420312304E-05,-1.032761164044869E-04,4.020357376571377E-04,-9.183502065346393E-05,-1.573094274020149E-04
2.290043589010632E-05,-1.763920985853371E-05,-1.033843665974016E-04,4.014065857002869E-04,-9.134936885303563E-05,-1.544529453621814E-04
2.317897066648381E-05,-1.770247846705772E-05,-1.034906368937800E-04,4.007728016518648E-04,-9.086432413299318E-05,-1.516073049329468E-04
2.345706371840050E-05,-1.776541044718492E-05,-1.035949347801146E-04,4.001344259002075E-04,-9.037987758903956E-05,-1.487723842629385E-04
2.373471187090620E-05,-1.782800621123353E-05,-1.036972676588402E-04,3.994914978296312E-04,-8.989602035113082E-05,-1.459480631115287E-04
2.401191197605836E-05,-1.789026616537383E-05,-1.037976428494417E-04,3.988440558412791E-04,-8.941274358329401E-05,-1.431342228194267E-04
2.428866091224639E-05,-1.795219070965180E-05,-1.038960675895426E-04,3.981921373733940E-04,-8.893003848342701E-05,-1.403307462799064E-04
2.456495558352988E-05,-1.801378023801256E-05,-1.039925490359730E-04,3.975357789210352E-04,-8.844789628308121E-05,-1.375375179106508E-04
2.484079291899025E-05,-1.807503513832361E-05,-1.040870942658192E-04,3.968750160552544E-04,-8.796630824722787E-05,-1.347544236261986E-04
2.511616987209563E-05,-1.813595579239803E-05,-1.041797102774530E-04,3.962098834417479E-04,-8.748526567400893E-05,-1.319813508109776E-04
2.539108342007846E-05,-1.819654257601736E-05,-1.042704039915439E-04,3.955404148590005E-04,-8.700475989447314E-05,-1.292181882929100E-04
2.566553056332552E-05,-1.825679585895438E-05,-1.043591822520521E-04,3.948666432159350E-04,-8.652478227229820E-05,-1.264648263175752E-04
2.593950832478006E-05,-1.831671600499570E-05,-1.044460518272047E-04,3.941886005690822E-04,-8.604532420349968E-05,-1.237211565229168E-04
2.621301374935567E-05,-1.837630337196403E-05,-1.045310194104533E-04,3.935063181392867E-04,-8.556637711612720E-05,-1.209870719144788E-04
2.648604390336166E-05,-1.843555831174042E-05,-1.046140916214158E-04,3.928198263279588E-04,-8.508793246994886E-05,-1.182624668411591E-04
2.675859587393947E-05,-1.849448117028610E-05,-1.046952750068007E-04,3.921291547328890E-04,-8.460998175612415E-05,-1.155472369714675E-04
2.703066676851000E-05,-1.855307228766418E-05,-1.047745760413158E-04,3.914343321636352E-04,-8.413251649686621E-05,-1.128412792702742E-04
2.730225371423143E-05,-1.861133199806110E-05,-1.048520011285600E-04,3.907353866564952E-04,-8.365552824509383E-05,-1.101444919760389E-04
2.757335385746734E-05,-1.866926062980784E-05,-1.049275566019002E-04,3.900323454890778E-04,-8.317900858407381E-05,-1.074567745785073E-04
2.784396436326476E-05,-1.872685850540086E-05,-1.050012487253330E-04,3.893252351944812E-04,-8.270294912705406E-05,-1.047780277968634E-04
2.811408241484199E-05,-1.878412594152277E-05,-1.050730836943301E-04,3.886140815750920E-04,-8.222734151688811E-05,-1.021081535583278E-04
2.838370521308582E-05,-1.884106324906280E-05,-1.051430676366711E-04,3.878989097160141E-04,-8.175217742565126E-05,-9.944705497718981E-05
2.865282997605799E-05,-1.889767073313691E-05,-1.052112066132595E-04,3.871797439981382E-04,-8.127744855424900E-05,-9.679463633426351E-05
2.892145393851058E-05,-1.895394869310771E-05,-1.052775066189269E-04,3.864566081108620E-04,-8.080314663201790E-05,-9.415080305675777E-05
2.918957435141015E-05,-1.900989742260404E-05,-1.053419735832212E-04,3.857295250644697E-04,-8.032926341631961E-05,-9.151546169854956E-05
2.945718848147029E-05,-1.906551720954030E-05,-1.054046133711831E-04,3.849985172021815E-04,-7.985579069212812E-05,-8.888851992085149E-05
2.972429361069251E-05,-1.912080833613548E-05,-1.054654317841080E-04,3.842636062118814E-04,-7.938272027161069E-05,-8.626988647326393E-05
2.999088703591513E-05,-1.917577107893189E-05,-1.055244345602954E-04,3.835248131375314E-04,-7.891004399370287E-05,-8.365947117520252E-05
3.025696606836995E-05,-1.923040570881361E-05,-1.055816273757858E-04,3.827821583902819E-04,-7.843775372367783E-05,-8.105718489769230E-05
3.052252803324660E-05,-1.928471249102461E-05,-1.056370158450843E-04,3.820356617592844E-04,-7.796584135271031E-05,-7.846293954551965E-05
3.078757026926426E-05,-1.933869168518661E-05,-1.056906055218729E-04,3.812853424222175E-04,-7.749429879743550E-05,-7.587664803973366E-05
3.105209012825059E-05,-1.939234354531660E-05,-1.057424018997099E-04,3.805312189555296E-04,-7.702311799950310E-05,-7.329822430048880E-05
3.131608497472771E-05,-1.944566831984403E-05,-1.057924104127178E-04,3.797733093444101E-04,-7.655229092512684E-05,-7.072758323022073E-05
3.157955218550494E-05,-1.949866625162773E-05,-1.058406364362601E-04,3.790116309924927E-04,-7.608180956462966E-05,-6.816464069714757E-05
3.184248914927831E-05,-1.955133757797252E-05,-1.058870852876059E-04,3.782462007312998E-04,-7.561166593198478E-05,-6.560931351908908E-05
3.210489326623639E-05,-1.960368253064542E-05,-1.059317622265842E-04,3.774770348294341E-04,-7.514185206435290E-05,-6.306151944759632E-05
3.236676194767254E-05,-1.965570133589162E-05,-1.059746724562265E-04,3.767041490015234E-04,-7.467236002161573E-05,-6.052117715238458E-05
3.262809261560323E-05,-1.970739421445010E-05,-1.060158211233996E-04,3.759275584169258E-04,-7.420318188590604E-05,-5.798820620606270E-05
3.288888270239234E-05,-1.975876138156891E-05,-1.060552133194269E-04,3.751472777082004E-04,-7.373430976113432E-05,-5.546252706915182E-05
3.314912965038125E-05,-1.980980304702012E-05,-1.060928540807002E-04,3.743633209793503E-04,-7.326573577251240E-05,-5.294406107538706E-05
3.340883091152457E-05,-1.986051941511447E-05,-1.061287483892808E-04,3.735757018138430E-04,-7.279745206607401E-05,-5.043273041729560E-05
3.366798394703142E-05,-1.991091068471562E-05,-1.061629011734913E-04,3.727844332824139E-04,-7.232945080819253E-05,-4.792845813204484E-05
3.392658622701198E-05,-1.996097704925416E-05,-1.061953173084970E-04,3.719895279506581E-04,-7.186172418509606E-05,-4.543116808755456E-05
3.418463523012928E-05,-2.001071869674120E-05,-1.062260016168785E-04,3.711909978864162E-04,-7.139426440237986E-05,-4.294078496886711E-05
3.444212844325605E-05,-2.006013580978164E-05,-1.062549588691937E-04,3.703888546669585E-04,-7.092706368451640E-05,-4.045723426476971E-05
3.469906336113650E-05,-2.010922856558713E-05,-1.062821937845324E-04,3.695831093859727E-04,-7.046011427436307E-05,-3.798044225466334E-05
3.495543748605282E-05,-2.015799713598865E-05,-1.063077110310598E-04,3.687737726603598E-04,-6.999340843266763E-05,-3.551033599567253E-05
3.521124832749643E-05,-2.020644168744876E-05,-1.063315152265532E-04,3.679608546368432E-04,-6.952693843757156E-05,-3.304684330999080E-05
3.546649340184371E-05,-2.025456238107353E-05,-1.063536109389281E-04,3.671443649983944E-04,-6.906069658411132E-05,-3.058989277245632E-05
3.572117023203609E-05,-2.030235937262408E-05,-1.063740026867573E-04,3.663243129704807E-04,-6.859467518371777E-05,-2.813941369835294E-05
3.597527634726448E-05,-2.034983281252778E-05,-1.063926949397802E-04,3.655007073271381E-04,-6.812886656371357E-05,-2.569533613143126E-05
3.622880928265785E-05,-2.039698284588913E-05,-1.064096921194054E-04,3.646735563968744E-04,-6.766326306680882E-05,-2.325759083214513E-05
3.648176657897583E-05,-2.044380961250028E-05,-1.064249985992038E-04,3.638428680684057E-04,-6.719785705059505E-05,-2.082610926609876E-05
3.673414578230522E-05,-2.049031324685115E-05,-1.064386187053947E-04,3.630086497962297E-04,-6.673264088703736E-05,-1.840082359269973E-05
3.698594444376035E-05,-2.053649387813927E-05,-1.064505567173232E-04,3.621709086060409E-04,-6.626760696196506E-05,-1.598166665401345E-05
3.723716011918717E-05,-2.058235163027920E-05,-1.064608168679311E-04,3.613296510999897E-04,-6.580274767456065E-05,-1.356857196381477E-05
3.748779036887085E-05,-2.062788662191167E-05,-1.064694033442193E-04,3.604848834617899E-04,-6.533805543684731E-05,-1.116147369683215E-05
3.773783275724695E-05,-2.067309896641227E-05,-1.064763202877030E-04,3.596366114616771E-04,-6.487352267317482E-05,-8.760306678180532E-06
3.798728485261600E-05,-2.071798877189986E-05,-1.064815717948600E-04,3.587848404612219E-04,-6.440914181970406E-05,-6.365006372978645E-06
3.823614422686126E-05,-2.076255614124460E-05,-1.064851619175715E-04,3.579295754180010E-04,-6.394490532389007E-05,-3.975508876146727E-06
3.848440845516981E-05,-2.080680117207556E-05,-1.064870946635559E-04,3.570708208901284E-04,-6.348080564396359E-05,-1.591750902380889E-06
3.873207511575667E-05,-2.085072395678810E-05,-1.064873739967957E-04,3.562085810406508E-04,-6.301683524841136E-05,7.863302236997553E-07
3.897914178959191E-05,-2.089432458255076E-05,-1.064860038379579E-04,3.553428596418089E-04,-6.255298661545482E-05,3.158796577236887E-06
3.922560606013072E-05,-2.093760313131184E-05,-1.064829880648075E-04,3.544736600791686E-04,-6.208925223252765E-05,5.525709642651315E-06
3.947146551304628E-05,-2.098055967980565E-05,-1.064783305126144E-04,3.536009853556233E-04,-6.162562459575176E-05,7.887130322999380E-06
3.971671773596535E-05,-2.102319429955832E-05,-1.064720349745537E-04,3.527248380952715E-04,-6.116209620941198E-05,1.024311894917088E-05
3.996136031820657E-05,-2.106550705689331E-05,-1.064641052021002E-04,3.518452205471702E-04,-6.069865958542940E-05,1.259373528893189E-05
4.020539085052124E-05,-2.110749801293652E-05,-1.064545449054163E-04,3.509621345889694E-04,-6.023530724283327E-05,1.493903855581572E-05
4.044880692483665E-05,-2.114916722362106E-05,-1.064433577537339E-04,3.500755817304261E-04,-5.977203170723156E-05,1.727908741786527E-05
4.069160613400176E-05,-2.119051473969160E-05,-1.064305473757299E-04,3.491855631168044E-04,-5.930882551028013E-05,1.961394000622992E-05
4.093378607153528E-05,-2.123154060670842E-05,-1.064161173598963E-04,3.482920795321605E-04,-5.884568118915042E-05,2.194365392361990E-05
4.117534433137588E-05,-2.127224486505104E-05,-1.064000712549046E-04,3.473951314025161E-04,-5.838259128599579E-05,2.426828625262133E-05
4.141627850763466E-05,-2.131262754992149E-05,-1.063824125699636E-04,3.464947187989226E-04,-5.791954834741637E-05,2.658789356387464E-05
4.165658619434966E-05,-2.135268869134723E-05,-1.063631447751723E-04,3.455908414404176E-04,-5.745654492392241E-05,2.890253192411933E-05
4.189626498524241E-05,-2.139242831418363E-05,-1.063422713018673E-04,3.446834986968751E-04,-5.699357356939621E-05,3.121225690410786E-05
4.213531247347643E-05,-2.143184643811621E-05,-1.063197955429644E-04,3.437726895917522E-04,-5.653062684055244E-05,3.351712358639133E-05
4.237372625141754E-05,-2.147094307766233E-05,-1.062957208532948E-04,3.428584128047341E-04,-5.606769729639692E-05,3.581718657297964E-05
4.261150391039606E-05,-2.150971824217265E-05,-1.062700505499362E-04,3.419406666742778E-04,-5.560477749768381E-05,3.811249999287873E-05
4.284864304047071E-05,-2.154817193583213E-05,-1.062427879125391E-04,3.410194492000581E-04,-5.514186000637119E-05,4.040311750950745E-05
4.308514123019412E-05,-2.158630415766067E-05,-1.062139361836470E-04,3.400947580453158E-04,-5.467893738507493E-05,4.268909232799644E-05
4.332099606638001E-05,-2.162411490151343E-05,-1.061834985690127E-04,3.391665905391109E-04,-5.421600219652081E-05,4.497047720237158E-05
4.355620513387187E-05,-2.166160415608062E-05,-1.061514782379086E-04,3.382349436784816E-04,-5.375304700299501E-05,4.724732444262431E-05
4.379076601531315E-05,-2.169877190488712E-05,-1.061178783234330E-04,3.372998141305107E-04,-5.329006436579262E-05,4.951968592167110E-05
4.402467629091873E-05,-2.173561812629148E-05,-1.060827019228111E-04,3.363611982343010E-04,-5.282704684466444E-05,5.178761308220437E-05
4.425793353824790E-05,-2.177214279348475E-05,-1.060459520976914E-04,3.354190920028613E-04,-5.236398699726180E-05,5.405115694343711E-05
4.449053533197849E-05,-2.180834587448879E-05,-1.060076318744377E-04,3.344734911249028E-04,-5.190087737857940E-05,5.631036810774323E-05
4.472247924368227E-05,-2.184422733215422E-05,-1.059677442444157E-04,3.335243909665497E-04,-5.143771054039621E-05,5.856529676719590E-05
4.495376284160152E-05,-2.187978712415800E-05,-1.059262921642766E-04,3.325717865729632E-04,-5.097447903071420E-05,6.081599271000586E-05
4.518438369042664E-05,-2.191502520300065E-05,-1.058832785562345E-04,3.316156726698802E-04,-5.051117539319503E-05,6.306250532686175E-05
4.541433935107488E-05,-2.194994151600297E-05,-1.058387063083406E-04,3.306560436650689E-04,-5.004779216659447E-05,6.530488361717438E-05
4.564362738046998E-05,-2.198453600530248E-05,-1.057925782747531E-04,3.296928936497019E-04,-4.958432188419460E-05,6.754317619522695E-05
4.587224533132277E-05,-2.201880860784944E-05,-1.057448972760020E-04,3.287262163996470E-04,-4.912075707323364E-05,6.977743129623307E-05
4.610019075191263E-05,-2.205275925540240E-05,-1.056956660992506E-04,3.277560053766781E-04,-4.865709025433345E-05,7.200769678230440E-05
4.632746118586981E-05,-2.208638787452344E-05,-1.056448874985525E-04,3.267822537296061E-04,-4.819331394092453E-05,7.423402014832977E-05
4.655405417195840E-05,-2.211969438657298E-05,-1.055925641951044E-04,3.258049542953307E-04,-4.772942063866842E-05,7.645644852776747E-05
4.677996724386009E-05,-2.215267870770416E-05,-1.055386988774956E-04,3.248240995998155E-04,-4.726540284487764E-05,7.867502869835254E-05
4.700519792995858E-05,-2.218534074885686E-05,-1.054832942019524E-04,3.238396818589846E-04,-4.680125304793279E-05,8.088980708772066E-05
4.722974375312456E-05,-2.221768041575128E-05,-1.054263527925798E-04,3.228516929795436E-04,-4.633696372669698E-05,8.310082977895035E-05
4.745360223050119E-05,-2.224969760888115E-05,-1.053678772415988E-04,3.218601245597258E-04,-4.587252734992736E-05,8.530814251602501E-05
4.767677087329020E-05,-2.228139222350646E-05,-1.053078701095799E-04,3.208649678899620E-04,-4.540793637568377E-05,8.751179070921658E-05
4.789924718653828E-05,-2.231276414964589E-05,-1.052463339256728E-04,3.198662139534779E-04,-4.494318325073437E-05,8.971181944039207E-05
4.812102866892396E-05,-2.234381327206871E-05,-1.051832711878330E-04,3.188638534268167E-04,-4.447826040995815E-05,9.190827346824478E-05
4.834211281254481E-05,-2.237453947028632E-05,-1.051186843630445E-04,3.178578766802901E-04,-4.401316027574426E-05,9.410119723345145E-05
4.856249710270486E-05,-2.240494261854340E-05,-1.050525758875384E-04,3.168482737783553E-04,-4.354787525738813E-05,9.629063486375698E-05
4.878217901770239E-05,-2.243502258580857E-05,-1.049849481670088E-04,3.158350344799227E-04,-4.308239775048413E-05,9.847663017898801E-05
4.900115602861778E-05,-2.246477923576469E-05,-1.049158035768248E-04,3.148181482385899E-04,-4.261672013631486E-05,1.006592266959968E-04
4.921942559910152E-05,-2.249421242679870E-05,-1.048451444622395E-04,3.137976042028066E-04,-4.215083478123688E-05,1.028384676335367E-04
4.943698518516244E-05,-2.252332201199102E-05,-1.047729731385948E-04,3.127733912159688E-04,-4.168473403606270E-05,1.050143959170707E-04
4.965383223495575E-05,-2.255210783910457E-05,-1.046992918915238E-04,3.117454978164431E-04,-4.121841023543918E-05,1.071870541835143E-04
4.986996418857133E-05,-2.258056975057330E-05,-1.046241029771495E-04,3.107139122375209E-04,-4.075185569722193E-05,1.093564847859140E-04
5.008537847782172E-05,-2.260870758349036E-05,-1.045474086222804E-04,3.096786224073048E-04,-4.028506272184590E-05,1.115227297980620E-04
5.030007252603023E-05,-2.263652116959570E-05,-1.044692110246025E-04,3.086396159485251E-04,-3.981802359169180E-05,1.136858310190498E-04
5.051404374781869E-05,-2.266401033526340E-05,-1.043895123528688E-04,3.075968801782879E-04,-3.935073057044843E-05,1.158458299777608E-04
5.072728954889518E-05,-2.269117490148840E-05,-1.043083147470855E-04,3.065504021077555E-04,-3.888317590247074E-05,1.180027679373027E-04
5.093980732584143E-05,-2.271801468387288E-05,-1.042256203186947E-04,3.055001684417582E-04,-3.841535181213348E-05,1.201566858993823E-04
5.115159446589989E-05,-2.274452949261217E-05,-1.041414311507546E-04,3.044461655783385E-04,-3.794725050318035E-05,1.223076246086221E-04
5.136264834676055E-05,-2.277071913248016E-05,-1.040557492981168E-04,3.033883796082279E-04,-3.747886415806863E-05,1.244556245568218E-04
5.157296633634729E-05,-2.279658340281433E-05,-1.039685767875998E-04,3.023267963142554E-04,-3.701018493730897E-05,1.266007259871633E-04
5.178254579260388E-05,-2.282212209750022E-05,-1.038799156181609E-04,3.012614011706894E-04,-3.654120497880043E-05,1.287429688983628E-04
5.199138406327942E-05,-2.284733500495559E-05,-1.037897677610640E-04,3.001921793425123E-04,-3.607191639716050E-05,1.308823930487692E-04
5.219947848571330E-05,-2.287222190811390E-05,-1.036981351600454E-04,2.991191156846270E-04,-3.560231128305007E-05,1.330190379604103E-04
5.240682638661955E-05,-2.289678258440755E-05,-1.036050197314764E-04,2.980421947409970E-04,-3.513238170249316E-05,1.351529429229885E-04
5.261342508187064E-05,-2.292101680575044E-05,-1.035104233645233E-04,2.969614007437191E-04,-3.466211969619135E-05,1.372841469978260E-04
5.281927187628050E-05,-2.294492433852022E-05,-1.034143479213048E-04,2.958767176120283E-04,-3.419151727883268E-05,1.394126890217608E-04
5.302436406338695E-05,-2.296850494353993E-05,-1.033167952370463E-04,2.947881289512365E-04,-3.372056643839502E-05,1.415386076109948E-04
5.322869892523328E-05,-2.299175837605923E-05,-1.032177671202318E-04,2.936956180516026E-04,-3.324925913544365E-05,1.436619411648946E-04
5.343227373214905E-05,-2.301468438573513E-05,-1.031172653527534E-04,2.925991678871360E-04,-3.277758730242296E-05,1.457827278697451E-04
5.363508574253004E-05,-2.303728271661219E-05,-1.030152916900579E-04,2.914987611143318E-04,-3.230554284294220E-05,1.479010057024586E-04
5.383713220261730E-05,-2.305955310710226E-05,-1.029118478612908E-04,2.903943800708390E-04,-3.183311763105500E-05,1.500168124342384E-04
5.403841034627526E-05,-2.308149528996368E-05,-1.028069355694380E-04,2.892860067740596E-04,-3.136030351053264E-05,1.521301856341993E-04
5.423891739476878E-05,-2.310310899228005E-05,-1.027005564914648E-04,2.881736229196806E-04,-3.088709229413084E-05,1.542411626729441E-04
5.443865055653928E-05,-2.312439393543838E-05,-1.025927122784527E-04,2.870572098801370E-04,-3.041347576284997E-05,1.563497807260987E-04
5.463760702697965E-05,-2.314534983510680E-05,-1.024834045557334E-04,2.859367487030058E-04,-2.993944566518850E-05,1.584560767778050E-04
5.483578398820808E-05,-2.316597640121172E-05,-1.023726349230208E-04,2.848122201093315E-04,-2.946499371638957E-05,1.605600876241741E-04
5.503317860884076E-05,-2.318627333791450E-05,-1.022604049545401E-04,2.836836044918821E-04,-2.899011159768043E-05,1.626618498766981E-04
5.522978804376318E-05,-2.320624034358752E-05,-1.021467161991549E-04,2.825508819133350E-04,-2.851479095550474E-05,1.647613999656244E-04
5.542560943390036E-05,-2.322587711078980E-05,-1.020315701804923E-04,2.814140321043932E-04,-2.803902340074742E-05,1.668587741432899E-04
5.562063990598556E-05,-2.324518332624200E-05,-1.019149683970646E-04,2.802730344618306E-04,-2.756280050795193E-05,1.689540084874183E-04
5.581487657232772E-05,-2.326415867080091E-05,-1.017969123223901E-04,2.791278680464668E-04,-2.708611381452991E-05,1.710471389043803E-04
5.600831653057742E-05,-2.328280281943343E-05,-1.016774034051106E-04,2.779785115810700E-04,-2.660895481996284E-05,1.731382011324169E-04
5.620095686349138E-05,-2.330111544118988E-05,-1.015564430691071E-04,2.768249434481878E-04,-2.613131498499562E-05,1.752272307448275E-04
5.639279463869544E-05,-2.331909619917688E-05,-1.014340327136133E-04,2.756671416879064E-04,-2.565318573082195E-05,1.773142631531219E-04
5.658382690844591E-05,-2.333674475052959E-05,-1.013101737133268E-04,2.745050839955356E-04,-2.517455843826125E-05,1.793993336101391E-04
5.677405070938932E-05,-2.335406074638332E-05,-1.011848674185183E-04,2.733387477192209E-04,-2.469542444692693E-05,1.814824772131311E-04
5.696346306232050E-05,-2.337104383184472E-05,-1.010581151551386E-04,2.721681098574812E-04,-2.421577505438583E-05,1.835637289068140E-04
5.715206097193890E-05,-2.338769364596222E-05,-1.009299182249234E-04,2.709931470566712E-04,-2.373560151530877E-05,1.856431234863859E-04
5.733984142660314E-05,-2.340400982169595E-05,-1.008002779054960E-04,2.698138356083690E-04,-2.325489504061171E-05,1.877206956005135E-04
5.752680139808366E-05,-2.341999198588709E-05,-1.006691954504683E-04,2.686301514466864E-04,-2.277364679658768E-05,1.897964797542859E-04
5.771293784131360E-05,-2.343563975922653E-05,-1.005366720895393E-04,2.674420701455029E-04,-2.229184790402898E-05,1.918705103121385E-04
5.789824769413759E-05,-2.345095275622301E-05,-1.004027090285918E-04,2.662495669156218E-04,-2.180948943733960E-05,1.939428215007459E-04
5.808272787705864E-05,-2.346593058517055E-05,-1.002673074497870E-04,2.650526166018471E-04,-2.132656242363765E-05,1.960134474118845E-04
5.826637529298292E-05,-2.348057284811535E-05,-1.001304685116574E-04,2.638511936799814E-04,-2.084305784184748E-05,1.980824220052664E-04
5.844918682696244E-05,-2.349487914082194E-05,-9.999219334919737E-05,2.626452722537438E-04,-2.035896662178134E-05,2.001497791113435E-04
5.863115934593559E-05,-2.350884905273882E-05,-9.985248307395196E-05,2.614348260516055E-04,-1.987427964321041E-05,2.022155524340836E-04
5.881228969846539E-05,-2.352248216696333E-05,-9.971133877410382E-05,2.602198284235444E-04,-1.938898773492485E-05,2.042797755537185E-04
5.899257471447555E-05,-2.353577806020594E-05,-9.956876151455818E-05,2.590002523377154E-04,-1.890308167378267E-05,2.063424819294638E-04
5.917201120498407E-05,-2.354873630275386E-05,-9.942475233702595E-05,2.577760703770377E-04,-1.841655218374734E-05,2.084037049022130E-04
5.935059596183455E-05,-2.356135645843395E-05,-9.927931226010492E-05,2.565472547356960E-04,-1.792938993491355E-05,2.104634776972029E-04
5.952832575742498E-05,-2.357363808457499E-05,-9.913244227935924E-05,2.553137772155556E-04,-1.744158554252134E-05,2.125218334266549E-04
5.970519734443406E-05,-2.358558073196921E-05,-9.898414336739690E-05,2.540756092224907E-04,-1.695312956595785E-05,2.145788050923884E-04
5.988120745554483E-05,-2.359718394483320E-05,-9.883441647394558E-05,2.528327217626228E-04,-1.646401250774689E-05,2.166344255884101E-04
6.005635280316580E-05,-2.360844726076803E-05,-9.868326252592657E-05,2.515850854384713E-04,-1.597422481252568E-05,2.186887277034778E-04
6.023063007914929E-05,-2.361937021071869E-05,-9.853068242752700E-05,2.503326704450110E-04,-1.548375686600879E-05,2.207417441236390E-04
6.040403595450701E-05,-2.362995231893283E-05,-9.837667706027032E-05,2.490754465656392E-04,-1.499259899393884E-05,2.227935074347460E-04
6.057656707912281E-05,-2.364019310291875E-05,-9.822124728308494E-05,2.478133831680478E-04,-1.450074146102371E-05,2.248440501249461E-04
6.074822008146254E-05,-2.365009207340260E-05,-9.806439393237129E-05,2.465464492000017E-04,-1.400817446986002E-05,2.268934045871485E-04
6.091899156828097E-05,-2.365964873428492E-05,-9.790611782206710E-05,2.452746131850200E-04,-1.351488815984251E-05,2.289416031214680E-04
6.108887812432558E-05,-2.366886258259632E-05,-9.774641974371096E-05,2.439978432179599E-04,-1.302087260605920E-05,2.309886779376453E-04
6.125787631203739E-05,-2.367773310845248E-05,-9.758530046650427E-05,2.427161069605014E-04,-1.252611781817174E-05,2.330346611574448E-04
6.142598267124850E-05,-2.368625979500828E-05,-9.742276073737153E-05,2.414293716365313E-04,-1.203061373928091E-05,2.350795848170296E-04
6.159319371887644E-05,-2.369444211841121E-05,-9.725880128101892E-05,2.401376040274244E-04,-1.153435024477683E-05,2.371234808693144E-04
6.175950594861521E-05,-2.370227954775393E-05,-9.709342279999135E-05,2.388407704672221E-04,-1.103731714117359E-05,2.391663811862969E-04
6.192491583062294E-05,-2.370977154502605E-05,-9.692662597472781E-05,2.375388368377038E-04,-1.053950416492791E-05,2.412083175613668E-04
6.208941981120604E-05,-2.371691756506501E-05,-9.675841146361519E-05,2.362317685633523E-04,-1.004090098124161E-05,2.432493217115935E-04
6.225301431249989E-05,-2.372371705550626E-05,-9.658877990304047E-05,2.349195306062096E-04,-9.541497182847460E-06,2.452894252799933E-04
6.241569573214587E-05,-2.373016945673242E-05,-9.641773190744137E-05,2.336020874606222E-04,-9.041282288778082E-06,2.473286598377741E-04
6.257746044296470E-05,-2.373627420182174E-05,-9.624526806935547E-05,2.322794031478734E-04,-8.540245743117556E-06,2.493670568865609E-04
6.273830479262604E-05,-2.374203071649558E-05,-9.607138895946774E-05,2.309514412107014E-04,-8.038376913735365E-06,2.514046478605994E-04
6.289822510331424E-05,-2.374743841906502E-05,-9.589609512665656E-05,2.296181647077005E-04,-7.535665091002304E-06,2.534414641289399E-04
6.305721767139014E-05,-2.375249672037663E-05,-9.571938709803827E-05,2.282795362076045E-04,-7.032099486487973E-06,2.554775369976002E-04
6.321527876704885E-05,-2.375720502375727E-05,-9.554126537901018E-05,2.269355177834480E-04,-6.527669231639467E-06,2.575128977117090E-04
6.337240463397349E-05,-2.376156272495799E-05,-9.536173045329213E-05,2.255860710066068E-04,-6.022363376440869E-06,2.595475774576288E-04
6.352859148898469E-05,-2.376556921209697E-05,-9.518078278296655E-05,2.242311569407121E-04,-5.516170888053134E-06,2.615816073650588E-04
6.368383552168582E-05,-2.376922386560154E-05,-9.499842280851709E-05,2.228707361354377E-04,-5.009080649433961E-06,2.636150185091185E-04
6.383813289410394E-05,-2.377252605814924E-05,-9.481465094886584E-05,2.215047686201585E-04,-4.501081457937224E-06,2.656478419124111E-04
6.399147974032616E-05,-2.377547515460783E-05,-9.462946760140901E-05,2.201332138974758E-04,-3.992162023891522E-06,2.676801085470671E-04
6.414387216613161E-05,-2.377807051197443E-05,-9.444287314205137E-05,2.187560309366098E-04,-3.482310969157430E-06,2.697118493367690E-04
6.429530624861866E-05,-2.378031147931348E-05,-9.425486792523913E-05,2.173731781666541E-04,-2.971516825662968E-06,2.717430951587553E-04
6.444577803582747E-05,-2.378219739769386E-05,-9.406545228399153E-05,2.159846134696914E-04,-2.459768033916857E-06,2.737738768458064E-04
6.459528354635768E-05,-2.378372760012484E-05,-9.387462652993101E-05,2.145902941737674E-04,-1.947052941499063E-06,2.758042251882093E-04
6.474381876898118E-05,-2.378490141149102E-05,-9.368239095331208E-05,2.131901770457191E-04,-1.433359801528177E-06,2.778341709357044E-04
6.489137966224986E-05,-2.378571814848619E-05,-9.348874582304878E-05,2.117842182838568E-04,-9.186767711051003E-07,2.798637447994116E-04
6.503796215409820E-05,-2.378617711954612E-05,-9.329369138674082E-05,2.103723735104947E-04,-4.029919097325691E-07,2.818929774537372E-04
6.518356214144066E-05,-2.378627762478021E-05,-9.309722787069847E-05,2.089545977643290E-04,1.137068222900256E-07,2.839218995382612E-04
6.532817548976366E-05,-2.378601895590203E-05,-9.289935547996604E-05,2.075308454926589E-04,6.314315654970363E-07,2.859505416596047E-04
6.547179803271216E-05,-2.378540039615875E-05,-9.270007439834417E-05,2.061010705434489E-04,1.150194562912719E-06,2.879789343932777E-04
6.561442557167068E-05,-2.378442122025936E-05,-9.249938478841076E-05,2.046652261572282E-04,1.670008161733708E-06,2.900071082855066E-04
6.575605387533857E-05,-2.378308069430174E-05,-9.229728679154072E-05,2.032232649588238E-04,2.190884815038364E-06,2.920350938550422E-04
6.589667867929951E-05,-2.378137807569853E-05,-9.209378052792439E-05,2.017751389489257E-04,2.712837083523585E-06,2.940629215949469E-04
6.603629568558517E-05,-2.377931261310180E-05,-9.188886609658478E-05,2.003207994954777E-04,3.235877637269660E-06,2.960906219743620E-04
6.617490056223267E-05,-2.377688354632644E-05,-9.168254357539358E-05,1.988601973248933E-04,3.760019257533771E-06,2.981182254402537E-04
6.631248894283606E-05,-2.377409010627235E-05,-9.147481302108596E-05,1.973932825130914E-04,4.285274838572773E-06,3.001457624191395E-04
6.644905642609137E-05,-2.377093151484530E-05,-9.126567446927415E-05,1.959200044763482E-04,4.811657389495874E-06,3.021732633187924E-04
6.658459857533528E-05,-2.376740698487654E-05,-9.105512793445991E-05,1.944403119619619E-04,5.339180036147866E-06,3.042007585299244E-04
6.671911091807733E-05,-2.376351572004108E-05,-9.084317341004577E-05,1.929541530387263E-04,5.867856023023576E-06,3.062282784278482E-04
6.685258894552527E-05,-2.375925691477457E-05,-9.062981086834517E-05,1.914614750872084E-04,6.397698715214214E-06,3.082558533741175E-04
6.698502811210378E-05,-2.375462975418893E-05,-9.041504026059145E-05,1.899622247898272E-04,6.928721600386304E-06,3.102835137181443E-04
6.711642383496610E-05,-2.374963341398649E-05,-9.019886151694571E-05,1.884563481207281E-04,7.460938290793933E-06,3.123112897987943E-04
6.724677149349860E-05,-2.374426706037277E-05,-8.998127454650362E-05,1.869437903354497E-04,7.994362525325020E-06,3.143392119459590E-04
6.737606642881809E-05,-2.373852984996784E-05,-8.976227923730108E-05,1.854244959603775E-04,8.529008171582377E-06,3.163673104821047E-04
6.750430394326176E-05,-2.373242092971618E-05,-8.954187545631885E-05,1.838984087819804E-04,9.064889228000302E-06,3.183956157237973E-04
6.763147929986955E-05,-2.372593943679508E-05,-8.932006304948614E-05,1.823654718358252E-04,9.602019825997516E-06,3.204241579832032E-04
6.775758772185878E-05,-2.371908449852153E-05,-8.909684184168316E-05,1.808256273953644E-04,1.014041423216722E-05,3.224529675695653E-04
6.788262439209097E-05,-2.371185523225761E-05,-8.887221163674261E-05,1.792788169604919E-04,1.068008685050512E-05,3.244820747906536E-04
6.800658445253059E-05,-2.370425074531425E-05,-8.864617221745022E-05,1.777249812458612E-04,1.122105222467623E-05,3.265115099541900E-04
6.812946300369565E-05,-2.369627013485343E-05,-8.841872334554433E-05,1.761640601689621E-04,1.176332504032134E-05,3.285413033692463E-04
6.825125510409987E-05,-2.368791248778882E-05,-8.818986476171442E-05,1.745959928379490E-04,1.230692012740403E-05,3.305714853476159E-04
6.837195576968637E-05,-2.367917688068469E-05,-8.795959618559880E-05,1.730207175392161E-04,1.285185246259917E-05,3.326020862051568E-04
6.849155997325260E-05,-2.367006237965319E-05,-8.772791731578128E-05,1.714381717247130E-04,1.339813717172371E-05,3.346331362631064E-04
6.861006264386638E-05,-2.366056804024996E-05,-8.749482782978705E-05,1.698482919989960E-04,1.394578953221091E-05,3.366646658493677E-04
6.872745866627288E-05,-2.365069290736791E-05,-8.726032738407756E-05,1.682510141060079E-04,1.449482497562878E-05,3.386967052997638E-04
6.884374288029227E-05,-2.364043601512932E-05,-8.702441561404460E-05,1.666462729155804E-04,1.504525909024389E-05,3.407292849592639E-04
6.895891008020796E-05,-2.362979638677616E-05,-8.678709213400356E-05,1.650340024096530E-04,1.559710762363151E-05,3.427624351831750E-04
6.907295501414512E-05,-2.361877303455845E-05,-8.654835653718582E-05,1.634141356682015E-04,1.615038648533309E-05,3.447961863383031E-04
6.918587238343934E-05,-2.360736495962094E-05,-8.630820839573038E-05,1.617866048548695E-04,1.670511174956224E-05,3.468305688040792E-04
6.929765684199525E-05,-2.359557115188774E-05,-8.606664726067473E-05,1.601513412022957E-04,1.726129965796030E-05,3.488656129736516E-04
6.940830299563475E-05,-2.358339058994510E-05,-8.582367266194491E-05,1.585082749971302E-04,1.781896662240253E-05,3.509013492549420E-04
6.951780540143482E-05,-2.357082224092218E-05,-8.557928410834495E-05,1.568573355647320E-04,1.837812922785628E-05,3.529378080716647E-04
6.962615856705451E-05,-2.355786506036990E-05,-8.533348108754550E-05,1.551984512535409E-04,1.893880423529212E-05,3.549750198643081E-04
6.973335695005106E-05,-2.354451799213762E-05,-8.508626306607191E-05,1.535315494191148E-04,1.950100858464929E-05,3.570130150910767E-04
6.983939495718469E-05,-2.353077996824784E-05,-8.483762948929158E-05,1.518565564078255E-04,2.006475939785673E-05,3.590518242287925E-04
6.994426694371207E-05,-2.351664990876876E-05,-8.458757978140073E-05,1.501733975402045E-04,2.063007398191086E-05,3.610914777737547E-04
7.004796721266801E-05,-2.350212672168466E-05,-8.433611334541060E-05,1.484819970939296E-04,2.119696983201157E-05,3.631320062425556E-04
7.015049001413526E-05,-2.348720930276412E-05,-8.408322956313307E-05,1.467822782864450E-04,2.176546463475769E-05,3.651734401728525E-04
7.025182954450207E-05,-2.347189653542593E-05,-8.382892779516581E-05,1.450741632572044E-04,2.233557627140336E-05,3.672158101240920E-04
7.035197994570736E-05,-2.345618729060284E-05,-8.357320738087686E-05,1.433575730495289E-04,2.290732282117674E-05,3.692591466781876E-04
7.045093530447303E-05,-2.344008042660281E-05,-8.331606763838886E-05,1.416324275920696E-04,2.348072256466249E-05,3.713034804401465E-04
7.054868965152339E-05,-2.342357478896809E-05,-8.305750786456277E-05,1.398986456798663E-04,2.405579398724959E-05,3.733488420386456E-04
7.064523696079122E-05,-2.340666921033170E-05,-8.279752733498129E-05,1.381561449549899E-04,2.463255578264597E-05,3.753952621265538E-04
7.074057114861024E-05,-2.338936251027153E-05,-8.253612530393183E-05,1.364048418867609E-04,2.521102685646159E-05,3.774427713813989E-04
7.083468607289368E-05,-2.337165349516200E-05,-8.227330100438932E-05,1.346446517515318E-04,2.579122632986159E-05,3.794914005057776E-04
7.092757553229877E-05,-2.335354095802296E-05,-8.200905364799859E-05,1.328754886120215E-04,2.637317354329115E-05,3.815411802277054E-04
7.101923326537653E-05,-2.333502367836619E-05,-8.174338242505670E-05,1.310972652961938E-04,2.695688806027388E-05,3.835921413009050E-04
7.110965294970690E-05,-2.331610042203913E-05,-8.147628650449495E-05,1.293098933756637E-04,2.754238967128532E-05,3.856443145050313E-04
7.119882820101858E-05,-2.329676994106585E-05,-8.120776503386082E-05,1.275132831436242E-04,2.812969839770360E-05,3.876977306458286E-04
7.128675257229351E-05,-2.327703097348537E-05,-8.093781713929982E-05,1.257073435922772E-04,2.871883449583891E-05,3.897524205552200E-04
7.137341955285534E-05,-2.325688224318708E-05,-8.066644192553734E-05,1.238919823897588E-04,2.930981846104385E-05,3.918084150913247E-04
7.145882256744183E-05,-2.323632245974325E-05,-8.039363847586040E-05,1.220671058565443E-04,2.990267103190654E-05,3.938657451384005E-04
7.154295497526060E-05,-2.321535031823866E-05,-8.011940585209960E-05,1.202326189413202E-04,3.049741319452848E-05,3.959244416067095E-04
7.162581006902799E-05,-2.319396449909724E-05,-7.984374309461110E-05,1.183884251963081E-04,3.109406618688946E-05,3.979845354323031E-04
7.170738107399052E-05,-2.317216366790553E-05,-7.956664922225884E-05,1.165344267520279E-04,3.169265150330127E-05,4.000460575767238E-04
7.178766114692874E-05,-2.314994647523319E-05,-7.928812323239692E-05,1.146705242914848E-04,3.229319089895282E-05,4.021090390266197E-04
7.186664337514277E-05,-2.312731155645016E-05,-7.900816410085238E-05,1.127966170237634E-04,3.289570639454862E-05,4.041735107932691E-04
7.194432077541953E-05,-2.310425753154069E-05,-7.872677078190823E-05,1.109126026570166E-04,3.350022028104308E-05,4.062395039120113E-04
7.202068629298074E-05,-2.308078300491394E-05,-7.844394220828701E-05,1.090183773708293E-04,3.410675512447303E-05,4.083070494415794E-04
7.209573280041173E-05,-2.305688656521129E-05,-7.815967729113480E-05,1.071138357879430E-04,3.471533377089081E-05,4.103761784633317E-04
7.216945309657024E-05,-2.303256678511013E-05,-7.787397492000580E-05,1.051988709453232E-04,3.532597935140057E-05,4.124469220803781E-04
7.224183990547498E-05,-2.300782222112409E-05,-7.758683396284753E-05,1.032733742645514E-04,3.593871528730029E-05,4.145193114165953E-04
7.231288587517332E-05,-2.298265141339977E-05,-7.729825326598684E-05,1.013372355215242E-04,3.655356529533223E-05,4.165933776155288E-04
7.238258357658774E-05,-2.295705288550966E-05,-7.700823165411663E-05,9.939034281544013E-05,3.717055339304454E-05,4.186691518391752E-04
7.245092550234048E-05,-2.293102514424137E-05,-7.671676793028348E-05,9.743258253705526E-05,3.778970390426692E-05,4.207466652666410E-04
7.251790406555589E-05,-2.290456667938300E-05,-7.642386087587632E-05,9.546383933618674E-05,3.841104146470304E-05,4.228259490926718E-04
7.258351159863993E-05,-2.287767596350457E-05,-7.612950925061608E-05,9.348399608844443E-05,3.903459102764303E-05,4.249070345260481E-04
7.264774035203630E-05,-2.285035145173550E-05,-7.583371179254657E-05,9.149293386116864E-05,3.966037786979879E-05,4.269899527878402E-04
7.271058249295863E-05,-2.282259158153789E-05,-7.553646721802655E-05,8.949053187855224E-05,4.028842759726551E-05,4.290747351095182E-04
7.277203010409818E-05,-2.279439477247571E-05,-7.523777422172325E-05,8.747666748592422E-05,4.091876615161257E-05,4.311614127309101E-04
7.283207518230639E-05,-2.276575942597968E-05,-7.493763147660730E-05,8.545121611317128E-05,4.155141981610722E-05,4.332500168980017E-04
7.289070963725181E-05,-2.273668392510775E-05,-7.463603763394928E-05,8.341405123727313E-05,4.218641522207437E-05,4.353405788605718E-04
7.294792529005060E-05,-2.270716663430118E-05,-7.433299132331794E-05,8.136504434392645E-05,4.282377935539631E-05,4.374331298696567E-04
7.300371387187009E-05,-2.267720589913599E-05,-7.402849115258025E-05,7.930406488823168E-05,4.346353956315572E-05,4.395277011748345E-04
7.305806702250476E-05,-2.264680004606982E-05,-7.372253570790345E-05,7.723098025441585E-05,4.410572356042596E-05,4.416243240213246E-04
7.311097628892384E-05,-2.261594738218393E-05,-7.341512355375910E-05,7.514565571456386E-05,4.475035943721243E-05,4.437230296468921E-04
7.316243312378991E-05,-2.258464619492041E-05,-7.310625323292940E-05,7.304795438632964E-05,4.539747566554902E-05,4.458238492785505E-04
7.321242888394777E-05,-2.255289475181434E-05,-7.279592326651588E-05,7.093773718959784E-05,4.604710110675380E-05,4.479268141290527E-04
7.326095482888291E-05,-2.252069130022094E-05,-7.248413215395057E-05,6.881486280206538E-05,4.669926501884816E-05,4.500319553931631E-04
7.330800211914862E-05,-2.248803406703739E-05,-7.217087837300983E-05,6.667918761371158E-05,4.735399706414380E-05,4.521393042436996E-04
7.335356181476122E-05,-2.245492125841947E-05,-7.185616037983109E-05,6.453056568012416E-05,4.801132731700207E-05,4.542488918273366E-04
7.339762487356235E-05,-2.242135105949257E-05,-7.153997660893248E-05,6.236884867464757E-05,4.867128627177037E-05,4.563607492601592E-04
7.344018214954773E-05,-2.238732163405731E-05,-7.122232547323571E-05,6.019388583931878E-05,4.933390485090024E-05,4.584749076229567E-04
7.348122439116129E-05,-2.235283112428934E-05,-7.090320536409233E-05,5.800552393455459E-05,4.999921441325229E-05,4.605913979562452E-04
7.352074223955405E-05,-2.231787765043333E-05,-7.058261465131342E-05,5.580360718755326E-05,5.066724676259290E-05,4.627102512550071E-04
7.355872622680658E-05,-2.228245931049101E-05,-7.026055168320322E-05,5.358797723937185E-05,5.133803415628805E-05,4.648314984631354E-04
7.359516677411436E-05,-2.224657417990309E-05,-6.993701478659657E-05,5.135847309063964E-05,5.201160931419955E-05,4.669551704675698E-04
7.363005418993483E-05,-2.221022031122496E-05,-6.961200226690060E-05,4.911493104586623E-05,5.268800542778947E-05,4.690812980921116E-04
7.366337866809539E-05,-2.217339573379591E-05,-6.928551240814081E-05,4.685718465630178E-05,5.336725616943828E-05,4.712099120909028E-04
7.369513028586110E-05,-2.213609845340193E-05,-6.895754347301183E-05,4.458506466130518E-05,5.404939570198282E-05,4.733410431415554E-04
7.372529900196120E-05,-2.209832645193166E-05,-6.862809370293307E-05,4.229839892817456E-05,5.473445868848018E-05,4.754747218379149E-04
7.375387465457327E-05,-2.206007768702563E-05,-6.829716131810947E-05,3.999701239039270E-05,5.542248030220374E-05,4.776109786824423E-04
7.378084695926391E-05,-2.202135009171837E-05,-6.796474451759773E-05,3.768072698423846E-05,5.611349623687799E-05,4.797498440781979E-04
7.380620550688493E-05,-2.198214157407335E-05,-6.763084147937830E-05,3.534936158371344E-05,5.680754271715877E-05,4.818913483204084E-04
7.382993976142360E-05,-2.194245001681059E-05,-6.729545036043323E-05,3.300273193373134E-05,5.750465650936594E-05,4.840355215876007E-04
7.385203905780597E-05,-2.190227327692669E-05,-6.695856929683048E-05,3.064065058151559E-05,5.820487493247559E-05,4.861823939322811E-04
7.387249259965193E-05,-2.186160918530716E-05,-6.662019640381480E-05,2.826292680614883E-05,5.890823586937928E-05,4.883319952711405E-04
7.389128945698064E-05,-2.182045554633079E-05,-6.628032977590557E-05,2.586936654621579E-05,5.961477777841779E-05,4.904843553747655E-04
7.390841856386504E-05,-2.177881013746600E-05,-6.593896748700200E-05,2.345977232547904E-05,6.032453970519742E-05,4.926395038568305E-04
7.392386871603404E-05,-2.173667070885876E-05,-6.559610759049599E-05,2.103394317652470E-05,6.103756129469688E-05,4.947974701627514E-04
7.393762856842102E-05,-2.169403498291214E-05,-6.525174811939309E-05,1.859167456231318E-05,6.175388280367322E-05,4.969582835577723E-04
7.394968663265703E-05,-2.165090065385704E-05,-6.490588708644193E-05,1.613275829556724E-05,6.247354511337547E-05,4.991219731144639E-04
7.396003127450726E-05,-2.160726538731397E-05,-6.455852248427253E-05,1.365698245592750E-05,6.319658974257492E-05,5.012885676996027E-04
7.396865071124922E-05,-2.156312681984579E-05,-6.420965228554397E-05,1.116413130480277E-05,6.392305886092140E-05,5.034580959604070E-04
7.397553300899090E-05,-2.151848255850088E-05,-6.385927444310179E-05,8.653985197839729E-06,6.465299530263501E-05,5.056305863100972E-04
7.398066607992739E-05,-2.147333018034687E-05,-6.350738689014577E-05,6.126320494933940E-06,6.538644258054323E-05,5.078060669127511E-04
7.398403767953400E-05,-2.142766723199434E-05,-6.315398754040836E-05,3.580909467700962E-06,6.612344490047366E-05,5.099845656674217E-04
7.398563540369436E-05,-2.138149122911051E-05,-6.279907428834450E-05,1.017520204323381E-06,6.686404717601292E-05,5.121661101914830E-04
7.398544668576141E-05,-2.133479965592249E-05,-6.244264500933324E-05,-1.564083488313662E-06,6.760829504364258E-05,5.143507278031693E-04
7.398345879354946E-05,-2.128758996470989E-05,-6.208469755989175E-05,-4.164142185289226E-06,6.835623487826346E-05,5.165384455032695E-04
7.397965882625542E-05,-2.123985957528655E-05,-6.172522977790242E-05,-6.782900947209876E-06,6.910791380911990E-05,5.187292899559384E-04
7.397403371130700E-05,-2.119160587447102E-05,-6.136423948285353E-05,-9.420609426767458E-06,6.986337973613612E-05,5.209232874685821E-04
7.396657020113587E-05,-2.114282621554558E-05,-6.100172447609430E-05,-1.207752197839306E-05,7.062268134667703E-05,5.231204639707769E-04
7.395725486987358E-05,-2.109351791770348E-05,-6.063768254110481E-05,-1.475389777111287E-05,7.138586813274648E-05,5.253208449921738E-04
7.394607410996791E-05,-2.104367826548400E-05,-6.027211144378179E-05,-1.745000090471574E-05,7.215299040863615E-05,5.275244556393430E-04
7.393301412871747E-05,-2.099330450819523E-05,-5.990500893274072E-05,-2.016610052934664E-05,7.292409932903905E-05,5.297313205715064E-04
7.391806094472191E-05,-2.094239385932398E-05,-5.953637273963527E-05,-2.290247096864479E-05,7.369924690764165E-05,5.319414639751076E-04
7.390120038424542E-05,-2.089094349593268E-05,-5.916620057949482E-05,-2.565939184654967E-05,7.447848603620952E-05,5.341549095371629E-04
7.388241807749083E-05,-2.083895055804283E-05,-5.879449015108087E-05,-2.843714821790353E-05,7.526187050418178E-05,5.363716804173350E-04
7.386169945478169E-05,-2.078641214800465E-05,-5.842123913726337E-05,-3.123603070298374E-05,7.604945501879001E-05,5.385917992186696E-04
7.383902974264948E-05,-2.073332532985257E-05,-5.804644520541781E-05,-3.405633562610393E-05,7.684129522571802E-05,5.408152879569294E-04
7.381439395982314E-05,-2.067968712864624E-05,-5.767010600784412E-05,-3.689836515842851E-05,7.763744773031936E-05,5.430421680284589E-04
7.378777691311791E-05,-2.062549452979650E-05,-5.729221918220844E-05,-3.976242746515100E-05,7.843797011941014E-05,5.452724601765085E-04
7.375916319322040E-05,-2.057074447837613E-05,-5.691278235200881E-05,-4.264883685719273E-05,7.924292098365513E-05,5.475061844559429E-04
7.372853717036671E-05,-2.051543387841473E-05,-5.653179312706594E-05,-4.555791394758506E-05,8.005235994056594E-05,5.497433601962565E-04
7.369588298991025E-05,-2.045955959217749E-05,-5.614924910404033E-05,-4.848998581270488E-05,8.086634765813074E-05,5.519840059628109E-04
7.366118456777588E-05,-2.040311843942731E-05,-5.576514786697686E-05,-5.144538615854028E-05,8.168494587909547E-05,5.542281395162093E-04
7.362442558579678E-05,-2.034610719666979E-05,-5.537948698787838E-05,-5.442445549217066E-05,8.250821744591748E-05,5.564757777697146E-04
7.358558948693037E-05,-2.028852259638069E-05,-5.499226402730948E-05,-5.742754129865333E-05,8.333622632641298E-05,5.587269367446154E-04
7.354465947034946E-05,-2.023036132621533E-05,-5.460347653503203E-05,-6.045499822351670E-05,8.416903764012076E-05,5.609816315234375E-04
7.350161848640464E-05,-2.017162002819940E-05,-5.421312205067403E-05,-6.350718826106875E-05,8.500671768540515E-05,5.632398762008935E-04
7.345644923145385E-05,-2.011229529790069E-05,-5.382119810443326E-05,-6.658448094873815E-05,8.584933396732212E-05,5.655016838324579E-04
7.340913414255483E-05,-2.005238368358124E-05,-5.342770221781759E-05,-6.968725356767511E-05,8.669695522627343E-05,5.677670663804473E-04
7.335965539201600E-05,-1.999188168532925E-05,-5.303263190442357E-05,-7.281589134984838E-05,8.754965146747435E-05,5.700360346574809E-04
7.330799488180118E-05,-1.993078575417026E-05,-5.263598467075527E-05,-7.597078769188548E-05,8.840749399126159E-05,5.723085982671878E-04
7.325413423778345E-05,-1.986909229115703E-05,-5.223775801708526E-05,-7.915234437591363E-05,8.927055542426896E-05,5.745847655420214E-04
7.319805480384313E-05,-1.980679764643734E-05,-5.183794943835984E-05,-8.236097179767033E-05,9.013890975149933E-05,5.768645434780329E-04
7.313973763580467E-05,-1.974389811829935E-05,-5.143655642515069E-05,-8.559708920216448E-05,9.101263234932234E-05,5.791479376664474E-04
7.307916349520726E-05,-1.968038995219360E-05,-5.103357646465514E-05,-8.886112492718095E-05,9.189180001942860E-05,5.814349522218790E-04
7.301631284290353E-05,-1.961626933973114E-05,-5.062900704174755E-05,-9.215351665493498E-05,9.277649102377211E-05,5.837255897070085E-04
7.295116583248049E-05,-1.955153241765703E-05,-5.022284564008428E-05,-9.547471167219623E-05,9.366678512053359E-05,5.860198510535431E-04
7.288370230349689E-05,-1.948617526679848E-05,-4.981508974326485E-05,-9.882516713921668E-05,9.456276360113910E-05,5.883177354792595E-04
7.281390177453058E-05,-1.942019391098700E-05,-4.940573683605220E-05,-1.022053503678117E-04,9.546450932836898E-05,5.906192404009296E-04
7.274174343602956E-05,-1.935358431595351E-05,-4.899478440565482E-05,-1.056157391089597E-04,9.637210677559382E-05,5.929243613429069E-04
7.266720614295978E-05,-1.928634238819602E-05,-4.858222994307403E-05,-1.090568218503016E-04,9.728564206717537E-05,5.952330918411471E-04
7.259026840724293E-05,-1.921846397381869E-05,-4.816807094451951E-05,-1.125290981239405E-04,9.820520302007166E-05,5.975454233424189E-04
7.251090838997665E-05,-1.914994485734160E-05,-4.775230491289657E-05,-1.160330788249583E-04,9.913087918668702E-05,5.998613450984460E-04
7.242910389342982E-05,-1.908078076048034E-05,-4.733492935936878E-05,-1.195692865410867E-04,1.000627618990092E-04,6.021808440547105E-04
7.234483235280480E-05,-1.901096734089448E-05,-4.691594180499975E-05,-1.231382558939911E-04,1.010009443140773E-04,6.045039047336269E-04
7.225807082775857E-05,-1.894050019090402E-05,-4.649533978247814E-05,-1.267405338926447E-04,1.019455214608259E-04,6.068305091117835E-04
7.216879599367408E-05,-1.886937483617271E-05,-4.607312083792994E-05,-1.303766802992949E-04,1.028965902883519E-04,6.091606364909242E-04
7.207698413267300E-05,-1.879758673435750E-05,-4.564928253282275E-05,-1.340472680085489E-04,1.038542497156536E-04,6.114942633623315E-04
7.198261112436044E-05,-1.872513127372279E-05,-4.522382244596659E-05,-1.377528834401256E-04,1.048186006828913E-04,6.138313632642429E-04
7.188565243629202E-05,-1.865200377171862E-05,-4.479673817561619E-05,-1.414941269458536E-04,1.057897462042218E-04,6.161719066319182E-04
7.178608311415320E-05,-1.857819947352159E-05,-4.436802734168022E-05,-1.452716132315171E-04,1.067677914222625E-04,6.185158606399461E-04
7.168387777164034E-05,-1.850371355053732E-05,-4.393768758804266E-05,-1.490859717941856E-04,1.077528436642376E-04,6.208631890363565E-04
7.157901058003247E-05,-1.842854109886341E-05,-4.350571658500252E-05,-1.529378473756893E-04,1.087450124998688E-04,6.232138519680776E-04
7.147145525744230E-05,-1.835267713771151E-05,-4.307211203183782E-05,-1.568279004329396E-04,1.097444098010658E-04,6.255678057972470E-04
7.136118505773467E-05,-1.827611660778730E-05,-4.263687165950044E-05,-1.607568076258238E-04,1.107511498034830E-04,6.279250029078581E-04
7.124817275909970E-05,-1.819885436962710E-05,-4.219999323344886E-05,-1.647252623234427E-04,1.117653491700034E-04,6.302853915021867E-04
7.113239065226798E-05,-1.812088520188968E-05,-4.176147455662589E-05,-1.687339751294959E-04,1.127871270562182E-04,6.326489153864129E-04
7.101381052835383E-05,-1.804220379960185E-05,-4.132131347258922E-05,-1.727836744276603E-04,1.138166051779701E-04,6.350155137448100E-04
7.089240366631275E-05,-1.796280477235643E-05,-4.087950786880303E-05,-1.768751069478506E-04,1.148539078810310E-04,6.373851209018381E-04
7.076814081999805E-05,-1.788268264246115E-05,-4.043605568009908E-05,-1.810090383542938E-04,1.158991622129890E-04,6.397576660714335E-04
7.064099220480129E-05,-1.780183184303670E-05,-3.999095489231666E-05,-1.851862538563995E-04,1.169524979974192E-04,6.421330730927411E-04
7.051092748386027E-05,-1.772024671606254E-05,-3.954420354613101E-05,-1.894075588434550E-04,1.180140479104179E-04,6.445112601514867E-04
7.037791575381762E-05,-1.763792151036873E-05,-3.909579974108039E-05,-1.936737795442291E-04,1.190839475595802E-04,6.468921394861357E-04
7.024192553011247E-05,-1.755485037957200E-05,-3.864574163980277E-05,-1.979857637126240E-04,1.201623355655059E-04,6.492756170779265E-04
7.010292473178647E-05,-1.747102737995431E-05,-3.819402747249374E-05,-2.023443813405729E-04,1.212493536459191E-04,6.516615923238067E-04
6.996088066578501E-05,-1.738644646828212E-05,-3.774065554159763E-05,-2.067505253994452E-04,1.223451467024904E-04,6.540499576912382E-04
6.981576001073319E-05,-1.730110149956434E-05,-3.728562422674514E-05,-2.112051126112845E-04,1.234498629104536E-04,6.564405983537630E-04
6.966752880016559E-05,-1.721498622474707E-05,-3.682893198995087E-05,-2.157090842512781E-04,1.245636538111118E-04,6.588333918061518E-04
6.951615240518737E-05,-1.712809428834308E-05,-3.637057738108574E-05,-2.202634069829264E-04,1.256866744073282E-04,6.612282074578745E-04
6.936159551654366E-05,-1.704041922599391E-05,-3.591055904363954E-05,-2.248690737274644E-04,1.268190832621034E-04,6.636249062035454E-04
6.920382212607278E-05,-1.695195446196238E-05,-3.544887572079021E-05,-2.295271045691635E-04,1.279610426003394E-04,6.660233399689062E-04
6.904279550751790E-05,-1.686269330655333E-05,-3.498552626179731E-05,-2.342385476982374E-04,1.291127184138973E-04,6.684233512308048E-04
6.887847819667024E-05,-1.677262895346025E-05,-3.452050962873845E-05,-2.390044803931615E-04,1.302742805700544E-04,6.708247725095279E-04
6.871083197081592E-05,-1.668175447703529E-05,-3.405382490360824E-05,-2.438260100443194E-04,1.314459029234712E-04,6.732274258317223E-04
6.853981782745696E-05,-1.659006282948035E-05,-3.358547129580102E-05,-2.487042752209915E-04,1.326277634317811E-04,6.756311221620209E-04
6.836539596227577E-05,-1.649754683795659E-05,-3.311544814999981E-05,-2.536404467838121E-04,1.338200442749159E-04,6.780356608013525E-04
6.818752574631051E-05,-1.640419920160972E-05,-3.264375495449514E-05,-2.586357290449386E-04,1.350229319782844E-04,6.804408287497696E-04
6.800616570230767E-05,-1.631001248850841E-05,-3.217039134995952E-05,-2.636913609783024E-04,1.362366175399213E-04,6.828464000314745E-04
6.782127348021599E-05,-1.621497913249293E-05,-3.169535713870431E-05,-2.688086174824394E-04,1.374612965617269E-04,6.852521349795519E-04
6.763280583178443E-05,-1.611909142993128E-05,-3.121865229444822E-05,-2.739888106985421E-04,1.386971693849163E-04,6.876577794777371E-04
6.744071858422491E-05,-1.602234153637970E-05,-3.074027697262799E-05,-2.792332913865214E-04,1.399444412298013E-04,6.900630641563498E-04
6.724496661289835E-05,-1.592472146314459E-05,-3.026023152128431E-05,-2.845434503620232E-04,1.412033223400251E-04,6.924677035393116E-04
6.704550381298080E-05,-1.582622307374270E-05,-2.977851649255801E-05,-2.899207199975147E-04,1.424740281313708E-04,6.948713951389355E-04
6.684228307006393E-05,-1.572683808025628E-05,-2.929513265483398E-05,-2.953665757907297E-04,1.437567793452643E-04,6.972738184949237E-04
6.663525622964193E-05,-1.562655803958013E-05,-2.881008100557302E-05,-3.008825380039530E-04,1.450518022070894E-04,6.996746341537430E-04
6.642437406543440E-05,-1.552537434955681E-05,-2.832336278487426E-05,-3.064701733778219E-04,1.463593285894301E-04,7.020734825842520E-04
6.620958624649203E-05,-1.542327824499689E-05,-2.783497948981409E-05,-3.121310969235367E-04,1.476795961803525E-04,7.044699830251377E-04
6.599084130302936E-05,-1.532026079358048E-05,-2.734493288961043E-05,-3.178669737975965E-04,1.490128486568331E-04,7.068637322593746E-04
6.576808659092566E-05,-1.521631289163654E-05,-2.685322504166507E-05,-3.236795212634159E-04,1.503593358634324E-04,7.092543033105436E-04
6.554126825483217E-05,-1.511142525979625E-05,-2.635985830853987E-05,-3.295705107444327E-04,1.517193139963087E-04,7.116412440554457E-04
6.531033118982031E-05,-1.500558843851672E-05,-2.586483537592737E-05,-3.355417699735856E-04,1.530930457926524E-04,7.140240757469975E-04
6.507521900150231E-05,-1.489879278347126E-05,-2.536815927168008E-05,-3.415951852443287E-04,1.544808007256139E-04,7.164022914409225E-04
6.483587396455175E-05,-1.479102846080230E-05,-2.486983338596788E-05,-3.477327037686511E-04,1.558828552047792E-04,7.187753543192210E-04
6.459223697954785E-05,-1.468228544223323E-05,-2.436986149263751E-05,-3.539563361478952E-04,1.572994927822351E-04,7.211426959028407E-04
6.434424752806291E-05,-1.457255350003517E-05,-2.386824777185429E-05,-3.602681589625079E-04,1.587310043642421E-04,7.235037141453412E-04
6.409184362590815E-05,-1.446182220184473E-05,-2.336499683411144E-05,-3.666703174872221E-04,1.601776884285102E-04,7.258577713986760E-04
6.383496177444853E-05,-1.435008090532905E-05,-2.286011374569921E-05,-3.731650285385534E-04,1.616398512470461E-04,7.282041922414712E-04
6.357353690989202E-05,-1.423731875269411E-05,-2.235360405573292E-05,-3.797545834619014E-04,1.631178071145059E-04,7.305422611593795E-04
6.330750235045390E-05,-1.412352466503258E-05,-2.184547382484651E-05,-3.864413512659822E-04,1.646118785819507E-04,7.328712200662034E-04
6.303678974129077E-05,-1.400868733650753E-05,-2.133572965566624E-05,-3.932277819127754E-04,1.661223966958565E-04,7.351902656535193E-04
6.276132899709341E-05,-1.389279522836837E-05,-2.082437872518838E-05,-4.001164097716530E-04,1.676497012421812E-04,7.374985465554831E-04
6.248104824222130E-05,-1.377583656279559E-05,-2.031142881919409E-05,-4.071098572468751E-04,1.691941409952284E-04,7.397951603143408E-04
6.219587374825507E-05,-1.365779931657121E-05,-1.979688836884530E-05,-4.142108385881773E-04,1.707560739709837E-04,7.420791501309078E-04
6.190572986883614E-05,-1.353867121457173E-05,-1.928076648961675E-05,-4.214221638947498E-04,1.723358676845156E-04,7.443495013828910E-04
6.161053897165550E-05,-1.341843972308114E-05,-1.876307302273188E-05,-4.287467433235129E-04,1.739338994109454E-04,7.466051378924130E-04
6.131022136744594E-05,-1.329709204292162E-05,-1.824381857928355E-05,-4.361875915132321E-04,1.755505564493842E-04,7.488449179224235E-04
6.100469523582335E-05,-1.317461510240011E-05,-1.772301458723560E-05,-4.437478322366858E-04,1.771862363891154E-04,7.510676298798540E-04
6.069387654781461E-05,-1.305099555006950E-05,-1.720067334151700E-05,-4.514307032938042E-04,1.788413473771627E-04,7.532719877013531E-04
6.037767898489975E-05,-1.292621974730383E-05,-1.667680805743820E-05,-4.592395616594368E-04,1.805163083862249E-04,7.554566258952224E-04
6.005601385438677E-05,-1.280027376068764E-05,-1.615143292767821E-05,-4.671778889001764E-04,1.822115494817772E-04,7.576200942107303E-04
5.972879000092693E-05,-1.267314335422049E-05,-1.562456318311190E-05,-4.752492968754767E-04,1.839275120869298E-04,7.597608519032888E-04
5.939591371396764E-05,-1.254481398133884E-05,-1.509621515777011E-05,-4.834575337391338E-04,1.856646492433956E-04,7.618772615610098E-04
5.905728863092841E-05,-1.241527077675856E-05,-1.456640635824996E-05,-4.918064902580716E-04,1.874234258666447E-04,7.639675824548798E-04
5.871281563587356E-05,-1.228449854814298E-05,-1.403515553792038E-05,-5.003002064662641E-04,1.892043189930093E-04,7.660299633711745E-04
5.836239275344223E-05,-1.215248176760275E-05,-1.350248277629786E-05,-5.089428786725433E-04,1.910078180161418E-04,7.680624348807323E-04
5.800591503778349E-05,-1.201920456303618E-05,-1.296840956400070E-05,-5.177388668419734E-04,1.928344249098176E-04,7.700629009952808E-04
5.764327445622969E-05,-1.188465070932052E-05,-1.243295889372581E-05,-5.266927023714148E-04,1.946846544335996E-04,7.720291301561097E-04
5.727435976742713E-05,-1.174880361936748E-05,-1.189615535773259E-05,-5.358090962808409E-04,1.965590343173395E-04,7.739587454949555E-04
5.689905639362740E-05,-1.161164633505941E-05,-1.135802525236166E-05,-5.450929478428977E-04,1.984581054198685E-04,7.758492143009406E-04
5.651724628682717E-05,-1.147316151808566E-05,-1.081859669016477E-05,-5.545493536740944E-04,2.003824218565178E-04,7.776978366207324E-04
5.612880778842722E-05,-1.133333144070304E-05,-1.027789972027528E-05,-5.641836173118621E-04,2.023325510892866E-04,7.795017329116628E-04
5.573361548206497E-05,-1.119213797644858E-05,-9.735966457706938E-06,-5.740012593024889E-04,2.043090739725385E-04,7.812578306593058E-04
5.533154003925659E-05,-1.104956259083849E-05,-9.192831222333688E-06,-5.840080278256121E-04,2.063125847460250E-04,7.829628498618350E-04
5.492244805746717E-05,-1.090558633209274E-05,-8.648530688374059E-06,-5.942099098814689E-04,2.083436909657918E-04,7.846132872732711E-04
5.450620189020886E-05,-1.076018982193249E-05,-8.103104045282900E-06,-6.046131430674461E-04,2.104030133620976E-04,7.862053992863519E-04
5.408265946874856E-05,-1.061335324650496E-05,-7.556593171040129E-06,-6.152242279705502E-04,2.124911856118319E-04,7.877351833230766E-04
5.365167411498818E-05,-1.046505634750022E-05,-7.009042818922730E-06,-6.260499412021890E-04,2.146088540110237E-04,7.891983575868219E-04
5.321309434506252E-05,-1.031527841353477E-05,-6.460500818953036E-06,-6.370973491010143E-04,2.167566770308571E-04,7.905903390141302E-04
5.276676366318206E-05,-1.016399827188938E-05,-5.911018295334789E-06,-6.483738221284234E-04,2.189353247380937E-04,7.919062192466191E-04
5.231252034523184E-05,-1.001119428070277E-05,-5.360649901319885E-06,-6.598870499795241E-04,2.211454780579045E-04,7.931407384237267E-04
5.185019721162212E-05,-9.856844321739091E-06,-4.809454073094626E-06,-6.716450574297773E-04,2.233878278537634E-04,7.942882565749289E-04
5.137962138887414E-05,-9.700925793866346E-06,-4.257493304436443E-06,-6.836562209339463E-04,2.256630737951898E-04,7.953427223653576E-04
5.090061405941397E-05,-9.543415607404240E-06,-3.704834444072354E-06,-6.959292859891822E-04,2.279719229796495E-04,7.962976389210678E-04
5.041299019904158E-05,-9.384290179525573E-06,-3.151549017871118E-06,-7.084733852677588E-04,2.303150882697475E-04,7.971460264291946E-04
4.991655830154090E-05,-9.223525430923974E-06,-2.597713578224489E-06,-7.212980575168116E-04,2.326932863008485E-04,7.978803811734727E-04
4.941112008990231E-05,-9.061096783994454E-06,-2.043410083222071E-06,-7.344132672120008E-04,2.351072351073041E-04,7.984926306266124E-04
4.889647021364198E-05,-8.896979162811903E-06,-1.488726308501976E-06,-7.478294249388083E-04,2.375576513073994E-04,7.989740841772930E-04
4.837239593172690E-05,-8.731146995237463E-06,-9.337562949694696E-07,-7.615574084585656E-04,2.400452467777590E-04,7.993153790204805E-04
4.783867678065060E-05,-8.563574217534452E-06,-3.786008359217651E-07,-7.756085843955470E-04,2.425707247370602E-04,7.995064206847379E-04
4.729508422725781E-05,-8.394234281935490E-06,1.766319924962969E-07,-7.899948304556296E-04,2.451347751462319E-04,7.995363176084533E-04
4.674138130598909E-05,-8.223100167671928E-06,7.318262531489957E-07,-8.047285580550044E-04,2.477380693175627E-04,7.993933091076685E-04
4.617732224031392E-05,-8.050144396057182E-06,1.286857517239303E-06,-8.198227351978684E-04,2.503812536079547E-04,7.990646860005739E-04
4.560265204824921E-05,-7.875339050309033E-06,1.841592175731683E-06,-8.352909093932728E-04,2.530649420515124E-04,7.985367030667880E-04
4.501710613202588E-05,-7.698655800904391E-06,2.395886686884635E-06,-8.511472303413564E-04,2.557897077632645E-04,7.977944824222507E-04
4.442040985217801E-05,-7.520065937386093E-06,2.949586753234091E-06,-8.674064720455797E-04,2.585560729184992E-04,7.968219067818349E-04
4.381227808659827E-05,-7.339540407687873E-06,3.502526420613648E-06,-8.840840539173389E-04,2.613644970802733E-04,7.956015014605000E-04
4.319241477544090E-05,-7.157049866214200E-06,4.054527090953523E-06,-9.011960603288195E-04,2.642153636103364E-04,7.941143038288393E-04
4.256051245317740E-05,-6.972564732110307E-06,4.605396439657203E-06,-9.187592579347380E-04,2.671089638550612E-04,7.923397187890986E-04
4.191625176963689E-05,-6.786055259389174E-06,5.154927227302497E-06,-9.367911099183074E-04,2.700454787469009E-04,7.902553586721872E-04
4.125930100251770E-05,-6.597491620852066E-06,5.702895994240611E-06,-9.553097861147945E-04,2.730249574021293E-04,7.878368657740662E-04
4.058931556466623E-05,-6.406844008054041E-06,6.249061625361542E-06,-9.743341677194032E-04,2.760472922256854E-04,7.850577155507706E-04
3.990593751041841E-05,-6.214082749933179E-06,6.793163770844494E-06,-9.938838449852143E-04,2.791121899521268E-04,7.818889982753368E-04
3.920879504652940E-05,-6.019178453151201E-06,7.334921107106894E-06,-1.013979105949717E-03,2.822191379560270E-04,7.782991767280797E-04
3.849750205472965E-05,-5.822102167693897E-06,7.874029420394582E-06,-1.034640913780768E-03,2.853673650533769E-04,7.742538172462546E-04
3.777165763480176E-05,-5.622825581864486E-06,8.410159493510694E-06,-1.055890869787294E-03,2.885557958851251E-04,7.697152912042585E-04
3.703084567934731E-05,-5.421321251485638E-06,8.942954774057292E-06,-1.077751158475779E-03,2.917829978220668E-04,7.646424437378332E-04
3.627463449419778E-05,-5.217562868922294E-06,9.472028800263217E-06,-1.100244470225478E-03,2.950471191537361E-04,7.589902262755376E-04
3.550257648182770E-05,-5.011525578466016E-06,9.996962358004207E-06,-1.123393896173244E-03,2.983458171194349E-04,7.527092892133636E-04
3.471420790928515E-05,-4.803186345702883E-06,1.051730034001004E-05,-1.147222788707198E-03,3.016761741035759E-04,7.457455308859844E-04
3.390904878722377E-05,-4.592524389744031E-06,1.103254827554001E-05,-1.171754579525088E-03,3.050346000467762E-04,7.380395988823535E-04
3.308660289279359E-05,-4.379521688655922E-06,1.154216849606014E-05,-1.197012545468934E-03,3.084167188156812E-04,7.295263397685890E-04
3.224635797665217E-05,-4.164163570113399E-06,1.204557589977728E-05,-1.223019510246310E-03,3.118172359263322E-04,7.201341934787972E-04
3.138778620346426E-05,-3.946439401240195E-06,1.254213327543168E-05,-1.249797467626735E-03,3.152297846278076E-04,7.097845290991927E-04
3.051034488628091E-05,-3.726343393825925E-06,1.303114614374307E-05,-1.277367108690333E-03,3.186467469275678E-04,6.983909196174945E-04
2.961347758849434E-05,-3.503875543639171E-06,1.351185707366363E-05,-1.305747232132824E-03,3.220590456848921E-04,6.858583545931368E-04
2.869661568306715E-05,-3.279042725409285E-06,1.398343943055394E-05,-1.334954012426687E-03,3.254559034286983E-04,6.720823918315933E-04
2.775918047789186E-05,-3.051859968227110E-06,1.444499051517520E-05,-1.365000095745087E-03,3.288245630965418E-04,6.569482522926171E-04
2.680058603894277E-05,-2.822351939596433E-06,1.489552405680689E-05,-1.395893487942593E-03,3.321499654843167E-04,6.403298669873211E-04
2.582024286983022E-05,-2.590554670096324E-06,1.533396203196889E-05,-1.427636192575915E-03,3.354143779058604E-04,6.220888909887654E-04
2.481756263791287E-05,-2.356517554476888E-06,1.575912579362754E-05,-1.460222550049009E-03,3.385969684856087E-04,6.020737084895851E-04
2.379196417359571E-05,-2.120305668812053E-06,1.616972651634123E-05,-1.493637221734165E-03,3.416733207882607E-04,5.801184648323774E-04
2.274288101092207E-05,-1.882002446758242E-06,1.656435499306837E-05,-1.527852755833342E-03,3.446148843311962E-04,5.560421775227029E-04
2.166977078369554E-05,-1.641712760533788E-06,1.694147086252384E-05,-1.562826665619551E-03,3.473883582137970E-04,5.296479994821996E-04
2.057212684105237E-05,-1.399566453223893E-06,1.729939140602674E-05,-1.598497946847984E-03,3.499550080232911E-04,5.007227354110225E-04
1.944949249741634E-05,-1.155722367398680E-06,1.763628013458301E-05,-1.634782961560346E-03,3.522699208587191E-04,4.690367473414926E-04
1.830147838016678E-05,-9.103729093642429E-07,1.795013549616304E-05,-1.671570623185342E-03,3.542812104218070E-04,4.343444293605806E-04
1.712778337772417E-05,-6.637491766871480E-07,1.823878017604046E-05,-1.708716836967932E-03,3.559291944802253E-04,3.963854846379153E-04
1.592821971126118E-05,-4.161266563590630E-07,1.849985164599753E-05,-1.746038186072493E-03,3.571455815697971E-04,3.548872998175225E-04
1.470274264046068E-05,-1.678314688317355E-07,1.873079484654593E-05,-1.783304914648077E-03,3.578527235684076E-04,3.095687800306023E-04
1.345148524749502E-05,8.075291477604418E-08,1.892885816264568E-05,-1.820233353794142E-03,3.579630166050910E-04,2.601460764810585E-04
1.217479859681424E-05,3.291786231008286E-07,1.909109417466232E-05,-1.856478074773681E-03,3.573785650341975E-04,2.063406969033296E-04
1.087329730765595E-05,5.769262359774269E-07,1.921436701951804E-05,-1.891624245344919E-03,3.559912612166856E-04,1.478905191818385E-04
9.547910162304275E-06,8.233978905966604E-07,1.929536855359715E-05,-1.925180915116544E-03,3.536834750048591E-04,8.456420280479216E-05
8.199934766059157E-06,1.067911144523079E-06,1.933064581787592E-05,-1.956576260314435E-03,3.503295854813434E-04,1.617937398976921E-05
6.831094443019368E-06,1.309694269414855E-06,1.931664248646763E-05,-1.985156155713611E-03,3.457986137337546E-04,-5.737529826272921E-05
5.443594487465602E-06,1.547883830658161E-06,1.924975691808577E-05,-2.010187762612895E-03,3.399582141086450E-04,-1.361144651966514E-04
4.040173632748401E-06,1.781525573269222E-06,1.912641898072049E-05,-2.030870040306947E-03,3.326802323044873E-04,-2.199279031840287E-04
2.624145261290622E-06,2.009579742314024E-06,1.894318682349013E-05,-2.046353077258052E-03,3.238479191831565E-04,-3.085516614672432E-04
1.199421673860784E-06,2.230931960849253E-06,1.869686308899908E-05,-2.055767739619858E-03,3.133646805039991E-04,-4.015415068820999E-04
-2.294860127354080E-07,2.444410605396419E-06,1.838462764105996E-05,-2.058266197026525E-03,3.011639407825988E-04,-4.982526525872343E-04
-1.657499654364170E-06,2.648811199859373E-06,1.800418083612338E-05,-2.053072329267869E-03,2.872193285985895E-04,-5.978304755808085E-04
-3.079043475759930E-06,2.842927665782762E-06,1.755388804119363E-05,-2.039538925805936E-03,2.715540158852709E-04,-6.992169469433503E-04
-4.488154049885191E-06,3.025589352061194E-06,1.703291311489749E-05,-2.017206289009113E-03,2.542477713744541E-04,-8.011764498301668E-04
-5.878629382468056E-06,3.195701735876056E-06,1.644132674357876E-05,-1.985854922907633E-03,2.354402460157087E-04,-9.023423591011893E-04
-7.244210168780441E-06,3.352287737574719E-06,1.578017569095030E-05,-1.945544154814516E-03,2.153292999301064E-04,-1.001282390585804E-03
-8.578780820586490E-06,3.494525971560510E-06,1.505150171661531E-05,-1.896629406616120E-03,1.941638291605752E-04,-1.096576951562206E-03
-9.876573656391644E-06,3.621782183555900E-06,1.425830409198068E-05,-1.839753586265780E-03,1.722314554922099E-04,-1.186901551906249E-03
-1.113235789519770E-05,3.733630709627191E-06,1.340444650002554E-05,-1.775812248210396E-03,1.498423859388069E-04,-1.271102808445893E-03
-1.234159644662428E-05,3.829863968015360E-06,1.249451625331750E-05,-1.705896731647492E-03,1.273114628595698E-04,-1.348258318142029E-03
-1.350055777369994E-05,3.910489522699807E-06,1.153364961784435E-05,-1.631223162330121E-03,1.049407001359354E-04,-1.417713579941946E-03
-1.460637633434072E-05,3.975715799525906E-06,1.052734034259535E-05,-1.553057012610479E-03,8.300436956846939E-05,-1.479093374424261E-03
-1.565706183022167E-05,4.025928766802640E-06,9.481248760157299E-06,-1.472642531637791E-03,6.173806627582640E-05,-1.532289347134729E-03
-1.665146328546023E-05,4.061662602414659E-06,8.401026370155212E-06,-1.391144179362693E-03,4.133235745402845E-05,-1.577428880830508E-03
-1.758919787748796E-05,4.083567510013587E-06,7.292166585553869E-06,-1.309604084102101E-03,2.193083868919043E-05,-1.614832069933144E-03
-1.847055612804168E-05,4.092377512203864E-06,6.159887469913650E-06,-1.228916423239385E-03,3.631854035755556E-06,-1.644963707884906E-03
-1.929639478517519E-05,4.088880415033947E-06,5.009047826248296E-06,-1.149817179068698E-03,-1.350715415670884E-05,-1.668386087111458E-03
-2.006802708064142E-05,4.073891394087313E-06,3.844094549771580E-06,-1.072886244671144E-03,-2.946373726434493E-05,-1.685716688980863E-03
-2.078711770829128E-05,4.048230948588137E-06,2.669036957003671E-06,-9.985583112204627E-04,-4.424390769600198E-05,-1.697593045428234E-03
-2.145558741262980E-05,4.012707397366865E-06,1.487442768114493E-06,-9.271391242075075E-04,-5.787568903448115E-05,-1.704645539186448E-03
-2.207552988724672E-05,3.968103683802044E-06,3.024502883967269E-07,-8.588242611160114E-04,-7.040321487332012E-05,-1.707477830423409E-03
-2.264914195286797E-05,3.915168009570613E-06,-8.832082022269753E-07,-7.937183046605129E-04,-8.188163007967951E-05,-1.706653957381403E-03
-2.317866675764993E-05,3.854607700319079E-06,-2.067176065595843E-06,-7.318529901011384E-04,-9.237288597825734E-05,-1.702690876528040E-03
-2.366634896920453E-05,3.787085683880808E-06,-3.247438261540361E-06,-6.732034982926293E-04,-1.019424111404652E-04,-1.696055175105733E-03
-2.411440051703137E-05,3.713218999185450E-06,-4.422286132023330E-06,-6.177025148478397E-04,-1.106565747240298E-04,-1.687162804475852E-03
-2.452497529530122E-05,3.633578824001364E-06,-5.590282763676609E-06,-5.652519847997270E-04,-1.185808285683750E-04,-1.676380868033034E-03
-2.490015125969947E-05,3.548691592405920E-06,-6.750230078763923E-06,-5.157326846602429E-04,-1.257784065183052E-04,-1.664030700271617E-03
-2.524191847732916E-05,3.459040855711201E-06,-7.901138341681772E-06,-4.690118385088278E-04,-1.323094656263229E-04,-1.650391663327915E-03
-2.555217186411337E-05,3.365069616288076E-06,-9.042198427849813E-06,-4.249490485999467E-04,-1.382305672819328E-04,-1.635705249444059E-03
-2.583270753540267E-05,3.267182928985958E-06,-1.017275696310558E-05,-3.834008159027292E-04,-1.435944124627923E-04,-1.620179207965618E-03
-2.608522188153652E-05,3.165750618760884E-06,-1.129229428258256E-05,-3.442239082996694E-04,-1.484497614805110E-04,-1.603991515129210E-03
-2.631131264941162E-05,3.061110006246558E-06,-1.240040505867222E-05,-3.072778051602066E-04,-1.528414833391115E-04,-1.587294078175843E-03
-2.651248145854031E-05,2.953568566586201E-06,-1.349678139147133E-05,-2.724264139562114E-04,-1.568106924956729E-04,-1.570216117254379E-03
-2.669013730449147E-05,2.843406472398269E-06,-1.458119812898104E-05,-2.395392218643977E-04,-1.603949412678010E-04,-1.552867204004761E-03
-2.684560070513301E-05,2.730878990780931E-06,-1.565350017829860E-05,-2.084920152652879E-04,-1.636284445017733E-04,-1.535339958840614E-03
-2.698010822803331E-05,2.616218718131704E-06,-1.671359157582319E-05,-1.791672737621477E-04,-1.665423196567550E-04,-1.517712423206377E-03
-2.709481720345968E-05,2.499637646435890E-06,-1.776142609888485E-05,-1.514543230795208E-04,-1.691648304731472E-04,-1.500050131121569E-03
-2.719081047938808E-05,2.381329061519628E-06,-1.879699921960926E-05,-1.252493127884557E-04,-1.715216261679475E-04,-1.482407908136775E-03
-2.726910111535551E-05,2.261469278337733E-06,-1.982034122184901E-05,-1.004550698514641E-04,-1.736359708968524E-04,-1.464831426865281E-03
-2.733063694308226E-05,2.140219221273266E-06,-2.083151132209777E-05,-7.698086700709820E-05,-1.755289602618079E-04,-1.447358547554302E-03
-2.737630494546720E-05,2.017725859126642E-06,-2.183059265451540E-05,-5.474213553822469E-05,-1.772197231036581E-04,-1.430020470437592E-03
-2.740693542339086E-05,1.894123505316691E-06,-2.281768799799797E-05,-3.366014454167535E-05,-1.787256078456789E-04,-1.412842724352758E-03
-2.742330593303124E-05,1.769534994065854E-06,-2.379291613937528E-05,-1.366166304629422E-05,-1.800623533569553E-04,-1.395846013631367E-03
-2.742614498613691E-05,1.644072743189827E-06,-2.475640878123392E-05,5.321383122813420E-06,-1.812442447707615E-04,-1.379046942780696E-03
-2.741613551272860E-05,1.517839713699144E-06,-2.570830791558278E-05,2.335225124084710E-05,-1.822842549876344E-04,-1.362458636095061E-03
-2.739391809065900E-05,1.390930275847893E-06,-2.664876359570270E-05,4.048971243376205E-05,-1.831941727646913E-04,-1.346091267129854E-03
-2.736009394985341E-05,1.263430990604832E-06,-2.757793204818591E-05,5.678836932423715E-05,-1.839847183783960E-04,-1.329952510974797E-03
-2.731522776127278E-05,1.135421314824711E-06,-2.849597407552445E-05,7.229895807001711E-05,-1.846656478742427E-04,-1.314047930483472E-03
-2.725985022198626E-05,1.006974237696663E-06,-2.940305370679845E-05,8.706863336705556E-05,-1.852458469032853E-04,-1.298381306048956E-03
-2.719446044844461E-05,8.781568553646208E-07,-3.029933706018848E-05,1.011412357748557E-04,-1.857334151062210E-04,-1.282954917147255E-03
-2.711952819028528E-05,7.490308899659046E-07,-3.118499138632422E-05,1.145575412851419E-04,-1.861357419509239E-04,-1.267769782683862E-03
-2.703549587690886E-05,6.196531587267048E-07,-3.206018426600250E-05,1.273554934512763E-04,-1.864595748660194E-04,-1.252825866155375E-03
-2.694278050874582E-05,4.900759981911697E-07,-3.292508293967011E-05,1.395704186661620E-04,-1.867110804462025E-04,-1.238122250758680E-03
-2.684177540465885E-05,3.603476481455098E-07,-3.377985374936234E-05,1.512352253526633E-04,-1.868958994378586E-04,-1.223657288826813E-03
-2.673285181635461E-05,2.305125993292788E-07,-3.462466167659973E-05,1.623805879372507E-04,-1.870191961483156E-04,-1.209428729326589E-03
-2.661636042005245E-05,1.006119086009674E-07,-3.545966996214371E-05,1.730351165332962E-04,-1.870857028601030E-04,-1.195433826603440E-03
-2.649263269500614E-05,-2.931651515833517E-08,-3.628503979555647E-05,1.832255132793489E-04,-1.870997597736977E-04,-1.181669433090425E-03
-2.636198219781885E-05,-1.592376514641573E-07,-3.710093006425543E-05,1.929767162705292E-04,-1.870653509487727E-04,-1.168132078299301E-03
-2.622470574084880E-05,-2.891191323408381E-07,-3.790749715324060E-05,2.023120319959315E-04,-1.869861366650511E-04,-1.154818036071767E-03
-2.608108448238081E-05,-4.189310277735400E-07,-3.870489478794434E-05,2.112532571576564E-04,-1.868654825794182E-04,-1.141723381779844E-03
-2.593138493564642E-05,-5.486456503943002E-07,-3.949327391373754E-05,2.198207907022457E-04,-1.867064860157747E-04,-1.128844040918129E-03
-2.577585990321537E-05,-6.782373775172331E-07,-4.027278260655389E-05,2.280337368461682E-04,-1.865119996879704E-04,-1.116175830321105E-03
-2.561474934275564E-05,-8.076824888351019E-07,-4.104356600988642E-05,2.359099998259705E-04,-1.862846531237336E-04,-1.103714493060184E-03
-2.544828116967023E-05,-9.369590182652682E-07,-4.180576629408870E-05,2.434663710524690E-04,-1.860268720285097E-04,-1.091455727923078E-03
-2.527667200166414E-05,-1.066046618589780E-06,-4.255952263449379E-05,2.507186092981082E-04,-1.857408958022278E-04,-1.079395214248436E-03
-2.510012784987538E-05,-1.194926437674119E-06,-4.330497120536121E-05,2.576815144981530E-04,-1.854287933989292E-04,-1.067528632778094E-03
-2.491884476081659E-05,-1.323581005173747E-06,-4.404224518708884E-05,2.643689957002378E-04,-1.850924776986380E-04,-1.055851683094886E-03
-2.473300941301804E-05,-1.451994128748752E-06,-4.477147478449178E-05,2.707941336532757E-04,-1.847337185425650E-04,-1.044360098133331E-03
-2.454279967193602E-05,-1.580150798906047E-06,-4.549278725426476E-05,2.769692384859954E-04,-1.843541545664755E-04,-1.033049656181558E-03
-2.434838510639125E-05,-1.708037101677103E-06,-4.620630694001359E-05,2.829059028874702E-04,-1.839553039525955E-04,-1.021916190733903E-03
-2.414992746952818E-05,-1.835640138418238E-06,-4.691215531347310E-05,2.886150511668960E-04,-1.835385742075812E-04,-1.010955598503075E-03
-2.394758114703500E-05,-1.962947952091106E-06,-4.761045102072814E-05,2.941069845374917E-04,-1.831052710626592E-04,-1.000163845857566E-03
-2.374149357513566E-05,-2.089949459444178E-06,-4.830130993242526E-05,2.993914229396039E-04,-1.826566065818915E-04,-9.895369739128701E-04
-2.353180563065568E-05,-2.216634388572516E-06,-4.898484519711033E-05,3.044775436907678E-04,-1.821937065554951E-04,-9.790711024732350E-04
-2.331865199527268E-05,-2.342993221383701E-06,-4.966116729695409E-05,3.093740172254474E-04,-1.817176172471139E-04,-9.687624329933329E-04
-2.310216149588823E-05,-2.469017140543107E-06,-5.033038410523694E-05,3.140890401642993E-04,-1.812293115568008E-04,-9.586072507057419E-04
-2.288245742289810E-05,-2.594697980512346E-06,-5.099260094505843E-05,3.186303659319101E-04,-1.807296946551019E-04,-9.486019260399007E-04
-2.265965782799323E-05,-2.720028182331166E-06,-5.164792064881785E-05,3.230053331229031E-04,-1.802196091379722E-04,-9.387429154408089E-04
-2.243387580299038E-05,-2.845000751825846E-06,-5.229644361808239E-05,3.272208917989390E-04,-1.796998397472005E-04,-9.290267616807541E-04
-2.220521974107089E-05,-2.969609220956532E-06,-5.293826788351931E-05,3.312836278833119E-04,-1.791711176965144E-04,-9.194500937444284E-04
-2.197379358169474E-05,-3.093847612042477E-06,-5.357348916462052E-05,3.351997858054355E-04,-1.786341246395194E-04,-9.100096263566553E-04
-2.173969704035634E-05,-3.217710404627943E-06,-5.420220092899262E-05,3.389752895343970E-04,-1.780894963120306E-04,-9.007021592123333E-04
-2.150302582425596E-05,-3.341192504773023E-06,-5.482449445102382E-05,3.426157621288176E-04,-1.775378258781495E-04,-8.915245759599016E-04
-2.126387183487595E-05,-3.464289216573007E-06,-5.544045886977236E-05,3.461265439193933E-04,-1.769796670065640E-04,-8.824738429824599E-04
-2.102232335837402E-05,-3.586996215727368E-06,-5.605018124594930E-05,3.495127094305994E-04,-1.764155367009815E-04,-8.735470080144804E-04
-2.077846524463453E-05,-3.709309524995288E-06,-5.665374661789325E-05,3.527790831390374E-04,-1.758459179063012E-04,-8.647411986266874E-04
-2.053237907575447E-05,-3.831225491388857E-06,-5.725123805645529E-05,3.559302541577063E-04,-1.752712619100672E-04,-8.560536206070509E-04
-2.028414332468108E-05,-3.952740764968036E-06,-5.784273671873063E-05,3.589705899280156E-04,-1.746919905568913E-04,-8.474815562618282E-04
-2.003383350466370E-05,-4.073852279113152E-06,-5.842832190058859E-05,3.619042489945523E-04,-1.741084982918710E-04,-8.390223626571209E-04
-1.978152231013278E-05,-4.194557232161309E-06,-5.900807108796601E-05,3.647351929314214E-04,-1.735211540475324E-04,-8.306734698184148E-04
-1.952727974957272E-05,-4.314853070302691E-06,-5.958206000690007E-05,3.674671974833233E-04,-1.729303029874826E-04,-8.224323789029698E-04
-1.927117327091375E-05,-4.434737471641474E-06,-6.015036267228622E-05,3.701038629793831E-04,-1.723362681187456E-04,-8.142966603576834E-04
-1.901326787992881E-05,-4.554208331334008E-06,-6.071305143535498E-05,3.726486240730396E-04,-1.717393517836650E-04,-8.062639520731043E-04
-1.875362625208637E-05,-4.673263747724111E-06,-6.127019702986807E-05,3.751047588570155E-04,-1.711398370412713E-04,-7.983319575425933E-04
-1.849230883827730E-05,-4.791902009401897E-06,-6.182186861704026E-05,3.774753973984629E-04,-1.705379889471270E-04,-7.904984440341711E-04
-1.822937396480364E-05,-4.910121583118534E-06,-6.236813382919782E-05,3.797635297358034E-04,-1.699340557398580E-04,-7.827612407813408E-04
-1.796487792798991E-05,-5.027921102494765E-06,-6.290905881218884E-05,3.819720133755011E-04,-1.693282699418564E-04,-7.751182371980837E-04
-1.769887508375159E-05,-5.145299357466001E-06,-6.344470826656349E-05,3.841035803240161E-04,-1.687208493809848E-04,-7.675673811222911E-04
-1.743141793243222E-05,-5.262255284411320E-06,-6.397514548754547E-05,3.861608436874405E-04,-1.681119981395178E-04,-7.601066770910893E-04
-1.716255719919882E-05,-5.378787956917848E-06,-6.450043240381752E-05,3.881463038688133E-04,-1.675019074360188E-04,-7.527341846508175E-04
-1.689234191026524E-05,-5.494896577135798E-06,-6.502062961514612E-05,3.900623543908047E-04,-1.668907564453635E-04,-7.454480167038207E-04
-1.662081946519451E-05,-5.610580467682878E-06,-6.553579642887127E-05,3.919112873693572E-04,-1.662787130616785E-04,-7.382463378937078E-04
-1.634803570551448E-05,-5.725839064059971E-06,-6.604599089528872E-05,3.936952986619349E-04,-1.656659346085627E-04,-7.311273630302828E-04
-1.607403497986481E-05,-5.840671907542891E-06,-6.655126984195244E-05,3.954164927122549E-04,-1.650525685005911E-04,-7.240893555549841E-04
-1.579886020587904E-05,-5.955078638517670E-06,-6.705168890692558E-05,3.970768871117497E-04,-1.644387528597747E-04,-7.171306260473418E-04
-1.552255292899192E-05,-6.069058990229283E-06,-6.754730257100858E-05,3.986784168965083E-04,-1.638246170903400E-04,-7.102495307726967E-04
-1.524515337834949E-05,-6.182612782915961E-06,-6.803816418897318E-05,4.002229385970677E-04,-1.632102824149246E-04,-7.034444702711868E-04
-1.496670051998799E-05,-6.295739918303288E-06,-6.852432601983069E-05,4.017122340571609E-04,-1.625958623750286E-04,-6.967138879878197E-04
-1.468723210743662E-05,-6.408440374434185E-06,-6.900583925616322E-05,4.031480140363607E-04,-1.619814632983347E-04,-6.900562689432808E-04
-1.440678472988956E-05,-6.520714200812626E-06,-6.948275405254579E-05,4.045319216104863E-04,-1.613671847353036E-04,-6.834701384449948E-04
-1.412539385808303E-05,-6.632561513840516E-06,-6.995511955308719E-05,4.058655353826497E-04,-1.607531198672554E-04,-6.769540608378451E-04
-1.384309388800473E-05,-6.743982492528655E-06,-7.042298391811685E-05,4.071503725169069E-04,-1.601393558879792E-04,-6.705066382938633E-04
-1.355991818255487E-05,-6.854977374464066E-06,-7.088639435004452E-05,4.083878916056383E-04,-1.595259743607489E-04,-6.641265096401279E-04
-1.327589911127080E-05,-6.965546452017219E-06,-7.134539711841900E-05,4.095794953810059E-04,-1.589130515524805E-04,-6.578123492240519E-04
-1.299106808821987E-05,-7.075690068773831E-06,-7.180003758421169E-05,4.107265332801174E-04,-1.583006587466311E-04,-6.515628658151942E-04
-1.270545560815925E-05,-7.185408616177018E-06,-7.225036022334984E-05,4.118303038728653E-04,-1.576888625363176E-04,-6.453768015426933E-04
-1.241909128105491E-05,-7.294702530366523E-06,-7.269640864952404E-05,4.128920571607956E-04,-1.570777250990217E-04,-6.392529308674003E-04
-1.213200386504669E-05,-7.403572289202687E-06,-7.313822563629372E-05,4.139129967547956E-04,-1.564673044541430E-04,-6.331900595877677E-04
-1.184422129794109E-05,-7.512018409463665E-06,-7.357585313851369E-05,4.148942819388633E-04,-1.558576547045699E-04,-6.271870238785453E-04
-1.155577072730839E-05,-7.620041444205164E-06,-7.400933231310429E-05,4.158370296267384E-04,-1.552488262633484E-04,-6.212426893613275E-04
-1.126667853925645E-05,-7.727641980272707E-06,-7.443870353918677E-05,4.167423162177203E-04,-1.546408660664511E-04,-6.153559502060003E-04
-1.097697038594892E-05,-7.834820635957097E-06,-7.486400643760524E-05,4.176111793575873E-04,-1.540338177725750E-04,-6.095257282621413E-04
-1.068667121193207E-05,-7.941578058784378E-06,-7.528527988985548E-05,4.184446196101377E-04,-1.534277219508272E-04,-6.037509722194363E-04
-1.039580527933021E-05,-8.047914923432158E-06,-7.570256205644053E-05,4.192436020445205E-04,-1.528226162570981E-04,-5.980306567961867E-04
-1.010439619196672E-05,-8.153831929764705E-06,-7.611589039467226E-05,4.200090577431839E-04,-1.522185355998625E-04,-5.923637819550006E-04
-9.812466918464150E-06,-8.259329800979709E-06,-7.652530167593744E-05,4.207418852349663E-04,-1.516155122960959E-04,-5.867493721447725E-04
-9.520039814373795E-06,-8.364409281860076E-06,-7.693083200244627E-05,4.214429518575614E-04,-1.510135762179466E-04,-5.811864755680808E-04
-9.227136643382572E-06,-8.469071137124537E-06,-7.733251682348075E-05,4.221130950533233E-04,-1.504127549307560E-04,-5.756741634731464E-04
-8.933778597642037E-06,-8.573316149871265E-06,-7.773039095115966E-05,4.227531236021306E-04,-1.498130738229811E-04,-5.702115294695213E-04
-8.639986317262110E-06,-8.677145120109054E-06,-7.812448857573628E-05,4.233638187947915E-04,-1.492145562285325E-04,-5.647976888666954E-04
-8.345779909009627E-06,-8.780558863370959E-06,-7.851484328044459E-05,4.239459355502613E-04,-1.486172235420066E-04,-5.594317780348312E-04
-8.051178964249653E-06,-8.883558209405622E-06,-7.890148805590897E-05,4.245002034797402E-04,-1.480210953272576E-04,-5.541129537868610E-04
-7.756202576165459E-06,-8.986144000941802E-06,-7.928445531413199E-05,4.250273279005295E-04,-1.474261894197248E-04,-5.488403927812003E-04
-7.460869356291075E-06,-9.088317092521912E-06,-7.966377690207439E-05,4.255279908023552E-04,-1.468325220229023E-04,-5.436132909443576E-04
-7.165197450388558E-06,-9.190078349400623E-06,-8.003948411484079E-05,4.260028517686990E-04,-1.462401077993120E-04,-5.384308629127402E-04
-6.869204553700373E-06,-9.291428646504824E-06,-8.041160770848426E-05,4.264525488555270E-04,-1.456489599563161E-04,-5.332923414929786E-04
-6.572907925605677E-06,-9.392368867451485E-06,-8.078017791244228E-05,4.268776994296654E-04,-1.450590903270850E-04,-5.281969771401161E-04
-6.276324403707800E-06,-9.492899903620142E-06,-8.114522444161644E-05,4.272789009689365E-04,-1.444705094470126E-04,-5.231440374530293E-04
-5.979470417378777E-06,-9.593022653276953E-06,-8.150677650810751E-05,4.276567318260469E-04,-1.438832266258546E-04,-5.181328066864672E-04
-5.682362000785429E-06,-9.692738020747438E-06,-8.186486283261722E-05,4.280117519581015E-04,-1.432972500158444E-04,-5.131625852791203E-04
-5.385014805420275E-06,-9.792046915635191E-06,-8.221951165552773E-05,4.283445036235106E-04,-1.427125866760288E-04,-5.082326893971464E-04
-5.087444112159308E-06,-9.890950252084032E-06,-8.257075074766934E-05,4.286555120479520E-04,-1.421292426330450E-04,-5.033424504926048E-04
-4.789664842867587E-06,-9.989448948081179E-06,-8.291860742078651E-05,4.289452860609598E-04,-1.415472229385504E-04,-4.984912148762668E-04
-4.491691571572522E-06,-1.008754392479920E-05,-8.326310853771216E-05,4.292143187046172E-04,-1.409665317235015E-04,-4.936783433042907E-04
-4.193538535223743E-06,-1.018523610597464E-05,-8.360428052225952E-05,4.294630878157508E-04,-1.403871722494644E-04,-4.889032105782683E-04
-3.895219644057469E-06,-1.028252641732125E-05,-8.394214936884079E-05,4.296920565829436E-04,-1.398091469571310E-04,-4.841652051581654E-04
-3.596748491582460E-06,-1.037941578597603E-05,-8.427674065182130E-05,4.299016740796106E-04,-1.392324575122008E-04,-4.794637287877001E-04
-3.298138364203738E-06,-1.047590513997626E-05,-8.460807953461783E-05,4.300923757743129E-04,-1.386571048487814E-04,-4.747981961317147E-04
-2.999402250499505E-06,-1.057199540776581E-05,-8.493619077854895E-05,4.302645840194198E-04,-1.380830892104472E-04,-4.701680344251183E-04
-2.700552850165928E-06,-1.066768751772926E-05,-8.526109875144568E-05,4.304187085191694E-04,-1.375104101890922E-04,-4.655726831329871E-04
-2.401602582643743E-06,-1.076298239775217E-05,-8.558282743602969E-05,4.305551467781195E-04,-1.369390667617003E-04,-4.610115936214313E-04
-2.102563595439969E-06,-1.085788097480631E-05,-8.590140043806669E-05,4.306742845309277E-04,-1.363690573251499E-04,-4.564842288388453E-04
-1.803447772157398E-06,-1.095238417455832E-05,-8.621684099430189E-05,4.307764961543494E-04,-1.358003797291656E-04,-4.519900630071773E-04
-1.504266740243890E-06,-1.104649292100071E-05,-8.652917198018448E-05,4.308621450622938E-04,-1.352330313075173E-04,-4.475285813228650E-04
-1.205031878472987E-06,-1.114020813610385E-05,-8.683841591738765E-05,4.309315840847353E-04,-1.346670089075670E-04,-4.430992796670994E-04
-9.057543241667749E-07,-1.123353073948806E-05,-8.714459498113059E-05,4.309851558312327E-04,-1.341023089182522E-04,-4.387016643250879E-04
-6.064449801714383E-07,-1.132646164811448E-05,-8.744773100730854E-05,4.310231930397725E-04,-1.335389272965944E-04,-4.343352517140051E-04
-3.071145215954641E-07,-1.141900177599400E-05,-8.774784549943683E-05,4.310460189116121E-04,-1.329768595928115E-04,-4.299995681193273E-04
-7.773402319986733E-09,-1.151115203391303E-05,-8.804495963541471E-05,4.310539474327665E-04,-1.324161009741121E-04,-4.256941494392584E-04
2.915681387096587E-07,-1.160291332917544E-05,-8.833909427411434E-05,4.310472836827460E-04,-1.318566462472418E-04,-4.214185409369698E-04
5.909000714025270E-07,-1.169428656535974E-05,-8.863026996180041E-05,4.310263241311242E-04,-1.312984898798507E-04,-4.171722970003809E-04
8.902125686425368E-07,-1.178527264209067E-05,-8.891850693838552E-05,4.309913569224832E-04,-1.307416260207439E-04,-4.129549809092232E-04
1.189496000602939E-06,-1.187587245482454E-05,-8.920382514352614E-05,4.309426621502583E-04,-1.301860485190771E-04,-4.087661646091365E-04
1.488740929247244E-06,-1.196608689464745E-05,-8.948624422256418E-05,4.308805121199747E-04,-1.296317509425510E-04,-4.046054284925559E-04
1.787938103009406E-06,-1.205591684808594E-05,-8.976578353231865E-05,4.308051716023475E-04,-1.290787265946610E-04,-4.004723611861596E-04
2.087078451646384E-06,-1.214536319692921E-05,-9.004246214673189E-05,4.307168980766900E-04,-1.285269685310496E-04,-3.963665593446522E-04
2.386153081256487E-06,-1.223442681806245E-05,-9.031629886237478E-05,4.306159419650554E-04,-1.279764695750106E-04,-3.922876274506701E-04
2.685153269457224E-06,-1.232310858331060E-05,-9.058731220381504E-05,4.305025468575139E-04,-1.274272223321887E-04,-3.882351776206013E-04
2.984070460716631E-06,-1.241140935929215E-05,-9.085552042885269E-05,4.303769497289503E-04,-1.268792192045183E-04,-3.842088294161207E-04
3.282896261832305E-06,-1.249933000728224E-05,-9.112094153362655E-05,4.302393811477457E-04,-1.263324524034390E-04,-3.802082096612481E-04
3.581622437552651E-06,-1.258687138308480E-05,-9.138359325759554E-05,4.300900654766909E-04,-1.257869139624273E-04,-3.762329522647455E-04
3.880240906335038E-06,-1.267403433691310E-05,-9.164349308839852E-05,4.299292210664620E-04,-1.252425957488799E-04,-3.722826980476744E-04
4.178743736235833E-06,-1.276081971327841E-05,-9.190065826659603E-05,4.297570604419726E-04,-1.246994894753804E-04,-3.683570945759421E-04
4.477123140927454E-06,-1.284722835088616E-05,-9.215510579029745E-05,4.295737904819029E-04,-1.241575867103834E-04,-3.644557959976718E-04
4.775371475837811E-06,-1.293326108253949E-05,-9.240685241967695E-05,4.293796125916902E-04,-1.236168788883451E-04,-3.605784628852373E-04
5.073481234407686E-06,-1.301891873504948E-05,-9.265591468138114E-05,4.291747228702534E-04,-1.230773573193276E-04,-3.567247620818083E-04
5.371445044461802E-06,-1.310420212915199E-05,-9.290230887283183E-05,4.289593122707111E-04,-1.225390131981056E-04,-3.528943665522599E-04
5.669255664689476E-06,-1.318911207943063E-05,-9.314605106642666E-05,4.287335667553394E-04,-1.220018376128002E-04,-3.490869552383026E-04
5.966905981230959E-06,-1.327364939424557E-05,-9.338715711364057E-05,4.284976674450064E-04,-1.214658215530626E-04,-3.453022129176954E-04
6.264389004365692E-06,-1.335781487566781E-05,-9.362564264903085E-05,4.282517907633073E-04,-1.209309559178323E-04,-3.415398300674112E-04
6.561697865298883E-06,-1.344160931941887E-05,-9.386152309414855E-05,4.279961085756151E-04,-1.203972315226904E-04,-3.377995027306252E-04
6.858825813042939E-06,-1.352503351481523E-05,-9.409481366135879E-05,4.277307883232519E-04,-1.198646391068276E-04,-3.340809323874042E-04
7.155766211390433E-06,-1.360808824471770E-05,-9.432552935757247E-05,4.274559931529754E-04,-1.193331693396480E-04,-3.303838258289782E-04
7.452512535975422E-06,-1.369077428548505E-05,-9.455368498789203E-05,4.271718820419685E-04,-1.188028128270253E-04,-3.267078950354798E-04
7.749058371420053E-06,-1.377309240693205E-05,-9.477929515917325E-05,4.268786099185088E-04,-1.182735601172296E-04,-3.230528570570407E-04
8.045397408563519E-06,-1.385504337229140E-05,-9.500237428350585E-05,4.265763277784899E-04,-1.177454017065404E-04,-3.194184338981399E-04
8.341523441770534E-06,-1.393662793817946E-05,-9.522293658161472E-05,4.262651827979558E-04,-1.172183280445630E-04,-3.158043524051000E-04
8.637430366316626E-06,-1.401784685456565E-05,-9.544099608618410E-05,4.259453184418050E-04,-1.166923295392607E-04,-3.122103441566333E-04
8.933112175847623E-06,-1.409870086474518E-05,-9.565656664510688E-05,4.256168745688123E-04,-1.161673965617186E-04,-3.086361453573418E-04
9.228562959910841E-06,-1.417919070531503E-05,-9.586966192466084E-05,4.252799875331107E-04,-1.156435194506517E-04,-3.050814967340786E-04
9.523776901555550E-06,-1.425931710615292E-05,-9.608029541261392E-05,4.249347902822698E-04,-1.151206885166697E-04,-3.015461434350832E-04
9.818748275000414E-06,-1.433908079039929E-05,-9.628848042126039E-05,4.245814124521004E-04,-1.145988940463102E-04,-2.980298349318026E-04
1.011347144336566E-05,-1.441848247444182E-05,-9.649423009038974E-05,4.242199804583090E-04,-1.140781263058526E-04,-2.945323249233175E-04
1.040794085646783E-05,-1.449752286790272E-05,-9.669755739019010E-05,4.238506175851237E-04,-1.135583755449223E-04,-2.910533712432918E-04
1.070215104867508E-05,-1.457620267362830E-05,-9.689847512408785E-05,4.234734440710027E-04,-1.130396319998960E-04,-2.875927357693701E-04
1.099609663682102E-05,-1.465452258768089E-05,-9.709699593152520E-05,4.230885771915366E-04,-1.125218858971176E-04,-2.841501843349459E-04
1.128977231817512E-05,-1.473248329933300E-05,-9.729313229067725E-05,4.226961313396485E-04,-1.120051274559345E-04,-2.807254866432313E-04
1.158317286846801E-05,-1.481008549106339E-05,-9.748689652111018E-05,4.222962181031918E-04,-1.114893468915617E-04,-2.773184161835569E-04
1.187629313996968E-05,-1.488732983855519E-05,-9.767830078638205E-05,4.218889463400422E-04,-1.109745344177832E-04,-2.739287501498348E-04
1.216912805961908E-05,-1.496421701069580E-05,-9.786735709658778E-05,4.214744222507757E-04,-1.104606802494987E-04,-2.705562693611205E-04
1.246167262720328E-05,-1.504074766957850E-05,-9.805407731084952E-05,4.210527494490207E-04,-1.099477746051210E-04,-2.672007581842100E-04
1.275392191358480E-05,-1.511692247050566E-05,-9.823847313975416E-05,4.206240290295685E-04,-1.094358077088347E-04,-2.638620044582123E-04
1.304587105897542E-05,-1.519274206199352E-05,-9.842055614773894E-05,4.201883596343243E-04,-1.089247697927200E-04,-2.605397994210383E-04
1.333751527125510E-05,-1.526820708577837E-05,-9.860033775542682E-05,4.197458375161753E-04,-1.084146510987487E-04,-2.572339376377495E-04
1.362884982433449E-05,-1.534331817682407E-05,-9.877782924191257E-05,4.192965566008507E-04,-1.079054418806601E-04,-2.539442169307112E-04
1.391987005655982E-05,-1.541807596333085E-05,-9.895304174700111E-05,4.188406085468464E-04,-1.073971324057204E-04,-2.506704383114986E-04
1.421057136915867E-05,-1.549248106674525E-05,-9.912598627339903E-05,4.183780828034811E-04,-1.068897129563723E-04,-2.474124059145030E-04
1.450094922472544E-05,-1.556653410177125E-05,-9.929667368886070E-05,4.179090666671511E-04,-1.063831738317805E-04,-2.441699269321901E-04
1.479099914574531E-05,-1.564023567638235E-05,-9.946511472828985E-05,4.174336453358472E-04,-1.058775053492768E-04,-2.409428115519610E-04
1.508071671315546E-05,-1.571358639183469E-05,-9.963131999579799E-05,4.169519019619936E-04,-1.053726978457105E-04,-2.377308728945711E-04
1.537009756494242E-05,-1.578658684268102E-05,-9.979529996672044E-05,4.164639177036676E-04,-1.048687416787086E-04,-2.345339269540608E-04
1.565913739477442E-05,-1.585923761678557E-05,-9.995706498959130E-05,4.159697717742566E-04,-1.043656272278498E-04,-2.313517925391553E-04
1.594783195066771E-05,-1.593153929533965E-05,-1.001166252880781E-04,4.154695414906054E-04,-1.038633448957561E-04,-2.281842912160920E-04
1.623617703368583E-05,-1.600349245287802E-05,-1.002739909628774E-04,4.149633023197066E-04,-1.033618851091072E-04,-2.250312472528336E-04
1.652416849667080E-05,-1.607509765729593E-05,-1.004291719935718E-04,4.144511279239832E-04,-1.028612383195794E-04,-2.218924875646288E-04
1.681180224300523E-05,-1.614635546986679E-05,-1.005821782404501E-04,4.139330902052106E-04,-1.023613950047148E-04,-2.187678416608824E-04
1.709907422540459E-05,-1.621726644526040E-05,-1.007330194462905E-04,4.134092593471262E-04,-1.018623456687224E-04,-2.156571415932969E-04
1.738598044473848E-05,-1.628783113156173E-05,-1.008817052381084E-04,4.128797038567682E-04,-1.013640808432150E-04,-2.125602219052518E-04
1.767251694888029E-05,-1.635805007029021E-05,-1.010282451288697E-04,4.123444906045880E-04,-1.008665910878850E-04,-2.094769195823842E-04
1.795867983158429E-05,-1.642792379641941E-05,-1.011726485191698E-04,4.118036848633759E-04,-1.003698669911223E-04,-2.064070740043390E-04
1.824446523138925E-05,-1.649745283839721E-05,-1.013149246988801E-04,4.112573503460407E-04,-9.987389917057570E-05,-2.033505268976547E-04
1.852986933054808E-05,-1.656663771816625E-05,-1.014550828487609E-04,4.107055492422801E-04,-9.937867827366279E-05,-2.003071222897547E-04
1.881488835398239E-05,-1.663547895118483E-05,-1.015931320420445E-04,4.101483422541782E-04,-9.888419497802837E-05,-1.972767064640131E-04
1.909951856826151E-05,-1.670397704644796E-05,-1.017290812459859E-04,4.095857886307671E-04,-9.839043999195554E-05,-1.942591279158657E-04
1.938375628060515E-05,-1.677213250650886E-05,-1.018629393233845E-04,4.090179462015832E-04,-9.789740405473097E-05,-1.912542373099378E-04
1.966759783790900E-05,-1.683994582750053E-05,-1.019947150340753E-04,4.084448714092538E-04,-9.740507793696667E-05,-1.882618874381608E-04
1.995103962579262E-05,-1.690741749915764E-05,-1.021244170363925E-04,4.078666193411440E-04,-9.691345244088038E-05,-1.852819331788516E-04
2.023407806766903E-05,-1.697454800483856E-05,-1.022520538886041E-04,4.072832437600933E-04,-9.642251840053662E-05,-1.823142314567275E-04
2.051670962383534E-05,-1.704133782154753E-05,-1.023776340503195E-04,4.066947971342727E-04,-9.593226668205007E-05,-1.793586412038331E-04
2.079893079058374E-05,-1.710778741995701E-05,-1.025011658838701E-04,4.061013306661893E-04,-9.544268818375329E-05,-1.764150233213533E-04
2.108073809933243E-05,-1.717389726443008E-05,-1.026226576556640E-04,4.055028943208656E-04,-9.495377383633041E-05,-1.734832406422897E-04
2.136212811577582E-05,-1.723966781304295E-05,-1.027421175375143E-04,4.048995368532188E-04,-9.446551460291840E-05,-1.705631578949771E-04
2.164309743905344E-05,-1.730509951760750E-05,-1.028595536079436E-04,4.042913058346672E-04,-9.397790147917751E-05,-1.676546416674177E-04
2.192364270093708E-05,-1.737019282369392E-05,-1.029749738534625E-04,4.036782476789855E-04,-9.349092549333235E-05,-1.647575603724114E-04
2.220376056503567E-05,-1.743494817065331E-05,-1.030883861698256E-04,4.030604076674342E-04,-9.300457770618502E-05,-1.618717842134626E-04
2.248344772601731E-05,-1.749936599164031E-05,-1.031997983632630E-04,4.024378299731838E-04,-9.251884921110167E-05,-1.589971851514401E-04
2.276270090884803E-05,-1.756344671363567E-05,-1.033092181516896E-04,4.018105576850580E-04,-9.203373113397369E-05,-1.561336368719742E-04
2.304151686804687E-05,-1.762719075746887E-05,-1.034166531658915E-04,4.011786328306136E-04,-9.154921463315484E-05,-1.532810147535688E-04
2.331989238695666E-05,-1.769059853784059E-05,-1.035221109506909E-04,4.005420963985809E-04,-9.106529089937550E-05,-1.504391958364117E-04
2.359782427703027E-05,-1.775367046334516E-05,-1.036255989660893E-04,3.999009883606804E-04,-9.058195115563502E-05,-1.476080587918641E-04
2.387530937713175E-05,-1.781640693649296E-05,-1.037271245883901E-04,3.992553476928379E-04,-9.009918665707339E-05,-1.447874838926127E-04
2.415234455285195E-05,-1.787880835373266E-05,-1.038266951113000E-04,3.986052123958140E-04,-8.961698869082313E-05,-1.419773529834665E-04
2.442892669583839E-05,-1.794087510547339E-05,-1.039243177470115E-04,3.979506195152658E-04,-8.913534857584241E-05,-1.391775494527826E-04
2.470505272313876E-05,-1.800260757610678E-05,-1.040199996272642E-04,3.972916051612595E-04,-8.865425766273033E-05,-1.363879582045045E-04
2.498071957655784E-05,-1.806400614402884E-05,-1.041137478043884E-04,3.966282045272472E-04,-8.817370733352516E-05,-1.336084656307976E-04
2.525592422202738E-05,-1.812507118166178E-05,-1.042055692523290E-04,3.959604519085266E-04,-8.769368900148649E-05,-1.308389595852664E-04
2.553066364898868E-05,-1.818580305547552E-05,-1.042954708676514E-04,3.952883807201969E-04,-8.721419411086199E-05,-1.280793293567396E-04
2.580493486978739E-05,-1.824620212600920E-05,-1.043834594705291E-04,3.946120235146263E-04,-8.673521413663954E-05,-1.253294656436078E-04
2.607873491908037E-05,-1.830626874789242E-05,-1.044695418057136E-04,3.939314119984458E-04,-8.625674058428552E-05,-1.225892605287011E-04
2.635206085325407E-05,-1.836600326986627E-05,-1.045537245434880E-04,3.932465770490820E-04,-8.577876498946988E-05,-1.198586074546914E-04
2.662490974985440E-05,-1.842540603480428E-05,-1.046360142806019E-04,3.925575487308431E-04,-8.530127891777871E-05,-1.171374012000089E-04
2.689727870702743E-05,-1.848447737973301E-05,-1.047164175411918E-04,3.918643563105700E-04,-8.482427396441477E-05,-1.144255378552577E-04
2.716916484297096E-05,-1.854321763585258E-05,-1.047949407776834E-04,3.911670282728661E-04,-8.434774175388688E-05,-1.117229148001192E-04
2.744056529539645E-05,-1.860162712855685E-05,-1.048715903716797E-04,3.904655923349168E-04,-8.387167393968836E-05,-1.090294306807317E-04
2.771147722100113E-05,-1.865970617745350E-05,-1.049463726348322E-04,3.897600754609102E-04,-8.339606220396535E-05,-1.063449853875337E-04
2.798189779494997E-05,-1.871745509638373E-05,-1.050192938096975E-04,3.890505038760717E-04,-8.292089825717542E-05,-1.036694800335600E-04
2.825182421036729E-05,-1.877487419344187E-05,-1.050903600705794E-04,3.883369030803208E-04,-8.244617383773689E-05,-1.010028169331796E-04
2.852125367783768E-05,-1.883196377099464E-05,-1.051595775243552E-04,3.876192978615633E-04,-8.197188071166943E-05,-9.834489958126482E-05
2.879018342491611E-05,-1.888872412570021E-05,-1.052269522112889E-04,3.868977123086269E-04,-8.149801067222632E-05,-9.569563263278022E-05
2.905861069564679E-05,-1.894515554852693E-05,-1.052924901058296E-04,3.861721698238514E-04,-8.102455553951878E-05,-9.305492188278299E-05
2.932653275009077E-05,-1.900125832477193E-05,-1.053561971173966E-04,3.854426931353418E-04,-8.055150716013287E-05,-9.042267424682325E-05
2.959394686386184E-05,-1.905703273407929E-05,-1.054180790911507E-04,3.847093043088944E-04,-8.007885740673914E-05,-8.779879774173557E-05
2.986085032767067E-05,-1.911247905045809E-05,-1.054781418087522E-04,3.839720247596051E-04,-7.960659817769558E-05,-8.518320146681216E-05
3.012724044687685E-05,-1.916759754230003E-05,-1.055363909891068E-04,3.832308752631665E-04,-7.913472139664416E-05,-8.257579558534860E-05
3.039311454104874E-05,-1.922238847239693E-05,-1.055928322890974E-04,3.824858759668645E-04,-7.866321901210118E-05,-7.997649130655341E-05
3.065846994353075E-05,-1.927685209795780E-05,-1.056474713043050E-04,3.817370464002810E-04,-7.819208299704186E-05,-7.738520086781269E-05
3.092330400101804E-05,-1.933098867062568E-05,-1.057003135697160E-04,3.809844054857109E-04,-7.772130534847947E-05,-7.480183751730166E-05
3.118761407313836E-05,-1.938479843649425E-05,-1.057513645604188E-04,3.802279715483009E-04,-7.725087808703908E-05,-7.222631549693475E-05
3.145139753204075E-05,-1.943828163612398E-05,-1.058006296922875E-04,3.794677623259177E-04,-7.678079325652653E-05,-6.965855002564656E-05
3.171465176199108E-05,-1.949143850455817E-05,-1.058481143226551E-04,3.787037949787516E-04,-7.631104292349248E-05,-6.709845728299566E-05
3.197737415897418E-05,-1.954426927133851E-05,-1.058938237509748E-04,3.779360860986635E-04,-7.584161917679209E-05,-6.454595439308410E-05
3.223956213030227E-05,-1.959677416052051E-05,-1.059377632194706E-04,3.771646517182823E-04,-7.537251412714038E-05,-6.200095940878495E-05
3.250121309422975E-05,-1.964895339068841E-05,-1.059799379137767E-04,3.763895073198566E-04,-7.490371990666353E-05,-5.946339129627097E-05
3.276232447957399E-05,-1.970080717496999E-05,-1.060203529635663E-04,3.756106678438701E-04,-7.443522866844632E-05,-5.693316991983744E-05
3.302289372534198E-05,-1.975233572105092E-05,-1.060590134431708E-04,3.748281476974245E-04,-7.396703258607588E-05,-5.441021602701236E-05
3.328291828036284E-05,-1.980353923118885E-05,-1.060959243721872E-04,3.740419607623968E-04,-7.349912385318192E-05,-5.189445123394738E-05
3.354239560292580E-05,-1.985441790222716E-05,-1.061310907160770E-04,3.732521204033755E-04,-7.303149468297367E-05,-4.938579801108327E-05
3.380132316042368E-05,-1.990497192560840E-05,-1.061645173867540E-04,3.724586394753833E-04,-7.256413730777355E-05,-4.688417966908335E-05
3.405969842900165E-05,-1.995520148738739E-05,-1.061962092431635E-04,3.716615303313890E-04,-7.209704397854787E-05,-4.438952034502918E-05
3.431751889321112E-05,-2.000510676824405E-05,-1.062261710918511E-04,3.708608048296152E-04,-7.163020696443460E-05,-4.190174498887223E-05
3.457478204566867E-05,-2.005468794349577E-05,-1.062544076875229E-04,3.700564743406471E-04,-7.116361855226836E-05,-3.942077935013601E-05
3.483148538671979E-05,-2.010394518310961E-05,-1.062809237335957E-04,3.692485497543459E-04,-7.069727104610274E-05,-3.694654996486291E-05
3.508762642410741E-05,-2.015287865171406E-05,-1.063057238827393E-04,3.684370414865725E-04,-7.023115676673010E-05,-3.447898414280022E-05
3.534320267264502E-05,-2.020148850861050E-05,-1.063288127374091E-04,3.676219594857259E-04,-6.976526805119891E-05,-3.201800995482018E-05
3.559821165389423E-05,-2.024977490778432E-05,-1.063501948503703E-04,3.668033132390997E-04,-6.929959725232873E-05,-2.956355622056862E-05
3.585265089584676E-05,-2.029773799791569E-05,-1.063698747252139E-04,3.659811117790626E-04,-6.883413673822298E-05,-2.711555249633723E-05
3.610651793261058E-05,-2.034537792239003E-05,-1.063878568168640E-04,3.651553636890657E-04,-6.836887889177947E-05,-2.467392906315447E-05
3.635981030410021E-05,-2.039269481930810E-05,-1.064041455320768E-04,3.643260771094804E-04,-6.790381611019886E-05,-2.223861691509037E-05
3.661252555573100E-05,-2.043968882149577E-05,-1.064187452299324E-04,3.634932597432727E-04,-6.743894080449115E-05,-1.980954774777034E-05
3.686466123811732E-05,-2.048636005651340E-05,-1.064316602223170E-04,3.626569188615147E-04,-6.697424539898004E-05,-1.738665394709357E-05
3.711621490677447E-05,-2.053270864666497E-05,-1.064428947743997E-04,3.618170613087395E-04,-6.650972233080558E-05,-1.496986857815144E-05
3.736718412182431E-05,-2.057873470900677E-05,-1.064524531050992E-04,3.609736935081418E-04,-6.604536404942484E-05,-1.255912537434162E-05
3.761756644770443E-05,-2.062443835535579E-05,-1.064603393875449E-04,3.601268214666272E-04,-6.558116301611074E-05,-1.015435872667351E-05
3.786735945288074E-05,-2.066981969229776E-05,-1.064665577495297E-04,3.592764507797151E-04,-6.511711170344926E-05,-7.755503673261051E-06
3.811656070956347E-05,-2.071487882119480E-05,-1.064711122739557E-04,3.584225866362962E-04,-6.465320259483476E-05,-5.362495888998577E-06
3.836516779342641E-05,-2.075961583819279E-05,-1.064740069992729E-04,3.575652338232496E-04,-6.418942818396367E-05,-2.975271675416018E-06
3.861317828332928E-05,-2.080403083422832E-05,-1.064752459199111E-04,3.567043967299217E-04,-6.372578097432651E-05,-5.937679507094148E-07
3.886058976104317E-05,-2.084812389503533E-05,-1.064748329867045E-04,3.558400793524692E-04,-6.326225347869825E-05,1.782077760056953E-06
3.910739981097899E-05,-2.089189510115137E-05,-1.064727721073098E-04,3.549722852980703E-04,-6.279883821862702E-05,4.152327334580511E-06
3.935360601991877E-05,-2.093534452792352E-05,-1.064690671466178E-04,3.541010177890059E-04,-6.233552772392122E-05,6.517042062786008E-06
3.959920597674970E-05,-2.097847224551394E-05,-1.064637219271582E-04,3.532262796666138E-04,-6.187231453213500E-05,8.876282656130297E-06
3.984419727220099E-05,-2.102127831890508E-05,-1.064567402294981E-04,3.523480733951178E-04,-6.140919118805215E-05,1.123010925674971E-05
4.008857749858326E-05,-2.106376280790454E-05,-1.064481257926345E-04,3.514664010653354E-04,-6.094615024316843E-05,1.357858144645339E-05
4.033234424953044E-05,-2.110592576714948E-05,-1.064378823143799E-04,3.505812643982654E-04,-6.048318425517218E-05,1.592175825556573E-05
4.057549511974422E-05,-2.114776724611083E-05,-1.064260134517427E-04,3.496926647485584E-04,-6.002028578742347E-05,1.825969817162130E-05
4.081802770474078E-05,-2.118928728909698E-05,-1.064125228213008E-04,3.488006031078713E-04,-5.955744740843152E-05,2.059245914791520E-05
4.105993960059987E-05,-2.123048593525721E-05,-1.063974139995698E-04,3.479050801081103E-04,-5.909466169133054E-05,2.292009861191187E-05
4.130122840371603E-05,-2.127136321858472E-05,-1.063806905233654E-04,3.470060960245613E-04,-5.863192121335393E-05,2.524267347351550E-05
4.154189171055205E-05,-2.131191916791925E-05,-1.063623558901599E-04,3.461036507789127E-04,-5.816921855530684E-05,2.756024013320472E-05
4.178192711739438E-05,-2.135215380694944E-05,-1.063424135584331E-04,3.451977439421708E-04,-5.770654630103697E-05,2.987285449003456E-05
4.202133222011063E-05,-2.139206715421470E-05,-1.063208669480178E-04,3.442883747374702E-04,-5.724389703690376E-05,3.218057194950829E-05
4.226010461390891E-05,-2.143165922310682E-05,-1.062977194404399E-04,3.433755420427809E-04,-5.678126335124581E-05,3.448344743132203E-05
4.249824189309905E-05,-2.147093002187112E-05,-1.062729743792533E-04,3.424592443935146E-04,-5.631863783384652E-05,3.678153537698458E-05
4.273574165085560E-05,-2.150987955360729E-05,-1.062466350703688E-04,3.415394799850302E-04,-5.585601307539797E-05,3.907488975731515E-05
4.297260147898250E-05,-2.154850781626982E-05,-1.062187047823791E-04,3.406162466750428E-04,-5.539338166696296E-05,4.136356407982150E-05
4.320881896767942E-05,-2.158681480266810E-05,-1.061891867468774E-04,3.396895419859345E-04,-5.493073619943517E-05,4.364761139596088E-05
4.344439170530968E-05,-2.162480050046606E-05,-1.061580841587721E-04,3.387593631069720E-04,-5.446806926299748E-05,4.592708430828632E-05
4.367931727816967E-05,-2.166246489218154E-05,-1.061254001765958E-04,3.378257068964296E-04,-5.400537344657824E-05,4.820203497748038E-05
4.391359327025966E-05,-2.169980795518520E-05,-1.060911379228098E-04,3.368885698836207E-04,-5.354264133730565E-05,5.047251512927893E-05
4.414721726305609E-05,-2.173682966169910E-05,-1.060553004841038E-04,3.359479482708390E-04,-5.307986551996003E-05,5.273857606128704E-05
4.438018683528506E-05,-2.177352997879485E-05,-1.060178909116909E-04,3.350038379352097E-04,-5.261703857642406E-05,5.500026864968911E-05
4.461249956269720E-05,-2.180990886839144E-05,-1.059789122215979E-04,3.340562344304539E-04,-5.215415308513083E-05,5.725764335585566E-05
4.484415301784363E-05,-2.184596628725262E-05,-1.059383673949513E-04,3.331051329885646E-04,-5.169120162050972E-05,5.951075023284849E-05
4.507514476985311E-05,-2.188170218698397E-05,-1.058962593782581E-04,3.321505285213994E-04,-5.122817675243006E-05,6.175963893182663E-05
4.530547238421024E-05,-2.191711651402948E-05,-1.058525910836833E-04,3.311924156221865E-04,-5.076507104564243E-05,6.400435870835486E-05
4.553513342253470E-05,-2.195220920966785E-05,-1.058073653893223E-04,3.302307885669496E-04,-5.030187705921763E-05,6.624495842861678E-05
4.576412544236144E-05,-2.198698021000834E-05,-1.057605851394687E-04,3.292656413158486E-04,-4.983858734598320E-05,6.848148657553442E-05
4.599244599692176E-05,-2.202142944598621E-05,-1.057122531448792E-04,3.282969675144408E-04,-4.937519445195748E-05,7.071399125479629E-05
4.622009263492527E-05,-2.205555684335783E-05,-1.056623721830327E-04,3.273247604948609E-04,-4.891169091578106E-05,7.294252020079549E-05
4.644706290034261E-05,-2.208936232269534E-05,-1.056109449983864E-04,3.263490132769220E-04,-4.844806926814564E-05,7.516712078248001E-05
4.667335433218891E-05,-2.212284579938093E-05,-1.055579743026280E-04,3.253697185691382E-04,-4.798432203122017E-05,7.738784000911661E-05
4.689896446430797E-05,-2.215600718360074E-05,-1.055034627749228E-04,3.243868687696698E-04,-4.752044171807425E-05,7.960472453597030E-05
4.712389082515702E-05,-2.218884638033831E-05,-1.054474130621579E-04,3.234004559671915E-04,-4.705642083209863E-05,8.181782066990095E-05
4.734813093759207E-05,-2.222136328936768E-05,-1.053898277791825E-04,3.224104719416849E-04,-4.659225186642283E-05,8.402717437487860E-05
4.757168231865384E-05,-2.225355780524604E-05,-1.053307095090435E-04,3.214169081651560E-04,-4.612792730332973E-05,8.623283127741930E-05
4.779454247935405E-05,-2.228542981730604E-05,-1.052700608032186E-04,3.204197558022776E-04,-4.566343961366714E-05,8.843483667194283E-05
4.801670892446226E-05,-2.231697920964757E-05,-1.052078841818447E-04,3.194190057109585E-04,-4.519878125625610E-05,9.063323552605395E-05
4.823817915229297E-05,-2.234820586112926E-05,-1.051441821339433E-04,3.184146484428392E-04,-4.473394467729601E-05,9.282807248574870E-05
4.845895065449309E-05,-2.237910964535950E-05,-1.050789571176418E-04,3.174066742437153E-04,-4.426892230976644E-05,9.501939188054709E-05
4.867902091582971E-05,-2.240969043068702E-05,-1.050122115603916E-04,3.163950730538882E-04,-4.380370657282543E-05,9.720723772855383E-05
4.889838741397801E-05,-2.243994808019113E-05,-1.049439478591827E-04,3.153798345084454E-04,-4.333828987120435E-05,9.939165374144831E-05
4.911704761930941E-05,-2.246988245167143E-05,-1.048741683807549E-04,3.143609479374687E-04,-4.287266459459916E-05,1.015726833294053E-04
4.933499899467978E-05,-2.249949339763721E-05,-1.048028754618050E-04,3.133384023661729E-04,-4.240682311705788E-05,1.037503696059479E-04
4.955223899521780E-05,-2.252878076529634E-05,-1.047300714091918E-04,3.123121865149735E-04,-4.194075779636440E-05,1.059247553927333E-04
4.976876506811327E-05,-2.255774439654377E-05,-1.046557585001366E-04,3.112822887994853E-04,-4.147446097341826E-05,1.080958832242741E-04
4.998457465240542E-05,-2.258638412794960E-05,-1.045799389824212E-04,3.102486973304517E-04,-4.100792497161053E-05,1.102637953525950E-04
5.019966517877116E-05,-2.261469979074667E-05,-1.045026150745827E-04,3.092113999136045E-04,-4.054114209619558E-05,1.124285337518265E-04
5.041403406931318E-05,-2.264269121081778E-05,-1.044237889661044E-04,3.081703840494559E-04,-4.007410463365858E-05,1.145901401227377E-04
5.062767873734792E-05,-2.267035820868241E-05,-1.043434628176045E-04,3.071256369330213E-04,-3.960680485107879E-05,1.167486558972078E-04
5.084059658719332E-05,-2.269770059948305E-05,-1.042616387610210E-04,3.060771454534742E-04,-3.913923499548837E-05,1.189041222426394E-04
5.105278501395622E-05,-2.272471819297102E-05,-1.041783188997943E-04,3.050248961937338E-04,-3.867138729322671E-05,1.210565800663125E-04
5.126424140331961E-05,-2.275141079349189E-05,-1.040935053090457E-04,3.039688754299839E-04,-3.820325394929005E-05,1.232060700196828E-04
5.147496313132938E-05,-2.277777819997046E-05,-1.040072000357542E-04,3.029090691311250E-04,-3.773482714667644E-05,1.253526325026227E-04
5.168494756418070E-05,-2.280382020589520E-05,-1.039194050989292E-04,3.018454629581586E-04,-3.726609904572578E-05,1.274963076676087E-04
5.189419205800404E-05,-2.282953659930232E-05,-1.038301224897814E-04,3.007780422635043E-04,-3.679706178345483E-05,1.296371354238544E-04
5.210269395865054E-05,-2.285492716275933E-05,-1.037393541718899E-04,2.997067920902499E-04,-3.632770747288722E-05,1.317751554413906E-04
5.231045060147699E-05,-2.287999167334815E-05,-1.036471020813671E-04,2.986316971713337E-04,-3.585802820237816E-05,1.339104071550942E-04
5.251745931113008E-05,-2.290472990264775E-05,-1.035533681270205E-04,2.975527419286604E-04,-3.538801603493375E-05,1.360429297686657E-04
5.272371740133011E-05,-2.292914161671627E-05,-1.034581541905121E-04,2.964699104721489E-04,-3.491766300752489E-05,1.381727622585573E-04
5.292922217465400E-05,-2.295322657607277E-05,-1.033614621265146E-04,2.953831865987139E-04,-3.444696113039552E-05,1.402999433778521E-04
5.313397092231752E-05,-2.297698453567835E-05,-1.032632937628651E-04,2.942925537911796E-04,-3.397590238636513E-05,1.424245116600950E-04
5.333796092395678E-05,-2.300041524491691E-05,-1.031636509007168E-04,2.931979952171259E-04,-3.350447873012540E-05,1.445465054230769E-04
5.354118944740892E-05,-2.302351844757536E-05,-1.030625353146869E-04,2.920994937276676E-04,-3.303268208753075E-05,1.466659627725727E-04
5.374365374849185E-05,-2.304629388182336E-05,-1.029599487530029E-04,2.909970318561657E-04,-3.256050435488281E-05,1.487829216060339E-04
5.394535107078317E-05,-2.306874128019250E-05,-1.028558929376458E-04,2.898905918168707E-04,-3.208793739820855E-05,1.508974196162364E-04
5.414627864539804E-05,-2.309086036955507E-05,-1.027503695644913E-04,2.887801555034985E-04,-3.161497305253194E-05,1.530094942948856E-04
5.434643369076609E-05,-2.311265087110228E-05,-1.026433803034476E-04,2.876657044877370E-04,-3.114160312113905E-05,1.551191829361776E-04
5.454581341240725E-05,-2.313411250032191E-05,-1.025349267985921E-04,2.865472200176855E-04,-3.066781937483636E-05,1.572265226403191E-04
5.474441500270647E-05,-2.315524496697554E-05,-1.024250106683044E-04,2.854246830162242E-04,-3.019361355120223E-05,1.593315503170058E-04
5.494223564068727E-05,-2.317604797507522E-05,-1.023136335053973E-04,2.842980740793152E-04,-2.971897735383119E-05,1.614343026888604E-04
5.513927249178413E-05,-2.319652122285956E-05,-1.022007968772462E-04,2.831673734742336E-04,-2.924390245157119E-05,1.635348162948306E-04
5.533552270761361E-05,-2.321666440276937E-05,-1.020865023259145E-04,2.820325611377296E-04,-2.876838047775328E-05,1.656331274935483E-04
5.553098342574413E-05,-2.323647720142273E-05,-1.019707513682787E-04,2.808936166741195E-04,-2.829240302941391E-05,1.677292724666506E-04
5.572565176946442E-05,-2.325595929958947E-05,-1.018535454961492E-04,2.797505193533063E-04,-2.781596166650937E-05,1.698232872220630E-04
5.591952484755062E-05,-2.327511037216521E-05,-1.017348861763907E-04,2.786032481087295E-04,-2.733904791112249E-05,1.719152075972457E-04
5.611259975403190E-05,-2.329393008814471E-05,-1.016147748510388E-04,2.774517815352432E-04,-2.686165324666114E-05,1.740050692624037E-04
5.630487356795450E-05,-2.331241811059479E-05,-1.014932129374152E-04,2.762960978869219E-04,-2.638376911704861E-05,1.760929077236613E-04
5.649634335314437E-05,-2.333057409662659E-05,-1.013702018282409E-04,2.751361750747937E-04,-2.590538692590552E-05,1.781787583262012E-04
5.668700615796811E-05,-2.334839769736733E-05,-1.012457428917464E-04,2.739719906645006E-04,-2.542649803572308E-05,1.802626562573704E-04
5.687685901509228E-05,-2.336588855793142E-05,-1.011198374717805E-04,2.728035218738849E-04,-2.494709376702770E-05,1.823446365497508E-04
5.706589894124100E-05,-2.338304631739104E-05,-1.009924868879167E-04,2.716307455705007E-04,-2.446716539753645E-05,1.844247340841980E-04
5.725412293695185E-05,-2.339987060874613E-05,-1.008636924355576E-04,2.704536382690508E-04,-2.398670416130347E-05,1.865029835928467E-04
5.744152798632988E-05,-2.341636105889375E-05,-1.007334553860369E-04,2.692721761287479E-04,-2.350570124785696E-05,1.885794196620845E-04
5.762811105679981E-05,-2.343251728859687E-05,-1.006017769867197E-04,2.680863349505986E-04,-2.302414780132658E-05,1.906540767354940E-04
5.781386909885635E-05,-2.344833891245251E-05,-1.004686584611008E-04,2.668960901746112E-04,-2.254203491956111E-05,1.927269891167643E-04
5.799879904581246E-05,-2.346382553885936E-05,-1.003341010089007E-04,2.657014168769243E-04,-2.205935365323605E-05,1.947981909725720E-04
5.818289781354569E-05,-2.347897676998460E-05,-1.001981058061597E-04,2.645022897668574E-04,-2.157609500495110E-05,1.968677163354320E-04
5.836616230024234E-05,-2.349379220173032E-05,-1.000606740053304E-04,2.632986831838813E-04,-2.109224992831712E-05,1.989355991065196E-04
5.854858938613962E-05,-2.350827142369907E-05,-9.992180673536739E-05,2.620905710945082E-04,-2.060780932703255E-05,2.010018730584631E-04
5.873017593326549E-05,-2.352241401915894E-05,-9.978150510181618E-05,2.608779270891001E-04,-2.012276405394883E-05,2.030665718381083E-04
5.891091878517633E-05,-2.353621956500791E-05,-9.963977018689913E-05,2.596607243785948E-04,-1.963710491012483E-05,2.051297289692551E-04
5.909081476669229E-05,-2.354968763173755E-05,-9.949660304960017E-05,2.584389357911483E-04,-1.915082264386987E-05,2.071913778553667E-04
5.926986068363029E-05,-2.356281778339604E-05,-9.935200472574738E-05,2.572125337686932E-04,-1.866390794977519E-05,2.092515517822513E-04
5.944805332253457E-05,-2.357560957755052E-05,-9.920597622809377E-05,2.559814903634110E-04,-1.817635146773356E-05,2.113102839207176E-04
5.962538945040480E-05,-2.358806256524882E-05,-9.905851854639626E-05,2.547457772341181E-04,-1.768814378194684E-05,2.133676073292040E-04
5.980186581442160E-05,-2.360017629098034E-05,-9.890963264749276E-05,2.535053656425641E-04,-1.719927541992121E-05,2.154235549563823E-04
5.997747914166953E-05,-2.361195029263643E-05,-9.875931947537755E-05,2.522602264496408E-04,-1.670973685144980E-05,2.174781596437348E-04
6.015222613885733E-05,-2.362338410146987E-05,-9.860757995127477E-05,2.510103301115018E-04,-1.621951848758244E-05,2.195314541281085E-04
6.032610349203551E-05,-2.363447724205375E-05,-9.845441497371026E-05,2.497556466755902E-04,-1.572861067958234E-05,2.215834710442420E-04
6.049910786631111E-05,-2.364522923223960E-05,-9.829982541858159E-05,2.484961457765737E-04,-1.523700371786930E-05,2.236342429272706E-04
6.067123590555960E-05,-2.365563958311475E-05,-9.814381213922631E-05,2.472317966321858E-04,-1.474468783094926E-05,2.256838022152057E-04
6.084248423213388E-05,-2.366570779895894E-05,-9.798637596648863E-05,2.459625680389723E-04,-1.425165318432993E-05,2.277321812513910E-04
6.101284944657030E-05,-2.367543337720022E-05,-9.782751770878424E-05,2.446884283679397E-04,-1.375788987942204E-05,2.297794122869360E-04
6.118232812729156E-05,-2.368481580837006E-05,-9.766723815216357E-05,2.434093455601070E-04,-1.326338795242612E-05,2.318255274831255E-04
6.135091683030658E-05,-2.369385457605762E-05,-9.750553806037332E-05,2.421252871219569E-04,-1.276813737320441E-05,2.338705589138073E-04
6.151861208890713E-05,-2.370254915686335E-05,-9.734241817491636E-05,2.408362201207860E-04,-1.227212804413749E-05,2.359145385677563E-04
6.168541041336115E-05,-2.371089902035169E-05,-9.717787921510998E-05,2.395421111799521E-04,-1.177534979896551E-05,2.379574983510180E-04
6.185130829060282E-05,-2.371890362900301E-05,-9.701192187814256E-05,2.382429264740178E-04,-1.127779240161357E-05,2.399994700892283E-04
6.201630218391918E-05,-2.372656243816469E-05,-9.684454683912860E-05,2.369386317237872E-04,-1.077944554500090E-05,2.420404855299130E-04
6.218038853263325E-05,-2.373387489600143E-05,-9.667575475116216E-05,2.356291921912352E-04,-1.028029884983360E-05,2.440805763447654E-04
6.234356375178359E-05,-2.374084044344467E-05,-9.650554624536876E-05,2.343145726743273E-04,-9.780341863380486E-06,2.461197741319022E-04
6.250582423180028E-05,-2.374745851414111E-05,-9.633392193095568E-05,2.329947375017278E-04,-9.279564058231770E-06,2.481581104180988E-04
6.266716633817712E-05,-2.375372853440050E-05,-9.616088239526071E-05,2.316696505273953E-04,-8.777954831040193E-06,2.501956166610042E-04
6.282758641114007E-05,-2.375964992314239E-05,-9.598642820379945E-05,2.303392751250621E-04,-8.275503501244204E-06,2.522323242513341E-04
6.298708076531182E-05,-2.376522209184210E-05,-9.581055990031099E-05,2.290035741825974E-04,-7.772199309772852E-06,2.542682645150445E-04
6.314564568937237E-05,-2.377044444447572E-05,-9.563327800680214E-05,2.276625100962511E-04,-7.268031417731994E-06,2.563034687154845E-04
6.330327744571561E-05,-2.377531637746426E-05,-9.545458302359020E-05,2.263160447647755E-04,-6.762988905071418E-06,2.583379680555293E-04
6.345997227010175E-05,-2.377983727961676E-05,-9.527447542934415E-05,2.249641395834249E-04,-6.257060769232493E-06,2.603717936796921E-04
6.361572637130556E-05,-2.378400653207255E-05,-9.509295568112452E-05,2.236067554378290E-04,-5.750235923775918E-06,2.624049766762173E-04
6.377053593076030E-05,-2.378782350824254E-05,-9.491002421442172E-05,2.222438526977377E-04,-5.242503196989176E-06,2.644375480791533E-04
6.392439710219723E-05,-2.379128757374948E-05,-9.472568144319296E-05,2.208753912106370E-04,-4.733851330473234E-06,2.664695388704048E-04
6.407730601128073E-05,-2.379439808636725E-05,-9.453992775989774E-05,2.195013302952316E-04,-4.224268977708082E-06,2.685009799817669E-04
6.422925875523873E-05,-2.379715439595922E-05,-9.435276353553198E-05,2.181216287347923E-04,-3.713744702596639E-06,2.705319022969378E-04
6.438025140248856E-05,-2.379955584441547E-05,-9.416418911966070E-05,2.167362447703660E-04,-3.202266977986583E-06,2.725623366535134E-04
6.453027999225802E-05,-2.380160176558907E-05,-9.397420484044937E-05,2.153451360938458E-04,-2.689824184169631E-06,2.745923138449610E-04
6.467934053420154E-05,-2.380329148523128E-05,-9.378281100469385E-05,2.139482598408978E-04,-2.176404607357797E-06,2.766218646225744E-04
6.482742900801144E-05,-2.380462432092566E-05,-9.359000789784902E-05,2.125455725837427E-04,-1.661996438136127E-06,2.786510196974087E-04
6.497454136302410E-05,-2.380559958202113E-05,-9.339579578405607E-05,2.111370303237887E-04,-1.146587769891428E-06,2.806798097421955E-04
6.512067351782093E-05,-2.380621656956393E-05,-9.320017490616842E-05,2.097225884841134E-04,-6.301665972164615E-07,2.827082653932389E-04
6.526582135982414E-05,-2.380647457622842E-05,-9.300314548577640E-05,2.083022019017915E-04,-1.127208142890987E-07,2.847364172522911E-04
6.540998074488706E-05,-2.380637288624682E-05,-9.280470772323058E-05,2.068758248200649E-04,4.057617867741200E-07,2.867642958884087E-04
6.555314749687899E-05,-2.380591077533771E-05,-9.260486179766382E-05,2.054434108803525E-04,9.252935175905479E-07,2.887919318397884E-04
6.569531740726445E-05,-2.380508751063344E-05,-9.240360786701212E-05,2.040049131140969E-04,1.445886795210690E-06,2.908193556155833E-04
6.583648623467670E-05,-2.380390235060630E-05,-9.220094606803411E-05,2.025602839344435E-04,1.967554143844722E-06,2.928465976976986E-04
6.597664970448546E-05,-2.380235454499350E-05,-9.199687651632938E-05,2.011094751277498E-04,2.490308196616861E-06,2.948736885425669E-04
6.611580350835859E-05,-2.380044333472089E-05,-9.179139930635556E-05,1.996524378449207E-04,3.014161697348184E-06,2.969006585829034E-04
6.625394330381777E-05,-2.379816795182552E-05,-9.158451451144419E-05,1.981891225925666E-04,3.539127502368507E-06,2.989275382294395E-04
6.639106471378798E-05,-2.379552761937682E-05,-9.137622218381536E-05,1.967194792239805E-04,4.065218582357958E-06,3.009543578726362E-04
6.652716332614056E-05,-2.379252155139654E-05,-9.116652235459124E-05,1.952434569299305E-04,4.592448024218880E-06,3.029811478843761E-04
6.666223469322993E-05,-2.378914895277743E-05,-9.095541503380839E-05,1.937610042292630E-04,5.120829032978725E-06,3.050079386196337E-04
6.679627433142361E-05,-2.378540901920049E-05,-9.074290021042890E-05,1.922720689593145E-04,5.650374933724614E-06,3.070347604181240E-04
6.692927772062562E-05,-2.378130093705093E-05,-9.052897785235046E-05,1.907765982661257E-04,6.181099173570251E-06,3.090616436059290E-04
6.706124030379289E-05,-2.377682388333275E-05,-9.031364790641522E-05,1.892745385944554E-04,6.713015323655894E-06,3.110886184971018E-04
6.719215748644478E-05,-2.377197702558188E-05,-9.009691029841764E-05,1.877658356775887E-04,7.246137081182110E-06,3.131157153952478E-04
6.732202463616539E-05,-2.376675952177795E-05,-8.987876493311121E-05,1.862504345269363E-04,7.780478271478057E-06,3.151429645950831E-04
6.745083708209860E-05,-2.376117052025456E-05,-8.965921169421402E-05,1.847282794214189E-04,8.316052850105036E-06,3.171703963839683E-04
6.757859011443559E-05,-2.375520915960812E-05,-8.943825044441342E-05,1.831993138966340E-04,8.852874904996114E-06,3.191980410434193E-04
6.770527898389490E-05,-2.374887456860515E-05,-8.921588102536952E-05,1.816634807337977E-04,9.390958658632590E-06,3.212259288505926E-04
6.783089890119458E-05,-2.374216586608810E-05,-8.899210325771770E-05,1.801207219484593E-04,9.930318470258133E-06,3.232540900797463E-04
6.795544503651654E-05,-2.373508216087959E-05,-8.876691694107016E-05,1.785709787789816E-04,1.047096883813142E-05,3.252825550036752E-04
6.807891251896271E-05,-2.372762255168505E-05,-8.854032185401643E-05,1.770141916747830E-04,1.101292440181813E-05,3.273113538951188E-04
6.820129643600308E-05,-2.371978612699384E-05,-8.831231775412290E-05,1.754503002843351E-04,1.155619994452319E-05,3.293405170281441E-04
6.832259183291520E-05,-2.371157196497861E-05,-8.808290437793146E-05,1.738792434429111E-04,1.210081039546410E-05,3.313700746794996E-04
6.844279371221514E-05,-2.370297913339313E-05,-8.785208144095718E-05,1.723009591600788E-04,1.264677083228640E-05,3.334000571299416E-04
6.856189703307967E-05,-2.369400668946832E-05,-8.761984863768503E-05,1.707153846069331E-04,1.319409648352203E-05,3.354304946655316E-04
6.867989671075948E-05,-2.368465367980662E-05,-8.738620564156580E-05,1.691224561030608E-04,1.374280273109171E-05,3.374614175789038E-04
6.879678761598324E-05,-2.367491914027458E-05,-8.715115210501109E-05,1.675221091032334E-04,1.429290511285232E-05,3.394928561705026E-04
6.891256457435234E-05,-2.366480209589370E-05,-8.691468765938746E-05,1.659142781838196E-04,1.484441932519010E-05,3.415248407497881E-04
6.902722236572608E-05,-2.365430156072936E-05,-8.667681191500976E-05,1.642988970289128E-04,1.539736122566104E-05,3.435574016364101E-04
6.914075572359716E-05,-2.364341653777806E-05,-8.643752446113365E-05,1.626758984161658E-04,1.595174683567919E-05,3.455905691613481E-04
6.925315933445717E-05,-2.363214601885261E-05,-8.619682486594738E-05,1.610452142023264E-04,1.650759234325430E-05,3.476243736680180E-04
6.936442783715195E-05,-2.362048898446548E-05,-8.595471267656273E-05,1.594067753084665E-04,1.706491410577959E-05,3.496588455133430E-04
6.947455582222666E-05,-2.360844440371024E-05,-8.571118741900530E-05,1.577605117048984E-04,1.762372865287111E-05,3.516940150687883E-04
6.958353783126012E-05,-2.359601123414088E-05,-8.546624859820406E-05,1.561063523957692E-04,1.818405268925966E-05,3.537299127213587E-04
6.969136835618850E-05,-2.358318842164928E-05,-8.521989569798022E-05,1.544442254033277E-04,1.874590309773659E-05,3.557665688745571E-04
6.979804183861781E-05,-2.356997490034043E-05,-8.497212818103544E-05,1.527740577518538E-04,1.930929694215463E-05,3.578040139493034E-04
6.990355266912523E-05,-2.355636959240568E-05,-8.472294548893945E-05,1.510957754512450E-04,1.987425147048515E-05,3.598422783848121E-04
7.000789518654887E-05,-2.354237140799380E-05,-8.447234704211704E-05,1.494093034802481E-04,2.044078411793306E-05,3.618813926394271E-04
7.011106367726576E-05,-2.352797924507983E-05,-8.422033223983449E-05,1.477145657693315E-04,2.100891251011072E-05,3.639213871914131E-04
7.021305237445782E-05,-2.351319198933177E-05,-8.396690046018550E-05,1.460114851831863E-04,2.157865446627228E-05,3.659622925397004E-04
7.031385545736559E-05,-2.349800851397496E-05,-8.371205106007656E-05,1.442999835028482E-04,2.215002800260979E-05,3.680041392045837E-04
7.041346705052931E-05,-2.348242767965412E-05,-8.345578337521192E-05,1.425799814074318E-04,2.272305133561259E-05,3.700469577283709E-04
7.051188122301729E-05,-2.346644833429311E-05,-8.319809672007807E-05,1.408513984554660E-04,2.329774288549146E-05,3.720907786759826E-04
7.060909198764109E-05,-2.345006931295223E-05,-8.293899038792784E-05,1.391141530658218E-04,2.387412127966904E-05,3.741356326354981E-04
7.070509330015738E-05,-2.343328943768307E-05,-8.267846365076417E-05,1.373681624982220E-04,2.445220535633813E-05,3.761815502186480E-04
7.079987905845608E-05,-2.341610751738096E-05,-8.241651575932350E-05,1.356133428333226E-04,2.503201416808946E-05,3.782285620612498E-04
7.089344310173449E-05,-2.339852234763470E-05,-8.215314594305893E-05,1.338496089523548E-04,2.561356698561054E-05,3.802766988235860E-04
7.098577920965719E-05,-2.338053271057388E-05,-8.188835341012310E-05,1.320768745163166E-04,2.619688330145741E-05,3.823259911907210E-04
7.107688110150129E-05,-2.336213737471344E-05,-8.162213734735091E-05,1.302950519447026E-04,2.678198283390095E-05,3.843764698727557E-04
7.116674243528675E-05,-2.334333509479556E-05,-8.135449692024205E-05,1.285040523937608E-04,2.736888553084951E-05,3.864281656050164E-04
7.125535680689142E-05,-2.332412461162884E-05,-8.108543127294341E-05,1.267037857342635E-04,2.795761157384984E-05,3.884811091481771E-04
7.134271774915052E-05,-2.330450465192459E-05,-8.081493952823153E-05,1.248941605287801E-04,2.854818138216810E-05,3.905353312883105E-04
7.142881873094010E-05,-2.328447392813033E-05,-8.054302078749487E-05,1.230750840084389E-04,2.914061561695292E-05,3.925908628368667E-04
7.151365315624422E-05,-2.326403113826036E-05,-8.026967413071630E-05,1.212464620491661E-04,2.973493518548258E-05,3.946477346305764E-04
7.159721436320541E-05,-2.324317496572332E-05,-7.999489861645555E-05,1.194081991473852E-04,3.033116124549820E-05,3.967059775312747E-04
7.167949562315814E-05,-2.322190407914673E-05,-7.971869328183187E-05,1.175601983951661E-04,3.092931520962534E-05,3.987656224256440E-04
7.176049013964471E-05,-2.320021713219842E-05,-7.944105714250690E-05,1.157023614548080E-04,3.152941874988583E-05,4.008267002248714E-04
7.184019104741341E-05,-2.317811276340482E-05,-7.916198919266779E-05,1.138345885328404E-04,3.213149380230236E-05,4.028892418642180E-04
7.191859141139836E-05,-2.315558959596598E-05,-7.888148840501067E-05,1.119567783534286E-04,3.273556257159797E-05,4.049532783024963E-04
7.199568422568068E-05,-2.313264623756732E-05,-7.859955373072447E-05,1.100688281311664E-04,3.334164753599286E-05,4.070188405214525E-04
7.207146241243052E-05,-2.310928128018800E-05,-7.831618409947528E-05,1.081706335432404E-04,3.394977145210090E-05,4.090859595250487E-04
7.214591882082960E-05,-2.308549329990588E-05,-7.803137841939117E-05,1.062620887009496E-04,3.455995735992836E-05,4.111546663386429E-04
7.221904622597370E-05,-2.306128085669894E-05,-7.774513557704767E-05,1.043430861205607E-04,3.517222858797752E-05,4.132249920080609E-04
7.229083732775469E-05,-2.303664249424312E-05,-7.745745443745389E-05,1.024135166934846E-04,3.578660875845757E-05,4.152969675985563E-04
7.236128474972156E-05,-2.301157673970655E-05,-7.716833384403944E-05,1.004732696557525E-04,3.640312179260581E-05,4.173706241936545E-04
7.243038103792008E-05,-2.298608210353998E-05,-7.687777261864215E-05,9.852223255677477E-05,3.702179191612170E-05,4.194459928938759E-04
7.249811865971050E-05,-2.296015707926344E-05,-7.658576956149680E-05,9.656029122736118E-05,3.764264366471678E-05,4.215231048153321E-04
7.256449000256269E-05,-2.293380014324899E-05,-7.629232345122475E-05,9.458732974698404E-05,3.826570188978334E-05,4.236019910881921E-04
7.262948737282838E-05,-2.290700975449951E-05,-7.599743304482483E-05,9.260323041026178E-05,3.889099176418495E-05,4.256826828550111E-04
7.269310299448981E-05,-2.287978435442337E-05,-7.570109707766526E-05,9.060787369264227E-05,3.951853878817195E-05,4.277652112689171E-04
7.275532900788428E-05,-2.285212236660503E-05,-7.540331426347708E-05,8.860113821526334E-05,4.014836879542510E-05,4.298496074916501E-04
7.281615746840392E-05,-2.282402219657133E-05,-7.510408329434884E-05,8.658290070896744E-05,4.078050795923077E-05,4.319359026914459E-04
7.287558034517033E-05,-2.279548223155348E-05,-7.480340284072287E-05,8.455303597744688E-05,4.141498279879104E-05,4.340241280407601E-04
7.293358951968317E-05,-2.276650084024460E-05,-7.450127155139319E-05,8.251141685949497E-05,4.205182018567229E-05,4.361143147138244E-04
7.299017678444229E-05,-2.273707637255276E-05,-7.419768805350521E-05,8.045791419033789E-05,4.269104735039577E-05,4.382064938840284E-04
7.304533384154265E-05,-2.270720715934935E-05,-7.389265095255724E-05,7.839239676202097E-05,4.333269188917407E-05,4.403006967211194E-04
7.309905230124143E-05,-2.267689151221277E-05,-7.358615883240405E-05,7.631473128282262E-05,4.397678177079724E-05,4.423969543882137E-04
7.315132368049660E-05,-2.264612772316723E-05,-7.327821025526257E-05,7.422478233566773E-05,4.462334534367242E-05,4.444952980386091E-04
7.320213940147619E-05,-2.261491406441669E-05,-7.296880376171989E-05,7.212241233551199E-05,4.527241134302125E-05,4.465957588123929E-04
7.325149079003771E-05,-2.258324878807363E-05,-7.265793787074367E-05,7.000748148566713E-05,4.592400889823917E-05,4.486983678328349E-04
7.329936907417678E-05,-2.255113012588276E-05,-7.234561107969513E-05,6.787984773303643E-05,4.657816754042087E-05,4.508031562025564E-04
7.334576538244431E-05,-2.251855628893938E-05,-7.203182186434475E-05,6.573936672222867E-05,4.723491721005651E-05,4.529101549994669E-04
7.339067074233144E-05,-2.248552546740236E-05,-7.171656867889101E-05,6.358589174851752E-05,4.789428826490314E-05,4.550193952724568E-04
7.343407607862134E-05,-2.245203583020158E-05,-7.139984995598198E-05,6.141927370961255E-05,4.855631148803619E-05,4.571309080368372E-04
7.347597221170719E-05,-2.241808552473974E-05,-7.108166410674043E-05,5.923936105620654E-05,4.922101809608584E-05,4.592447242695148E-04
7.351634985587528E-05,-2.238367267658833E-05,-7.076200952079215E-05,5.704599974126282E-05,4.988843974766335E-05,4.613608749038913E-04
7.355519961755253E-05,-2.234879538917777E-05,-7.044088456629807E-05,5.483903316800494E-05,5.055860855198248E-05,4.634793908244746E-04
7.359251199351736E-05,-2.231345174348138E-05,-7.011828758999016E-05,5.261830213656992E-05,5.123155707768140E-05,4.656003028611906E-04
7.362827736907310E-05,-2.227763979769326E-05,-6.979421691721141E-05,5.038364478928463E-05,5.190731836185067E-05,4.677236417833806E-04
7.366248601618285E-05,-2.224135758689975E-05,-6.946867085196004E-05,4.813489655452384E-05,5.258592591927278E-05,4.698494382934729E-04
7.369512809156490E-05,-2.220460312274445E-05,-6.914164767693833E-05,4.587189008910658E-05,5.326741375187940E-05,4.719777230203128E-04
7.372619363474760E-05,-2.216737439308655E-05,-6.881314565360607E-05,4.359445521918656E-05,5.395181635843212E-05,4.741085265121361E-04
7.375567256608262E-05,-2.212966936165240E-05,-6.848316302223914E-05,4.130241887959005E-05,5.463916874443316E-05,4.762418792291719E-04
7.378355468471560E-05,-2.209148596768012E-05,-6.815169800199326E-05,3.899560505155371E-05,5.532950643227232E-05,4.783778115358567E-04
7.380982966651291E-05,-2.205282212555698E-05,-6.781874879097337E-05,3.667383469881267E-05,5.602286547161695E-05,4.805163536926432E-04
7.383448706194353E-05,-2.201367572444965E-05,-6.748431356630878E-05,3.433692570198768E-05,5.671928245005171E-05,4.826575358473871E-04
7.385751629391465E-05,-2.197404462792681E-05,-6.714839048423451E-05,3.198469279121805E-05,5.741879450397524E-05,4.848013880262908E-04
7.387890665555998E-05,-2.193392667357420E-05,-6.681097768017903E-05,2.961694747698554E-05,5.812143932976112E-05,4.869479401243870E-04
7.389864730797929E-05,-2.189331967260177E-05,-6.647207326885876E-05,2.723349797907199E-05,5.882725519519049E-05,4.890972218955391E-04
7.391672727792797E-05,-2.185222140944286E-05,-6.613167534437981E-05,2.483414915359171E-05,5.953628095116436E-05,4.912492629419392E-04
7.393313545545526E-05,-2.181062964134507E-05,-6.578978198034700E-05,2.241870241803725E-05,6.024855604370342E-05,4.934040927030797E-04
7.394786059148970E-05,-2.176854209795274E-05,-6.544639122998093E-05,1.998695567427517E-05,6.096412052624385E-05,4.955617404441748E-04
7.396089129537035E-05,-2.172595648088079E-05,-6.510150112624310E-05,1.753870322942587E-05,6.168301507223760E-05,4.977222352440085E-04
7.397221603232237E-05,-2.168287046327966E-05,-6.475510968196987E-05,1.507373571455924E-05,6.240528098806604E-05,4.998856059821812E-04
7.398182312087532E-05,-2.163928168939123E-05,-6.440721489001528E-05,1.259184000113535E-05,6.313096022627609E-05,5.020518813257298E-04
7.398970073022262E-05,-2.159518777409537E-05,-6.405781472340360E-05,1.009279911511659E-05,6.386009539914839E-05,5.042210897150909E-04
7.399583687752054E-05,-2.155058630244703E-05,-6.370690713549168E-05,7.576392148675244E-06,6.459272979260718E-05,5.063932593493786E-04
7.400021942512506E-05,-2.150547482920344E-05,-6.335449006014192E-05,5.042394169417222E-06,6.532890738048201E-05,5.085684181709446E-04
7.400283607776476E-05,-2.145985087834138E-05,-6.300056141190612E-05,2.490576127039984E-06,6.606867283913176E-05,5.107465938491884E-04
7.400367437964797E-05,-2.141371194256413E-05,-6.264511908622085E-05,-7.929524266056299E-08,6.681207156244166E-05,5.129278137635827E-04
7.400272171150235E-05,-2.136705548279784E-05,-6.228816095961500E-05,-2.667457516522671E-06,6.755914967720459E-05,5.151121049858780E-04
7.399996528754489E-05,-2.131987892767715E-05,-6.192968488992983E-05,-5.274152685582689E-06,6.830995405889805E-05,5.172994942614482E-04
7.399539215238041E-05,-2.127217967301964E-05,-6.156968871655236E-05,-7.899627259565726E-06,6.906453234786879E-05,5.194900079897378E-04
7.398898917782639E-05,-2.122395508128894E-05,-6.120817026066272E-05,-1.054413237440212E-05,6.982293296593735E-05,5.216836722037679E-04
7.398074305966213E-05,-2.117520248104616E-05,-6.084512732549594E-05,-1.320792390287269E-05,7.058520513343534E-05,5.238805125486588E-04
7.397064031429990E-05,-2.112591916638934E-05,-6.048055769661911E-05,-1.589126256848961E-05,7.135139888668856E-05,5.260805542591208E-04
7.395866727537587E-05,-2.107610239638051E-05,-6.011445914222453E-05,-1.859441406272433E-05,7.212156509595956E-05,5.282838221358663E-04
7.394481009025843E-05,-2.102574939446031E-05,-5.974682941343957E-05,-2.131764916569779E-05,7.289575548386378E-05,5.304903405208926E-04
7.392905471647148E-05,-2.097485734784944E-05,-5.937766624465420E-05,-2.406124387045333E-05,7.367402264427387E-05,5.327001332715802E-04
7.391138691803013E-05,-2.092342340693699E-05,-5.900696735386682E-05,-2.682547951093707E-05,7.445642006172716E-05,5.349132237335515E-04
7.389179226168618E-05,-2.087144468465497E-05,-5.863473044304951E-05,-2.961064289381582E-05,7.524300213135194E-05,5.371296347122316E-04
7.387025611308070E-05,-2.081891825583895E-05,-5.826095319853336E-05,-3.241702643426755E-05,7.603382417932882E-05,5.393493884430466E-04
7.384676363280092E-05,-2.076584115657416E-05,-5.788563329141514E-05,-3.524492829588522E-05,7.682894248390357E-05,5.415725065601971E-04
7.382129977233843E-05,-2.071221038352693E-05,-5.750876837798603E-05,-3.809465253484020E-05,7.762841429696906E-05,5.437990100639353E-04
7.379384926994584E-05,-2.065802289326086E-05,-5.713035610018371E-05,-4.096650924845767E-05,7.843229786623396E-05,5.460289192862759E-04
7.376439664638857E-05,-2.060327560153740E-05,-5.675039408606876E-05,-4.386081472836259E-05,7.924065245799689E-05,5.482622538550626E-04
7.373292620058873E-05,-2.054796538260043E-05,-5.636887995032669E-05,-4.677789161836133E-05,8.005353838054505E-05,5.504990326563114E-04
7.369942200515769E-05,-2.049208906844433E-05,-5.598581129479664E-05,-4.971806907723102E-05,8.087101700819731E-05,5.527392737947465E-04
7.366386790181373E-05,-2.043564344806515E-05,-5.560118570902823E-05,-5.268168294659569E-05,8.169315080601224E-05,5.549829945524385E-04
7.362624749668143E-05,-2.037862526669436E-05,-5.521500077086778E-05,-5.566907592407584E-05,8.252000335518241E-05,5.572302113454535E-04
7.358654415546881E-05,-2.032103122501476E-05,-5.482725404707532E-05,-5.868059774190604E-05,8.335163937913701E-05,5.594809396784130E-04
7.354474099851856E-05,-2.026285797835796E-05,-5.443794309397401E-05,-6.171660535122317E-05,8.418812477037557E-05,5.617351940968616E-04
7.350082089572924E-05,-2.020410213588302E-05,-5.404706545813328E-05,-6.477746311223672E-05,8.502952661805655E-05,5.639929881373326E-04
7.345476646134227E-05,-2.014476025973558E-05,-5.365461867708766E-05,-6.786354299050155E-05,8.587591323636509E-05,5.662543342749974E-04
7.340656004859045E-05,-2.008482886418713E-05,-5.326060028009270E-05,-7.097522475952283E-05,8.672735419368560E-05,5.685192438687747E-04
7.335618374420359E-05,-2.002430441475364E-05,-5.286500778891993E-05,-7.411289620993314E-05,8.758392034260516E-05,5.707877271037744E-04
7.330361936276640E-05,-1.996318332729307E-05,-5.246783871869290E-05,-7.727695336549164E-05,8.844568385077522E-05,5.730597929309381E-04
7.324884844092406E-05,-1.990146196708118E-05,-5.206909057876595E-05,-8.046780070616665E-05,8.931271823265967E-05,5.753354490037355E-04
7.319185223143019E-05,-1.983913664786495E-05,-5.166876087364815E-05,-8.368585139857395E-05,9.018509838219862E-05,5.776147016117643E-04
7.313261169703234E-05,-1.977620363089300E-05,-5.126684710397443E-05,-8.693152753405550E-05,9.106290060641812E-05,5.798975556110967E-04
7.307110750418923E-05,-1.971265912392234E-05,-5.086334676752622E-05,-9.020526037469554E-05,9.194620266001728E-05,5.821840143512016E-04
7.300732001661440E-05,-1.964849928020071E-05,-5.045825736030416E-05,-9.350749060758467E-05,9.283508378096528E-05,5.844740795982680E-04
7.294122928864036E-05,-1.958372019742387E-05,-5.005157637765527E-05,-9.683866860765592E-05,9.372962472714206E-05,5.867677514547403E-04
7.287281505839699E-05,-1.951831791666714E-05,-4.964330131545745E-05,-1.001992547094318E-04,9.462990781405758E-05,5.890650282748675E-04
7.280205674079825E-05,-1.945228842129019E-05,-4.923342967136400E-05,-1.035897194880365E-04,9.553601695368592E-05,5.913659065760576E-04
7.272893342033020E-05,-1.938562763581466E-05,-4.882195894611130E-05,-1.070105440498433E-04,9.644803769445173E-05,5.936703809458148E-04
7.265342384363388E-05,-1.931833142477345E-05,-4.840888664489263E-05,-1.104622203331451E-04,9.736605726240797E-05,5.959784439440261E-04
7.257550641187573E-05,-1.925039559153108E-05,-4.799421027880159E-05,-1.139452514192514E-04,9.829016460364527E-05,5.982900860003480E-04
7.249515917289821E-05,-1.918181587707409E-05,-4.757792736634857E-05,-1.174601518544379E-04,9.922045042797467E-05,6.006052953064322E-04
7.241235981314303E-05,-1.911258795877075E-05,-4.716003543505385E-05,-1.210074479831893E-04,1.001570072539271E-04,6.029240577027119E-04
7.232708564933879E-05,-1.904270744909892E-05,-4.674053202312142E-05,-1.245876782932022E-04,1.010999294551145E-04,6.052463565594547E-04
7.223931361994490E-05,-1.897216989434132E-05,-4.631941468119734E-05,-1.282013937726307E-04,1.020493133079992E-04,6.075721726517694E-04
7.214902027634302E-05,-1.890097077324712E-05,-4.589668097421725E-05,-1.318491582800872E-04,1.030052570411193E-04,6.099014840282385E-04
7.205618177376688E-05,-1.882910549565878E-05,-4.547232848334725E-05,-1.355315489279274E-04,1.039678608858211E-04,6.122342658728244E-04
7.196077386196124E-05,-1.875656940110316E-05,-4.504635480802329E-05,-1.392491564793808E-04,1.049372271285486E-04,6.145704903596783E-04
7.186277187556011E-05,-1.868335775734573E-05,-4.461875756809385E-05,-1.430025857601107E-04,1.059134601647462E-04,6.169101265004598E-04
7.176215072417387E-05,-1.860946575890682E-05,-4.418953440607141E-05,-1.467924560848156E-04,1.068966665544270E-04,6.192531399837472E-04
7.165888488217482E-05,-1.853488852553863E-05,-4.375868298949828E-05,-1.506194016995181E-04,1.078869550794676E-04,6.215994930060964E-04
7.155294837816993E-05,-1.845962110066185E-05,-4.332620101343289E-05,-1.544840722402116E-04,1.088844368026862E-04,6.239491440942780E-04
7.144431478414918E-05,-1.838365844976068E-05,-4.289208620306257E-05,-1.583871332085760E-04,1.098892251287680E-04,6.263020479181907E-04
7.133295720429742E-05,-1.830699545873476E-05,-4.245633631644979E-05,-1.623292664655018E-04,1.109014358670997E-04,6.286581550939230E-04
7.121884826345705E-05,-1.822962693220691E-05,-4.201894914741864E-05,-1.663111707432020E-04,1.119211872965809E-04,6.310174119763957E-04
7.110196009522850E-05,-1.815154759178505E-05,-4.157992252858920E-05,-1.703335621767313E-04,1.129486002324806E-04,6.333797604409866E-04
7.098226432969443E-05,-1.807275207427703E-05,-4.113925433456746E-05,-1.743971748557678E-04,1.139837980954087E-04,6.357451376534991E-04
7.085973208075364E-05,-1.799323492985682E-05,-4.069694248529929E-05,-1.785027613975623E-04,1.150269069824769E-04,6.381134758277950E-04
7.073433393304933E-05,-1.791299062018038E-05,-4.025298494959722E-05,-1.826510935420006E-04,1.160780557407241E-04,6.404847019703691E-04
7.060603992847623E-05,-1.783201351644991E-05,-3.980737974884932E-05,-1.868429627697742E-04,1.171373760428850E-04,6.428587376110965E-04
7.047481955225014E-05,-1.775029789742448E-05,-3.936012496092013E-05,-1.910791809447078E-04,1.182050024655824E-04,6.452354985193323E-04
7.034064171852263E-05,-1.766783794737564E-05,-3.891121872425401E-05,-1.953605809813409E-04,1.192810725700277E-04,6.476148944044901E-04
7.020347475552309E-05,-1.758462775398594E-05,-3.846065924219220E-05,-1.996880175389236E-04,1.203657269853144E-04,6.499968286001705E-04
7.006328639020932E-05,-1.750066130618883E-05,-3.800844478751513E-05,-2.040623677430410E-04,1.214591094943953E-04,6.523811977308439E-04
6.992004373240701E-05,-1.741593249194778E-05,-3.755457370722257E-05,-2.084845319361491E-04,1.225613671228341E-04,6.547678913600315E-04
6.977371325841760E-05,-1.733043509597286E-05,-3.709904442756492E-05,-2.129554344583693E-04,1.236726502304263E-04,6.571567916188530E-04
6.962426079407298E-05,-1.724416279737261E-05,-3.664185545933955E-05,-2.174760244599600E-04,1.247931126057866E-04,6.595477728137350E-04
6.947165149721461E-05,-1.715710916723917E-05,-3.618300540346719E-05,-2.220472767469611E-04,1.259229115640042E-04,6.619407010119917E-04
6.931584983957331E-05,-1.706926766616458E-05,-3.572249295686418E-05,-2.266701926615844E-04,1.270622080474671E-04,6.643354336039009E-04
6.915681958802526E-05,-1.698063164168578E-05,-3.526031691862746E-05,-2.313458009990092E-04,1.282111667299627E-04,6.667318188398043E-04
6.899452378519806E-05,-1.689119432565634E-05,-3.479647619655006E-05,-2.360751589623298E-04,1.293699561241631E-04,6.691296953406573E-04
6.882892472939993E-05,-1.680094883154214E-05,-3.433096981398632E-05,-2.408593531574993E-04,1.305387486926053E-04,6.715288915803450E-04
6.865998395384355E-05,-1.670988815163891E-05,-3.386379691708676E-05,-2.456995006302107E-04,1.317177209622819E-04,6.739292253379625E-04
6.848766220513459E-05,-1.661800515420878E-05,-3.339495678242446E-05,-2.505967499467655E-04,1.329070536429559E-04,6.763305031181286E-04
6.831191942099389E-05,-1.652529258053340E-05,-3.292444882503561E-05,-2.555522823210912E-04,1.341069317493214E-04,6.787325195372669E-04
6.813271470718014E-05,-1.643174304188087E-05,-3.245227260689870E-05,-2.605673127901893E-04,1.353175447271274E-04,6.811350566736367E-04
6.795000631357893E-05,-1.633734901638360E-05,-3.197842784587836E-05,-2.656430914404215E-04,1.365390865833901E-04,6.835378833787382E-04
6.776375160942171E-05,-1.624210284582438E-05,-3.150291442516157E-05,-2.707809046871757E-04,1.377717560208158E-04,6.859407545475426E-04
6.757390705759684E-05,-1.614599673232752E-05,-3.102573240321572E-05,-2.759820766105981E-04,1.390157565765605E-04,6.883434103448119E-04
6.738042818801275E-05,-1.604902273495217E-05,-3.054688202429998E-05,-2.812479703502251E-04,1.402712967654523E-04,6.907455753845676E-04
6.718326956997130E-05,-1.595117276618449E-05,-3.006636372956373E-05,-2.865799895615136E-04,1.415385902278022E-04,6.931469578595545E-04
6.698238478350725E-05,-1.585243858832567E-05,-2.958417816876786E-05,-2.919795799374340E-04,1.428178558819304E-04,6.955472486173037E-04
6.677772638964753E-05,-1.575281180977222E-05,-2.910032621266724E-05,-2.974482307984747E-04,1.441093180815333E-04,6.979461201791466E-04
6.656924589954154E-05,-1.565228388118540E-05,-2.861480896609542E-05,-3.029874767545958E-04,1.454132067780132E-04,7.003432256982533E-04
6.635689374241125E-05,-1.555084609154603E-05,-2.812762778179524E-05,-3.085988994428758E-04,1.467297576878936E-04,7.027381978524660E-04
6.614061923226727E-05,-1.544848956409134E-05,-2.763878427504230E-05,-3.142841293448075E-04,1.480592124654356E-04,7.051306476673752E-04
6.592037053333389E-05,-1.534520525213004E-05,-2.714828033911139E-05,-3.200448476874344E-04,1.494018188805686E-04,7.075201632647307E-04
6.569609462412365E-05,-1.524098393473202E-05,-2.665611816163941E-05,-3.258827884327563E-04,1.507578310022402E-04,7.099063085308932E-04
6.546773726009832E-05,-1.513581621228875E-05,-2.616230024194256E-05,-3.317997403600956E-04,1.521275093872848E-04,7.122886216996197E-04
6.523524293485004E-05,-1.502969250194060E-05,-2.566682940934905E-05,-3.377975492463890E-04,1.535111212748970E-04,7.146666138430150E-04
6.499855483973292E-05,-1.492260303286714E-05,-2.516970884261364E-05,-3.438781201496613E-04,1.549089407867873E-04,7.170397672639946E-04
6.475761482187149E-05,-1.481453784143650E-05,-2.467094209048481E-05,-3.500434198012453E-04,1.563212491330807E-04,7.194075337830607E-04
6.451236334046831E-05,-1.470548676620964E-05,-2.417053309350055E-05,-3.562954791126445E-04,1.577483348240030E-04,7.217693329116110E-04
6.426273942132922E-05,-1.459543944279568E-05,-2.366848620709449E-05,-3.626363958032783E-04,1.591904938873786E-04,7.241245499033604E-04
6.400868060951987E-05,-1.448438529855414E-05,-2.316480622610023E-05,-3.690683371557240E-04,1.606480300919379E-04,7.264725336747593E-04
6.375012292006253E-05,-1.437231354714008E-05,-2.265949841074807E-05,-3.755935429054587E-04,1.621212551764064E-04,7.288125945845316E-04
6.348700078657739E-05,-1.425921318288823E-05,-2.215256851425570E-05,-3.822143282725208E-04,1.636104890843125E-04,7.311440020616291E-04
6.321924700776693E-05,-1.414507297503198E-05,-2.164402281212222E-05,-3.889330871429523E-04,1.651160602044110E-04,7.334659820699870E-04
6.294679269163664E-05,-1.402988146175364E-05,-2.113386813324291E-05,-3.957522954083468E-04,1.666383056165776E-04,7.357777143974785E-04
6.266956719733905E-05,-1.391362694406198E-05,-2.062211189297170E-05,-4.026745144723252E-04,1.681775713429723E-04,7.380783297553782E-04
6.238749807452218E-05,-1.379629747949366E-05,-2.010876212826793E-05,-4.097023949332804E-04,1.697342126042124E-04,7.403669066734579E-04
6.210051100005637E-05,-1.367788087563509E-05,-1.959382753507499E-05,-4.168386804532857E-04,1.713085940802232E-04,7.426424681745346E-04
6.180852971200686E-05,-1.355836468346168E-05,-1.907731750808978E-05,-4.240862118236443E-04,1.729010901753546E-04,7.449039782108637E-04
6.151147594071139E-05,-1.343773619049155E-05,-1.855924218309521E-05,-4.314479312381699E-04,1.745120852872569E-04,7.471503378432039E-04
6.120926933681498E-05,-1.331598241375150E-05,-1.803961248204144E-05,-4.389268867859376E-04,1.761419740789018E-04,7.493803811416588E-04
6.090182739610474E-05,-1.319309009255311E-05,-1.751844016107688E-05,-4.465262371759237E-04,1.777911617530108E-04,7.515928707855098E-04
6.058906538097957E-05,-1.306904568107774E-05,-1.699573786174649E-05,-4.542492567066651E-04,1.794600643280104E-04,7.537864933371744E-04
6.027089623837952E-05,-1.294383534076960E-05,-1.647151916559309E-05,-4.620993404948213E-04,1.811491089144697E-04,7.559598541631375E-04
5.994723051399011E-05,-1.281744493253710E-05,-1.594579865241675E-05,-4.700800099772974E-04,1.828587339907880E-04,7.581114719721791E-04
5.961797626252635E-05,-1.268986000876336E-05,-1.541859196246937E-05,-4.781949187024048E-04,1.845893896766850E-04,7.602397729384453E-04
5.928303895388998E-05,-1.256106580512809E-05,-1.488991586288475E-05,-4.864478584263793E-04,1.863415380027986E-04,7.623430843738443E-04
5.894232137498212E-05,-1.243104723224411E-05,-1.435978831867051E-05,-4.948427655324486E-04,1.881156531744105E-04,7.644196279108632E-04
5.859572352694095E-05,-1.229978886711353E-05,-1.382822856861631E-05,-5.033837277905413E-04,1.899122218269978E-04,7.664675121531645E-04
5.824314251756144E-05,-1.216727494440991E-05,-1.329525720650406E-05,-5.120749914766472E-04,1.917317432709302E-04,7.684847247471884E-04
5.788447244864050E-05,-1.203348934759528E-05,-1.276089626803977E-05,-5.209209688717714E-04,1.935747297222121E-04,7.704691238234094E-04
5.751960429797660E-05,-1.189841559988272E-05,-1.222516932396395E-05,-5.299262461613638E-04,1.954417065156702E-04,7.724184287508354E-04
5.714842579573842E-05,-1.176203685505818E-05,-1.168810157983872E-05,-5.390955917570367E-04,1.973332122964312E-04,7.743302101427199E-04
5.677082129490133E-05,-1.162433588817831E-05,-1.114971998305502E-05,-5.484339650633011E-04,1.992497991848835E-04,7.762018790452337E-04
5.638667163543453E-05,-1.148529508616440E-05,-1.061005333765283E-05,-5.579465257129286E-04,2.011920329095780E-04,7.780306752339317E-04
5.599585400190494E-05,-1.134489643831705E-05,-1.006913242760245E-05,-5.676386432953660E-04,2.031604929016708E-04,7.798136545351708E-04
5.559824177414687E-05,-1.120312152678076E-05,-9.526990149255027E-06,-5.775159076033706E-04,2.051557723435318E-04,7.815476750811038E-04
5.519370437062851E-05,-1.105995151699302E-05,-8.983661653737444E-06,-5.875841394236490E-04,2.071784781630209E-04,7.832293823973728E-04
5.478210708412850E-05,-1.091536714815905E-05,-8.439184500140196E-06,-5.978494018977460E-04,2.092292309636387E-04,7.848551932120576E-04
5.436331090931729E-05,-1.076934872380056E-05,-7.893598820428355E-06,-6.083180124796814E-04,2.113086648792727E-04,7.864212778626485E-04
5.393717236181972E-05,-1.062187610243527E-05,-7.346947497095762E-06,-6.189965555168115E-04,2.134174273405469E-04,7.879235411646772E-04
5.350354328831693E-05,-1.047292868845359E-05,-6.799276354682292E-06,-6.298918954800303E-04,2.155561787378109E-04,7.893576015909779E-04
5.306227066722782E-05,-1.032248542327021E-05,-6.250634366384474E-06,-6.410111908686159E-04,2.177255919635304E-04,7.907187685941795E-04
5.261319639949311E-05,-1.017052477684099E-05,-5.701073877112268E-06,-6.523619088136722E-04,2.199263518142171E-04,7.920020178867331E-04
5.215615708896916E-05,-1.001702473965043E-05,-5.150650844480688E-06,-6.639518404020698E-04,2.221591542290107E-04,7.932019644723235E-04
5.169098381192436E-05,-9.861962815292228E-06,-4.599425099375948E-06,-6.757891167398813E-04,2.244247053385242E-04,7.943128331996235E-04
5.121750187511917E-05,-9.705316013784850E-06,-4.047460627903582E-06,-6.878822257703404E-04,2.267237202935231E-04,7.953284265837239E-04
5.073553056194194E-05,-9.547060845787012E-06,-3.494825876712625E-06,-7.002400298560763E-04,2.290569218383262E-04,7.962420896118696E-04
5.024488286606850E-05,-9.387173317904036E-06,-2.941594083897671E-06,-7.128717841284813E-04,2.314250385883998E-04,7.970466712179651E-04
4.974536521211418E-05,-9.225628929306385E-06,-2.387843637912043E-06,-7.257871555982021E-04,2.338288029653337E-04,7.977344820742531E-04
4.923677716275496E-05,-9.062402669916625E-06,-1.833658467183241E-06,-7.389962430094435E-04,2.362689487351050E-04,7.982972483081256E-04
4.871891111181137E-05,-8.897469020461505E-06,-1.279128463409537E-06,-7.525095974065083E-04,2.387462080870755E-04,7.987260607066636E-04
4.819155196281650E-05,-8.730801954732614E-06,-7.243499418376657E-07,-7.663382433630999E-04,2.412613081813428E-04,7.990113189206113E-04
4.765447679263124E-05,-8.562374944453197E-06,-1.694261421801042E-07,-7.804937008025821E-04,2.438149670806367E-04,7.991426701223928E-04
4.710745449972941E-05,-8.392160967211418E-06,3.855322257690140E-07,-7.949880073096551E-04,2.464078889696494E-04,7.991089415087419E-04
4.655024543685554E-05,-8.220132517993047E-06,9.404063873126306E-07,-8.098337407995678E-04,2.490407585491964E-04,7.988980659667060E-04
4.598260102786568E-05,-8.046261624930837E-06,1.495068853816924E-06,-8.250440423686082E-04,2.517142344745402E-04,7.984970001413119E-04
4.540426336870117E-05,-7.870519869985748E-06,2.049382713898014E-06,-8.406326390974320E-04,2.544289416861359E-04,7.978916340530696E-04
4.481496481262581E-05,-7.692878415388872E-06,2.603200858636443E-06,-8.566138665146592E-04,2.571854624564545E-04,7.970666913127022E-04
4.421442754008605E-05,-7.513308036805058E-06,3.156365133926733E-06,-8.730026903494820E-04,2.599843259477952E-04,7.960056188679240E-04
4.360236311384425E-05,-7.331779164333093E-06,3.708705412286861E-06,-8.898147271056070E-04,2.628259960423961E-04,7.946904650916205E-04
4.297847202039942E-05,-7.148261932636262E-06,4.260038575578033E-06,-9.070662628708172E-04,2.657108571668524E-04,7.931017448812776E-04
4.234244319916483E-05,-6.962726241705776E-06,4.810167399108656E-06,-9.247742696320816E-04,2.686391977868679E-04,7.912182902849057E-04
4.169395356143846E-05,-6.775141830002685E-06,5.358879326507013E-06,-9.429564181897005E-04,2.716111911945455E-04,7.890170849980518E-04
4.103266750190376E-05,-6.585478362007589E-06,5.905945123533510E-06,-9.616310865484649E-04,2.746268731474270E-04,7.864730808891409E-04
4.035823640626592E-05,-6.393705532538464E-06,6.451117397653658E-06,-9.808173624007164E-04,2.776861158447623E-04,7.835589945060454E-04
3.967029815969840E-05,-6.199793190583421E-06,6.994128968695625E-06,-1.000535037995168E-03,2.807885976402128E-04,7.802450812958754E-04
3.896847666209086E-05,-6.003711485846539E-06,7.534691074259994E-06,-1.020804595293830E-03,2.839337677893143E-04,7.764988850338662E-04
3.825238135770641E-05,-5.805431041732065E-06,8.072491391724704E-06,-1.041647178842157E-03,2.871208054121663E-04,7.722849597087335E-04
3.752160678883968E-05,-5.604923159107903E-06,8.607191856687972E-06,-1.063084553196191E-03,2.903485717143152E-04,7.675645608558162E-04
3.677573218549648E-05,-5.402160055908131E-06,9.138426255513447E-06,-1.085139041042847E-03,2.936155543486931E-04,7.622953030734695E-04
3.601432110608822E-05,-5.197115148473037E-06,9.665797567289054E-06,-1.107833437288964E-03,2.969198026155202E-04,7.564307802142800E-04
3.523692114776648E-05,-4.989763381503034E-06,1.018887502799769E-05,-1.131190893349555E-03,3.002588519818325E-04,7.499201445280726E-04
3.444306374945542E-05,-4.780081614641349E-06,1.070719088705282E-05,-1.155234764598193E-03,3.036296361542714E-04,7.427076408733345E-04
3.363226411604277E-05,-4.568049075023482E-06,1.122023682362425E-05,-1.179988412408362E-03,3.070283846546187E-04,7.347320920429519E-04
3.280402129876516E-05,-4.353647886665300E-06,1.172745998744729E-05,-1.205474950362738E-03,3.104505035245243E-04,7.259263313184264E-04
3.195781847481190E-05,-4.136863689333738E-06,1.222825862619145E-05,-1.231716921978935E-03,3.138904364223295E-04,7.162165786422937E-04
3.109312347885686E-05,-3.917686361582803E-06,1.272197725913698E-05,-1.258735894630265E-03,3.173415029713012E-04,7.055217573747232E-04
3.020938965094073E-05,-3.696110864969331E-06,1.320790135512010E-05,-1.286551951157988E-03,3.207957107788347E-04,6.937527496039802E-04
2.930605707924787E-05,-3.472138229110292E-06,1.368525147181332E-05,-1.315183056905725E-03,3.242435370795759E-04,6.808115895820053E-04
2.838255433328052E-05,-3.245776700219251E-06,1.415317681389680E-05,-1.344644275490398E-03,3.276736754795301E-04,6.665905972829837E-04
2.743830080320035E-05,-3.017043079060974E-06,1.461074817022162E-05,-1.374946801506619E-03,3.310727428230197E-04,6.509714576343279E-04
2.647270978517783E-05,-2.785964277860161E-06,1.505695019557882E-05,-1.406096772526377E-03,3.344249408177979E-04,6.338242560375588E-04
2.548519248095092E-05,-2.552579129521542E-06,1.549067301238858E-05,-1.438093816248763E-03,3.377116668095422E-04,6.150064878858581E-04
2.447516311286857E-05,-2.316940486429166E-06,1.591070312313104E-05,-1.470929281625320E-03,3.409110681055163E-04,5.943620695357411E-04
2.344204539374559E-05,-2.079117649865067E-06,1.631571364776795E-05,-1.504584095552768E-03,3.439975346687471E-04,5.717203913977557E-04
2.238528063384385E-05,-1.839199174359958E-06,1.670425393447728E-05,-1.539026179861017E-03,3.469411260666678E-04,5.468954714366620E-04
2.130433781465900E-05,-1.597296093511842E-06,1.707473864018997E-05,-1.574207357788699E-03,3.497069305789250E-04,5.196852905324766E-04
2.019872600951992E-05,-1.353545614174887E-06,1.742543644394337E-05,-1.610059676442875E-03,3.522543577781105E-04,4.898714210737186E-04
1.906800958158869E-05,-1.108115323278109E-06,1.775445864607010E-05,-1.646491074170321E-03,3.545363712618117E-04,4.572190980436506E-04
1.791182663603273E-05,-8.612079442817884E-07,1.805974802561744E-05,-1.683380332652997E-03,3.564986762563481E-04,4.214779286821681E-04
1.672991123752439E-05,-6.130666662642696E-07,1.833906848350182E-05,-1.720571277544406E-03,3.580788884073147E-04,3.823834928627701E-04
1.552211991561742E-05,-3.639810450463908E-07,1.858999619590534E-05,-1.757866234853583E-03,3.592057262086924E-04,3.396601505847571E-04
1.428846295281689E-05,-1.142934391020878E-07,1.880991324600782E-05,-1.795018821050009E-03,3.597982911919619E-04,2.930254420547927E-04
1.302914086106219E-05,1.355941108581795E-07,1.899600499343096E-05,-1.831726252488574E-03,3.597655279613733E-04,2.421965325121766E-04
1.174458627278518E-05,3.852127252762387E-07,1.914526277399448E-05,-1.867621514286892E-03,3.590059905419321E-04,1.868992053226147E-04
1.043551116697952E-05,6.340195200987576E-07,1.925449388021483E-05,-1.902265938725904E-03,3.574080811226308E-04,1.268799221475859E-04
9.102958878827405E-06,8.813908298537163E-07,1.932034112035625E-05,-1.935143011616287E-03,3.548509687000514E-04,6.192141766400435E-05
7.748359664922778E-06,1.126616374505528E-06,1.933931453090690E-05,-1.965654543136116E-03,3.512064314838901E-04,-8.137862420306214E-06
6.373587689202141E-06,1.368895102739283E-06,1.930783793302062E-05,-1.993120678078274E-03,3.463418866821794E-04,-8.338048569337498E-05
4.981016162026177E-06,1.607333625135398E-06,1.922231285286066E-05,-2.016785519073920E-03,3.401248575442354E-04,-1.637834423459052E-04
3.573566066235626E-06,1.840948304201290E-06,1.907920171668744E-05,-2.035830295685737E-03,3.324290588281391E-04,-2.491895097070860E-04
2.154742582417850E-06,2.068672148341047E-06,1.887513102671022E-05,-2.049395893315682E-03,3.231421357344423E-04,-3.392788015211755E-04
7.286522298327093E-07,2.289367603674344E-06,1.860701330552988E-05,-2.056615997949593E-03,3.121748521514104E-04,-4.335438013656440E-04
-7.000067749226026E-07,2.501846086166447E-06,1.827218395577092E-05,-2.056660978995121E-03,2.994711950487635E-04,-5.312721465432529E-04
-2.125987951330233E-06,2.704894594760839E-06,1.786854599725178E-05,-2.048790885978159E-03,2.850184793080989E-04,-6.315419631950496E-04
-3.543578914470158E-06,2.897308981805367E-06,1.739471235280451E-05,-2.032413730351887E-03,2.688561800826637E-04,-7.332342620600618E-04
-4.946724340630712E-06,3.077932486511236E-06,1.685013265212506E-05,-2.007142972768857E-03,2.510820046503999E-04,-8.350654572627247E-04
-6.329186368195343E-06,3.245697103712336E-06,1.623519026164820E-05,-1.972846484449669E-03,2.318537690550569E-04,-9.356403855947598E-04
-7.684733683699467E-06,3.399664483801385E-06,1.555125619767272E-05,-1.929678916668665E-03,2.113860516387610E-04,-1.033522616404550E-03
-9.007345345934637E-06,3.539062588295259E-06,1.480069011498539E-05,-1.878090897812646E-03,1.899413428147074E-04,-1.127315145315231E-03
-1.029141188157781E-05,3.663314453712632E-06,1.398678439618629E-05,-1.818811769146527E-03,1.678163567626963E-04,-1.215741825762334E-03
-1.153191540289884E-05,3.772056202021439E-06,1.311365448283946E-05,-1.752806999546342E-03,1.453250723590249E-04,-1.297719063187035E-03
-1.272457285636907E-05,3.865142754961718E-06,1.218608547914767E-05,-1.681215822593211E-03,1.227806658416806E-04,-1.372408786722991E-03
-1.386593155578890E-05,3.942641281519127E-06,1.120935019222741E-05,-1.605277789510353E-03,1.004786136756828E-04,-1.439247160357955E-03
-1.495341270153895E-05,4.004813885691511E-06,1.018901611302984E-05,-1.526258030097377E-03,7.868286891179741E-05,-1.497947891921202E-03
-1.598530514230025E-05,4.052092127334972E-06,9.130758158286656E-06,-1.445379980414689E-03,5.761629399813996E-05,-1.548483111025640E-03
-1.696071688752423E-05,4.085046500684543E-06,8.040190847995671E-06,-1.363771754414023E-03,3.745569900367232E-05,-1.591047641411618E-03
-1.787949506508892E-05,4.104353973673448E-06,6.922729039869260E-06,-1.282429130873657E-03,1.833110657271786E-05,-1.626013670372522E-03
-1.874212602111619E-05,4.110766243926626E-06,5.783481523991855E-06,-1.202195170958272E-03,3.283809950611671E-07,-1.653882466268058E-03
-1.954962646800321E-05,4.105080681142796E-06,4.627177596468390E-06,-1.123754335255471E-03,-1.650584724297267E-05,-1.675238422474072E-03
-2.030343464761436E-05,4.088115181158531E-06,3.458123679859717E-06,-1.047637810642453E-03,-3.215800403966456E-05,-1.690708910685673E-03
-2.100530804820393E-05,4.060687487279752E-06,2.280185255239045E-06,-9.742364700981878E-04,-4.664101009489112E-05,-1.700931694288360E-03
-2.165723181343975E-05,4.023599011901155E-06,1.096788659854053E-06,-9.038182070749621E-04,-5.998796704222191E-05,-1.706530270941170E-03
-2.226133992972462E-05,3.977622835917382E-06,-8.906260184876626E-08,-8.365470247766695E-04,-7.224648745350834E-05,-1.708096581419344E-03
-2.281984971221135E-05,3.923495359799042E-06,-1.274761794736895E-06,-7.725019907741363E-04,-8.347386724929835E-05,-1.706180008278668E-03
-2.333500903809831E-05,3.861910996020526E-06,-2.458067068860005E-06,-7.116948421302964E-04,-9.373315346598746E-05,-1.701281398192653E-03
-2.380905513073185E-05,3.793519291436731E-06,-3.637066806435961E-06,-6.540855736822472E-04,-1.030900654987516E-04,-1.693850866903236E-03
-2.424418338246863E-05,3.718923917831849E-06,-4.810144435624379E-06,-5.995957437918550E-04,-1.116106748499506E-04,-1.684288290847968E-03
-2.464252462000366E-05,3.638683044126024E-06,-5.975944252201131E-06,-5.481195001802061E-04,-1.193597257584903E-04,-1.672945584917302E-03
-2.500612927899016E-05,3.553310687238339E-06,-7.133339235241726E-06,-4.995324894744872E-04,-1.263994763724835E-04,-1.660130066698969E-03
-2.533695710078208E-05,3.463278719559343E-06,-8.281401421731709E-06,-4.536988964698088E-04,-1.327889490112553E-04,-1.646108389304548E-03
-2.563687114753838E-05,3.369019283532562E-06,-9.419375099981482E-06,-4.104768883157014E-04,-1.385834925880341E-04,-1.631110676752547E-03
-2.590763512313683E-05,3.270927425516936E-06,-1.054665287101024E-05,-3.697227349855649E-04,-1.438345765597482E-04,-1.615334615835084E-03
-2.615091316876945E-05,3.169363811541214E-06,-1.166275448922394E-05,-3.312938550693845E-04,-1.485897515555232E-04,-1.598949348995227E-03
-2.636827146457881E-05,3.064657427579629E-06,-1.276730830989455E-05,-2.950510050158167E-04,-1.528927259387498E-04,-1.582099078574162E-03
-2.656118110861944E-05,2.957108197935370E-06,-1.386003512570545E-05,-2.608597966705702E-04,-1.567835195175878E-04,-1.564906338887241E-03
-2.673102186153076E-05,2.846989478734984E-06,-1.494073415591734E-05,-2.285916959414529E-04,-1.602986653931738E-04,-1.547474923626232E-03
-2.687908644119755E-05,2.734550400876927E-06,-1.600927095048977E-05,-1.981246265415676E-04,-1.634714387025525E-04,-1.529892476020025E-03
-2.700658512884200E-05,2.620018049341822E-06,-1.706556698120132E-05,-1.693432777830607E-04,-1.663320970497255E-04,-1.512232761183044E-03
-2.711465050921048E-05,2.503599474659318E-06,-1.810959070781623E-05,-1.421391944143552E-04,-1.689081220212985E-04,-1.494557646568658E-03
-2.720434221548739E-05,2.385483538432450E-06,-1.914134992648103E-05,-1.164107092525549E-04,-1.712244546346003E-04,-1.476918819228596E-03
-2.727665158674124E-05,2.265842598857040E-06,-2.016088522770726E-05,-9.206276542854086E-05,-1.733037201128622E-04,-1.459359268963666E-03
-2.733250617421244E-05,2.144834044694788E-06,-2.116826441117867E-05,-6.900666394973279E-05,-1.751664392308688E-04,-1.441914565356997E-03
-2.737277405438080E-05,2.022601687588769E-06,-2.216357772342103E-05,-4.715976351966065E-05,-1.768312247930409E-04,-1.424613954742891E-03
-2.739826792298058E-05,1.899277023269177E-06,-2.314693380166107E-05,-2.644515270300961E-05,-1.783149627268844E-04,-1.407481300808159E-03
-2.740974895615843E-05,1.774980372324227E-06,-2.411845622279282E-05,-6.791309215239710E-06,-1.796329779012974E-04,-1.390535890025815E-03
-2.740793043375206E-05,1.649821910981777E-06,-2.507828057022991E-05,1.186824296797272E-05,-1.807991851904131E-04,-1.373793120656626E-03
-2.739348112596284E-05,1.523902601889379E-06,-2.602655194361462E-05,2.959527110400161E-05,-1.818262265592948E-04,-1.357265091724631E-03
-2.736702844909908E-05,1.397315034285691E-06,-2.696342284699280E-05,4.644716056391897E-05,-1.827255950927122E-04,-1.340961106232962E-03
-2.732916139904264E-05,1.270144182289380E-06,-2.788905140028892E-05,6.247722766019000E-05,-1.835077469556380E-04,-1.324888100959492E-03
-2.728043327299880E-05,1.142468089337626E-06,-2.880359982687885E-05,7.773501630251877E-05,-1.841822022884516E-04,-1.309051013461868E-03
-2.722136419120520E-05,1.014358486115444E-06,-2.970723317690614E-05,9.226657733594914E-05,-1.847576360188792E-04,-1.293453095420066E-03
-2.715244343081315E-05,8.858813486492308E-07,-3.060011825186227E-05,1.061147301220793E-04,-1.852419595292528E-04,-1.278096180137026E-03
-2.707413158427381E-05,7.570974026052445E-07,-3.148242270097928E-05,1.193193064286724E-04,-1.856423940608341E-04,-1.262980910886162E-03
-2.698686255438712E-05,6.280625792433832E-07,-3.235431426428124E-05,1.319173770445218E-04,-1.859655366731230E-04,-1.248106935819523E-03
-2.689104539779347E-05,4.988284279315878E-07,-3.321596014081110E-05,1.439434617732936E-04,-1.862174195096458E-04,-1.233473074313452E-03
-2.678706602817800E-05,3.694424896273831E-07,-3.406752646368041E-05,1.554297236115141E-04,-1.864035630556617E-04,-1.219077458912163E-03
-2.667528878986370E-05,2.399486352793689E-07,-3.490917786626099E-05,1.664061480042901E-04,-1.865290240094564E-04,-1.204917656417550E-03
-2.655605791183257E-05,1.103873726909376E-07,-3.574107712611516E-05,1.769007081148108E-04,-1.865984383285789E-04,-1.190990771151444E-03
-2.642969885155894E-05,-1.920387498158597E-08,-3.656338487520438E-05,1.869395170531253E-04,-1.866160599561958E-04,-1.177293532971550E-03
-2.629651953738598E-05,-1.487905162567631E-07,-3.737625936657347E-05,1.965469679958922E-04,-1.865857956809765E-04,-1.163822372243400E-03
-2.615681151753950E-05,-2.783405613403951E-07,-3.817985628912186E-05,2.057458630990864E-04,-1.865112365366368E-04,-1.150573483648048E-03
-2.601085102325953E-05,-4.078244128478775E-07,-3.897432862328098E-05,2.145575320655043E-04,-1.863956861043631E-04,-1.137542880430697E-03
-2.585889995294826E-05,-5.372146752005674E-07,-3.975982653144819E-05,2.230019411823631E-04,-1.862421860425939E-04,-1.124726440461674E-03
-2.570120678368345E-05,-6.664859808731956E-07,-4.053649727790900E-05,2.310977935943198E-04,-1.860535391337964E-04,-1.112119945282173E-03
-2.553800741593292E-05,-7.956148318594456E-07,-4.130448517373322E-05,2.388626215259741E-04,-1.858323301066399E-04,-1.099719113137693E-03
-2.536952595682771E-05,-9.245794548923860E-07,-4.206393154277564E-05,2.463128711168839E-04,-1.855809444640358E-04,-1.087519626857601E-03
-2.519597544690825E-05,-1.053359669107670E-06,-4.281497470546388E-05,2.534639804823761E-04,-1.853015855225773E-04,-1.075517157316128E-03
-2.501755853484879E-05,-1.181936764972276E-06,-4.355774997752963E-05,2.603304515656741E-04,-1.849962898466849E-04,-1.063707383104989E-03
-2.483446810428859E-05,-1.310293393421863E-06,-4.429238968124463E-05,2.669259163015360E-04,-1.846669412409747E-04,-1.052086006958123E-03
-2.464688785655184E-05,-1.438413464257120E-06,-4.501902316707135E-05,2.732631975689657E-04,-1.843152834467524E-04,-1.040648769392374E-03
-2.445499285272102E-05,-1.566282052945283E-06,-4.573777684393658E-05,2.793543653707314E-04,-1.839429316728788E-04,-1.029391459962420E-03
-2.425895001823696E-05,-1.693885315058492E-06,-4.644877421659309E-05,2.852107886404298E-04,-1.835513830773249E-04,-1.018309926472136E-03
-2.405891861293309E-05,-1.821210407657080E-06,-4.715213592875484E-05,2.908431830436177E-04,-1.831420263033582E-04,-1.007400082436596E-03
-2.385505066916755E-05,-1.948245416994141E-06,-4.784797981088110E-05,2.962616551079954E-04,-1.827161501632961E-04,-9.966579130477058E-04
-2.364749140049466E-05,-2.074979291978826E-06,-4.853642093164765E-05,3.014757429886450E-04,-1.822749515529769E-04,-9.860794798611995E-04
-2.343637958311401E-05,-2.201401782890467E-06,-4.921757165228393E-05,3.064944541477570E-04,-1.818195426713951E-04,-9.756609243923847E-04
-2.322184791214989E-05,-2.327503384884579E-06,-4.989154168307572E-05,3.113263002039574E-04,-1.813509576122056E-04,-9.653984707820183E-04
-2.300402333464466E-05,-2.453275285875689E-06,-5.055843814143702E-05,3.159793291841270E-04,-1.808701583869038E-04,-9.552884276712901E-04
-2.278302736099479E-05,-2.578709318421288E-06,-5.121836561104459E-05,3.204611553903203E-04,-1.803780404333549E-04,-9.453271894056449E-04
-2.255897635641744E-05,-2.703797915266552E-06,-5.187142620160571E-05,3.247789870758936E-04,-1.798754376578689E-04,-9.355112366705924E-04
-2.233198181390642E-05,-2.828534068241203E-06,-5.251771960889627E-05,3.289396521080977E-04,-1.793631270541444E-04,-9.258371366483689E-04
-2.210215061001886E-05,-2.952911290228441E-06,-5.315734317476389E-05,3.329496217790357E-04,-1.788418329380489E-04,-9.163015427720033E-04
-2.186958524472610E-05,-3.076923579951568E-06,-5.379039194683968E-05,3.368150329129096E-04,-1.783122308333166E-04,-9.069011941427176E-04
-2.163438406646455E-05,-3.200565389347040E-06,-5.441695873774531E-05,3.405417084047544E-04,-1.777749510397748E-04,-8.976329146674243E-04
-2.139664148343202E-05,-3.323831593313555E-06,-5.503713418361819E-05,3.441351763142774E-04,-1.772305819126025E-04,-8.884936119651668E-04
-2.115644816209313E-05,-3.446717461645583E-06,-5.565100680180937E-05,3.476006876278782E-04,-1.766796728783476E-04,-8.794802760845098E-04
-2.091389121378222E-05,-3.569218632976747E-06,-5.625866304763572E-05,3.509432327923324E-04,-1.761227372109401E-04,-8.705899780679748E-04
-2.066905437022341E-05,-3.691331090573790E-06,-5.686018737009116E-05,3.541675571148831E-04,-1.755602545887099E-04,-8.618198683945058E-04
-2.042201814872440E-05,-3.813051139835765E-06,-5.745566226644169E-05,3.572781751165354E-04,-1.749926734514167E-04,-8.531671753265275E-04
-2.017286000774298E-05,-3.934375387365642E-06,-5.804516833564617E-05,3.602793839181005E-04,-1.744204131745029E-04,-8.446292031843379E-04
-1.992165449347221E-05,-4.055300721492900E-06,-5.862878433055920E-05,3.631752757319380E-04,-1.738438660761713E-04,-8.362033305672644E-04
-1.966847337804180E-05,-4.175824294136019E-06,-5.920658720888504E-05,3.659697495263298E-04,-1.732633992714328E-04,-8.278870085381526E-04
-1.941338578988858E-05,-4.295943503903113E-06,-5.977865218286227E-05,3.686665219239321E-04,-1.726793563859713E-04,-8.196777587852783E-04
-1.915645833680804E-05,-4.415655980337483E-06,-6.034505276766755E-05,3.712691373907514E-04,-1.720920591414916E-04,-8.115731717736286E-04
-1.889775522216143E-05,-4.534959569222585E-06,-6.090586082853494E-05,3.737809777675236E-04,-1.715018088231607E-04,-8.035709048956465E-04
-1.863733835467827E-05,-4.653852318867927E-06,-6.146114662659326E-05,3.762052711912065E-04,-1.709088876387960E-04,-7.956686806299267E-04
-1.837526745226232E-05,-4.772332467303831E-06,-6.201097886342961E-05,3.785451004504909E-04,-1.703135599785907E-04,-7.878642847149650E-04
-1.811160014017983E-05,-4.890398430318805E-06,-6.255542472439170E-05,3.808034108157530E-04,-1.697160735833892E-04,-7.801555643438676E-04
-1.784639204398196E-05,-5.008048790278605E-06,-6.309454992064513E-05,3.829830173806911E-04,-1.691166606288187E-04,-7.725404263848889E-04
-1.757969687748839E-05,-5.125282285670880E-06,-6.362841873000517E-05,3.850866119499779E-04,-1.685155387319465E-04,-7.650168356317778E-04
-1.731156652613623E-05,-5.242097801323784E-06,-6.415709403656468E-05,3.871167695045964E-04,-1.679129118865562E-04,-7.575828130871415E-04
-1.704205112597719E-05,-5.358494359250908E-06,-6.468063736914230E-05,3.890759542740853E-04,-1.673089713326089E-04,-7.502364342813743E-04
-1.677119913858661E-05,-5.474471110078650E-06,-6.519910893857601E-05,3.909665254426854E-04,-1.667038963649866E-04,-7.429758276291306E-04
-1.649905742212963E-05,-5.590027325015481E-06,-6.571256767388891E-05,3.927907425143277E-04,-1.660978550861781E-04,-7.357991728248335E-04
-1.622567129881353E-05,-5.705162388325704E-06,-6.622107125735467E-05,3.945507703595218E-04,-1.654910051071809E-04,-7.287046992782925E-04
-1.595108461893941E-05,-5.819875790273105E-06,-6.672467615849069E-05,3.962486839654795E-04,-1.648834942005344E-04,-7.216906845911461E-04
-1.567533982175248E-05,-5.934167120502523E-06,-6.722343766700757E-05,3.978864729092185E-04,-1.642754609090761E-04,-7.147554530745428E-04
-1.539847799327696E-05,-6.048036061829767E-06,-6.771740992474351E-05,3.994660455719373E-04,-1.636670351137200E-04,-7.078973743082151E-04
-1.512053892130914E-05,-6.161482384412467E-06,-6.820664595661254E-05,4.009892331116125E-04,-1.630583385632843E-04,-7.011148617408836E-04
-1.484156114773107E-05,-6.274505940276505E-06,-6.869119770059498E-05,4.024577932095319E-04,-1.624494853691544E-04,-6.944063713317445E-04
-1.456158201829680E-05,-6.387106658174494E-06,-6.917111603679868E-05,4.038734136053499E-04,-1.618405824673408E-04,-6.877704002326412E-04
-1.428063773003311E-05,-6.499284538754497E-06,-6.964645081561908E-05,4.052377154341986E-04,-1.612317300502907E-04,-6.812054855103922E-04
-1.399876337638795E-05,-6.611039650018753E-06,-7.011725088502580E-05,4.065522563784291E-04,-1.606230219706222E-04,-6.747102029086439E-04
-1.371599299025110E-05,-6.722372123053596E-06,-7.058356411700285E-05,4.078185336456688E-04,-1.600145461187834E-04,-6.682831656485304E-04
-1.343235958496384E-05,-6.833282148013133E-06,-7.104543743316926E-05,4.090379867840585E-04,-1.594063847764804E-04,-6.619230232673553E-04
-1.314789519342724E-05,-6.943769970340435E-06,-7.150291682960618E-05,4.102120003447788E-04,-1.587986149475758E-04,-6.556284604944537E-04
-1.286263090541174E-05,-7.053835887211160E-06,-7.195604740091604E-05,4.113419064012749E-04,-1.581913086680301E-04,-6.493981961633546E-04
-1.257659690316441E-05,-7.163480244185546E-06,-7.240487336353849E-05,4.124289869339439E-04,-1.575845332963378E-04,-6.432309821593300E-04
-1.228982249540464E-05,-7.272703432055734E-06,-7.284943807834763E-05,4.134744760884503E-04,-1.569783517857983E-04,-6.371256024013964E-04
-1.200233614979310E-05,-7.381505883876206E-06,-7.328978407255388E-05,4.144795623152843E-04,-1.563728229398651E-04,-6.310808718578210E-04
-1.171416552395407E-05,-7.489888072166016E-06,-7.372595306093356E-05,4.154453903976634E-04,-1.557680016517196E-04,-6.250956355941772E-04
-1.142533749512646E-05,-7.597850506272223E-06,-7.415798596640846E-05,4.163730633744067E-04,-1.551639391291340E-04,-6.191687678529914E-04
-1.113587818851401E-05,-7.705393729884656E-06,-7.458592293999691E-05,4.172636443639714E-04,-1.545606831056074E-04,-6.132991711640304E-04
-1.084581300440153E-05,-7.812518318692806E-06,-7.500980338015742E-05,4.181181582954310E-04,-1.539582780386895E-04,-6.074857754842793E-04
-1.055516664409978E-05,-7.919224878176232E-06,-7.542966595154504E-05,4.189375935518024E-04,-1.533567652963368E-04,-6.017275373666784E-04
-1.026396313477814E-05,-8.025514041520466E-06,-7.584554860320027E-05,4.197229035307734E-04,-1.527561833320884E-04,-5.960234391566939E-04
-9.972225853240683E-06,-8.131386467650889E-06,-7.625748858618937E-05,4.204750081275598E-04,-1.521565678497905E-04,-5.903724882158192E-04
-9.679977548698301E-06,-8.236842839377572E-06,-7.666552247071453E-05,4.211947951443165E-04,-1.515579519585465E-04,-5.847737161711159E-04
-9.387240364586334E-06,-8.341883861644512E-06,-7.706968616271168E-05,4.218831216302489E-04,-1.509603663185228E-04,-5.792261781899268E-04
-9.094035859474504E-06,-8.446510259877110E-06,-7.747001491995320E-05,4.225408151563056E-04,-1.503638392781958E-04,-5.737289522789115E-04
-8.800385027113304E-06,-8.550722778422159E-06,-7.786654336767190E-05,4.231686750280932E-04,-1.497683970035843E-04,-5.682811386065767E-04
-8.506308315658540E-06,-8.654522179074930E-06,-7.825930551372261E-05,4.237674734404255E-04,-1.491740635999741E-04,-5.628818588484959E-04
-8.211825646113437E-06,-8.757909239688325E-06,-7.864833476329662E-05,4.243379565767098E-04,-1.485808612266069E-04,-5.575302555544344E-04
-7.916956430025556E-06,-8.860884752859357E-06,-7.903366393320407E-05,4.248808456561759E-04,-1.479888102047730E-04,-5.522254915366183E-04
-7.621719586473766E-06,-8.963449524688531E-06,-7.941532526573856E-05,4.253968379317684E-04,-1.473979291197171E-04,-5.469667492784107E-04
-7.326133558378588E-06,-9.065604373607945E-06,-7.979335044213813E-05,4.258866076413554E-04,-1.468082349167405E-04,-5.417532303626771E-04
-7.030216328167460E-06,-9.167350129274227E-06,-8.016777059565580E-05,4.263508069147444E-04,-1.462197429918534E-04,-5.365841549191488E-04
-6.733985432824801E-06,-9.268687631522620E-06,-8.053861632425275E-05,4.267900666388478E-04,-1.456324672773133E-04,-5.314587610901127E-04
-6.437457978355144E-06,-9.369617729378797E-06,-8.090591770292670E-05,4.272049972832016E-04,-1.450464203223565E-04,-5.263763045137778E-04
-6.140650653686167E-06,-9.470141280125139E-06,-8.126970429568740E-05,4.275961896879117E-04,-1.444616133694158E-04,-5.213360578246929E-04
-5.843579744037006E-06,-9.570259148418466E-06,-8.163000516719091E-05,4.279642158159780E-04,-1.438780564260931E-04,-5.163373101706085E-04
-5.546261143775961E-06,-9.669972205456341E-06,-8.198684889404403E-05,4.283096294718370E-04,-1.432957583331407E-04,-5.113793667451978E-04
-5.248710368790440E-06,-9.769281328189275E-06,-8.234026357578943E-05,4.286329669878522E-04,-1.427147268286897E-04,-5.064615483360723E-04
-4.950942568390820E-06,-9.868187398576284E-06,-8.269027684558215E-05,4.289347478803872E-04,-1.421349686089450E-04,-5.015831908875475E-04
-4.652972536768828E-06,-9.966691302881442E-06,-8.303691588056737E-05,4.292154754769986E-04,-1.415564893855553E-04,-4.967436450776328E-04
-4.354814724029964E-06,-1.006479393100916E-05,-8.338020741196930E-05,4.294756375162018E-04,-1.409792939398535E-04,-4.919422759087378E-04
-4.056483246818551E-06,-1.016249617587614E-05,-8.372017773490035E-05,4.297157067211789E-04,-1.404033861741467E-04,-4.871784623116092E-04
-3.757991898553052E-06,-1.025979893281788E-05,-8.405685271789980E-05,4.299361413487224E-04,-1.398287691602294E-04,-4.824515967620244E-04
-3.459354159288407E-06,-1.035670309902808E-05,-8.439025781221057E-05,4.301373857146352E-04,-1.392554451852771E-04,-4.777610849097900E-04
-3.160583205221364E-06,-1.045320957302893E-05,-8.472041806080240E-05,4.303198706967409E-04,-1.386834157952720E-04,-4.731063452196085E-04
-2.861691917853942E-06,-1.054931925417085E-05,-8.504735810714983E-05,4.304840142165944E-04,-1.381126818361003E-04,-4.684868086233905E-04
-2.562692892829474E-06,-1.064503304215987E-05,-8.537110220377233E-05,4.306302217009230E-04,-1.375432434924538E-04,-4.639019181836086E-04
-2.263598448454957E-06,-1.074035183661143E-05,-8.569167422054462E-05,4.307588865237732E-04,-1.369751003246586E-04,-4.593511287673019E-04
-1.964420633922791E-06,-1.083527653662900E-05,-8.600909765278400E-05,4.308703904302848E-04,-1.364082513035487E-04,-4.548339067303559E-04
-1.665171237244349E-06,-1.092980804040627E-05,-8.632339562912201E-05,4.309651039429637E-04,-1.358426948434926E-04,-4.503497296116940E-04
-1.365861792907258E-06,-1.102394724485166E-05,-8.663459091916699E-05,4.310433867512817E-04,-1.352784288336755E-04,-4.458980858370354E-04
-1.066503589267678E-06,-1.111769504523405E-05,-8.694270594096421E-05,4.311055880853830E-04,-1.347154506677349E-04,-4.414784744318802E-04
-7.671076756883741E-07,-1.121105233484841E-05,-8.724776276825972E-05,4.311520470746396E-04,-1.341537572718387E-04,-4.370904047434020E-04
-4.676848694328394E-07,-1.130402000470057E-05,-8.754978313757415E-05,4.311830930917574E-04,-1.335933451312929E-04,-4.327333961709352E-04
-1.682457623252855E-07,-1.139659894320981E-05,-8.784878845509216E-05,4.311990460830988E-04,-1.330342103157572E-04,-4.284069779047586E-04
1.311992728141572E-07,-1.148879003592867E-05,-8.814479980337336E-05,4.312002168858519E-04,-1.324763485031463E-04,-4.241106886728872E-04
4.306400759501041E-07,-1.158059416527881E-05,-8.843783794789007E-05,4.311869075326466E-04,-1.319197550022869E-04,-4.198440764955946E-04
7.300666938199242E-07,-1.167201221030222E-05,-8.872792334339718E-05,4.311594115441835E-04,-1.313644247743968E-04,-4.156066984473993E-04
1.029469374120959E-06,-1.176304504642695E-05,-8.901507614013931E-05,4.311180142104170E-04,-1.308103524534512E-04,-4.113981204262584E-04
1.328838559889178E-06,-1.185369354524665E-05,-8.929931618990004E-05,4.310629928608019E-04,-1.302575323654944E-04,-4.072179169297206E-04
1.628164884061860E-06,-1.194395857431312E-05,-8.958066305189807E-05,4.309946171240918E-04,-1.297059585469526E-04,-4.030656708378006E-04
1.927439164217178E-06,-1.203384099694128E-05,-8.985913599853494E-05,4.309131491781500E-04,-1.291556247620022E-04,-3.989409732023463E-04
2.226652397483944E-06,-1.212334167202588E-05,-9.013475402099850E-05,4.308188439902116E-04,-1.286065245190426E-04,-3.948434230426769E-04
2.525795755614995E-06,-1.221246145386936E-05,-9.040753583472675E-05,4.307119495480143E-04,-1.280586510863208E-04,-3.907726271472804E-04
2.824860580218032E-06,-1.230120119202023E-05,-9.067749988473592E-05,4.305927070821951E-04,-1.275119975067517E-04,-3.867281998813656E-04
3.123838378137989E-06,-1.238956173112157E-05,-9.094466435081689E-05,4.304613512803283E-04,-1.269665566119772E-04,-3.827097630000704E-04
3.422720816985225E-06,-1.247754391076892E-05,-9.120904715260383E-05,4.303181104929663E-04,-1.264223210357033E-04,-3.787169454671391E-04
3.721499720804138E-06,-1.256514856537731E-05,-9.147066595451872E-05,4.301632069320226E-04,-1.258792832263513E-04,-3.747493832788827E-04
4.020167065876968E-06,-1.265237652405679E-05,-9.172953817059551E-05,4.299968568618231E-04,-1.253374354590610E-04,-3.708067192932491E-04
4.318714976657830E-06,-1.273922861049604E-05,-9.198568096918712E-05,4.298192707831354E-04,-1.247967698470772E-04,-3.668886030638312E-04
4.617135721832183E-06,-1.282570564285376E-05,-9.223911127755906E-05,4.296306536104708E-04,-1.242572783525518E-04,-3.629946906786512E-04
4.915421710497177E-06,-1.291180843365735E-05,-9.248984578637248E-05,4.294312048429394E-04,-1.237189527967917E-04,-3.591246446035628E-04
5.213565488458488E-06,-1.299753778970845E-05,-9.273790095406023E-05,4.292211187289277E-04,-1.231817848699801E-04,-3.552781335301196E-04
5.511559734639439E-06,-1.308289451199519E-05,-9.298329301109866E-05,4.290005844248515E-04,-1.226457661403987E-04,-3.514548322277641E-04
5.809397257598382E-06,-1.316787939561053E-05,-9.322603796417825E-05,4.287697861482298E-04,-1.221108880631752E-04,-3.476544214001956E-04
6.107070992150476E-06,-1.325249322967661E-05,-9.346615160027594E-05,4.285289033253100E-04,-1.215771419885808E-04,-3.438765875457818E-04
6.404573996090157E-06,-1.333673679727471E-05,-9.370364949063188E-05,4.282781107334673E-04,-1.210445191698998E-04,-3.401210228218831E-04
6.701899447010740E-06,-1.342061087538049E-05,-9.393854699463327E-05,4.280175786385881E-04,-1.205130107708932E-04,-3.363874249129636E-04
6.999040639217744E-06,-1.350411623480432E-05,-9.417085926360788E-05,4.277474729276401E-04,-1.199826078728759E-04,-3.326754969023660E-04
7.295990980732668E-06,-1.358725364013634E-05,-9.440060124452979E-05,4.274679552366212E-04,-1.194533014814281E-04,-3.289849471476352E-04
7.592743990384061E-06,-1.367002384969613E-05,-9.462778768363977E-05,4.271791830740715E-04,-1.189250825327573E-04,-3.253154891592753E-04
7.889293294982888E-06,-1.375242761548665E-05,-9.485243312998252E-05,4.268813099403227E-04,-1.183979418997296E-04,-3.216668414828324E-04
8.185632626579258E-06,-1.383446568315223E-05,-9.507455193886327E-05,4.265744854426546E-04,-1.178718703975864E-04,-3.180387275841972E-04
8.481755819797770E-06,-1.391613879194045E-05,-9.529415827522576E-05,4.262588554065175E-04,-1.173468587893612E-04,-3.144308757380262E-04
8.777656809248751E-06,-1.399744767466771E-05,-9.551126611695378E-05,4.259345619829739E-04,-1.168228977910124E-04,-3.108430189191831E-04
9.073329627012859E-06,-1.407839305768823E-05,-9.572588925809838E-05,4.256017437525069E-04,-1.162999780762853E-04,-3.072748946971070E-04
9.368768400196536E-06,-1.415897566086635E-05,-9.593804131203266E-05,4.252605358253346E-04,-1.157780902813165E-04,-3.037262451330145E-04
9.663967348555963E-06,-1.423919619755191E-05,-9.614773571453619E-05,4.249110699383648E-04,-1.152572250089944E-04,-3.001968166798496E-04
9.958920782187203E-06,-1.431905537455867E-05,-9.635498572681085E-05,4.245534745489181E-04,-1.147373728330854E-04,-2.966863600848945E-04
1.025362309928036E-05,-1.439855389214540E-05,-9.655980443842993E-05,4.241878749253420E-04,-1.142185243021398E-04,-2.931946302949611E-04
1.054806878393559E-05,-1.447769244399968E-05,-9.676220477022228E-05,4.238143932346341E-04,-1.137006699431865E-04,-2.897213863640827E-04
1.084225240403900E-05,-1.455647171722419E-05,-9.696219947709323E-05,4.234331486271857E-04,-1.131838002652270E-04,-2.862663913636301E-04
1.113616860919638E-05,-1.463489239232533E-05,-9.715980115078383E-05,4.230442573187546E-04,-1.126679057625385E-04,-2.828294122947780E-04
1.142981212872297E-05,-1.471295514320411E-05,-9.735502222257017E-05,4.226478326697695E-04,-1.121529769177952E-04,-2.794102200032503E-04
1.172317776968736E-05,-1.479066063714912E-05,-9.754787496590426E-05,4.222439852620647E-04,-1.116390042050175E-04,-2.760085890962763E-04
1.201626041500785E-05,-1.486800953483148E-05,-9.773837149899796E-05,4.218328229731408E-04,-1.111259780923550E-04,-2.726242978616900E-04
1.230905502159954E-05,-1.494500249030169E-05,-9.792652378735145E-05,4.214144510480406E-04,-1.106138890447142E-04,-2.692571281891087E-04
1.260155661857050E-05,-1.502164015098827E-05,-9.811234364622774E-05,4.209889721689285E-04,-1.101027275262363E-04,-2.659068654931291E-04
1.289376030546555E-05,-1.509792315769802E-05,-9.829584274307441E-05,4.205564865224556E-04,-1.095924840026325E-04,-2.625732986384811E-04
1.318566125055599E-05,-1.517385214461789E-05,-9.847703259989414E-05,4.201170918649919E-04,-1.090831489433853E-04,-2.592562198670800E-04
1.347725468917397E-05,-1.524942773931833E-05,-9.865592459556515E-05,4.196708835858006E-04,-1.085747128238191E-04,-2.559554247269222E-04
1.376853592209007E-05,-1.532465056275803E-05,-9.883252996811296E-05,4.192179547682296E-04,-1.080671661270497E-04,-2.526707120027704E-04
1.405950031393260E-05,-1.539952122928998E-05,-9.900685981693456E-05,4.187583962489898E-04,-1.075604993458158E-04,-2.494018836485744E-04
1.435014329164750E-05,-1.547404034666872E-05,-9.917892510497624E-05,4.182922966755885E-04,-1.070547029841997E-04,-2.461487447215782E-04
1.464046034299751E-05,-1.554820851605884E-05,-9.934873666086630E-05,4.178197425619824E-04,-1.065497675592417E-04,-2.429111033180641E-04
1.493044701509934E-05,-1.562202633204446E-05,-9.951630518100357E-05,4.173408183425138E-04,-1.060456836024534E-04,-2.396887705106862E-04
1.522009891299774E-05,-1.569549438263982E-05,-9.968164123160311E-05,4.168556064241879E-04,-1.055424416612350E-04,-2.364815602873469E-04
1.550941169827533E-05,-1.576861324930074E-05,-9.984475525069984E-05,4.163641872373515E-04,-1.050400323002005E-04,-2.332892894915735E-04
1.579838108769706E-05,-1.584138350693703E-05,-1.000056575501113E-04,4.158666392848261E-04,-1.045384461024158E-04,-2.301117777643500E-04
1.608700285188824E-05,-1.591380572392572E-05,-1.001643583173607E-04,4.153630391895496E-04,-1.040376736705534E-04,-2.269488474873651E-04
1.637527281404529E-05,-1.598588046212501E-05,-1.003208676175607E-04,4.148534617407781E-04,-1.035377056279677E-04,-2.238003237276332E-04
1.666318684867786E-05,-1.605760827688904E-05,-1.004751953952595E-04,4.143379799388954E-04,-1.030385326196950E-04,-2.206660341834520E-04
1.695074088038183E-05,-1.612898971708324E-05,-1.006273514762495E-04,4.138166650388798E-04,-1.025401453133811E-04,-2.175458091316580E-04
1.723793088264189E-05,-1.620002532510033E-05,-1.007773455693404E-04,4.132895865924707E-04,-1.020425344001406E-04,-2.144394813761431E-04
1.752475287666300E-05,-1.627071563687692E-05,-1.009251872680963E-04,4.127568124890816E-04,-1.015456905953502E-04,-2.113468861975978E-04
1.781120293022991E-05,-1.634106118191058E-05,-1.010708860525387E-04,4.122184089954986E-04,-1.010496046393808E-04,-2.082678613044466E-04
1.809727715659370E-05,-1.641106248327750E-05,-1.012144512908156E-04,4.116744407944077E-04,-1.005542672982687E-04,-2.052022467849414E-04
1.838297171338482E-05,-1.648072005765043E-05,-1.013558922408379E-04,4.111249710217871E-04,-1.000596693643315E-04,-2.021498850603834E-04
1.866828280155163E-05,-1.655003441531723E-05,-1.014952180518838E-04,4.105700613032040E-04,-9.956580165672924E-05,-1.991106208394388E-04
1.895320666432379E-05,-1.661900606019963E-05,-1.016324377661716E-04,4.100097717890506E-04,-9.907265502197477E-05,-1.960843010735222E-04
1.923773958619981E-05,-1.668763548987241E-05,-1.017675603204017E-04,4.094441611887545E-04,-9.858022033439447E-05,-1.930707749132149E-04
1.952187789195789E-05,-1.675592319558283E-05,-1.019005945472696E-04,4.088732868039966E-04,-9.808848849654283E-05,-1.900698936656929E-04
1.980561794568968E-05,-1.682386966227043E-05,-1.020315491769484E-04,4.082972045609693E-04,-9.759745043957224E-05,-1.870815107531346E-04
2.008895614985591E-05,-1.689147536858693E-05,-1.021604328385437E-04,4.077159690417049E-04,-9.710709712356058E-05,-1.841054816720839E-04
2.037188894436364E-05,-1.695874078691647E-05,-1.022872540615201E-04,4.071296335145048E-04,-9.661741953779830E-05,-1.811416639537415E-04
2.065441280566419E-05,-1.702566638339598E-05,-1.024120212771010E-04,4.065382499634978E-04,-9.612840870103707E-05,-1.781899171251597E-04
2.093652424587145E-05,-1.709225261793567E-05,-1.025347428196409E-04,4.059418691173561E-04,-9.564005566170174E-05,-1.752501026713174E-04
2.121821981189971E-05,-1.715849994423977E-05,-1.026554269279726E-04,4.053405404771939E-04,-9.515235149806739E-05,-1.723220839980510E-04
2.149949608462065E-05,-1.722440880982726E-05,-1.027740817467282E-04,4.047343123436758E-04,-9.466528731840303E-05,-1.694057263958180E-04
2.178034967803892E-05,-1.728997965605275E-05,-1.028907153276356E-04,4.041232318433599E-04,-9.417885426108365E-05,-1.665008970042729E-04
2.206077723848569E-05,-1.735521291812742E-05,-1.030053356307906E-04,4.035073449542978E-04,-9.369304349467202E-05,-1.636074647776328E-04
2.234077544382978E-05,-1.742010902514003E-05,-1.031179505259054E-04,4.028866965309168E-04,-9.320784621797172E-05,-1.607253004508114E-04
2.262034100270575E-05,-1.748466840007786E-05,-1.032285677935332E-04,4.022613303282046E-04,-9.272325366005271E-05,-1.578542765063034E-04
2.289947065375870E-05,-1.754889145984783E-05,-1.033371951262710E-04,4.016312890252191E-04,-9.223925708025080E-05,-1.549942671417972E-04
2.317816116490495E-05,-1.761277861529742E-05,-1.034438401299393E-04,4.009966142479437E-04,-9.175584776814229E-05,-1.521451482384989E-04
2.345640933260858E-05,-1.767633027123571E-05,-1.035485103247406E-04,4.003573465915075E-04,-9.127301704349481E-05,-1.493067973301481E-04
2.373421198117307E-05,-1.773954682645428E-05,-1.036512131463966E-04,3.997135256417910E-04,-9.079075625619569E-05,-1.464790935727083E-04
2.401156596204774E-05,-1.780242867374814E-05,-1.037519559472638E-04,3.990651899964339E-04,-9.030905678615874E-05,-1.436619177147142E-04
2.428846815314862E-05,-1.786497619993653E-05,-1.038507459974301E-04,3.984123772852650E-04,-8.982791004321063E-05,-1.408551520682590E-04
2.456491545819330E-05,-1.792718978588362E-05,-1.039475904857901E-04,3.977551241901700E-04,-8.934730746695778E-05,-1.380586804806053E-04
2.484090480604934E-05,-1.798906980651917E-05,-1.040424965211021E-04,3.970934664644148E-04,-8.886724052663459E-05,-1.352723883064051E-04
2.511643315009599E-05,-1.805061663085903E-05,-1.041354711330247E-04,3.964274389514397E-04,-8.838770072093415E-05,-1.324961623805106E-04
2.539149746759871E-05,-1.811183062202554E-05,-1.042265212731362E-04,3.957570756031412E-04,-8.790867957782200E-05,-1.297298909913640E-04
2.566609475909627E-05,-1.817271213726780E-05,-1.043156538159342E-04,3.950824094976550E-04,-8.743016865433391E-05,-1.269734638549498E-04
2.594022204780000E-05,-1.823326152798176E-05,-1.044028755598188E-04,3.944034728566562E-04,-8.695215953635847E-05,-1.242267720892959E-04
2.621387637900489E-05,-1.829347913973019E-05,-1.044881932280570E-04,3.937202970621893E-04,-8.647464383840504E-05,-1.214897081895102E-04
2.648705481951224E-05,-1.835336531226247E-05,-1.045716134697309E-04,3.930329126730434E-04,-8.599761320335804E-05,-1.187621660033387E-04
2.675975445706349E-05,-1.841292037953422E-05,-1.046531428606682E-04,3.923413494406834E-04,-8.552105930221795E-05,-1.160440407072333E-04
2.703197239978499E-05,-1.847214466972669E-05,-1.047327879043572E-04,3.916456363247524E-04,-8.504497383382991E-05,-1.133352287829146E-04
2.730370577564341E-05,-1.853103850526605E-05,-1.048105550328452E-04,3.909458015081554E-04,-8.456934852460031E-05,-1.106356279944204E-04
2.757495173191143E-05,-1.858960220284239E-05,-1.048864506076206E-04,3.902418724117373E-04,-8.409417512820215E-05,-1.079451373656250E-04
2.784570743464351E-05,-1.864783607342856E-05,-1.049604809204811E-04,3.895338757085666E-04,-8.361944542526952E-05,-1.052636571582200E-04
2.811597006816150E-05,-1.870574042229881E-05,-1.050326521943848E-04,3.888218373378357E-04,-8.314515122308189E-05,-1.025910888501443E-04
2.838573683454964E-05,-1.876331554904714E-05,-1.051029705842881E-04,3.881057825183878E-04,-8.267128435523861E-05,-9.992733511445272E-05
2.865500495315899E-05,-1.882056174760547E-05,-1.051714421779682E-04,3.873857357618825E-04,-8.219783668132410E-05,-9.727229979861175E-05
2.892377166012074E-05,-1.887747930626161E-05,-1.052380729968314E-04,3.866617208856083E-04,-8.172480008656422E-05,-9.462588790421392E-05
2.919203420786838E-05,-1.893406850767688E-05,-1.053028689967082E-04,3.859337610249527E-04,-8.125216648147425E-05,-9.198800556709881E-05
2.945978986466843E-05,-1.899032962890360E-05,-1.053658360686336E-04,3.852018786455389E-04,-8.077992780149882E-05,-8.935856003787217E-05
2.972703591415934E-05,-1.904626294140224E-05,-1.054269800396149E-04,3.844660955550386E-04,-8.030807600664427E-05,-8.673745966281298E-05
2.999376965489873E-05,-1.910186871105837E-05,-1.054863066733859E-04,3.837264329146687E-04,-7.983660308110369E-05,-8.412461386515962E-05
3.025998839991823E-05,-1.915714719819932E-05,-1.055438216711488E-04,3.829829112503820E-04,-7.936550103287517E-05,-8.151993312676587E-05
3.052568947628623E-05,-1.921209865761056E-05,-1.055995306723024E-04,3.822355504637582E-04,-7.889476189337339E-05,-7.892332897011807E-05
3.079087022467792E-05,-1.926672333855184E-05,-1.056534392551592E-04,3.814843698426049E-04,-7.842437771703502E-05,-7.633471394070497E-05
3.105552799895268E-05,-1.932102148477304E-05,-1.057055529376496E-04,3.807293880712749E-04,-7.795434058091809E-05,-7.375400158973190E-05
3.131966016573852E-05,-1.937499333452974E-05,-1.057558771780144E-04,3.799706232407082E-04,-7.748464258429584E-05,-7.118110645717119E-05
3.158326410402339E-05,-1.942863912059847E-05,-1.058044173754856E-04,3.792080928582053E-04,-7.701527584824500E-05,-6.861594405514102E-05
3.184633720475320E-05,-1.948195907029178E-05,-1.058511788709560E-04,3.784418138569397E-04,-7.654623251522906E-05,-6.605843085160499E-05
3.210887687043634E-05,-1.953495340547286E-05,-1.058961669476372E-04,3.776718026052147E-04,-7.607750474867657E-05,-6.350848425438504E-05
3.237088051475455E-05,-1.958762234257003E-05,-1.059393868317069E-04,3.768980749154728E-04,-7.560908473255480E-05,-6.096602259548034E-05
3.263234556217998E-05,-1.963996609259078E-05,-1.059808436929454E-04,3.761206460530633E-04,-7.514096467093895E-05,-5.843096511568528E-05
3.289326944759823E-05,-1.969198486113564E-05,-1.060205426453614E-04,3.753395307447735E-04,-7.467313678757710E-05,-5.590323194949938E-05
3.315364961593722E-05,-1.974367884841167E-05,-1.060584887478075E-04,3.745547431871311E-04,-7.420559332545105E-05,-5.338274411032281E-05
3.341348352180184E-05,-1.979504824924566E-05,-1.060946870045853E-04,3.737662970544820E-04,-7.373832654633344E-05,-5.086942347593058E-05
3.367276862911397E-05,-1.984609325309703E-05,-1.061291423660411E-04,3.729742055068497E-04,-7.327132873034096E-05,-4.836319277421939E-05
3.393150241075807E-05,-1.989681404407038E-05,-1.061618597291509E-04,3.721784811975824E-04,-7.280459217548421E-05,-4.586397556922071E-05
3.418968234823186E-05,-1.994721080092784E-05,-1.061928439380966E-04,3.713791362807912E-04,-7.233810919721404E-05,-4.337169624737419E-05
3.444730593130216E-05,-1.999728369710092E-05,-1.062220997848325E-04,3.705761824185869E-04,-7.187187212796471E-05,-4.088628000405543E-05
3.470437065766571E-05,-2.004703290070224E-05,-1.062496320096420E-04,3.697696307881175E-04,-7.140587331669392E-05,-3.840765283035243E-05
3.496087403261474E-05,-2.009645857453676E-05,-1.062754453016861E-04,3.689594920884141E-04,-7.094010512841986E-05,-3.593574150008515E-05
3.521681356870727E-05,-2.014556087611284E-05,-1.062995442995425E-04,3.681457765470477E-04,-7.047455994375540E-05,-3.347047355706269E-05
3.547218678544200E-05,-2.019433995765286E-05,-1.063219335917356E-04,3.673284939266017E-04,-7.000923015843945E-05,-3.101177730257279E-05
3.572699120893756E-05,-2.024279596610359E-05,-1.063426177172586E-04,3.665076535309655E-04,-6.954410818286581E-05,-2.855958178309847E-05
3.598122437161612E-05,-2.029092904314619E-05,-1.063616011660867E-04,3.656832642114521E-04,-6.907918644160929E-05,-2.611381677825689E-05
3.623488381189119E-05,-2.033873932520590E-05,-1.063788883796820E-04,3.648553343727447E-04,-6.861445737294948E-05,-2.367441278895527E-05
3.648796707385944E-05,-2.038622694346136E-05,-1.063944837514904E-04,3.640238719786751E-04,-6.814991342839206E-05,-2.124130102575933E-05
3.674047170699655E-05,-2.043339202385368E-05,-1.064083916274305E-04,3.631888845578398E-04,-6.768554707218782E-05,-1.881441339746940E-05
3.699239526585686E-05,-2.048023468709509E-05,-1.064206163063746E-04,3.623503792090546E-04,-6.722135078084940E-05,-1.639368249989971E-05
3.724373530977673E-05,-2.052675504867729E-05,-1.064311620406219E-04,3.615083626066538E-04,-6.675731704266592E-05,-1.397904160485644E-05
3.749448940258160E-05,-2.057295321887946E-05,-1.064400330363639E-04,3.606628410056364E-04,-6.629343835721533E-05,-1.157042464931013E-05
3.774465511229648E-05,-2.061882930277594E-05,-1.064472334541432E-04,3.598138202466624E-04,-6.582970723487487E-05,-9.167766224758231E-06
3.799423001085996E-05,-2.066438340024355E-05,-1.064527674093039E-04,3.589613057609028E-04,-6.536611619632931E-05,-6.771001566773726E-06
3.824321167384145E-05,-2.070961560596855E-05,-1.064566389724354E-04,3.581053025747470E-04,-6.490265777207735E-05,-4.380066544735746E-06
3.849159768016168E-05,-2.075452600945336E-05,-1.064588521698093E-04,3.572458153143694E-04,-6.443932450193596E-05,-1.994897651738242E-06
3.873938561181632E-05,-2.079911469502276E-05,-1.064594109838086E-04,3.563828482101596E-04,-6.397610893454285E-05,3.845680053270869E-07
3.898657305360264E-05,-2.084338174182993E-05,-1.064583193533512E-04,3.555164051010173E-04,-6.351300362685701E-05,2.758392715517367E-06
3.923315759284910E-05,-2.088732722386199E-05,-1.064555811743054E-04,3.546464894385170E-04,-6.305000114365738E-05,5.126638173418276E-06
3.947913681914774E-05,-2.093095120994530E-05,-1.064512002998996E-04,3.537731042909427E-04,-6.258709405703969E-05,7.489365488560482E-06
3.972450832408942E-05,-2.097425376375032E-05,-1.064451805411259E-04,3.528962523471974E-04,-6.212427494591141E-05,9.846635194676277E-06
3.996926970100165E-05,-2.101723494379623E-05,-1.064375256671360E-04,3.520159359205877E-04,-6.166153639548490E-05,1.219850725879980E-05
4.021341854468908E-05,-2.105989480345507E-05,-1.064282394056322E-04,3.511321569524888E-04,-6.119887099676868E-05,1.454504109021416E-05
4.045695245117640E-05,-2.110223339095561E-05,-1.064173254432514E-04,3.502449170158891E-04,-6.073627134605697E-05,1.688629554924870E-05
4.069986901745372E-05,-2.114425074938686E-05,-1.064047874259435E-04,3.493542173188190E-04,-6.027373004441728E-05,1.922232895592958E-05
4.094216584122434E-05,-2.118594691670118E-05,-1.063906289593432E-04,3.484600587076650E-04,-5.981123969717625E-05,2.155319909848670E-05
4.118384052065467E-05,-2.122732192571706E-05,-1.063748536091371E-04,3.475624416703721E-04,-5.934879291340363E-05,2.387896324172008E-05
4.142489065412639E-05,-2.126837580412158E-05,-1.063574649014237E-04,3.466613663395351E-04,-5.888638230539439E-05,2.619967813522855E-05
4.166531383999078E-05,-2.130910857447241E-05,-1.063384663230687E-04,3.457568324953830E-04,-5.842400048814898E-05,2.851540002150363E-05
4.190510767632495E-05,-2.134952025419954E-05,-1.063178613220542E-04,3.448488395686556E-04,-5.796164007885169E-05,3.082618464389151E-05
4.214426976069017E-05,-2.138961085560664E-05,-1.062956533078227E-04,3.439373866433776E-04,-5.749929369634711E-05,3.313208725442573E-05
4.238279768989199E-05,-2.142938038587197E-05,-1.062718456516157E-04,3.430224724595284E-04,-5.703695396061466E-05,3.543316262153335E-05
4.262068905974224E-05,-2.146882884704902E-05,-1.062464416868068E-04,3.421040954156125E-04,-5.657461349224116E-05,3.772946503761710E-05
4.285794146482276E-05,-2.150795623606676E-05,-1.062194447092294E-04,3.411822535711299E-04,-5.611226491189143E-05,4.002104832651632E-05
4.309455249825077E-05,-2.154676254472948E-05,-1.061908579775001E-04,3.402569446489497E-04,-5.564990083977682E-05,4.230796585084881E-05
4.333051975144596E-05,-2.158524775971633E-05,-1.061606847133360E-04,3.393281660375875E-04,-5.518751389512176E-05,4.459027051923643E-05
4.356584081389901E-05,-2.162341186258040E-05,-1.061289281018678E-04,3.383959147933885E-04,-5.472509669562816E-05,4.686801479341650E-05
4.380051327294165E-05,-2.166125482974750E-05,-1.060955912919475E-04,3.374601876426176E-04,-5.426264185693771E-05,4.914125069524161E-05
4.403453471351820E-05,-2.169877663251456E-05,-1.060606773964517E-04,3.365209809834585E-04,-5.380014199209197E-05,5.141002981356986E-05
4.426790271795830E-05,-2.173597723704759E-05,-1.060241894925794E-04,3.355782908879224E-04,-5.333758971099032E-05,5.367440331104804E-05
4.450061486575114E-05,-2.177285660437938E-05,-1.059861306221466E-04,3.346321131036678E-04,-5.287497761984553E-05,5.593442193078961E-05
4.473266873332076E-05,-2.180941469040665E-05,-1.059465037918742E-04,3.336824430557333E-04,-5.241229832063713E-05,5.819013600294993E-05
4.496406189380258E-05,-2.184565144588704E-05,-1.059053119736737E-04,3.327292758481836E-04,-5.194954441056232E-05,6.044159545120056E-05
4.519479191682111E-05,-2.188156681643548E-05,-1.058625581049261E-04,3.317726062656709E-04,-5.148670848148452E-05,6.268884979910483E-05
4.542485636826859E-05,-2.191716074252038E-05,-1.058182450887586E-04,3.308124287749117E-04,-5.102378311937943E-05,6.493194817639661E-05
4.565425281008471E-05,-2.195243315945931E-05,-1.057723757943153E-04,3.298487375260819E-04,-5.056076090377852E-05,6.717093932516419E-05
4.588297880003727E-05,-2.198738399741434E-05,-1.057249530570245E-04,3.288815263541284E-04,-5.009763440720997E-05,6.940587160594127E-05
4.611103189150367E-05,-2.202201318138697E-05,-1.056759796788614E-04,3.279107887800019E-04,-4.963439619463690E-05,7.163679300370683E-05
4.633840963325329E-05,-2.205632063121269E-05,-1.056254584286071E-04,3.269365180118077E-04,-4.917103882289296E-05,7.386375113379574E-05
4.656510956923061E-05,-2.209030626155515E-05,-1.055733920421033E-04,3.259587069458795E-04,-4.870755484011500E-05,7.608679324772189E-05
4.679112923833902E-05,-2.212396998189991E-05,-1.055197832225026E-04,3.249773481677738E-04,-4.824393678517301E-05,7.830596623891559E-05
4.701646617422537E-05,-2.215731169654778E-05,-1.054646346405154E-04,3.239924339531879E-04,-4.778017718709704E-05,8.052131664837690E-05
4.724111790506506E-05,-2.219033130460785E-05,-1.054079489346529E-04,3.230039562688009E-04,-4.731626856450117E-05,8.273289067024661E-05
4.746508195334773E-05,-2.222302869999000E-05,-1.053497287114658E-04,3.220119067730395E-04,-4.685220342500435E-05,8.494073415729647E-05
4.768835583566342E-05,-2.225540377139708E-05,-1.052899765457794E-04,3.210162768167689E-04,-4.638797426464809E-05,8.714489262634029E-05
4.791093706248921E-05,-2.228745640231668E-05,-1.052286949809256E-04,3.200170574439088E-04,-4.592357356731100E-05,8.934541126356744E-05
4.813282313797628E-05,-2.231918647101244E-05,-1.051658865289698E-04,3.190142393919771E-04,-4.545899380411986E-05,9.154233492980025E-05
4.835401155973725E-05,-2.235059385051505E-05,-1.051015536709358E-04,3.180078130925593E-04,-4.499422743285741E-05,9.373570816567695E-05
4.857449981863393E-05,-2.238167840861274E-05,-1.050356988570262E-04,3.169977686717063E-04,-4.452926689736661E-05,9.592557519676140E-05
4.879428539856521E-05,-2.241244000784136E-05,-1.049683245068390E-04,3.159840959502607E-04,-4.406410462695133E-05,9.811197993858121E-05
4.901336577625523E-05,-2.244287850547416E-05,-1.048994330095818E-04,3.149667844441109E-04,-4.359873303577334E-05,1.002949660015955E-04
4.923173842104165E-05,-2.247299375351097E-05,-1.048290267242816E-04,3.139458233643750E-04,-4.313314452224564E-05,1.024745766960941E-04
4.944940079466408E-05,-2.250278559866712E-05,-1.047571079799916E-04,3.129212016175147E-04,-4.266733146842180E-05,1.046508550370285E-04
4.966635035105252E-05,-2.253225388236183E-05,-1.046836790759947E-04,3.118929078053783E-04,-4.220128623938151E-05,1.068238437487772E-04
4.988258453611578E-05,-2.256139844070624E-05,-1.046087422820036E-04,3.108609302251753E-04,-4.173500118261196E-05,1.089935852698461E-04
5.009810078752997E-05,-2.259021910449092E-05,-1.045322998383577E-04,3.098252568693809E-04,-4.126846862738517E-05,1.111601217575045E-04
5.031289653452676E-05,-2.261871569917308E-05,-1.044543539562169E-04,3.087858754255724E-04,-4.080168088413099E-05,1.133234950923594E-04
5.052696919768160E-05,-2.264688804486319E-05,-1.043749068177521E-04,3.077427732761966E-04,-4.033463024380587E-05,1.154837468828683E-04
5.074031618870172E-05,-2.267473595631130E-05,-1.042939605763327E-04,3.066959374982692E-04,-3.986730897725703E-05,1.176409184697914E-04
5.095293491021389E-05,-2.270225924289281E-05,-1.042115173567108E-04,3.056453548630061E-04,-3.939970933458223E-05,1.197950509305860E-04
5.116482275555192E-05,-2.272945770859385E-05,-1.041275792552027E-04,3.045910118353869E-04,-3.893182354448471E-05,1.219461850837418E-04
5.137597710854385E-05,-2.275633115199621E-05,-1.040421483398672E-04,3.035328945736508E-04,-3.846364381362350E-05,1.240943614930602E-04
5.158639534329867E-05,-2.278287936626179E-05,-1.039552266506810E-04,3.024709889287249E-04,-3.799516232595871E-05,1.262396204718785E-04
5.179607482399278E-05,-2.280910213911661E-05,-1.038668161997113E-04,3.014052804435854E-04,-3.752637124209185E-05,1.283820020872382E-04
5.200501290465582E-05,-2.283499925283437E-05,-1.037769189712851E-04,3.003357543525516E-04,-3.705726269860106E-05,1.305215461640010E-04
5.221320692895611E-05,-2.286057048421950E-05,-1.036855369221563E-04,2.992623955805121E-04,-3.658782880737104E-05,1.326582922889117E-04
5.242065422998545E-05,-2.288581560458984E-05,-1.035926719816695E-04,2.981851887420845E-04,-3.611806165491756E-05,1.347922798146101E-04
5.262735213004336E-05,-2.291073437975871E-05,-1.034983260519211E-04,2.971041181407080E-04,-3.564795330170660E-05,1.369235478635914E-04
5.283329794042063E-05,-2.293532657001666E-05,-1.034025010079181E-04,2.960191677676683E-04,-3.517749578146770E-05,1.390521353321185E-04
5.303848896118221E-05,-2.295959193011259E-05,-1.033051986977334E-04,2.949303213010556E-04,-3.470668110050169E-05,1.411780808940843E-04
5.324292248094933E-05,-2.298353020923452E-05,-1.032064209426592E-04,2.938375621046555E-04,-3.423550123698239E-05,1.433014230048271E-04
5.344659577668080E-05,-2.300714115098977E-05,-1.031061695373576E-04,2.927408732267724E-04,-3.376394814025242E-05,1.454221999048987E-04
5.364950611345354E-05,-2.303042449338471E-05,-1.030044462500081E-04,2.916402373989851E-04,-3.329201373011271E-05,1.475404496237872E-04
5.385165074424216E-05,-2.305337996880402E-05,-1.029012528224529E-04,2.905356370348353E-04,-3.281968989610582E-05,1.496562099835938E-04
5.405302690969760E-05,-2.307600730398937E-05,-1.027965909703402E-04,2.894270542284476E-04,-3.234696849679269E-05,1.517695186026665E-04
5.425363183792487E-05,-2.309830622001769E-05,-1.026904623832636E-04,2.883144707530823E-04,-3.187384135902289E-05,1.538804128991890E-04
5.445346274425965E-05,-2.312027643227892E-05,-1.025828687249007E-04,2.871978680596188E-04,-3.140030027719808E-05,1.559889300947284E-04
5.465251683104390E-05,-2.314191765045315E-05,-1.024738116331478E-04,2.860772272749718E-04,-3.092633701252854E-05,1.580951072177400E-04
5.485079128740031E-05,-2.316322957848735E-05,-1.023632927202532E-04,2.849525292004371E-04,-3.045194329228276E-05,1.601989811070317E-04
5.504828328900558E-05,-2.318421191457156E-05,-1.022513135729475E-04,2.838237543099696E-04,-2.997711080902965E-05,1.623005884151877E-04
5.524498999786247E-05,-2.320486435111447E-05,-1.021378757525718E-04,2.826908827483908E-04,-2.950183121987355E-05,1.643999656119527E-04
5.544090856207061E-05,-2.322518657471857E-05,-1.020229807952034E-04,2.815538943295272E-04,-2.902609614568158E-05,1.664971489875778E-04
5.563603611559596E-05,-2.324517826615471E-05,-1.019066302117796E-04,2.804127685342774E-04,-2.854989717030341E-05,1.685921746561271E-04
5.583036977803894E-05,-2.326483910033608E-05,-1.017888254882185E-04,2.792674845086096E-04,-2.807322583978300E-05,1.706850785587483E-04
5.602390665440111E-05,-2.328416874629173E-05,-1.016695680855384E-04,2.781180210614868E-04,-2.759607366156250E-05,1.727758964669053E-04
5.621664383485037E-05,-2.330316686713947E-05,-1.015488594399741E-04,2.769643566627212E-04,-2.711843210367776E-05,1.748646639855756E-04
5.640857839448473E-05,-2.332183312005821E-05,-1.014267009630918E-04,2.758064694407555E-04,-2.664029259394555E-05,1.769514165564114E-04
5.659970739309442E-05,-2.334016715625975E-05,-1.013030940419011E-04,2.746443371803724E-04,-2.616164651914216E-05,1.790361894608669E-04
5.679002787492242E-05,-2.335816862096000E-05,-1.011780400389653E-04,2.734779373203298E-04,-2.568248522417327E-05,1.811190178232901E-04
5.697953686842333E-05,-2.337583715334960E-05,-1.010515402925095E-04,2.723072469509225E-04,-2.520280001123482E-05,1.831999366139824E-04
5.716823138602053E-05,-2.339317238656397E-05,-1.009235961165266E-04,2.711322428114695E-04,-2.472258213896479E-05,1.852789806522240E-04
5.735610842386152E-05,-2.341017394765278E-05,-1.007942088008809E-04,2.699529012877253E-04,-2.424182282158563E-05,1.873561846092678E-04
5.754316496157148E-05,-2.342684145754879E-05,-1.006633796114100E-04,2.687691984092163E-04,-2.376051322803709E-05,1.894315830113005E-04
5.772939796200495E-05,-2.344317453103611E-05,-1.005311097900245E-04,2.675811098464990E-04,-2.327864448109938E-05,1.915052102423732E-04
5.791480437099559E-05,-2.345917277671780E-05,-1.003974005548056E-04,2.663886109083425E-04,-2.279620765650639E-05,1.935771005473007E-04
5.809938111710389E-05,-2.347483579698295E-05,-1.002622531001010E-04,2.651916765388310E-04,-2.231319378204864E-05,1.956472880345308E-04
5.828312511136292E-05,-2.349016318797302E-05,-1.001256685966187E-04,2.639902813143884E-04,-2.182959383666594E-05,1.977158066789835E-04
5.846603324702194E-05,-2.350515453954764E-05,-9.998764819151812E-05,2.627843994407225E-04,-2.134539874952947E-05,1.997826903248617E-04
5.864810239928789E-05,-2.351980943524967E-05,-9.984819300850069E-05,2.615740047496884E-04,-2.086059939911293E-05,2.018479726884317E-04
5.882932942506466E-05,-2.353412745226974E-05,-9.970730414789725E-05,2.603590706960699E-04,-2.037518661225276E-05,2.039116873607773E-04
5.900971116269006E-05,-2.354810816141000E-05,-9.956498268675421E-05,2.591395703542784E-04,-1.988915116319697E-05,2.059738678105242E-04
5.918924443167052E-05,-2.356175112704728E-05,-9.942122967891760E-05,2.579154764149684E-04,-1.940248377264250E-05,2.080345473865382E-04
5.936792603241343E-05,-2.357505590709561E-05,-9.927604615511535E-05,2.566867611815673E-04,-1.891517510676082E-05,2.100937593205961E-04
5.954575274595694E-05,-2.358802205296795E-05,-9.912943312303763E-05,2.554533965667201E-04,-1.842721577621149E-05,2.121515367300298E-04
5.972272133369735E-05,-2.360064910953731E-05,-9.898139156741546E-05,2.542153540886473E-04,-1.793859633514344E-05,2.142079126203447E-04
5.989882853711394E-05,-2.361293661509720E-05,-9.883192245009743E-05,2.529726048674140E-04,-1.744930728018377E-05,2.162629198878117E-04
6.007407107749111E-05,-2.362488410132127E-05,-9.868102671012472E-05,2.517251196211102E-04,-1.695933904941371E-05,2.183165913220349E-04
6.024844565563791E-05,-2.363649109322234E-05,-9.852870526380420E-05,2.504728686619410E-04,-1.646868202133161E-05,2.203689596084932E-04
6.042194895160475E-05,-2.364775710911063E-05,-9.837495900477997E-05,2.492158218922241E-04,-1.597732651380245E-05,2.224200573310577E-04
6.059457762439741E-05,-2.365868166055129E-05,-9.821978880410295E-05,2.479539488002952E-04,-1.548526278299392E-05,2.244699169744852E-04
6.076632831168803E-05,-2.366926425232119E-05,-9.806319551029895E-05,2.466872184563188E-04,-1.499248102229848E-05,2.265185709268873E-04
6.093719762952327E-05,-2.367950438236494E-05,-9.790517994943483E-05,2.454155995080030E-04,-1.449897136124129E-05,2.285660514821759E-04
6.110718217202942E-05,-2.368940154175017E-05,-9.774574292518318E-05,2.441390601762172E-04,-1.400472386437364E-05,2.306123908424858E-04
6.127627851111441E-05,-2.369895521462200E-05,-9.758488521888514E-05,2.428575682505118E-04,-1.350972853015162E-05,2.326576211205736E-04
6.144448319616675E-05,-2.370816487815675E-05,-9.742260758961168E-05,2.415710910845373E-04,-1.301397528979968E-05,2.347017743421946E-04
6.161179275375113E-05,-2.371703000251486E-05,-9.725891077422318E-05,2.402795955913612E-04,-1.251745400615878E-05,2.367448824484567E-04
6.177820368730086E-05,-2.372555005079301E-05,-9.709379548742743E-05,2.389830482386834E-04,-1.202015447251884E-05,2.387869772981527E-04
6.194371247680688E-05,-2.373372447897537E-05,-9.692726242183594E-05,2.376814150439444E-04,-1.152206641143510E-05,2.408280906700700E-04
6.210831557850335E-05,-2.374155273588411E-05,-9.675931224801877E-05,2.363746615693291E-04,-1.102317947352810E-05,2.428682542652790E-04
6.227200942454970E-05,-2.374903426312898E-05,-9.658994561455765E-05,2.350627529166608E-04,-1.052348323626692E-05,2.449074997094001E-04
6.243479042270921E-05,-2.375616849505613E-05,-9.641916314809763E-05,2.337456537221859E-04,-1.002296720273539E-05,2.469458585548492E-04
6.259665495602377E-05,-2.376295485869598E-05,-9.624696545339713E-05,2.324233281512462E-04,-9.521620800380708E-06,2.489833622830623E-04
6.275759938248502E-05,-2.376939277371027E-05,-9.607335311337649E-05,2.310957398928381E-04,-9.019433379744457E-06,2.510200423066989E-04
6.291762003470161E-05,-2.377548165233821E-05,-9.589832668916493E-05,2.297628521540550E-04,-8.516394213175262E-06,2.530559299718256E-04
6.307671321956261E-05,-2.378122089934173E-05,-9.572188672014606E-05,2.284246276544131E-04,-8.012492493522986E-06,2.550910565600778E-04
6.323487521789690E-05,-2.378660991194979E-05,-9.554403372400190E-05,2.270810286200562E-04,-7.507717332813940E-06,2.571254532908022E-04
6.339210228412847E-05,-2.379164807980184E-05,-9.536476819675537E-05,2.257320167778401E-04,-7.002057760906754E-06,2.591591513231786E-04
6.354839064592766E-05,-2.379633478489021E-05,-9.518409061281137E-05,2.243775533492914E-04,-6.495502724128483E-06,2.611921817583211E-04
6.370373650385805E-05,-2.380066940150170E-05,-9.500200142499634E-05,2.230175990444408E-04,-5.988041083890555E-06,2.632245756413603E-04
6.385813603101911E-05,-2.380465129615805E-05,-9.481850106459646E-05,2.216521140555282E-04,-5.479661615284120E-06,2.652563639635042E-04
6.401158537268438E-05,-2.380827982755559E-05,-9.463358994139436E-05,2.202810580505758E-04,-4.970353005654364E-06,2.672875776640808E-04
6.416408064593518E-05,-2.381155434650371E-05,-9.444726844370446E-05,2.189043901668289E-04,-4.460103853153363E-06,2.693182476325593E-04
6.431561793928969E-05,-2.381447419586247E-05,-9.425953693840688E-05,2.175220690040603E-04,-3.948902665271003E-06,2.713484047105529E-04
6.446619331232730E-05,-2.381703871047913E-05,-9.407039577098003E-05,2.161340526177365E-04,-3.436737857343518E-06,2.733780796938006E-04
6.461580279530829E-05,-2.381924721712358E-05,-9.387984526553170E-05,2.147402985120432E-04,-2.923597751039161E-06,2.754073033341305E-04
6.476444238878845E-05,-2.382109903442279E-05,-9.368788572482896E-05,2.133407636327665E-04,-2.409470572820534E-06,2.774361063414024E-04
6.491210806322884E-05,-2.382259347279419E-05,-9.349451743032660E-05,2.119354043600282E-04,-1.894344452383076E-06,2.794645193854309E-04
6.505879575860039E-05,-2.382372983437784E-05,-9.329974064219428E-05,2.105241765008720E-04,-1.378207421069196E-06,2.814925730978894E-04
6.520450138398329E-05,-2.382450741296765E-05,-9.310355559934236E-05,2.091070352816971E-04,-8.610474102575502E-07,2.835202980741931E-04
6.534922081716113E-05,-2.382492549394134E-05,-9.290596251944643E-05,2.076839353405368E-04,-3.428522497269189E-07,2.855477248753630E-04
6.549294990420955E-05,-2.382498335418933E-05,-9.270696159897056E-05,2.062548307191791E-04,1.763903340058559E-07,2.875748840298691E-04
6.563568445907941E-05,-2.382468026204247E-05,-9.250655301318927E-05,2.048196748551256E-04,6.966927193744223E-07,2.896018060354548E-04
6.577742026317433E-05,-2.382401547719850E-05,-9.230473691620824E-05,2.033784205733863E-04,1.218067391478530E-06,2.916285213609392E-04
6.591815306492242E-05,-2.382298825064745E-05,-9.210151344098377E-05,2.019310200781062E-04,1.740526943827283E-06,2.936550604480006E-04
6.605787857934217E-05,-2.382159782459567E-05,-9.189688269934102E-05,2.004774249440202E-04,2.264084080110622E-06,2.956814537129390E-04
6.619659248760236E-05,-2.381984343238876E-05,-9.169084478199103E-05,1.990175861077341E-04,2.788751615999656E-06,2.977077315484169E-04
6.633429043657583E-05,-2.381772429843310E-05,-9.148339975854653E-05,1.975514538588263E-04,3.314542480976448E-06,2.997339243251808E-04
6.647096803838701E-05,-2.381523963811624E-05,-9.127454767753657E-05,1.960789778307680E-04,3.841469720193903E-06,3.017600623937602E-04
6.660662086995307E-05,-2.381238865772586E-05,-9.106428856641998E-05,1.946001069916572E-04,4.369546496366415E-06,3.037861760861454E-04
6.674124447251861E-05,-2.380917055436752E-05,-9.085262243159766E-05,1.931147896347627E-04,4.898786091691921E-06,3.058122957174443E-04
6.687483435118366E-05,-2.380558451588096E-05,-9.063954925842375E-05,1.916229733688750E-04,5.429201909806064E-06,3.078384515875160E-04
6.700738597442498E-05,-2.380162972075510E-05,-9.042506901121564E-05,1.901246051084586E-04,5.960807477769154E-06,3.098646739825830E-04
6.713889477361037E-05,-2.379730533804163E-05,-9.020918163326290E-05,1.886196310636022E-04,6.493616448086647E-06,3.118909931768204E-04
6.726935614250598E-05,-2.379261052726718E-05,-8.999188704683509E-05,1.871079967297633E-04,7.027642600763869E-06,3.139174394339216E-04
6.739876543677646E-05,-2.378754443834408E-05,-8.977318515318853E-05,1.855896468773006E-04,7.562899845395747E-06,3.159440430086410E-04
6.752711797347765E-05,-2.378210621147958E-05,-8.955307583257193E-05,1.840645255407919E-04,8.099402223292306E-06,3.179708341483124E-04
6.765440903054190E-05,-2.377629497708368E-05,-8.933155894423105E-05,1.825325760081312E-04,8.637163909640720E-06,3.199978430943436E-04
6.778063384625568E-05,-2.377010985567536E-05,-8.910863432641234E-05,1.809937408094013E-04,9.176199215704730E-06,3.220251000836848E-04
6.790578761872937E-05,-2.376354995778735E-05,-8.888430179636546E-05,1.794479617055161E-04,9.716522591062256E-06,3.240526353502732E-04
6.802986550535915E-05,-2.375661438386924E-05,-8.865856115034494E-05,1.778951796766278E-04,1.025814862588204E-05,3.260804791264501E-04
6.815286262228066E-05,-2.374930222418911E-05,-8.843141216361075E-05,1.763353349102938E-04,1.080109205324018E-05,3.281086616443527E-04
6.827477404381441E-05,-2.374161255873341E-05,-8.820285459042803E-05,1.747683667893982E-04,1.134536775147750E-05,3.301372131372772E-04
6.839559480190277E-05,-2.373354445710528E-05,-8.797288816406576E-05,1.731942138798220E-04,1.189099074659860E-05,3.321661638410158E-04
6.851531988553818E-05,-2.372509697842116E-05,-8.774151259679462E-05,1.716128139178556E-04,1.243797621471350E-05,3.341955439951631E-04
6.863394424018264E-05,-2.371626917120568E-05,-8.750872757988385E-05,1.700241037973502E-04,1.298633948452298E-05,3.362253838443948E-04
6.875146276717814E-05,-2.370706007328485E-05,-8.727453278359734E-05,1.684280195565988E-04,1.353609603984839E-05,3.382557136397156E-04
6.886787032314787E-05,-2.369746871167738E-05,-8.703892785718878E-05,1.668244963649432E-04,1.408726152220713E-05,3.402865636396756E-04
6.898316171938807E-05,-2.368749410248433E-05,-8.680191242889602E-05,1.652134685090999E-04,1.463985173343470E-05,3.423179641115560E-04
6.909733172125026E-05,-2.367713525077684E-05,-8.656348610593458E-05,1.635948693791977E-04,1.519388263835442E-05,3.443499453325213E-04
6.921037504751366E-05,-2.366639115048195E-05,-8.632364847449045E-05,1.619686314545207E-04,1.574937036749593E-05,3.463825375907375E-04
6.932228636974765E-05,-2.365526078426663E-05,-8.608239909971199E-05,1.603346862889512E-04,1.630633121986354E-05,3.484157711864566E-04
6.943306031166396E-05,-2.364374312341978E-05,-8.583973752570127E-05,1.586929644961027E-04,1.686478166575558E-05,3.504496764330645E-04
6.954269144845846E-05,-2.363183712773230E-05,-8.559566327550449E-05,1.570433957341380E-04,1.742473834963597E-05,3.524842836580921E-04
6.965117430614232E-05,-2.361954174537510E-05,-8.535017585110191E-05,1.553859086902640E-04,1.798621809305910E-05,3.545196232041884E-04
6.975850336086219E-05,-2.360685591277509E-05,-8.510327473339697E-05,1.537204310648955E-04,1.854923789764940E-05,3.565557254300546E-04
6.986467303820938E-05,-2.359377855448914E-05,-8.485495938220485E-05,1.520468895554804E-04,1.911381494813671E-05,3.585926207113374E-04
6.996967771251765E-05,-2.358030858307576E-05,-8.460522923624039E-05,1.503652098399778E-04,1.967996661544886E-05,3.606303394414798E-04
7.007351170614933E-05,-2.356644489896479E-05,-8.435408371310547E-05,1.486753165599805E-04,2.024771045986274E-05,3.626689120325298E-04
7.017616928876973E-05,-2.355218639032474E-05,-8.410152220927581E-05,1.469771333034744E-04,2.081706423421521E-05,3.647083689159031E-04
7.027764467660933E-05,-2.353753193292796E-05,-8.384754410008725E-05,1.452705825872240E-04,2.138804588717531E-05,3.667487405431000E-04
7.037793203171364E-05,-2.352248039001348E-05,-8.359214873972160E-05,1.435555858387768E-04,2.196067356657913E-05,3.687900573863746E-04
7.047702546118048E-05,-2.350703061214754E-05,-8.333533546119201E-05,1.418320633780761E-04,2.253496562282889E-05,3.708323499393534E-04
7.057491901638428E-05,-2.349118143708171E-05,-8.307710357632789E-05,1.400999343986725E-04,2.311094061235769E-05,3.728756487176036E-04
7.067160669218723E-05,-2.347493168960858E-05,-8.281745237575952E-05,1.383591169485251E-04,2.368861730116148E-05,3.749199842591473E-04
7.076708242613695E-05,-2.345828018141500E-05,-8.255638112890230E-05,1.366095279103808E-04,2.426801466839998E-05,3.769653871249207E-04
7.086134009765035E-05,-2.344122571093276E-05,-8.229388908394067E-05,1.348510829817225E-04,2.484915191006791E-05,3.790118878991760E-04
7.095437352718346E-05,-2.342376706318675E-05,-8.202997546781181E-05,1.330836966542744E-04,2.543204844273854E-05,3.810595171898246E-04
7.104617647538687E-05,-2.340590300964041E-05,-8.176463948618913E-05,1.313072821930537E-04,2.601672390738107E-05,3.831083056287175E-04
7.113674264224639E-05,-2.338763230803861E-05,-8.149788032346552E-05,1.295217516149572E-04,2.660319817325369E-05,3.851582838718629E-04
7.122606566620879E-05,-2.336895370224768E-05,-8.122969714273655E-05,1.277270156668701E-04,2.719149134187409E-05,3.872094825995769E-04
7.131413912329205E-05,-2.334986592209276E-05,-8.096008908578354E-05,1.259229838032867E-04,2.778162375106950E-05,3.892619325165658E-04
7.140095652617998E-05,-2.333036768319226E-05,-8.068905527305664E-05,1.241095641634285E-04,2.837361597910780E-05,3.913156643519369E-04
7.148651132330073E-05,-2.331045768678942E-05,-8.041659480365787E-05,1.222866635478474E-04,2.896748884891211E-05,3.933707088591344E-04
7.157079689788890E-05,-2.329013461958091E-05,-8.014270675532430E-05,1.204541873945014E-04,2.956326343236060E-05,3.954270968157996E-04
7.165380656703082E-05,-2.326939715354246E-05,-7.986739018441127E-05,1.186120397542879E-04,3.016096105467371E-05,3.974848590235498E-04
7.173553358069264E-05,-2.324824394575136E-05,-7.959064412587589E-05,1.167601232660215E-04,3.076060329889092E-05,3.995440263076748E-04
7.181597112073089E-05,-2.322667363820582E-05,-7.931246759326069E-05,1.148983391308404E-04,3.136221201043934E-05,4.016046295167463E-04
7.189511229988504E-05,-2.320468485764119E-05,-7.903285957867767E-05,1.130265870860283E-04,3.196580930179626E-05,4.036666995221382E-04
7.197295016075163E-05,-2.318227621534280E-05,-7.875181905279258E-05,1.111447653782345E-04,3.257141755724811E-05,4.057302672174529E-04
7.204947767473969E-05,-2.315944630695559E-05,-7.846934496480977E-05,1.092527707360764E-04,3.317905943774817E-05,4.077953635178505E-04
7.212468774100682E-05,-2.313619371229020E-05,-7.818543624245746E-05,1.073504983421099E-04,3.378875788587556E-05,4.098620193592772E-04
7.219857318537561E-05,-2.311251699512569E-05,-7.790009179197363E-05,1.054378418041479E-04,3.440053613089796E-05,4.119302656975885E-04
7.227112675922993E-05,-2.308841470300865E-05,-7.761331049809246E-05,1.035146931259113E-04,3.501441769394073E-05,4.140001335075631E-04
7.234234113839059E-05,-2.306388536704869E-05,-7.732509122403166E-05,1.015809426769938E-04,3.563042639326514E-05,4.160716537818026E-04
7.241220892196991E-05,-2.303892750171021E-05,-7.703543281148043E-05,9.963647916212210E-05,3.624858634965840E-05,4.181448575295138E-04
7.248072263120463E-05,-2.301353960460046E-05,-7.674433408058843E-05,9.768118958969211E-05,3.686892199193840E-05,4.202197757751668E-04
7.254787470826683E-05,-2.298772015625365E-05,-7.645179382995567E-05,9.571495923956104E-05,3.749145806257603E-05,4.222964395570253E-04
7.261365751505211E-05,-2.296146761991114E-05,-7.615781083662347E-05,9.373767163007564E-05,3.811621962343816E-05,4.243748799255436E-04
7.267806333194464E-05,-2.293478044129762E-05,-7.586238385606662E-05,9.174920848431492E-05,3.874323206165433E-05,4.264551279416241E-04
7.274108435655851E-05,-2.290765704839318E-05,-7.556551162218674E-05,8.974944969552579E-05,3.937252109561028E-05,4.285372146747305E-04
7.280271270245477E-05,-2.288009585120111E-05,-7.526719284730705E-05,8.773827329172900E-05,4.000411278107179E-05,4.306211712008501E-04
7.286294039783362E-05,-2.285209524151148E-05,-7.496742622216858E-05,8.571555539947230E-05,4.063803351744197E-05,4.327070286002993E-04
7.292175938420102E-05,-2.282365359266027E-05,-7.466621041592800E-05,8.368117020670679E-05,4.127431005415569E-05,4.347948179553650E-04
7.297916151500942E-05,-2.279476925928404E-05,-7.436354407615708E-05,8.163498992476169E-05,4.191296949721457E-05,4.368845703477768E-04
7.303513855427151E-05,-2.276544057706999E-05,-7.405942582884404E-05,7.957688474939198E-05,4.255403931586635E-05,4.389763168560001E-04
7.308968217514682E-05,-2.273566586250138E-05,-7.375385427839679E-05,7.750672282087261E-05,4.319754734943233E-05,4.410700885523463E-04
7.314278395850007E-05,-2.270544341259808E-05,-7.344682800764828E-05,7.542437018311183E-05,4.384352181428686E-05,4.431659164998882E-04
7.319443539143096E-05,-2.267477150465227E-05,-7.313834557786403E-05,7.332969074175563E-05,4.449199131099291E-05,4.452638317491762E-04
7.324462786577435E-05,-2.264364839595913E-05,-7.282840552875201E-05,7.122254622125416E-05,4.514298483159783E-05,4.473638653347443E-04
7.329335267657036E-05,-2.261207232354238E-05,-7.251700637847509E-05,6.910279612085990E-05,4.579653176709363E-05,4.494660482713983E-04
7.334060102050349E-05,-2.258004150387462E-05,-7.220414662366604E-05,6.697029766952677E-05,4.645266191504609E-05,4.515704115502761E-04
7.338636399431005E-05,-2.254755413259225E-05,-7.188982473944544E-05,6.482490577967776E-05,4.711140548739743E-05,4.536769861346712E-04
7.343063259315304E-05,-2.251460838420500E-05,-7.157403917944253E-05,6.266647299980807E-05,4.777279311844703E-05,4.557858029556086E-04
7.347339770896375E-05,-2.248120241179974E-05,-7.125678837581919E-05,6.049484946588930E-05,4.843685587301509E-05,4.578968929071630E-04
7.351465012874918E-05,-2.244733434673867E-05,-7.093807073929738E-05,5.830988285153925E-05,4.910362525479427E-05,4.600102868415080E-04
7.355438053286437E-05,-2.241300229835156E-05,-7.061788465918996E-05,5.611141831692055E-05,4.977313321489437E-05,4.621260155636841E-04
7.359257949324885E-05,-2.237820435362205E-05,-7.029622850343537E-05,5.389929845633012E-05,5.044541216058532E-05,4.642441098260750E-04
7.362923747162619E-05,-2.234293857686774E-05,-6.997310061863620E-05,5.167336324444022E-05,5.112049496424398E-05,4.663646003225779E-04
7.366434481766574E-05,-2.230720300941407E-05,-6.964849933010188E-05,4.943344998115034E-05,5.179841497251042E-05,4.684875176824551E-04
7.369789176710562E-05,-2.227099566926170E-05,-6.932242294189585E-05,4.717939323500794E-05,5.247920601565931E-05,4.706128924638531E-04
7.372986843983585E-05,-2.223431455074735E-05,-6.899486973688728E-05,4.491102478515443E-05,5.316290241719262E-05,4.727407551469755E-04
7.376026483794067E-05,-2.219715762419787E-05,-6.866583797680765E-05,4.262817356175124E-05,5.384953900365960E-05,4.748711361268926E-04
7.378907084369895E-05,-2.215952283557745E-05,-6.833532590231249E-05,4.033066558483953E-05,5.453915111471056E-05,4.770040657059737E-04
7.381627621754156E-05,-2.212140810612772E-05,-6.800333173304850E-05,3.801832390158492E-05,5.523177461339095E-05,4.791395740859243E-04
7.384187059596463E-05,-2.208281133200063E-05,-6.766985366772635E-05,3.569096852185751E-05,5.592744589668249E-05,4.812776913594117E-04
7.386584348939745E-05,-2.204373038388395E-05,-6.733488988419941E-05,3.334841635209502E-05,5.662620190629843E-05,4.834184475012601E-04
7.388818428002382E-05,-2.200416310661915E-05,-6.699843853954877E-05,3.099048112739570E-05,5.732808013974011E-05,4.855618723591962E-04
7.390888221955561E-05,-2.196410731881151E-05,-6.666049777017489E-05,2.861697334178514E-05,5.803311866162222E-05,4.877079956441257E-04
7.392792642695732E-05,-2.192356081243227E-05,-6.632106569189608E-05,2.622770017659941E-05,5.874135611527463E-05,4.898568469199200E-04
7.394530588612008E-05,-2.188252135241270E-05,-6.598014040005433E-05,2.382246542692483E-05,5.945283173462851E-05,4.920084555926897E-04
7.396100944348408E-05,-2.184098667622964E-05,-6.563771996962876E-05,2.140106942603248E-05,6.016758535639513E-05,4.941628508995246E-04
7.397502580560759E-05,-2.179895449348268E-05,-6.529380245535703E-05,1.896330896774305E-05,6.088565743254570E-05,4.963200618966733E-04
7.398734353668150E-05,-2.175642248546245E-05,-6.494838589186520E-05,1.650897722665581E-05,6.160708904310106E-05,4.984801174471394E-04
7.399795105598763E-05,-2.171338830470990E-05,-6.460146829380646E-05,1.403786367617233E-05,6.233192190924025E-05,5.006430462076666E-04
7.400683663529931E-05,-2.166984957456645E-05,-6.425304765600900E-05,1.154975400424365E-05,6.306019840673729E-05,5.028088766150859E-04
7.401398839622268E-05,-2.162580388871464E-05,-6.390312195363371E-05,9.044430026766391E-06,6.379196157973577E-05,5.049776368719953E-04
7.401939430747700E-05,-2.158124881070909E-05,-6.355168914234199E-05,6.521669598550971E-06,6.452725515487134E-05,5.071493549317417E-04
7.402304218211221E-05,-2.153618187349755E-05,-6.319874715847428E-05,3.981246521781782E-06,6.526612355575227E-05,5.093240584826736E-04
7.402491967466216E-05,-2.149060057893173E-05,-6.284429391923977E-05,1.422930451886450E-06,6.600861191780884E-05,5.115017749316301E-04
7.402501427823139E-05,-2.144450239726777E-05,-6.248832732291784E-05,-1.153513199272013E-06,6.675476610352246E-05,5.136825313866326E-04
7.402331332151381E-05,-2.139788476665588E-05,-6.213084524907186E-05,-3.748323362969606E-06,6.750463271804595E-05,5.158663546387409E-04
7.401980396574125E-05,-2.135074509261910E-05,-6.177184555877581E-05,-6.361743416055166E-06,6.825825912522678E-05,5.180532711430360E-04
7.401447320155985E-05,-2.130308074752071E-05,-6.141132609485450E-05,-8.994021286340098E-06,6.901569346404535E-05,5.202433069986886E-04
7.400730784583216E-05,-2.125488907002016E-05,-6.104928468213788E-05,-1.164540956104421E-05,6.977698466548092E-05,5.224364879280710E-04
7.399829453836287E-05,-2.120616736451704E-05,-6.068571912773033E-05,-1.431616559840179E-05,7.054218246981817E-05,5.246328392548678E-04
7.398741973854596E-05,-2.115691290058294E-05,-6.032062722129533E-05,-1.700655164253606E-05,7.131133744440792E-05,5.268323858811374E-04
7.397466972193082E-05,-2.110712291238080E-05,-5.995400673535661E-05,-1.971683494171459E-05,7.208450100189577E-05,5.290351522632770E-04
7.396003057670507E-05,-2.105679459807145E-05,-5.958585542561627E-05,-2.244728787010241E-05,7.286172541893324E-05,5.312411623868370E-04
7.394348820009163E-05,-2.100592511920690E-05,-5.921617103129089E-05,-2.519818805313443E-05,7.364306385538608E-05,5.334504397401320E-04
7.392502829465737E-05,-2.095451160011027E-05,-5.884495127546632E-05,-2.796981849663364E-05,7.442857037405535E-05,5.356630072865905E-04
7.390463636453077E-05,-2.090255112724167E-05,-5.847219386547217E-05,-3.076246771980642E-05,7.521829996092707E-05,5.378788874357838E-04
7.388229771152586E-05,-2.085004074854998E-05,-5.809789649327692E-05,-3.357642989225183E-05,7.601230854596704E-05,5.400981020130687E-04
7.385799743116956E-05,-2.079697747280985E-05,-5.772205683590456E-05,-3.641200497512708E-05,7.681065302447779E-05,5.423206722277816E-04
7.383172040862951E-05,-2.074335826894382E-05,-5.734467255587387E-05,-3.926949886661743E-05,7.761339127903542E-05,5.445466186399090E-04
7.380345131453934E-05,-2.068918006532889E-05,-5.696574130166138E-05,-4.214922355186451E-05,7.842058220202458E-05,5.467759611251654E-04
7.377317460071821E-05,-2.063443974908724E-05,-5.658526070818917E-05,-4.505149725751364E-05,7.923228571879055E-05,5.490087188383974E-04
7.374087449578143E-05,-2.057913416536071E-05,-5.620322839733871E-05,-4.797664461104732E-05,8.004856281142801E-05,5.512449101752359E-04
7.370653500063862E-05,-2.052326011656848E-05,-5.581964197849189E-05,-5.092499680507879E-05,8.086947554322677E-05,5.534845527319071E-04
7.367013988387611E-05,-2.046681436164756E-05,-5.543449904910073E-05,-5.389689176678720E-05,8.169508708379554E-05,5.557276632631147E-04
7.363167267701979E-05,-2.040979361527558E-05,-5.504779719528692E-05,-5.689267433268311E-05,8.252546173488554E-05,5.579742576378967E-04
7.359111666967465E-05,-2.035219454707541E-05,-5.465953399247284E-05,-5.991269642890138E-05,8.336066495693633E-05,5.602243507933570E-04
7.354845490453721E-05,-2.029401378080111E-05,-5.426970700604544E-05,-6.295731725722656E-05,8.420076339636748E-05,5.624779566861658E-04
7.350367017227667E-05,-2.023524789350457E-05,-5.387831379205461E-05,-6.602690348706489E-05,8.504582491364000E-05,5.647350882417176E-04
7.345674500628062E-05,-2.017589341468252E-05,-5.348535189794770E-05,-6.912182945358579E-05,8.589591861211286E-05,5.669957573008293E-04
7.340766167726094E-05,-2.011594682540310E-05,-5.309081886334194E-05,-7.224247736226591E-05,8.675111486772031E-05,5.692599745638551E-04
7.335640218771541E-05,-2.005540455741162E-05,-5.269471222083665E-05,-7.538923750007821E-05,8.761148535949714E-05,5.715277495320861E-04
7.330294826624020E-05,-1.999426299221474E-05,-5.229702949686706E-05,-7.856250845357952E-05,8.847710310097963E-05,5.737990904462991E-04
7.324728136168849E-05,-1.993251846014261E-05,-5.189776821260188E-05,-8.176269733416108E-05,8.934804247251109E-05,5.760740042223068E-04
7.318938263717009E-05,-1.987016723938816E-05,-5.149692588488667E-05,-8.499022001073788E-05,9.022437925448195E-05,5.783524963833577E-04
7.312923296388684E-05,-1.980720555502306E-05,-5.109450002723539E-05,-8.824550135016507E-05,9.110619066153550E-05,5.806345709892225E-04
7.306681291479818E-05,-1.974362957798954E-05,-5.069048815087226E-05,-9.152897546568242E-05,9.199355537777126E-05,5.829202305617968E-04
7.300210275811144E-05,-1.967943542406743E-05,-5.028488776582666E-05,-9.484108597370121E-05,9.288655359297956E-05,5.852094760070382E-04
7.293508245059074E-05,-1.961461915281560E-05,-4.987769638208352E-05,-9.818228625926192E-05,9.378526703994161E-05,5.875023065330479E-04
7.286573163067841E-05,-1.954917676648724E-05,-4.946891151079196E-05,-1.015530397505062E-04,9.468977903283107E-05,5.897987195640936E-04
7.279402961142266E-05,-1.948310420891795E-05,-4.905853066553519E-05,-1.049538202025215E-04,9.560017450675423E-05,5.920987106503619E-04
7.271995537320471E-05,-1.941639736438605E-05,-4.864655136366460E-05,-1.083851119909346E-04,9.651654005846707E-05,5.944022733732124E-04
7.264348755625852E-05,-1.934905205644418E-05,-4.823297112770118E-05,-1.118474104156443E-04,9.743896398830938E-05,5.967093992456962E-04
7.256460445297604E-05,-1.928106404672129E-05,-4.781778748680792E-05,-1.153412220151062E-04,9.836753634339708E-05,5.990200776080855E-04
7.248328399999031E-05,-1.921242903369427E-05,-4.740099797833641E-05,-1.188670648915968E-04,9.930234896211566E-05,6.013342955181466E-04
7.239950377002884E-05,-1.914314265142818E-05,-4.698260014945162E-05,-1.224254690479077E-04,1.002434955199591E-04,6.036520376358735E-04
7.231324096352901E-05,-1.907320046828410E-05,-4.656259155883876E-05,-1.260169767359389E-04,1.011910715767607E-04,6.059732861023815E-04
7.222447240000712E-05,-1.900259798559383E-05,-4.614096977849626E-05,-1.296421428176851E-04,1.021451746253627E-04,6.082980204126441E-04
7.213317450917234E-05,-1.893133063630013E-05,-4.571773239561947E-05,-1.333015351391291E-04,1.031059041417749E-04,6.106262172817349E-04
7.203932332177634E-05,-1.885939378356170E-05,-4.529287701457956E-05,-1.369957349175843E-04,1.040733616368742E-04,6.129578505042187E-04
7.194289446018911E-05,-1.878678271932164E-05,-4.486640125900254E-05,-1.407253371430500E-04,1.050476507096955E-04,6.152928908063128E-04
7.184386312869106E-05,-1.871349266283837E-05,-4.443830277395360E-05,-1.444909509941752E-04,1.060288771023728E-04,6.176313056904166E-04
7.174220410347090E-05,-1.863951875917782E-05,-4.400857922823215E-05,-1.482932002694505E-04,1.070171487567847E-04,6.199730592715840E-04
7.163789172231875E-05,-1.856485607766561E-05,-4.357722831678339E-05,-1.521327238342812E-04,1.080125758729638E-04,6.223181121054860E-04
7.153089987400295E-05,-1.848949961029812E-05,-4.314424776323244E-05,-1.560101760846251E-04,1.090152709693336E-04,6.246664210073826E-04
7.142120198731902E-05,-1.841344427011100E-05,-4.270963532254741E-05,-1.599262274279125E-04,1.100253489448321E-04,6.270179388615954E-04
7.130877101979839E-05,-1.833668488950394E-05,-4.227338878383828E-05,-1.638815647820003E-04,1.110429271429925E-04,6.293726144209376E-04
7.119357944606414E-05,-1.825921621852018E-05,-4.183550597329869E-05,-1.678768920929508E-04,1.120681254180447E-04,6.317303920955253E-04
7.107559924582043E-05,-1.818103292307939E-05,-4.139598475729827E-05,-1.719129308724652E-04,1.131010662031117E-04,6.340912117303590E-04
7.095480189146160E-05,-1.810212958316252E-05,-4.095482304563350E-05,-1.759904207558406E-04,1.141418745805709E-04,6.364550083710221E-04
7.083115833528646E-05,-1.802250069094692E-05,-4.051201879494563E-05,-1.801101200813679E-04,1.151906783546567E-04,6.388217120168039E-04
7.070463899630242E-05,-1.794214064889032E-05,-4.006757001231458E-05,-1.842728064921295E-04,1.162476081263839E-04,6.411912473605100E-04
7.057521374660374E-05,-1.786104376776186E-05,-3.962147475903841E-05,-1.884792775612083E-04,1.173127973708689E-04,6.435635335141729E-04
7.044285189730706E-05,-1.777920426461870E-05,-3.917373115460837E-05,-1.927303514413691E-04,1.183863825171363E-04,6.459384837198270E-04
7.030752218402703E-05,-1.769661626072617E-05,-3.872433738089031E-05,-1.970268675403287E-04,1.194685030304930E-04,6.483160050444561E-04
7.016919275187374E-05,-1.761327377941990E-05,-3.827329168652361E-05,-2.013696872227898E-04,1.205593014975615E-04,6.506959980581620E-04
7.002783113995301E-05,-1.752917074390794E-05,-3.782059239154981E-05,-2.057596945404727E-04,1.216589237140632E-04,6.530783564945413E-04
6.988340426534956E-05,-1.744430097501089E-05,-3.736623789228350E-05,-2.101977969914455E-04,1.227675187754450E-04,6.554629668921878E-04
6.973587840657234E-05,-1.735865818883812E-05,-3.691022666643911E-05,-2.146849263101208E-04,1.238852391704492E-04,6.578497082161672E-04
6.958521918644022E-05,-1.727223599439796E-05,-3.645255727852784E-05,-2.192220392893595E-04,1.250122408777251E-04,6.602384514582295E-04
6.943139155438510E-05,-1.718502789113967E-05,-3.599322838554002E-05,-2.238101186361984E-04,1.261486834655864E-04,6.626290592144454E-04
6.927435976814873E-05,-1.709702726642508E-05,-3.553223874292896E-05,-2.284501738627999E-04,1.272947301950206E-04,6.650213852388565E-04
6.911408737484802E-05,-1.700822739292745E-05,-3.506958721091356E-05,-2.331432422143078E-04,1.284505481260602E-04,6.674152739716373E-04
6.895053719138273E-05,-1.691862142595535E-05,-3.460527276111793E-05,-2.378903896353836E-04,1.296163082276264E-04,6.698105600401593E-04
6.878367128415799E-05,-1.682820240069897E-05,-3.413929448356736E-05,-2.426927117772937E-04,1.307921854909617E-04,6.722070677312355E-04
6.861345094809271E-05,-1.673696322939638E-05,-3.367165159406129E-05,-2.475513350475221E-04,1.319783590467678E-04,6.746046104327040E-04
6.843983668488390E-05,-1.664489669841710E-05,-3.320234344194537E-05,-2.524674177039870E-04,1.331750122861693E-04,6.770029900423748E-04
6.826278818049482E-05,-1.655199546526040E-05,-3.273136951830582E-05,-2.574421509960595E-04,1.343823329856263E-04,6.794019963422274E-04
6.808226428183399E-05,-1.645825205546533E-05,-3.225872946461118E-05,-2.624767603546986E-04,1.356005134359196E-04,6.818014063355912E-04
6.789822297258980E-05,-1.636365885942976E-05,-3.178442308182781E-05,-2.675725066341510E-04,1.368297505753361E-04,6.842009835448791E-04
6.771062134818436E-05,-1.626820812913553E-05,-3.130845034003763E-05,-2.727306874077953E-04,1.380702461271829E-04,6.866004772672644E-04
6.751941558980771E-05,-1.617189197477640E-05,-3.083081138858803E-05,-2.779526383208595E-04,1.393222067417590E-04,6.889996217855023E-04
6.732456093749220E-05,-1.607470236128596E-05,-3.035150656680640E-05,-2.832397345028927E-04,1.405858441429166E-04,6.913981355308890E-04
6.712601166218425E-05,-1.597663110476205E-05,-2.987053641531335E-05,-2.885933920430329E-04,1.418613752793423E-04,6.937957201951263E-04
6.692372103676897E-05,-1.587766986878451E-05,-2.938790168797153E-05,-2.940150695312912E-04,1.431490224806896E-04,6.961920597876192E-04
6.671764130600048E-05,-1.577781016062269E-05,-2.890360336450908E-05,-2.995062696692496E-04,1.444490136186922E-04,6.985868196344683E-04
6.650772365528865E-05,-1.567704332732944E-05,-2.841764266385961E-05,-3.050685409537712E-04,1.457615822733879E-04,7.009796453151380E-04
6.629391817829003E-05,-1.557536055171770E-05,-2.793002105826356E-05,-3.107034794375229E-04,1.470869679045779E-04,7.033701615324690E-04
6.607617384324842E-05,-1.547275284821632E-05,-2.744074028817866E-05,-3.164127305703350E-04,1.484254160286442E-04,7.057579709113717E-04
6.585443845802747E-05,-1.536921105860109E-05,-2.694980237805089E-05,-3.221979911256522E-04,1.497771784008423E-04,7.081426527211720E-04
6.562865863377458E-05,-1.526472584759729E-05,-2.645720965300079E-05,-3.280610112165797E-04,1.511425132031807E-04,7.105237615161879E-04
6.539877974715225E-05,-1.515928769834976E-05,-2.596296475648384E-05,-3.340035964062905E-04,1.525216852379893E-04,7.129008256886847E-04
6.516474590106974E-05,-1.505288690775664E-05,-2.546707066898799E-05,-3.400276099178399E-04,1.539149661272704E-04,7.152733459278917E-04
6.492649988384401E-05,-1.494551358166248E-05,-2.496953072783588E-05,-3.461349749487278E-04,1.553226345179128E-04,7.176407935782553E-04
6.468398312671539E-05,-1.483715762990697E-05,-2.447034864816430E-05,-3.523276770958660E-04,1.567449762928344E-04,7.200026088895512E-04
6.443713565963910E-05,-1.472780876122481E-05,-2.396952854515867E-05,-3.586077668969398E-04,1.581822847881038E-04,7.223581991508761E-04
6.418589606526981E-05,-1.461745647799281E-05,-2.346707495762612E-05,-3.649773624945073E-04,1.596348610160648E-04,7.247069366998840E-04
6.393020143105147E-05,-1.450609007081995E-05,-2.296299287299714E-05,-3.714386524295573E-04,1.611030138944702E-04,7.270481567979164E-04
6.366998729932026E-05,-1.439369861297618E-05,-2.245728775385221E-05,-3.779938985716417E-04,1.625870604815953E-04,7.293811553608942E-04
6.340518761532305E-05,-1.428027095465595E-05,-2.194996556607747E-05,-3.846454391931236E-04,1.640873262172721E-04,7.317051865349854E-04
6.313573467304871E-05,-1.416579571707231E-05,-2.144103280876129E-05,-3.913956921955267E-04,1.656041451697420E-04,7.340194601051327E-04
6.286155905876363E-05,-1.405026128637760E-05,-2.093049654595222E-05,-3.982471584964473E-04,1.671378602881804E-04,7.363231387235016E-04
6.258258959213681E-05,-1.393365580740683E-05,-2.041836444040814E-05,-4.052024255859896E-04,1.686888236606920E-04,7.386153349437959E-04
6.229875326483373E-05,-1.381596717724015E-05,-1.990464478947677E-05,-4.122641712622151E-04,1.702573967775117E-04,7.408951080461633E-04
6.200997517645106E-05,-1.369718303858077E-05,-1.938934656325855E-05,-4.194351675556575E-04,1.718439507990755E-04,7.431614606360754E-04
6.171617846765725E-05,-1.357729077294512E-05,-1.887247944521504E-05,-4.267182848535427E-04,1.734488668285413E-04,7.454133349990950E-04
6.141728425039657E-05,-1.345627749366248E-05,-1.835405387539926E-05,-4.341164962349779E-04,1.750725361882420E-04,7.476496091918300E-04
6.111321153500592E-05,-1.333413003868129E-05,-1.783408109649826E-05,-4.416328820290281E-04,1.767153606994445E-04,7.498690928476037E-04
6.080387715408522E-05,-1.321083496318036E-05,-1.731257320289430E-05,-4.492706346082854E-04,1.783777529646588E-04,7.520705226734219E-04
6.048919568295339E-05,-1.308637853198336E-05,-1.678954319296764E-05,-4.570330634312605E-04,1.800601366515938E-04,7.542525576126733E-04
6.016907935651221E-05,-1.296074671177585E-05,-1.626500502488257E-05,-4.649236003476779E-04,1.817629467776898E-04,7.564137736456441E-04
5.984343798233037E-05,-1.283392516312491E-05,-1.573897367611877E-05,-4.729458051815476E-04,1.834866299939611E-04,7.585526581973279E-04
5.951217884974941E-05,-1.270589923230224E-05,-1.521146520703206E-05,-4.811033716077028E-04,1.852316448666615E-04,7.606676041191465E-04
5.917520663480212E-05,-1.257665394291305E-05,-1.468249682875290E-05,-4.894001333383456E-04,1.869984621550284E-04,7.627569032080385E-04
5.883242330072201E-05,-1.244617398733384E-05,-1.415208697575767E-05,-4.978400706370179E-04,1.887875650830688E-04,7.648187392228810E-04
5.848372799381027E-05,-1.231444371796436E-05,-1.362025538347673E-05,-5.064273171783152E-04,1.905994496030134E-04,7.668511803543543E-04
5.812901693441342E-05,-1.218144713830013E-05,-1.308702317133539E-05,-5.151661672725806E-04,1.924346246476793E-04,7.688521711000937E-04
5.776818330275131E-05,-1.204716789383462E-05,-1.255241293165874E-05,-5.240610834757437E-04,1.942936123685388E-04,7.708195234922527E-04
5.740111711932068E-05,-1.191158926280202E-05,-1.201644882490991E-05,-5.331167046054026E-04,1.961769483557828E-04,7.727509076193746E-04
5.702770511958458E-05,-1.177469414677472E-05,-1.147915668177387E-05,-5.423378541851662E-04,1.980851818360836E-04,7.746438413786710E-04
